CASE_ID,ACCIDENT_YEAR,PROC_DATE,JURIS,COLLISION_DATE,COLLISION_TIME,OFFICER_ID,REPORTING_DISTRICT,DAY_OF_WEEK,CHP_SHIFT,POPULATION,CNTY_CITY_LOC,SPECIAL_COND,BEAT_TYPE,CHP_BEAT_TYPE,CITY_DIVISION_LAPD,CHP_BEAT_CLASS,BEAT_NUMBER,PRIMARY_RD,SECONDARY_RD,DISTANCE,DIRECTION,INTERSECTION,WEATHER_1,WEATHER_2,STATE_HWY_IND,CALTRANS_COUNTY,CALTRANS_DISTRICT,STATE_ROUTE,ROUTE_SUFFIX,POSTMILE_PREFIX,POSTMILE,LOCATION_TYPE,RAMP_INTERSECTION,SIDE_OF_HWY,TOW_AWAY,COLLISION_SEVERITY,NUMBER_KILLED,NUMBER_INJURED,PARTY_COUNT,PRIMARY_COLL_FACTOR,PCF_CODE_OF_VIOL,PCF_VIOL_CATEGORY,PCF_VIOLATION,PCF_VIOL_SUBSECTION,HIT_AND_RUN,TYPE_OF_COLLISION,MVIW,PED_ACTION,ROAD_SURFACE,ROAD_COND_1,ROAD_COND_2,LIGHTING,CONTROL_DEVICE,CHP_ROAD_TYPE,PEDESTRIAN_ACCIDENT,BICYCLE_ACCIDENT,MOTORCYCLE_ACCIDENT,TRUCK_ACCIDENT,NOT_PRIVATE_PROPERTY,ALCOHOL_INVOLVED,STWD_VEHTYPE_AT_FAULT,CHP_VEHTYPE_AT_FAULT,COUNT_SEVERE_INJ,COUNT_VISIBLE_INJ,COUNT_COMPLAINT_PAIN,COUNT_PED_KILLED,COUNT_PED_INJURED,COUNT_BICYCLIST_KILLED,COUNT_BICYCLIST_INJURED,COUNT_MC_KILLED,COUNT_MC_INJURED,PRIMARY_RAMP,SECONDARY_RAMP,LATITUDE,LONGITUDE,COUNTY,CITY,POINT_X,POINT_Y
94456786,2024,2024-11-04,9480,2024-10-25,1955,021687,,5,2,9,5400,0,3,5,,2,003,"AVENUE 144","ROAD 72",1320.00,E,N,A,-,N,,,,,,,,,,Y,3,0,1,1,A,-,01,23152,G,N,E,I,A,A,H,-,D,D,0,,,,,Y,Y,A,01,0,1,0,0,0,0,0,0,0,"- ","- ",36.051040649414062,-119.40543365478516,TULARE,UNINCORPORATED,-119.40676879882812,36.051078796386719
91315349,2020,2020-09-30,9480,2020-08-30,0625,017108,,7,1,9,5400,0,1,3,,2,095,"STATE ROUTE 99 SOUTHBOUND","AVENUE 96 (TERRA BELLA AVENUE)",950.00,S,N,A,-,Y,,,99,,,,,,S,Y,1,1,0,1,A,-,01,23152,A,N,F,A,A,A,H,-,B,D,0,,,,,Y,Y,A,01,0,0,0,0,0,0,0,0,0,"- ","- ",35.962070465087891,-119.29067230224609,TULARE,UNINCORPORATED,-119.29060363769531,35.962062835693359
91336808,2020,2020-11-02,9480,2020-10-28,2050,016995,,3,2,9,5400,0,1,3,,1,060,"STATE ROUTE 137","ROAD 168",2112.00,W,N,A,-,Y,,,137,,,,,,,Y,4,0,1,1,A,-,08,22107,,N,E,I,A,A,H,-,D,D,0,,,,,Y,,A,01,0,0,1,0,0,0,0,0,0,"- ","- ",36.210628509521484,-119.20565032958984,TULARE,UNINCORPORATED,-119.20565032958984,36.210735321044922
91356456,2020,2020-12-01,9480,2020-11-18,0809,016210,,3,1,9,5400,0,1,3,,2,091,"SR-99 S/B",SR-198,52.00,N,N,B,C,Y,,,99,,,,,,S,Y,3,0,2,2,A,-,03,22350,,N,B,C,A,B,H,-,A,A,0,,,,Y,Y,,D,22,0,2,0,0,0,0,0,0,0,"- ","- ",36.328971862792969,-119.40950775146484,TULARE,UNINCORPORATED,-119.40946197509766,36.329013824462891
91403109,2021,2021-02-05,9481,2021-01-30,1019,018113,,6,1,9,5400,0,3,5,,2,030,"ROAD 208","AVENUE 96",0.00,,Y,A,-,N,,,,,,,,,,Y,4,0,1,2,A,-,09,21802,A,N,D,C,A,A,H,-,A,A,0,,,,,Y,,A,01,0,0,1,0,0,0,0,0,0,"- ","- ",35.964309692382812,-119.10743713378906,TULARE,UNINCORPORATED,-119.107421875,35.964286804199219
91420502,2021,2021-03-04,9480,2021-02-22,2005,016723,,1,2,9,5400,0,3,5,,2,002,"AVENUE 328","ROAD 112",2585.00,E,N,A,-,N,,,,,,,,,,Y,4,0,1,4,A,-,06,21751,,F,A,C,A,A,H,-,D,D,0,,,,Y,Y,,A,01,0,0,1,0,0,0,0,0,0,"- ","- ",36.385589599609375,-119.3143310546875,TULARE,UNINCORPORATED,-119.31438446044922,36.385494232177734
91496641,2021,2021-06-14,9480,2021-06-02,1707,017291,,3,2,9,5400,0,1,3,,2,091,"STATE ROUTE 99 (SOUTHBOUND)","AVEUNE 384",6864.00,S,N,A,-,Y,,,99,,,,,,,Y,3,0,1,2,A,-,08,22107,,N,B,C,A,A,H,-,A,A,0,,,,Y,Y,,G,25,0,1,0,0,0,0,0,0,0,"- ","- ",36.474849700927734,-119.50308990478516,TULARE,UNINCORPORATED,-119.50313568115234,36.474819183349609
90605554,2017,2017-11-29,9480,2017-11-24,1910,017108,,5,2,9,5400,0,1,3,,2,093,"STATE ROUTE 99 NORTHBOUND","DRIVE 92B",2090.00,N,N,A,-,Y,,,99,,,,,,N,Y,4,0,1,2,A,-,01,23152,A,N,C,C,A,A,H,-,D,D,0,,,,Y,Y,Y,A,01,0,0,1,0,0,0,0,0,0,"- ","- ",36.271709999999999,-119.36776999999999,TULARE,UNINCORPORATED,-119.36777218,36.271708480000001
90672862,2018,2018-03-01,9481,2018-02-26,1600,017957,,1,2,9,5400,0,2,4,,1,011,"AVENUE 192","ROAD 204",200.00,W,N,B,-,N,,,,,,,,,,Y,3,0,1,2,A,-,17,23114,A,N,E,I,A,A,H,-,A,D,0,,,,Y,Y,,F,24,0,1,0,0,0,0,0,0,0,"- ","- ",36.138229370117188,-119.11679077148438,TULARE,UNINCORPORATED,-119.11710357666016,36.138282775878906
90676932,2018,2018-03-07,9481,2018-03-05,1610,018982,,1,2,9,5400,0,3,5,,2,020,"AVENUE 188","ORANGE BELT DRIVE",0.00,,Y,A,-,N,,,,,,,,,,Y,3,0,3,2,A,-,09,21802,A,N,D,C,A,A,H,-,A,A,0,,,,,Y,,A,07,0,1,2,0,0,0,0,0,0,"- ","- ",36.130840301513672,-119.05316162109375,TULARE,UNINCORPORATED,-119.05313873291016,36.130840301513672
90696945,2018,2018-04-02,9480,2018-03-21,1405,013656,,3,2,9,5400,0,3,5,,2,006,"ROAD 216","AVENUE 240",0.00,,Y,C,-,N,,,,,,,,,,Y,4,0,2,2,A,-,09,21801,A,N,A,C,A,B,H,-,A,A,0,,,,,Y,,A,01,0,0,2,0,0,0,0,0,0,"- ","- ",36.224288940429688,-119.09169006347656,TULARE,UNINCORPORATED,-119.03681945800781,36.181808471679688
90773502,2018,2018-07-20,9480,2018-07-19,1135,016046,,4,1,9,5400,0,3,5,,2,001,"AVENUE 416","ROAD 28",275.00,E,N,A,-,N,,,,,,,,,,N,4,0,1,2,A,-,07,21658,A,N,E,I,A,A,H,-,A,D,0,,,,,Y,,D,22,0,0,1,0,0,0,0,0,0,"- ","- ",36.546810150146484,-119.48893737792969,TULARE,UNINCORPORATED,-119.48893737792969,36.546810150146484
90778762,2018,2018-07-27,9480,2018-07-14,0940,013821,,6,1,4,5406,0,1,3,,2,093,"SR-99 S/B","AVENUE 216 (PAIGE AVE.)",229.00,N,N,A,-,Y,,,99,,,,,,S,Y,3,0,2,3,A,-,03,22350,,N,C,C,A,A,H,-,A,D,0,,,,,Y,,A,01,0,2,0,0,0,0,0,0,0,"- ","- ",36.182968139648438,-119.32888793945312,TULARE,TULARE,-119.32869720458984,36.182975769042969
9724832,2024,2024-09-11,5401,2024-07-21,"352 ",2132,5401,7,5,3,5401,0,0,0,,0,00B,"SIERRA WY","COLLEGE AV",98.00,E,N,A,-,N,,,,,,,,,,N,4,0,1,2,C,-,18,,,N,B,E,A,A,H,-,C,D,0,,,,,Y,,-,"- ",0,0,1,0,0,0,0,0,0,"- ","- ",,,TULARE,DINUBA,-119.38566589355469,36.538410186767578
90509888,2017,2017-07-27,9480,2017-07-25,1110,015282,,2,1,9,5400,0,3,5,,2,002,"1ST DRIVE","SANTA FE DRIVE",260.00,E,N,A,-,N,,,,,,,,,,N,4,0,3,2,A,-,08,22107,,N,D,C,A,A,H,-,A,D,0,,,,,Y,,A,01,0,0,3,0,0,0,0,0,0,"- ","- ",36.524970000000003,-119.29084,TULARE,UNINCORPORATED,-119.29089641,36.524994730000003
90545765,2017,2017-09-12,9481,2017-09-07,0550,017523,,4,3,9,5400,0,3,5,,2,010,"ROAD 152","AVENUE 208",528.00,N,N,A,-,N,,,,,,,,,,Y,3,0,1,1,A,-,08,22107,,N,F,A,A,A,H,-,B,D,0,,,,,Y,,A,07,0,1,0,0,0,0,0,0,0,"- ","- ",36.169319999999999,-119.23302,TULARE,UNINCORPORATED,-119.232883,36.168798840000001
90550444,2017,2017-09-18,9480,2017-09-16,1718,017778,,6,2,9,5400,0,1,3,,1,021,"STATE ROUTE 63 (ROAD 124)","AVENUE 368",5280.00,S,N,A,-,Y,,,,,,,,,,N,4,0,1,2,A,-,08,22107,,N,B,C,A,A,H,-,A,D,0,,,,,Y,,A,01,0,0,1,0,0,0,0,0,0,"- ","- ",36.445210000000003,-119.29571,TULARE,UNINCORPORATED,,
90569257,2017,2017-10-12,9481,2017-10-04,0630,018595,,3,1,9,5400,0,3,5,,2,050,"ROAD 248","AVENUE 80",0.00,,Y,A,-,N,,,,,,,,,,Y,4,0,2,2,A,-,03,22350,,N,D,E,A,A,H,-,B,A,0,,,,,Y,,A,01,0,0,2,0,0,0,0,0,0,"- ","- ",35.935070000000003,-119.01813,TULARE,UNINCORPORATED,-119.01806003999999,35.93506009
90605363,2017,2017-11-29,9480,2017-11-21,1415,015282,,2,2,9,5400,0,1,3,,2,091,"STATE ROUTE 99 NORTHBOUND","BETTY DRIVE OVERCROSSING",1695.00,S,N,A,-,Y,,,99,,,,,,N,N,4,0,1,2,A,-,07,21658,A,F,B,C,A,A,H,-,A,D,0,,,,,Y,,A,01,0,0,1,0,0,0,0,0,0,"- ","- ",36.346559999999997,-119.42368,TULARE,UNINCORPORATED,-119.42374524,36.346505069999999
9525244,2023,2023-02-24,5407,2023-01-12,"728 ",M316,NN415,4,5,5,5407,0,0,0,,0,025,"W HOUSTON AV","N DIVISADERO ST",0.00,,Y,A,-,N,,,,,,,,,,Y,4,0,1,2,A,-,12,21453,A,N,D,C,A,A,H,-,A,A,0,,,,,Y,,A,01,0,0,1,0,0,0,0,0,0,"- ","- ",36.341888427734375,-119.31001281738281,TULARE,VISALIA,-119.31002044677734,36.341911315917969
9601409,2023,2023-09-08,5404,2023-07-29,1307,671,20L,6,5,2,5404,0,0,0,,0,012,"RT 65","HERMOSA ST",20.00,N,N,A,-,Y,TUL,6,65,-,-,29.520,H,-,S,Y,3,0,3,3,A,-,03,22350,,N,B,C,A,A,H,-,A,A,0,,,Y,,Y,,C,02,0,2,1,0,0,0,0,0,3,"- ","- ",,,TULARE,LINDSAY,-119.10493469238281,36.203655242919922
9616802,2023,2023-10-12,5405,2023-09-15,1600,303,SEC2,5,5,4,5405,0,0,0,,0,,"OLIVE AV","CONNER ST",350.00,E,N,A,-,N,,,,,,,,,,N,3,0,1,2,A,-,04,21703,,F,B,G,A,A,H,-,A,D,0,,Y,Y,,Y,,L,04,0,1,0,0,0,0,0,0,1,"- ","- ",36.068931579589844,-118.97799682617188,TULARE,PORTERVILLE,-118.98490142822266,36.065834045410156
9620708,2023,2023-10-19,5403,2023-09-11,1434,845,,1,5,2,5403,0,0,0,,0,,"NORTH OAKVIEW AV","EAST ASH ST",100.00,S,N,A,-,N,,,,,,,,,,N,4,0,1,2,A,-,09,21804,,N,D,C,A,A,H,-,A,D,0,,,,,Y,,A,01,0,0,1,0,0,0,0,0,0,"- ","- ",,,TULARE,FARMERSVILLE,-119.19650268554688,36.301265716552734
9624572,2023,2023-10-06,5407,2023-08-06,"34  ",A352,480,7,5,5,5407,0,0,0,,0,034,"E WALNUT AV","S CEDAR",0.00,,Y,A,-,N,,,,,,,,,,N,3,0,1,2,A,-,03,22350,,N,C,C,A,A,H,-,C,D,0,,,Y,,Y,,C,02,0,1,0,0,0,0,0,0,1,"- ","- ",,,TULARE,VISALIA,-119.26358032226562,36.312652587890625
9680267,2023,2024-05-20,5401,2023-12-13,"852 ",2119,5401,3,5,3,5401,0,0,0,,0,00A,"E ELMONTE WY","S ALTA AV",0.00,,Y,A,-,N,,,,,,,,,,N,4,0,1,2,A,-,03,22350,,N,C,C,A,A,H,-,A,A,0,,,,,Y,,A,08,0,0,1,0,0,0,0,0,0,"- ","- ",,,TULARE,DINUBA,-119.39507293701172,36.545867919921875
8505876,2017,2017-12-14,5407,2017-10-11,0847,M243,480,3,5,5,5407,0,0,0,,0,,"W NOBLE AV","S COUNTY CENTER DR",0.00,,Y,A,-,N,,,,,,,,,,N,3,0,2,2,A,-,12,21453,A,N,D,I,A,A,H,-,A,A,0,,,,,Y,,A,01,0,2,0,0,0,0,0,0,0,"- ","- ",36.326839999999997,-119.32572,TULARE,VISALIA,-119.32574995,36.326830029999996
8631689,2018,2018-06-07,5405,2018-05-28,1046,C26,,1,5,4,5405,0,0,0,,0,003,"OLIVE AV","G ST",24.00,E,N,A,-,N,,,,,,,,,,Y,4,0,1,2,A,-,03,22350,,N,C,C,A,A,H,-,A,A,0,,,,,Y,,-,,0,0,1,0,0,0,0,0,0,"- ","- ",,,TULARE,PORTERVILLE,-119.02288055419922,36.065189361572266
9406956,2022,2022-03-10,5405,2022-02-21,1430,CSO26,,1,5,4,5405,0,0,0,,0,003,"PLANO ST","RIVER AV",21.00,N,N,A,-,N,,,,,,,,,,N,3,0,2,2,A,-,08,22107,,N,C,C,A,A,H,-,A,A,0,,,,,Y,,A,01,0,2,0,0,0,0,0,0,0,"- ","- ",36.058498382568359,-119.00776672363281,TULARE,PORTERVILLE,-119.00785827636719,36.057468414306641
9429237,2022,2022-04-08,5405,2022-03-25,0716,285,SEC4,5,5,4,5405,0,0,0,,0,,"RT 190","JAYE ST",50.00,W,N,A,-,Y,TUL,6,190,-,-,15.930,H,-,E,Y,3,0,1,2,A,-,01,23152,B,N,C,C,A,A,H,-,A,A,0,,,,,Y,Y,A,01,0,1,0,0,0,0,0,0,0,"- ","- ",,,TULARE,PORTERVILLE,-119.02668762207031,36.051483154296875
9475392,2022,2022-07-26,5405,2022-06-27,0903,273,SEC2,1,5,4,5405,0,0,0,,0,,"MORTON AV","VILLA ST",132.00,E,N,A,-,N,,,,,,,,,,Y,4,0,1,2,A,-,03,22350,,N,C,C,A,A,H,-,A,A,0,,,,,Y,,D,22,0,0,1,0,0,0,0,0,0,"- ","- ",36.073261260986328,-119.03060913085938,TULARE,PORTERVILLE,-119.03019714355469,36.073265075683594
9481763,2022,2022-08-08,5405,2022-07-30,2153,265,SEC2,6,5,4,5405,0,0,0,,0,002,"HENDERSON AV","MAIN ST",103.00,E,N,A,-,N,,,,,,,,,,Y,2,0,1,2,A,-,08,22107,,N,E,I,A,A,H,-,C,D,0,,,,Y,Y,,F,26,1,0,0,0,0,0,0,0,0,"- ","- ",36.080108642578125,-119.01963043212891,TULARE,PORTERVILLE,-119.01934814453125,36.080146789550781
8078483,2016,2016-07-18,5407,2016-06-07,0553,A107,480,2,5,5,5407,0,0,0,,0,033,"LOVERS LN",COLLEGE,0.00,,Y,A,-,N,,,,,,,,,,Y,3,0,2,2,A,-,09,21802,A,N,F,C,A,A,H,-,A,D,0,,,,,Y,,A,01,0,1,1,0,0,0,0,0,0,"- ","- ",,,TULARE,VISALIA,-119.26077993,36.32314006
8078519,2016,2016-07-18,5407,2016-06-02,0344,M66,480,4,5,5,5407,0,0,0,,0,026,"ST JOHNS PKWY",CAIN,230.00,E,N,A,-,N,,,,,,,,,,Y,2,0,2,1,A,-,03,22350,,N,E,I,A,A,H,-,C,D,0,,,,,Y,,A,01,2,0,0,0,0,0,0,0,0,"- ","- ",,,TULARE,VISALIA,-119.27362977999999,36.350399979999999
8295355,2017,2017-02-07,5407,2017-01-08,2106,M226,480,7,5,5,5407,0,0,0,,0,012,"COUNTY CENTER",WHITEDALE,0.00,,Y,C,-,N,,,,,,,,,,Y,4,0,1,2,A,-,12,22450,A,N,-,C,A,B,H,-,C,A,0,,,,,Y,,A,01,0,0,1,0,0,0,0,0,0,"- ","- ",,,TULARE,VISALIA,-119.32267950000001,36.305622
8317804,2017,2017-03-07,5407,2017-02-10,1609,M33,480,5,5,5,5407,0,0,0,,0,,"SANTA FE","MAIN ST",21.00,N,N,B,-,N,,,,,,,,,,Y,4,0,1,2,A,-,03,22350,,N,C,C,A,A,H,-,A,A,0,,,,,Y,,A,01,0,0,1,0,0,0,0,0,0,"- ","- ",36.330179999999999,-119.28782,TULARE,VISALIA,-119.28783065,36.330237629999999
8342365,2017,2018-03-22,5407,2017-03-04,1114,A276,480,6,5,5,5407,0,0,0,,0,00Q,"S MOONEY BL","W WHITENDALE AV",0.00,,Y,A,-,Y,TUL,6,63,-,-,6.510,H,-,N,N,3,0,2,2,A,-,21,22106,,N,C,C,A,A,H,-,A,A,0,,,,,Y,,-,,0,1,1,0,0,0,0,0,0,"- ","- ",36.305779999999999,-119.31375,TULARE,VISALIA,-119.31369606,36.305639169999999
8505303,2017,2017-12-07,5405,2017-11-16,1815,228,,4,5,4,5405,0,0,0,,0,003,"OLIVE AV","D ST",0.00,,Y,B,-,N,,,,,,,,,,Y,4,0,1,2,A,-,12,21453,A,N,D,C,A,A,H,-,C,A,0,,,,,Y,,-,,0,0,1,0,0,0,0,0,0,"- ","- ",,,TULARE,PORTERVILLE,-119.01846012,36.065120039999996
95001367,2025,2026-01-06,9481,2025-12-22,"520 ",018029,,1,3,9,5400,0,2,4,,1,031,"AVENUE 152","ROAD 216",700.00,W,N,A,-,N,,,,,,,,,,N,2,0,1,2,A,-,08,22107,,N,B,G,A,A,H,-,D,D,0,,Y,,Y,Y,,L,04,1,0,0,0,0,0,1,0,0,"- ","- ",36.065860748291016,-119.09111022949219,TULARE,UNINCORPORATED,-119.091064453125,36.065814971923828
7062239,2014,2015-11-14,5401,2014-05-08,1144,2115,5401,4,5,3,5401,0,0,0,,0,00B,"W TULARE ST","S M ST",0.00,,Y,A,-,N,,,,,,,,,,Y,4,0,1,2,A,-,09,21802,A,N,D,C,A,A,C,H,A,A,0,,,,,Y,,A,01,0,0,1,0,0,0,0,0,0,"- ","- ",,,TULARE,DINUBA,-119.39122989000001,36.540110079999998
7116847,2015,2015-11-18,5407,2015-10-31,2052,271,480,6,5,5,5407,0,0,0,,0,034,"CALDWELL AV","SANTA FE ST",1.00,W,N,A,-,N,,,,,,,,,,Y,3,0,1,2,A,-,07,21658,A,N,B,C,A,A,H,-,C,D,0,,,Y,,Y,,-,"- ",0,1,0,0,0,0,0,0,1,"- ","- ",,,TULARE,VISALIA,-119.28717339000001,36.298160000000003
7144411,2015,2016-01-15,5401,2015-05-24,0857,2111,5401,7,5,3,5401,0,0,0,,0,,"ELMONTE WY","EUCLID AV",350.00,W,N,A,-,N,,,,,,,,,,Y,4,0,1,2,A,-,09,21801,A,N,A,C,A,A,D,-,A,D,0,,,,,Y,,D,22,0,0,1,0,0,0,0,0,0,"- ","- ",,,TULARE,DINUBA,-119.39956017,36.545925709999999
8010552,2016,2016-04-05,5407,2016-03-13,1740,A278,2035,7,5,5,5407,0,0,0,,0,033,"NOBLE AV","PINKHAM ST",634.00,W,N,B,C,N,,,,,,,,,,Y,4,0,1,2,A,-,09,21804,A,N,D,C,A,B,H,-,B,D,0,,,,,Y,,A,01,0,0,1,0,0,0,0,0,0,"- ","- ",,,TULARE,VISALIA,-119.27177276,36.326231759999999
8033452,2016,2016-05-06,5407,2016-03-04,0317,M186,480,5,5,5,5407,0,0,0,,0,012,"VISALIA PKWY","WOODLAND ST",0.00,,Y,A,-,N,,,,,,,,,,N,2,0,1,1,A,-,00,23103,A,N,F,A,A,A,H,-,D,A,0,,,,,Y,,A,01,1,0,0,0,0,0,0,0,0,"- ","- ",36.291359999999997,-119.31825000000001,TULARE,VISALIA,-119.31826995999999,36.291430099999999
92073253,2023,2023-05-19,9480,2023-05-16,1506,017291,,2,2,9,5400,0,1,3,,2,093,"STATE ROUTE 99 (SOUTHBOUND)","PAIGE AVE",1056.00,N,N,A,-,Y,TUL,,99," "," ",27.759,H,,R,N,4,0,1,1,A,-,08,22107,,N,E,I,A,A,H,-,A,D,0,,,,,Y,,A,01,0,0,1,0,0,0,0,0,0,"- ","- ",36.184478759765625,-119.32875061035156,TULARE,UNINCORPORATED,-119.32848358154297,36.184478759765625
92100243,2023,2023-06-22,9480,2023-06-16,1930,020837,,5,2,9,5400,0,3,5,,2,002,"ROAD 144","AVENUE 416",0.00,,Y,A,-,N,,,,,,,,,,Y,4,0,2,2,A,-,12,22450,A,N,D,2,A,A,H,-,B,A,0,,,,,Y,,A,07,0,0,2,0,0,0,0,0,0,"- ","- ",36.544330596923828,-119.25093078613281,TULARE,UNINCORPORATED,-119.25088500976562,36.544330596923828
92113450,2023,2023-07-10,9480,2023-07-03,1438,019543,,1,2,9,5400,0,1,3,,1,021,SR-63,"ROAD 124",0.00,,Y,A,-,Y,TUL,,63," ",R,18.032,H,,R,N,4,0,1,2,A,-,09,21801,A,N,D,C,A,A,H,-,A,D,0,,,,,Y,,A,01,0,0,1,0,0,0,0,0,0,"- ","- ",36.471141815185547,-119.29486083984375,TULARE,UNINCORPORATED,-119.29483032226562,36.471134185791016
92208629,2023,2023-10-25,9480,2023-10-24,2230,020450,,2,3,9,5400,0,1,3,,2,093,"SR-99 N/B TO AVENUE 184","AVENUE 184",400.00,S,N,A,-,Y,TUL,,99," "," ",23.280,H,,R,N,4,0,1,2,A,-,03,22350,,M,C,C,A,A,H,-,D,D,0,,,,,Y,,-,99,0,0,1,0,0,0,0,0,0,"- ","- ",36.120468139648438,-119.32431793212891,TULARE,UNINCORPORATED,-119.32438659667969,36.120468139648438
92281394,2023,2024-01-08,9480,2023-12-30,2250,020926,,6,3,9,5400,0,3,5,,2,002,"SR-63 S/B","BERMUDA ST",237.00,N,N,A,-,N,,,,,,,,,,Y,3,0,2,2,A,-,01,23152,A,N,A,C,A,A,H,-,D,D,0,,,,,Y,Y,A,01,0,1,1,0,0,0,0,0,0,"- ","- ",36.374088287353516,-119.29694366455078,TULARE,UNINCORPORATED,-119.29692840576172,36.374088287353516
94991635,2025,2026-01-05,9481,2025-12-18,1729,021983,,4,2,9,5400,0,3,5,,2,010,"AVENUE 224","SR-65 (SOUTHBOUND)",20.00,W,N,A,-,Y,TUL,,65," "," ",28.923,H,,L,N,4,0,2,2,A,-,03,22350,,N,C,C,A,A,H,-,C,A,0,,,,,Y,,A,01,0,0,2,0,0,0,0,0,0,"- ","- ",36.195938110351562,-119.09999084472656,TULARE,UNINCORPORATED,-119.09989166259766,36.195980072021484
91821497,2022,2022-07-20,9481,2022-07-08,1615,019422,,5,2,9,5400,0,3,5,,2,010,"ROAD 228","AVENUE 184",0.00,,Y,A,-,N,,,,,,,,,,Y,3,0,2,2,A,-,01,23152,A,N,D,C,A,A,H,-,A,A,0,,,,,Y,Y,A,01,0,2,0,0,0,0,0,0,0,"- ","- ",36.123588562011719,-119.06282043457031,TULARE,UNINCORPORATED,-119.06285858154297,36.123542785644531
91867661,2022,2022-09-19,9480,2022-09-09,1400,020837,,5,2,9,5400,0,3,5,,2,002,"STATE ROUTE 201 (AVENUE 384)","ROAD 172",0.00,,Y,A,-,Y,TUL,,201,,,19.516,H,,R,N,3,0,1,2,A,-,05,21752,D,N,B,C,A,A,H,-,A,A,0,,,,,Y,,D,22,0,1,0,0,0,0,0,0,0,"- ","- ",36.485660552978516,-119.18721771240234,TULARE,UNINCORPORATED,-119.18722534179688,36.485599517822266
91920210,2022,2022-11-17,9480,2022-11-04,1135,018861,,5,1,9,5400,0,1,3,,2,095,"SR-99 N/B","AVENUE 76",2464.00,S,N,A,-,Y,TUL,,99,,,9.252,H,,R,Y,3,0,2,1,A,-,08,22107,,N,E,I,A,A,H,-,A,D,0,,,,,Y,,A,01,0,2,0,0,0,0,0,0,0,"- ","- ",35.921230316162109,-119.28205108642578,TULARE,UNINCORPORATED,-119.28194427490234,35.921226501464844
91933924,2022,2022-12-05,9481,2022-12-04,0720,017991,,7,1,9,5400,0,2,4,,2,052,"MOUNTAIN ROAD 137 (INDIAN RESERVATION ROAD)","POTHOLE ROAD",3696.00,W,N,B,C,N,,,,,,,,,,N,4,0,1,1,A,-,08,22107,,N,E,I,A,B,H,-,A,D,0,,,,,Y,,A,01,0,0,1,0,0,0,0,0,0,"- ","- ",36.028388977050781,-118.89157867431641,TULARE,UNINCORPORATED,,
92031749,2023,2023-03-29,9480,2023-03-25,1245,018840,,6,1,9,5400,0,1,3,,1,030,"AVENUE 216",SR-137,0.00,,Y,A,-,Y,TUL,,137," "," ",5.661,H,,R,Y,4,0,1,2,A,-,09,21802,A,N,D,2,A,A,H,-,A,A,0,,,,,Y,,A,01,0,0,1,0,0,0,0,0,0,"- ","- ",36.181098937988281,-119.49327850341797,TULARE,UNINCORPORATED,-119.49333190917969,36.181098937988281
92069698,2023,2023-05-16,9481,2023-05-14,2055,019149,,7,2,9,5400,0,3,5,,2,050,"SUCCESS VALLEY DRIVE","SUNSHINE DR.",528.00,S,N,A,-,N,,,,,,,,,,N,4,0,1,1,A,-,08,22107,,N,E,I,A,A,H,-,D,D,0,,,,,Y,,A,07,0,0,1,0,0,0,0,0,0,"- ","- ",36.072750091552734,-118.8804931640625,TULARE,UNINCORPORATED,-118.88041687011719,36.073616027832031
90234917,2016,2016-08-01,9480,2016-07-22,1735,020871,,5,2,9,5400,0,3,5,,2,006,"VISALIA ROAD","ANDERSON RD",8.00,E,N,A,-,N,,,,,,,,,,N,4,0,1,2,A,-,03,22350,,N,C,C,A,A,H,-,A,A,0,,,,,Y,,A,01,0,0,1,0,0,0,0,0,0,"- ","- ",36.297840000000001,-119.17194000000001,TULARE,UNINCORPORATED,-119.17194288,36.297549699999998
90931382,2019,2019-02-21,9480,2019-02-16,1920,019932,,6,2,9,5400,0,3,5,,2,006,"AVENUE 184","ROAD 112",5280.00,E,N,B,C,N,,,,,,,,,,Y,4,0,1,1,A,-,03,22350,,N,E,I,A,B,H,-,A,D,0,,,,,Y,,D,22,0,0,1,0,0,0,0,0,0,"- ","- ",36.123531341552734,-119.30432891845703,TULARE,UNINCORPORATED,-119.30399322509766,36.123565673828125
90982313,2019,2019-05-06,9481,2019-05-01,1745,021234,,3,2,9,5400,0,2,4,,1,034,"ROAD 192","AVENUE 88",477.00,N,N,A,-,N,,,,,,,,,,Y,4,0,1,1,A,-,21,22106,,N,E,I,A,A,H,-,A,D,0,,,,,Y,,A,07,0,0,1,0,0,0,0,0,0,"- ","- ",35.951271057128906,-119.14394378662109,TULARE,UNINCORPORATED,-119.143798828125,35.951217651367188
91204557,2020,2020-03-09,9480,2020-03-03,1622,016240,,2,2,9,5400,0,3,5,,2,003,"ENTERPRISE ROAD","CARTMILL AVENUE",0.00,,Y,A,-,N,,,,,,,,,,Y,4,0,2,2,A,-,09,21802,A,N,D,C,A,A,H,-,A,A,0,,,,,Y,,A,01,0,0,2,0,0,0,0,0,0,"- ","- ",36.240150451660156,-119.38504028320312,TULARE,UNINCORPORATED,-119.38475799560547,36.24005126953125