CASE_ID,ACCIDENT_YEAR,PROC_DATE,JURIS,COLLISION_DATE,COLLISION_TIME,OFFICER_ID,REPORTING_DISTRICT,DAY_OF_WEEK,CHP_SHIFT,POPULATION,CNTY_CITY_LOC,SPECIAL_COND,BEAT_TYPE,CHP_BEAT_TYPE,CITY_DIVISION_LAPD,CHP_BEAT_CLASS,BEAT_NUMBER,PRIMARY_RD,SECONDARY_RD,DISTANCE,DIRECTION,INTERSECTION,WEATHER_1,WEATHER_2,STATE_HWY_IND,CALTRANS_COUNTY,CALTRANS_DISTRICT,STATE_ROUTE,ROUTE_SUFFIX,POSTMILE_PREFIX,POSTMILE,LOCATION_TYPE,RAMP_INTERSECTION,SIDE_OF_HWY,TOW_AWAY,COLLISION_SEVERITY,NUMBER_KILLED,NUMBER_INJURED,PARTY_COUNT,PRIMARY_COLL_FACTOR,PCF_CODE_OF_VIOL,PCF_VIOL_CATEGORY,PCF_VIOLATION,PCF_VIOL_SUBSECTION,HIT_AND_RUN,TYPE_OF_COLLISION,MVIW,PED_ACTION,ROAD_SURFACE,ROAD_COND_1,ROAD_COND_2,LIGHTING,CONTROL_DEVICE,CHP_ROAD_TYPE,PEDESTRIAN_ACCIDENT,BICYCLE_ACCIDENT,MOTORCYCLE_ACCIDENT,TRUCK_ACCIDENT,NOT_PRIVATE_PROPERTY,ALCOHOL_INVOLVED,STWD_VEHTYPE_AT_FAULT,CHP_VEHTYPE_AT_FAULT,COUNT_SEVERE_INJ,COUNT_VISIBLE_INJ,COUNT_COMPLAINT_PAIN,COUNT_PED_KILLED,COUNT_PED_INJURED,COUNT_BICYCLIST_KILLED,COUNT_BICYCLIST_INJURED,COUNT_MC_KILLED,COUNT_MC_INJURED,PRIMARY_RAMP,SECONDARY_RAMP,LATITUDE,LONGITUDE,COUNTY,CITY,POINT_X,POINT_Y
90752910,2018,2018-06-21,9480,2018-06-15,0200,017311,,5,3,9,5400,0,3,5,,2,002,"ROAD 88","AVENUE 404",700.00,S,N,A,-,N,,,,,,,,,,Y,3,0,1,1,A,-,01,23152,A,N,E,I,A,A,H,-,D,D,0,,,,,Y,Y,D,22,0,1,0,0,0,0,0,0,0,"- ","- ",36.521831512451172,-119.37698364257812,TULARE,UNINCORPORATED,-119.37680053710938,36.521888732910156
90754735,2018,2018-06-25,9480,2018-06-17,0028,021249,,7,3,9,5400,0,1,3,,1,020,"SR 201 (AVENUE 384)","ROAD 144",1584.00,E,N,A,-,Y,,,,,,,,,,N,4,0,1,1,A,-,08,22107,,N,E,I,A,A,H,-,C,D,0,,,,,Y,,A,01,0,0,1,0,0,0,0,0,0,"- ","- ",36.486328125,-119.24282073974609,TULARE,UNINCORPORATED,,
90771647,2018,2018-07-18,9481,2018-07-13,0845,017991,,5,1,9,5400,0,1,3,,1,012,"STATE ROUTE 65","SPRUCE AVENUE",125.00,E,N,A,-,Y,,,65,,,,,,,N,4,0,1,2,A,-,03,22350,,N,C,C,A,A,H,-,A,D,0,,,,Y,Y,,G,25,0,0,1,0,0,0,0,0,0,"- ","- ",36.210781097412109,-119.11688995361328,TULARE,UNINCORPORATED,-119.11688995361328,36.210765838623047
90779247,2018,2018-07-27,9480,2018-07-27,0505,015047,,5,3,9,5400,0,1,3,,1,045,"RT 245","AVENUE 404",1584.00,N,N,A,-,Y,,,245,,,,,,,N,4,0,1,1,C,-,18,,,N,H,H,A,A,H,-,D,D,0,,,,,Y,,-,"- ",0,0,1,0,0,0,0,0,0,"- ","- ",36.525859832763672,-119.12709045410156,TULARE,UNINCORPORATED,-119.12715148925781,36.525875091552734
90782757,2018,2018-08-02,9480,2018-07-19,0635,013821,,4,1,9,5400,0,3,5,,2,003,"AVENUE 152","ROAD 152",1049.00,W,N,A,-,N,,,,,,,,,,Y,3,0,1,2,A,-,08,22107,,N,B,C,A,A,H,-,A,D,0,,,,Y,Y,,A,01,0,1,0,0,0,0,0,0,0,"- ","- ",36.065811157226562,-119.23599243164062,TULARE,UNINCORPORATED,-119.23588562011719,36.065750122070312
90797518,2018,2018-08-24,9481,2018-08-08,1850,017991,,3,2,9,5400,0,3,5,,2,050,"ALLEYWAY BETWEEN AVE 95 & MAGNOLIA AVE","ROAD 237",142.00,W,N,A,-,N,,,,,,,,,,N,3,0,1,2,A,-,08,22107,,F,G,B,E,A,H,-,A,D,0,Y,,,,Y,,A,01,0,1,0,0,1,0,0,0,0,"- ","- ",35.961879730224609,-119.04283905029297,TULARE,UNINCORPORATED,-119.04283905029297,35.961856842041016
90808184,2018,2018-09-07,9480,2018-09-01,2057,016240,,6,2,9,5400,0,1,3,,2,091,"SR-99 S/B","MERRITT DR",1850.00,N,N,A,-,Y,,,,,,,,,,Y,3,0,1,1,A,-,08,22107,,N,E,I,A,A,H,-,D,D,0,,,,,Y,,A,01,0,1,0,0,0,0,0,0,0,"- ","- ",36.459980010986328,-119.49530029296875,TULARE,UNINCORPORATED,,
90818660,2018,2018-09-21,9480,2018-09-19,0440,019828,,3,3,9,5400,0,1,3,,2,093,"SR-99 N/B","AVENUE 152",2112.00,N,N,A,-,Y,,,99,,,,,,N,Y,4,0,1,2,A,-,07,21658,A,N,B,C,A,A,H,-,D,D,0,,,,,Y,,A,08,0,0,1,0,0,0,0,0,0,"- ","- ",36.071018218994141,-119.31642913818359,TULARE,UNINCORPORATED,-119.31644439697266,36.071010589599609
9083136,2020,2020-07-07,5406,2020-03-17,0645,30,5406,2,5,4,5406,0,0,0,,0,0AO,TULARE,ENTERPRISE,0.00,,Y,E,-,N,,,,,,,,,,Y,2,0,1,2,A,-,12,22450,A,N,D,C,A,B,H,-,A,A,0,,,,Y,Y,,A,07,1,0,0,0,0,0,0,0,0,"- ","- ",,,TULARE,TULARE,-119.38436889648438,36.210739135742188
90852515,2018,2018-11-05,9481,2018-10-28,0415,019578,,7,3,9,5400,0,3,5,,2,020,"BALCH PARK ROAD","BLUE OAK DRIVE",200.00,N,N,A,-,N,,,,,,,,,,Y,2,0,1,1,A,-,01,23152,A,N,E,I,A,A,H,-,D,D,0,,,,,Y,Y,A,01,1,0,0,0,0,0,0,0,0,"- ","- ",36.209148406982422,-118.80886840820312,TULARE,UNINCORPORATED,-118.80876922607422,36.208946228027344
90869991,2018,2018-11-29,9480,2018-11-14,2058,019048,,3,2,9,5400,0,1,3,,2,095,"SR-99 N/B","AVENUE 96",6336.00,S,N,A,-,Y,,,,,,,,,,Y,4,0,1,1,A,-,08,22107,,N,E,I,A,A,H,-,D,D,0,,,,,Y,,A,01,0,0,1,0,0,0,0,0,0,"- ","- ",35.945121765136719,-119.28700256347656,TULARE,UNINCORPORATED,-119.28852081298828,35.947166442871094
90870127,2018,2018-12-04,9480,2018-11-21,1630,017108,,3,2,9,5400,0,1,3,,1,060,"STATE ROUTE 137 (AVENUE 232)","ROAD 140",118.00,W,N,A,-,Y,,,137,,,,,,,N,4,0,2,2,A,-,03,22350,,N,C,C,A,A,H,-,A,A,0,,,,,Y,,A,01,0,0,2,0,0,0,0,0,0,"- ","- ",36.210918426513672,-119.2607421875,TULARE,UNINCORPORATED,-119.2607421875,36.210914611816406
90871894,2018,2018-11-30,9481,2018-11-28,1245,015218,,3,1,4,5405,0,1,3,,1,037,"SR-65 (N/B)",SR-190,2640.00,N,N,C,-,Y,,,65,,,,,,,N,4,0,1,2,A,-,03,22350,,N,C,C,A,B,H,-,A,D,0,,,,,Y,,A,07,0,0,1,0,0,0,0,0,0,"- ","- ",36.058780670166016,-119.03929138183594,TULARE,PORTERVILLE,-119.03921508789062,36.05877685546875
90878961,2018,2018-12-10,9481,2018-11-22,1805,018029,,4,2,9,5400,0,3,5,,2,010,"AVENUE 160","ROAD 196",528.00,E,N,B,-,N,,,,,,,,,,Y,4,0,1,2,A,-,05,21650,,N,B,C,A,A,H,-,D,D,0,,,,,Y,,A,01,0,0,1,0,0,0,0,0,0,"- ","- ",36.080310821533203,-119.13240051269531,TULARE,UNINCORPORATED,-119.13234710693359,36.080326080322266
90879476,2018,2018-12-10,9480,2018-11-27,2000,019697,,2,2,9,5400,0,1,3,,2,095,"SR-99 S/B","AVENUE 48",1584.00,S,N,A,-,Y,,,99,,,,,,S,Y,3,0,3,1,A,-,08,22107,,N,E,I,A,A,H,-,D,D,0,,,,,Y,,A,07,0,2,1,0,0,0,0,0,0,"- ","- ",35.873088836669922,-119.27082824707031,TULARE,UNINCORPORATED,-119.27071380615234,35.873077392578125
90881705,2018,2018-12-12,9481,2018-12-06,2035,020238,,4,2,9,5400,0,2,4,,1,035,"RICHGROVE DRIVE","FRANCIS DRIVE",0.00,,Y,B,-,N,,,,,,,,,,Y,2,0,1,2,A,-,01,23152,A,N,D,C,A,A,H,-,C,A,0,,,,,Y,Y,A,01,1,0,0,0,0,0,0,0,0,"- ","- ",35.79949951171875,-119.10903167724609,TULARE,UNINCORPORATED,-119.10906219482422,35.799491882324219
90887709,2018,2018-12-21,9480,2018-12-12,0842,016210,,3,1,9,5400,0,3,5,,2,002,"MONSON DRIVE","ROAD 104",48.00,S,N,A,-,N,,,,,,,,,,Y,2,0,1,2,A,-,03,22350,,N,F,A,A,A,H,-,A,A,0,,,Y,Y,Y,,C,02,1,0,0,0,0,0,0,0,1,"- ","- ",36.495258331298828,-119.34017181396484,TULARE,UNINCORPORATED,-119.34049987792969,36.495586395263672
90929156,2019,2019-02-19,9480,2019-02-08,0920,013821,,5,1,9,5400,0,1,3,,1,064,"SR-198 E/B TO MOONEY BOULEVARD","MOONEY BOULEVARD O/C",1245.00,W,N,A,-,Y,,,,,,,,,,Y,3,0,1,1,A,-,03,22350,,N,E,I,A,A,H,-,A,D,0,,,,,Y,,A,01,0,1,0,0,0,0,0,0,0,"- ","- ",36.3271484375,-119.31893920898438,TULARE,UNINCORPORATED,,
90946505,2019,2019-03-14,9480,2019-03-05,2140,020890,,2,2,5,5407,0,1,3,,1,064,"STATE ROUTE 198 (WESTBOUND)","DEMAREE ST",528.00,W,N,C,-,Y,,,198,,,,,,,Y,4,0,1,2,A,-,08,22107,,F,B,C,A,B,H,-,D,D,0,,,,,Y,,A,01,0,0,1,0,0,0,0,0,0,"- ","- ",36.327480316162109,-119.33399963378906,TULARE,VISALIA,-119.33401489257812,36.327312469482422
90950212,2019,2019-03-20,9480,2019-03-15,1618,017778,,5,2,9,5400,0,1,3,,1,021,"STATE ROUTE 63 (ROAD 128)","AVENUE 415",65.00,N,N,A,-,Y,,,,,,,,,,N,3,0,1,2,A,-,09,21801,A,N,D,C,A,A,H,-,A,D,0,,,,,Y,,A,01,0,1,0,0,0,0,0,0,0,"- ","- ",36.543079376220703,-119.28692626953125,TULARE,UNINCORPORATED,,
90971207,2019,2019-04-19,9480,2019-04-15,1320,016233,,1,1,9,5400,0,3,5,,2,006,"AVE 272","SANTA FE",638.00,E,N,A,-,N,,,,,,,,,,Y,3,0,1,2,A,-,03,22350,,N,D,C,A,A,H,-,A,D,0,,,,,Y,,A,01,0,1,0,0,0,0,0,0,0,"- ","- ",36.285251617431641,-119.28533172607422,TULARE,UNINCORPORATED,-119.28533172607422,36.285251617431641
90971406,2019,2019-04-19,9480,2019-04-14,1942,020078,,7,2,9,5400,0,3,5,,2,005,"CHURCH RD","SUTTER AVE",30.00,S,N,A,-,N,,,,,,,,,,N,4,0,1,2,A,-,03,22350,,F,C,C,A,A,H,-,D,A,0,,,,,Y,,-,99,0,0,1,0,0,0,0,0,0,"- ","- ",35.888629913330078,-119.26811218261719,TULARE,UNINCORPORATED,-119.26815795898438,35.888736724853516
90984249,2019,2019-05-08,9480,2019-04-27,1445,016995,,6,2,9,5400,0,3,5,,2,006,"SPRUCE AVE","AVENUE 244",1584.00,N,N,A,-,N,,,,,,,,,,Y,3,0,7,2,A,-,05,21650,,N,A,C,A,A,H,-,A,D,0,,,,,Y,,A,01,0,7,0,0,0,0,0,0,0,"- ","- ",36.236198425292969,-119.11843109130859,TULARE,UNINCORPORATED,-119.11848449707031,36.236186981201172
90986364,2019,2019-05-10,9480,2019-05-04,1620,019349,,6,2,9,5400,0,3,5,,2,006,"SPRUCE ROAD","AVENUE 268",1591.00,N,N,A,-,N,,,,,,,,,,Y,4,0,1,1,A,-,08,22107,,N,E,I,A,A,H,-,A,D,0,,,,,Y,,A,01,0,0,1,0,0,0,0,0,0,"- ","- ",36.279460906982422,-119.11798858642578,TULARE,UNINCORPORATED,-119.11798858642578,36.279460906982422
91014491,2019,2019-06-20,9480,2019-06-13,1822,016240,,4,2,9,5400,0,3,5,,2,001,"AVENUE 416 E/B","ROAD 28",573.00,E,N,A,-,N,,,,,,,,,,Y,4,0,1,1,A,-,08,22107,,N,E,I,A,A,H,-,A,D,0,,,,,Y,,D,22,0,0,1,0,0,0,0,0,0,"- ","- ",36.546741485595703,-119.48783874511719,TULARE,UNINCORPORATED,-119.48785400390625,36.546802520751953
91016419,2019,2019-06-24,9480,2019-06-13,1700,019349,,4,2,9,5400,0,3,5,,2,006,"AVENUE 245","ROAD 212",0.00,,Y,A,-,N,,,,,,,,,,Y,4,0,1,2,A,-,09,21802,A,N,D,C,A,A,H,-,A,A,0,,,,,Y,,D,22,0,0,1,0,0,0,0,0,0,"- ","- ",36.233219146728516,-119.10060119628906,TULARE,UNINCORPORATED,-119.10054779052734,36.233180999755859
91022146,2019,2019-07-01,9480,2019-06-28,1337,018204,,5,1,9,5400,0,3,5,,2,006,"ROAD 204","AVENUE 256",862.00,S,N,A,-,N,,,,,,,,,,N,4,0,2,3,A,-,03,22350,,N,C,C,A,A,H,-,A,D,0,,,,,Y,,A,01,0,0,2,0,0,0,0,0,0,"- ","- ",36.250808715820312,-119.11981964111328,TULARE,UNINCORPORATED,-119.11838531494141,36.251033782958984
91050610,2019,2019-08-13,9481,2019-08-03,1420,018029,,6,2,9,5400,0,3,5,,2,030,"ROAD 152","AVENUE 24",0.00,,Y,A,-,N,,,,,,,,,,Y,4,0,1,2,A,-,12,22450,A,N,D,C,A,A,H,-,A,A,0,,,,,Y,,A,01,0,0,1,0,0,0,0,0,0,"- ","- ",35.833961486816406,-119.23249053955078,TULARE,UNINCORPORATED,-119.23246765136719,35.833950042724609
91064122,2019,2019-09-26,9481,2019-08-08,1548,018029,,4,2,9,5400,0,3,5,,2,010,"ROAD 180","AVENUE 224",1056.00,N,N,A,-,N,,,,,,,,,,Y,4,0,1,2,A,-,03,22350,,N,D,C,A,A,H,-,A,D,0,,,,,Y,,A,01,0,0,1,0,0,0,0,0,0,"- ","- ",36.199989318847656,-119.17173767089844,TULARE,UNINCORPORATED,-119.17171478271484,36.199188232421875
91077332,2019,2019-09-18,9480,2019-09-15,0600,016145,,7,1,9,5400,0,3,5,,2,006,"AVENUE 256","ROAD 180",7920.00,W,N,A,-,N,,,,,,,,,,Y,3,0,1,1,A,-,08,22107,,N,E,I,A,A,H,-,B,D,0,,,,,Y,,D,22,0,1,0,0,0,0,0,0,0,"- ","- ",36.253978729248047,-119.18106079101562,TULARE,UNINCORPORATED,-119.19895172119141,36.254142761230469
91081974,2019,2019-09-24,9480,2019-09-13,1900,019349,,5,2,9,5400,0,3,5,,2,003,"AVENUE 232","ROAD 36",0.00,,Y,A,-,N,,,,,,,,,,Y,4,0,1,3,A,-,09,21802,A,N,D,C,A,A,H,-,B,A,0,,,,,Y,,A,07,0,0,1,0,0,0,0,0,0,"- ","- ",36.210830688476562,-119.49294281005859,TULARE,UNINCORPORATED,-119.49295043945312,36.210830688476562
91093290,2019,2019-10-09,9481,2019-09-25,1706,020917,,3,2,9,5400,0,3,5,,2,050,"SUCCESS VALLEY DRIVE","SUNSHINE DRIVE",3168.00,S,N,A,-,N,,,,,,,,,,Y,3,0,1,1,A,-,08,22107,,N,E,I,A,A,H,-,A,D,0,,,,,Y,,D,22,0,1,0,0,0,0,0,0,0,"- ","- ",36.068859100341797,-118.87660980224609,TULARE,UNINCORPORATED,-118.87655639648438,36.068862915039062
91110514,2019,2019-10-31,9480,2019-10-17,1700,019186,,4,2,9,5400,0,3,5,,2,006,"AVENUE 261","TAMMY AVE",200.00,E,N,A,-,N,,,,,,,,,,N,2,0,1,2,A,-,11,21954,A,N,G,B,E,A,H,-,A,D,0,Y,,,,Y,,N,60,1,0,0,0,1,0,0,0,0,"- ","- ",36.264530181884766,-119.31072235107422,TULARE,UNINCORPORATED,-119.31119537353516,36.264488220214844
91144299,2019,2019-12-16,9480,2019-12-08,1435,019932,,7,2,9,5400,0,1,3,,1,030,"SR-137 (WAUKENA AVE)","ROAD 24",1584.00,W,N,B,C,Y,,,137,,,,,,,Y,3,0,3,2,A,-,03,22350,,N,A,C,A,B,F,-,A,D,0,,,,,Y,,A,01,0,3,0,0,0,0,0,0,0,"- ","- ",36.129878997802734,-119.52217864990234,TULARE,UNINCORPORATED,-119.52218627929688,36.129886627197266
9114912,2020,2020-09-04,5407,2020-06-07,1753,A330,480,7,5,5,5407,0,0,0,,0,026,"E HOUSTON AV","LIBERTY ST",150.00,E,N,A,-,N,,,,,,,,,,N,3,0,1,2,A,-,05,21202,A,N,G,G,A,A,H,-,A,A,0,,Y,Y,,Y,,L,04,0,1,0,0,0,0,1,0,0,"- ","- ",36.341949462890625,-119.28456115722656,TULARE,VISALIA,-119.28459930419922,36.341850280761719
91156530,2019,2019-12-31,9480,2019-12-17,0735,013821,,2,1,9,5400,0,1,3,,1,051,"SR-43 S/B (CENTRAL VALLEY HWY)","AVENUE 56",2640.00,S,N,A,-,Y,,,43,,,,,,S,Y,2,0,2,2,A,-,08,22107,,N,B,C,A,A,H,-,A,D,0,,,,Y,Y,,D,22,2,0,0,0,0,0,0,0,0,"- ","- ",35.884601593017578,-119.40039825439453,TULARE,UNINCORPORATED,-119.40041351318359,35.884590148925781
91160928,2020,2020-01-07,9480,2020-01-01,1530,020837,,3,2,9,5400,0,3,5,,2,002,"AVENUE 416","ROAD 124",15.00,E,N,A,-,N,,,,,,,,,,Y,4,0,1,2,A,-,01,23152,A,M,C,C,A,A,H,-,A,A,0,,,,,Y,Y,A,01,0,0,1,0,0,0,0,0,0,"- ","- ",36.544929504394531,-119.29575347900391,TULARE,UNINCORPORATED,-119.29586999999999,36.544871999999998
91167068,2020,2020-01-16,9480,2020-01-13,1709,019349,,1,2,9,5400,0,1,3,,1,040,"STATE ROUTE 216 (ROAD 160)","AVENUE 320",4.00,S,N,A,-,Y,,,,,,,,,,Y,4,0,1,2,A,-,03,22350,,N,C,C,A,A,H,-,B,D,0,,,,,Y,,A,07,0,0,1,0,0,0,0,0,0,"- ","- ",36.370521545410156,-119.21559906005859,TULARE,UNINCORPORATED,,
91181648,2020,2020-02-06,9480,2020-02-04,0630,015047,,2,1,9,5400,0,3,5,,2,002,"ROAD 144","AVENUE 400",327.00,S,N,A,-,N,,,,,,,,,,Y,4,0,1,2,A,-,08,22107,,F,A,C,A,A,H,-,D,D,0,,,,,Y,,A,01,0,0,1,0,0,0,0,0,0,"- ","- ",36.514350891113281,-119.24932861328125,TULARE,UNINCORPORATED,-119.25070190429688,36.514305114746094
91210895,2020,2020-03-18,9480,2020-03-09,1600,019697,,1,2,9,5400,0,1,3,,1,021,SR-63,"AVENUE 320",0.00,,Y,A,-,Y,,,63,,,,,,,Y,3,0,2,2,A,-,09,21802,A,N,D,C,A,A,H,-,A,A,0,,,,,Y,,A,07,0,2,0,0,0,0,0,0,0,"- ","- ",36.370941162109375,-119.29691314697266,TULARE,UNINCORPORATED,-119.29698181152344,36.370941162109375
91217859,2020,2020-03-27,9480,2020-03-22,1000,016210,,7,1,9,5400,0,3,5,,2,006,"HILLMAN ST. (ROAD 108)","E. PACIFIC AVE.",179.00,N,N,A,-,N,,,,,,,,,,Y,3,0,2,1,A,-,08,22107,,N,E,I,A,A,H,-,A,D,0,,,,,Y,,A,07,0,1,1,0,0,0,0,0,0,"- ","- ",36.248069763183594,-119.33087921142578,TULARE,UNINCORPORATED,-119.33100891113281,36.248020172119141
91222827,2020,2020-04-08,9481,2020-03-31,1630,018113,,2,2,9,5400,0,3,5,,2,050,"MTN ROAD 56 (HOT SPRINGS ROAD)","OLD STAGE ROAD",48048.00,E,N,A,-,N,,,,,,,,,,Y,3,0,2,1,A,-,08,22107,,N,F,A,A,A,H,-,A,D,0,,,,,Y,,E,22,0,2,0,0,0,0,0,0,0,"- ","- ",35.859298706054688,-118.779296875,TULARE,UNINCORPORATED,,
91224093,2020,2020-04-10,9480,2020-04-05,0025,019828,,7,3,5,5407,0,1,3,,1,064,"SR-198 W/B","GIDDING ST.",0.00,,N,B,-,Y,,,198,,,,,,W,N,2,0,1,2,A,-,11,21954,A,N,G,B,D,A,H,-,D,D,0,Y,,,,Y,Y,N,60,1,0,0,0,1,0,0,0,0,"- ","- ",36.327091217041016,-119.30518341064453,TULARE,VISALIA,-119.30518341064453,36.326950073242188
91226969,2020,2020-04-17,9480,2020-04-16,1705,017854,,4,2,9,5400,0,3,5,,2,006,"ROAD 140","AVENUE 248",117.00,S,N,A,-,N,,,,,,,,,,Y,4,0,1,2,A,-,03,22350,,N,C,C,A,A,H,-,A,A,0,,,,,Y,,A,01,0,0,1,0,0,0,0,0,0,"- ","- ",36.239940643310547,-119.26051330566406,TULARE,UNINCORPORATED,-119.26051330566406,36.239990234375
91232779,2020,2020-05-01,9480,2020-04-29,2045,014628,,3,2,9,5400,0,1,3,,2,095,"SR-99 S/B","COUNTY LINE RD.",800.00,N,N,A,-,Y,,,99,,,,,,S,Y,2,0,2,1,A,-,01,23152,A,N,F,A,A,A,H,-,D,D,0,,,,,Y,Y,A,07,1,1,0,0,0,0,0,0,0,"- ","- ",35.792369842529297,-119.25227355957031,TULARE,UNINCORPORATED,-119.25233459472656,35.792320251464844
91238712,2020,2020-05-18,9481,2020-05-11,1325,017894,,1,1,9,5400,0,1,3,,1,012,"STATE ROUTE 65 (SOUTHBOUND)","AVENUE 200",0.00,,Y,A,-,Y,,,65,,,,,,,Y,4,0,2,2,A,-,09,21802,A,N,D,C,A,A,H,-,A,A,0,,,,,Y,,A,08,0,0,2,0,0,0,0,0,0,"- ","- ",36.152801513671875,-119.07610321044922,TULARE,UNINCORPORATED,-119.07608795166016,36.152805328369141
91243141,2020,2020-05-27,9480,2020-05-21,1519,019932,,4,2,9,5400,0,1,3,,1,040,"SR-216 (AVE 344)","ROAD 222",1050.00,E,N,A,-,Y,,,,,,,,,,Y,3,0,2,2,A,-,06,21750,A,F,B,C,A,A,H,-,A,D,0,,,,,Y,,A,07,0,2,0,0,0,0,0,0,0,"- ","- ",36.413730621337891,-119.07341766357422,TULARE,UNINCORPORATED,,
91260614,2020,2020-06-30,9480,2020-06-18,1645,016240,,4,2,9,5400,0,1,3,,2,091,"SR-99 N/B","ROAD 12",473.00,S,N,A,-,Y,,,99,,,,,,N,Y,2,0,2,2,A,-,03,22350,,N,C,C,A,A,H,-,A,D,0,,,,,Y,,A,01,1,0,1,0,0,0,0,0,0,"- ","- ",36.505100250244141,-119.54537200927734,TULARE,UNINCORPORATED,-119.54543304443359,36.505008697509766
91273878,2020,2020-07-24,9480,2020-07-22,2135,016145,,3,2,9,5400,0,1,3,,1,040,"SR-216 (MILLWOOD DRIVE)","AVENUE 336",0.00,,Y,A,-,Y,,,216,,,,,,,N,3,0,1,2,A,-,09,21802,A,N,D,C,A,A,H,-,D,A,0,,,,,Y,,A,01,0,1,0,0,0,0,0,0,0,"- ","- ",36.399368286132812,-119.16947174072266,TULARE,UNINCORPORATED,-119.16946411132812,36.399360656738281
91275640,2020,2020-07-28,9480,2020-07-20,0520,020890,,1,3,9,5400,0,3,5,,2,005,"AVENUE 56","ROAD 144",0.00,,Y,A,-,N,,,,,,,,,,Y,4,0,3,2,A,-,09,21801,A,N,D,C,A,A,H,-,B,D,0,,,,,Y,,A,01,0,0,3,0,0,0,0,0,0,"- ","- ",35.89154052734375,-119.25051879882812,TULARE,UNINCORPORATED,-119.25041961669922,35.891910552978516
91275938,2020,2020-07-28,9480,2020-07-23,1825,019048,,4,2,9,5400,0,3,5,,2,004,"AVENUE 328","ROAD 132",0.00,,Y,A,-,N,,,,,,,,,,Y,4,0,2,2,A,-,12,22450,A,N,A,C,A,A,H,-,A,A,0,,,,,Y,,A,01,0,0,2,0,0,0,0,0,0,"- ","- ",36.385631561279297,-119.27867889404297,TULARE,UNINCORPORATED,-119.27881622314453,36.3856201171875
91296002,2020,2020-08-31,9480,2020-08-20,1035,016210,,4,1,9,5400,0,3,5,,2,001,"ROAD 60","AVENUE 328",7764.00,N,N,B,-,N,,,,,,,,,,Y,3,0,1,2,A,-,03,22350,,N,C,C,A,A,H,-,A,D,0,,,,Y,Y,,G,25,0,1,0,0,0,0,0,0,0,"- ","- ",36.404251098632812,-119.45681762695312,TULARE,UNINCORPORATED,-119.44464874267578,36.385810852050781
91296668,2020,2020-09-01,9480,2020-08-24,2200,020612,,1,3,9,5400,0,3,5,,2,004,"SENTINEL DRIVE","ROAD 204",1235.00,E,N,A,-,N,,,,,,,,,,N,4,0,1,1,A,-,03,22350,,N,E,I,A,A,H,-,D,D,0,,,,,Y,,D,22,0,0,1,0,0,0,0,0,0,"- ","- ",36.450031280517578,-119.11264038085938,TULARE,UNINCORPORATED,,
91297585,2020,2020-09-02,9481,2020-08-28,0605,015290,,5,1,9,5400,0,2,4,,1,035,"AVENUE 56","ROAD 184",0.00,,Y,A,-,N,,,,,,,,,,Y,4,0,2,2,A,-,09,21801,A,N,A,C,A,A,H,-,B,D,0,,,,,Y,,D,22,0,0,2,0,0,0,0,0,0,"- ","- ",35.891899108886719,-119.1614990234375,TULARE,UNINCORPORATED,-119.16147613525391,35.891891479492188
91304869,2020,2020-09-15,9480,2020-09-06,0220,020612,,7,3,9,5400,0,1,3,,1,021,SR-63,SR-201,800.00,N,N,A,-,Y,,,63,,,,,,,Y,2,0,1,1,A,-,08,22107,,F,F,I,A,A,H,-,D,D,0,,,,,Y,,A,07,1,0,0,0,0,0,0,0,0,"- ","- ",36.489280700683594,-119.28666687011719,TULARE,UNINCORPORATED,-119.28663635253906,36.489276885986328
91313368,2020,2020-09-28,9481,2020-09-23,1350,019149,,3,1,9,5400,0,3,5,,2,020,"ROAD 224","AVENUE 224",0.00,,Y,A,-,N,,,,,,,,,,Y,3,0,1,2,A,-,09,21802,B,N,D,C,A,A,H,-,A,A,0,,,,,Y,,A,07,0,1,0,0,0,0,0,0,0,"- ","- ",36.196269989013672,-119.07315063476562,TULARE,UNINCORPORATED,-119.52931213378906,36.196498870849609
91316417,2020,2020-10-02,9480,2020-09-24,2010,019697,,4,2,4,5406,0,1,3,,2,093,"SR-99 S/B","CARTMILL AVE",3168.00,S,N,A,-,Y,,,99,,,,,,S,Y,3,0,1,1,A,-,01,23152,A,N,E,I,A,A,H,-,C,D,0,,,,,Y,Y,A,01,0,1,0,0,0,0,0,0,0,"- ","- ",36.23175048828125,-119.33943176269531,TULARE,TULARE,-119.33951568603516,36.231685638427734
91316796,2020,2020-10-02,9480,2020-09-30,1920,017854,,3,2,4,5406,0,1,3,,2,093,"STATE ROUTE 99 NORTHBOUND","BARDSLEY AVENUE",528.00,S,N,A,-,Y,,,99,,,,,,N,Y,3,0,2,2,A,-,03,22350,,N,C,C,A,A,D,H,D,D,0,,,,Y,Y,,A,01,0,1,1,0,0,0,0,0,0,"- ","- ",36.194778442382812,-119.32846832275391,TULARE,TULARE,-119.32843780517578,36.194778442382812