CASE_ID,ACCIDENT_YEAR,PROC_DATE,JURIS,COLLISION_DATE,COLLISION_TIME,OFFICER_ID,REPORTING_DISTRICT,DAY_OF_WEEK,CHP_SHIFT,POPULATION,CNTY_CITY_LOC,SPECIAL_COND,BEAT_TYPE,CHP_BEAT_TYPE,CITY_DIVISION_LAPD,CHP_BEAT_CLASS,BEAT_NUMBER,PRIMARY_RD,SECONDARY_RD,DISTANCE,DIRECTION,INTERSECTION,WEATHER_1,WEATHER_2,STATE_HWY_IND,CALTRANS_COUNTY,CALTRANS_DISTRICT,STATE_ROUTE,ROUTE_SUFFIX,POSTMILE_PREFIX,POSTMILE,LOCATION_TYPE,RAMP_INTERSECTION,SIDE_OF_HWY,TOW_AWAY,COLLISION_SEVERITY,NUMBER_KILLED,NUMBER_INJURED,PARTY_COUNT,PRIMARY_COLL_FACTOR,PCF_CODE_OF_VIOL,PCF_VIOL_CATEGORY,PCF_VIOLATION,PCF_VIOL_SUBSECTION,HIT_AND_RUN,TYPE_OF_COLLISION,MVIW,PED_ACTION,ROAD_SURFACE,ROAD_COND_1,ROAD_COND_2,LIGHTING,CONTROL_DEVICE,CHP_ROAD_TYPE,PEDESTRIAN_ACCIDENT,BICYCLE_ACCIDENT,MOTORCYCLE_ACCIDENT,TRUCK_ACCIDENT,NOT_PRIVATE_PROPERTY,ALCOHOL_INVOLVED,STWD_VEHTYPE_AT_FAULT,CHP_VEHTYPE_AT_FAULT,COUNT_SEVERE_INJ,COUNT_VISIBLE_INJ,COUNT_COMPLAINT_PAIN,COUNT_PED_KILLED,COUNT_PED_INJURED,COUNT_BICYCLIST_KILLED,COUNT_BICYCLIST_INJURED,COUNT_MC_KILLED,COUNT_MC_INJURED,PRIMARY_RAMP,SECONDARY_RAMP,LATITUDE,LONGITUDE,COUNTY,CITY,POINT_X,POINT_Y
8058971,2016,2016-06-15,5405,2016-05-24,1433,201,,2,5,4,5405,0,0,0,,0,002,"HENDERSON AV","LIME ST",93.00,E,N,A,-,N,,,,,,,,,,N,3,0,1,1,A,-,08,22107,,N,F,I,A,A,H,-,A,D,0,,,,,Y,,-,,0,1,0,0,0,0,0,0,0,"- ","- ",,,TULARE,PORTERVILLE,-119.01741570999999,36.080134080000001
8059658,2016,2016-06-13,5407,2016-05-19,1543,M186,480,4,5,5,5407,0,0,0,,0,026,"SANTA FE ST","MURRAY AV",72.00,N,N,A,-,N,,,,,,,,,,Y,3,0,2,3,A,-,01,23153,A,N,C,C,A,A,H,-,A,A,0,,,,,Y,Y,A,01,0,1,1,0,0,0,0,0,0,"- ","- ",36.333799999999997,-119.28785999999999,TULARE,VISALIA,-119.28789406999999,36.333987690000001
8059678,2016,2016-08-29,5407,2016-05-22,1659,K163,480/6,7,5,5,5407,0,0,0,,0,011,"MOONEY BL","MINERAL KING AV",0.00,,Y,A,-,N,,,,,,,,,,Y,4,0,2,2,A,-,09,21453,C,N,D,C,A,A,H,-,A,A,0,,,,,Y,,D,22,0,0,2,0,0,0,0,0,0,"- ","- ",,,TULARE,VISALIA,-119.31409993,36.327540079999999
8059698,2016,2017-02-23,5407,2016-05-22,1500,A149,480,7,5,5,5407,0,0,0,,0,033,"RT 63",NOBLE,0.00,,Y,A,-,Y,TUL,6,63,-,-,7.948,I,5,N,Y,3,0,1,2,A,-,12,21453,A,N,D,C,A,A,H,-,A,A,0,,,,,Y,,A,01,0,1,0,0,0,0,0,0,0,"- ","- ",,,TULARE,VISALIA,-119.29226957,36.326432029999999
8059841,2016,2016-06-16,5407,2016-04-27,2110,M264,480,3,5,5,5407,0,0,0,,0,033,"NOBLE AV","PINKHAM ST",1000.00,W,N,A,-,N,,,,,,,,,,N,4,0,1,3,A,-,03,22350,,M,C,C,A,A,H,-,C,A,0,,,,,Y,Y,A,07,0,0,1,0,0,0,0,0,0,"- ","- ",36.326459999999997,-119.2697,TULARE,VISALIA,-119.27299358,36.326052740000002
8066054,2016,2016-06-21,5405,2016-06-02,1706,226,5405,4,5,4,5405,0,0,0,,0,004,"MATHEW ST","MORTON AV",0.00,,Y,A,-,N,,,,,,,,,,N,3,0,1,2,A,-,10,21950,A,N,G,B,B,A,H,-,A,A,0,Y,,,,Y,,-,,0,1,0,0,1,0,0,0,0,"- ","- ",,,TULARE,PORTERVILLE,-119.06188007,36.073100050000001
8074320,2016,2016-08-10,5401,2016-07-23,1729,2132,5401,6,5,3,5401,0,0,0,,0,,"ALTA AV","UNION AV",6.00,N,N,A,-,N,,,,,,,,,,Y,4,0,1,2,A,-,03,22350,,N,C,C,A,A,H,-,A,D,0,,,,,Y,,A,01,0,0,1,0,0,0,0,0,0,"- ","- ",,,TULARE,DINUBA,-119.3951118,36.568358449999998
8078218,2016,2016-07-19,5407,2016-06-23,2152,M264,480,4,5,5,5407,0,0,0,,0,012,CALDWELL,LINWOOD,0.00,,Y,A,-,N,,,,,,,,,,N,3,0,2,2,A,-,09,21453,,N,D,C,A,A,H,-,C,A,0,,,,,Y,,A,01,0,1,1,0,0,0,0,0,0,"- ","- ",,,TULARE,VISALIA,-119.34045998000001,36.298260059999997
8084897,2016,2016-07-14,5406,2016-06-17,2340,75,5406,5,5,4,5406,0,0,0,,0,0SE,"E RANKIN RD","K ST",288.00,E,N,A,-,N,,,,,,,,,,Y,3,0,1,1,A,-,03,22350,,N,E,I,A,A,H,-,C,D,0,,,,,Y,,A,01,0,1,0,0,0,0,0,0,0,"- ","- ",,,TULARE,TULARE,-119.33249553,36.152769999999997
8097069,2016,2017-02-22,5405,2016-07-25,2028,231,,1,5,4,5405,0,0,0,,0,004,"OLIVE AV","RT 65",0.00,,Y,A,-,Y,TUL,6,65,-,R,19.322,R,4,S,N,4,0,1,2,A,-,12,21453,A,N,D,C,A,A,H,-,B,A,0,,,,,Y,,-,,0,0,1,0,0,0,0,0,0,"- ",SF,,,TULARE,PORTERVILLE,-119.03956001,36.06834405
8097276,2016,2016-08-19,5401,2016-01-28,1135,2111,5401,4,5,3,5401,0,0,0,,0,,"BATES AV","SEQUOIA DR",150.00,S,N,A,-,N,,,,,,,,,,N,4,0,1,2,A,-,05,21650,,N,A,C,A,A,H,-,A,D,0,,,,,Y,,A,07,0,0,1,0,0,0,0,0,0,"- ","- ",,,TULARE,DINUBA,-119.39281588,36.55443837
8100352,2016,2017-02-22,5407,2016-07-12,1456,M33,480,2,5,5,5407,0,0,0,,0,026,"RT 216",DOUGLAS,350.00,N,N,A,-,Y,TUL,6,216,-,R,0.810,H,-,E,Y,4,0,2,3,A,-,03,22350,,N,C,C,A,A,H,-,A,D,0,,,,,Y,,A,01,0,0,2,0,0,0,0,0,0,"- ","- ",,,TULARE,VISALIA,-119.26093836,36.340274620000002
8102551,2016,2016-08-18,5405,2016-08-04,1001,226,5405,4,5,4,5405,0,0,0,,0,002,"HENDERSON AV","JAYE ST",0.00,,Y,A,-,N,,,,,,,,,,Y,3,0,1,2,A,-,03,22350,,N,C,C,A,A,H,-,A,D,0,,,,,Y,,-,,0,1,0,0,0,0,0,0,0,"- ","- ",,,TULARE,PORTERVILLE,-119.02632009,36.080550100000004
8109451,2016,2016-08-26,5405,2016-08-17,1907,221,5405,3,5,4,5405,0,0,0,,0,001,"HENDERSON AV","G ST",0.00,,Y,A,-,N,,,,,,,,,,Y,2,0,2,2,A,-,08,22107,,N,D,C,A,A,H,-,A,A,0,,,,,Y,,-,,1,1,0,0,0,0,0,0,0,"- ","- ",,,TULARE,PORTERVILLE,-119.02318001,36.080420050000001
8130018,2016,2017-02-24,5405,2016-09-09,1945,203,,5,5,4,5405,0,0,0,,0,003,"RT 190","JAYE ST",0.00,,Y,A,-,Y,TUL,6,190,-,-,15.950,I,5,E,Y,4,0,1,2,A,-,12,21453,A,N,D,C,A,A,H,-,C,A,0,,,,,Y,,-,,0,0,1,0,0,0,0,0,0,"- ","- ",,,TULARE,PORTERVILLE,-119.02626145000001,36.051455420000003
8134886,2016,2017-02-24,5407,2016-09-07,0632,M33,480,3,5,5,5407,0,0,0,,0,00O,"E MURRAY","COURT ST",0.00,,Y,A,-,Y,TUL,6,63,-,-,8.455,I,5,N,N,4,0,2,2,A,-,12,21453,A,N,D,C,A,A,H,-,-,A,0,,,,,Y,,A,01,0,0,2,0,0,0,0,0,0,"- ","- ",36.333770000000001,-119.29236,TULARE,VISALIA,-119.29237033,36.333790950000001
8134937,2016,2017-01-23,5407,2016-09-10,1614,C40,480,6,5,5,5407,0,0,0,,0,025,"MINERAL KING",GIDDINGS,0.00,,Y,A,-,N,,,,,,,,,,Y,3,0,3,2,A,-,12,21453,A,N,D,C,A,A,H,-,A,A,0,,,,,Y,,D,22,0,1,2,0,0,0,0,0,0,"- ","- ",,,TULARE,VISALIA,-119.30546991999999,36.327410110000002
8145490,2016,2016-10-17,5405,2016-09-29,1540,107,,4,5,4,5405,0,0,0,,0,004,"JAYE ST","OLIVE AV",297.00,S,N,A,-,N,,,,,,,,,,N,3,0,1,2,A,-,11,21954,A,N,G,B,D,A,H,-,A,D,0,Y,,,,Y,,N,60,0,1,0,0,1,0,0,0,0,"- ","- ",,,TULARE,PORTERVILLE,-119.02606,36.065800000000003
8190582,2016,2017-03-07,5407,2016-09-30,1621,C42,SQ614,5,5,5,5407,0,0,0,,0,00Q,"S MOONEY BL","W CALDWELL",392.00,S,N,A,-,Y,TUL,6,63,-,-,5.940,H,-,N,N,3,0,1,2,A,-,09,21804,A,N,B,C,A,A,H,-,A,D,0,,,Y,,Y,,A,01,0,1,0,0,0,0,0,0,1,"- ","- ",,,TULARE,VISALIA,-119.31357683,36.297503800000001
8199340,2016,2017-01-04,5405,2016-12-13,0810,949,PPD,2,5,4,5405,0,0,0,,0,001,"MULBERRY AV","LOTAS ST",160.00,W,N,A,-,N,,,,,,,,,,N,4,0,1,2,A,-,11,21954,A,N,G,B,D,A,H,-,A,D,0,Y,,,,Y,,-,,0,0,1,0,1,0,0,0,0,"- ","- ",,,TULARE,PORTERVILLE,-119.05153018999999,36.084018610000001
8202459,2016,2017-01-06,5407,2016-11-22,1422,M66,480,2,5,5,5407,0,0,0,,0,00P,"LOVERS LN",NOBLE,0.00,,Y,A,-,N,,,,,,,,,,Y,3,0,2,2,A,-,12,21453,A,N,D,C,A,A,H,-,A,A,0,,,,,Y,,D,22,0,1,1,0,0,0,0,0,0,"- ","- ",36.326639999999998,-119.26076,TULARE,VISALIA,-119.26082995,36.326620009999999
8203169,2016,2017-01-09,5407,2016-10-30,0317,A279,480,7,5,5,5407,0,0,0,,0,00O,"LOVERS LN","ROOSEVELT ST",72.00,S,N,C,-,N,,,,,,,,,,Y,3,0,1,1,A,-,01,23152,A,M,A,I,A,B,H,-,C,A,0,,,,,Y,Y,A,01,0,1,0,0,0,0,0,0,0,"- ","- ",,,TULARE,VISALIA,-119.26097952000001,36.339322610000004
8284584,2016,2017-01-23,5401,2016-11-09,0748,2120,,3,5,3,5401,0,0,0,,0,00B,"EL MONTE WY","RANDLE AV",0.00,,Y,A,-,N,,,,,,,,,,N,4,0,1,2,A,-,05,21650,1,N,A,G,A,A,H,-,A,A,0,,Y,,,Y,,L,04,0,0,1,0,0,0,1,0,0,"- ","- ",,,TULARE,DINUBA,-119.37227996,36.545490090000001
8284634,2016,2017-01-25,5401,2016-10-17,0939,2120,5401,1,5,3,5401,0,0,0,,0,00B,"WHITNEY AV","MILLARD WY",229.00,S,N,A,-,N,,,,,,,,,,Y,4,0,1,2,A,-,08,22103,,N,D,A,A,A,H,-,A,D,0,,,,,Y,,A,01,0,0,1,0,0,0,0,0,0,"- ","- ",,,TULARE,DINUBA,-119.38311434000001,36.547641579999997
8286853,2016,2017-01-24,5401,2016-12-18,2342,2120,5401,7,5,3,5401,0,0,0,,0,00B,"AMARILLO ST","S CRAWFORD AV",0.00,,Y,A,-,N,,,,,,,,,,Y,2,0,1,1,A,-,01,23152,A,N,E,I,A,A,H,-,C,D,0,,,,,Y,Y,A,07,1,0,0,0,0,0,0,0,0,"- ","- ",,,TULARE,DINUBA,,
8289941,2016,2017-03-01,5407,2016-12-23,1557,M186,480,5,5,5,5407,0,0,0,,0,,"RT 63",NOBLE,48.00,N,N,B,-,Y,TUL,6,63,-,-,7.950,H,-,N,Y,3,0,1,1,A,-,01,23153,B,N,E,I,A,B,H,-,A,A,0,,,,,Y,Y,-,,0,1,0,0,0,0,0,0,0,"- ","- ",36.326430000000002,-119.29226,TULARE,VISALIA,-119.29226988000001,36.326461399999999
8292004,2017,2017-01-26,5405,2017-01-12,1152,203,,4,5,4,5405,0,0,0,,0,003,"MAIN ST","DATE AV",800.00,S,N,C,-,N,,,,,,,,,,N,4,0,1,2,A,-,03,22350,,N,C,C,A,B,H,-,A,D,0,,,,,Y,,-,,0,0,1,0,0,0,0,0,0,"- ","- ",,,TULARE,PORTERVILLE,-119.01664249,36.056405480000002
8295114,2017,2017-02-07,5405,2017-01-19,0533,228,,4,5,4,5405,0,0,0,,0,004,"ORANGE AV","JAYE ST",250.00,W,N,B,C,N,,,,,,,,,,Y,3,0,1,2,A,-,01,23152,,N,A,E,A,B,H,-,B,D,0,,,,,Y,Y,-,,0,1,0,0,0,0,0,0,0,"- ","- ",,,TULARE,PORTERVILLE,-119.02698445999999,36.06138928
8295155,2017,2017-02-07,5407,2017-01-15,2143,A266,480,7,5,5,5407,0,0,0,,0,026,"LOVERS LN","MINERAL KING",90.00,S,N,A,-,N,,,,,,,,,,N,4,0,1,2,A,-,04,21703,,N,B,C,A,A,H,-,C,A,0,,,,Y,Y,,A,01,0,0,1,0,0,0,0,0,0,"- ","- ",,,TULARE,VISALIA,-119.26084149,36.327853130000001
8295319,2017,2017-02-07,5407,2017-01-12,1347,M66,480,4,5,5,5407,0,0,0,,0,00Q,CAMERON,WEST,261.00,E,N,C,-,N,,,,,,,,,,Y,3,0,1,1,A,-,05,21650,,M,E,I,A,B,H,-,A,D,0,,,,,Y,,A,08,0,1,0,0,0,0,0,0,0,"- ","- ",36.293759999999999,-119.29621,TULARE,VISALIA,-119.29531406,36.293639140000003
8318251,2017,2017-03-14,5407,2017-01-27,1051,M222,480,5,5,5,5407,0,0,0,,0,000,HOUSTON,LIBERTY,0.00,,Y,A,-,N,,,,,,,,,,Y,4,0,2,2,A,-,03,22350,,N,C,C,A,A,H,-,A,A,0,,,,,Y,,A,08,0,0,2,0,0,0,0,0,0,"- ","- ",36.341839999999998,-119.28319999999999,TULARE,VISALIA,-119.28510995000001,36.341850020000003
8337638,2017,2017-04-07,5407,2017-03-10,0107,M226,480,5,5,5,5407,0,0,0,,0,033,"S LOCUST","W NOBLE",0.00,,Y,A,-,N,,,,,,,,,,N,4,0,1,2,A,-,12,21453,A,N,D,C,A,A,H,-,C,A,0,,,Y,,Y,,A,01,0,0,1,0,0,0,0,0,0,"- ","- ",,,TULARE,VISALIA,-119.29341989,36.326420040000002
8346009,2017,2017-04-18,5405,2017-03-30,0810,124,5405,4,5,4,5405,0,0,0,,0,001,"NEWCOMB ST","PIONEER AV",0.00,,Y,B,-,N,,,,,,,,,,Y,3,0,1,2,A,-,09,21802,A,N,D,C,A,A,H,-,A,A,0,,,,,Y,,-,,0,1,0,0,0,0,0,0,0,"- ","- ",,,TULARE,PORTERVILLE,-119.05289001,36.09121012
8359121,2017,2017-05-08,5404,2017-04-14,1151,671,20L,5,5,2,5404,0,0,0,,0,017,MIRAGE,VALENCIA,0.00,,Y,A,-,N,,,,,,,,,,N,4,0,1,2,A,-,09,21802,A,N,D,C,A,A,H,-,A,D,0,,,,,Y,,A,01,0,0,1,0,0,0,0,0,0,"- ","- ",,,TULARE,LINDSAY,-119.087091,36.199863000000001
8419604,2017,2017-08-03,5407,2017-07-11,0736,C40,480,2,5,5,5407,0,0,0,,0,034,MOONEY,BEECH,0.00,,N,A,-,N,,,,,,,,,,N,3,0,1,2,A,-,05,21650,1,N,G,G,A,A,H,-,A,D,0,,Y,,,Y,,L,04,0,1,0,0,0,0,1,0,0,"- ","- ",,,TULARE,VISALIA,-119.31387997,36.309360009999999
8419810,2017,2017-08-07,5405,2017-07-16,1007,C25,PORTE,7,5,4,5405,0,0,0,,0,0'1,"WESTWOOD ST","WESTFIELD AV",10.00,E,N,A,-,N,,,,,,,,,,N,3,0,2,2,A,-,03,22350,,N,C,C,A,A,H,-,A,A,0,,,,,Y,,-,,0,1,1,0,0,0,0,0,0,"- ","- ",,,TULARE,PORTERVILLE,-119.07080000000001,36.087569999999999
8420847,2017,2018-04-23,5407,2017-06-29,1125,M33,480,4,5,5,5407,0,0,0,,0,00N,"RT 63","VISALIA PKWY",0.00,,Y,A,-,Y,TUL,6,63,-,-,5.520,H,-,S,Y,4,0,1,2,A,-,09,21802,A,N,D,C,A,A,C,-,A,D,0,,,,,Y,,A,01,0,0,1,0,0,0,0,0,0,"- ","- ",36.291220000000003,-119.31359,TULARE,VISALIA,-119.31370997000001,36.291351429999999
8439748,2017,2017-09-11,5407,2017-08-25,0736,M214,480,5,5,5,5407,0,0,0,,0,,CHINOWTH,CROWLEY,24.00,S,N,A,-,N,,,,,,,,,,Y,4,0,1,2,A,-,03,22350,,N,C,C,A,A,H,-,A,D,0,,,,,Y,,A,01,0,0,1,0,0,0,0,0,0,"- ","- ",36.331760000000003,-119.33622,TULARE,VISALIA,-119.33622948999999,36.331644140000002
8457698,2017,2017-10-04,5405,2017-09-18,1345,239,,1,5,4,5405,0,0,0,,0,004,"OLIVE AV","ATKINS ST",0.00,,Y,A,-,N,,,,,,,,,,Y,4,0,2,3,A,-,09,21801,A,N,D,C,A,A,H,-,A,A,0,,,,,Y,,-,,0,0,2,0,0,0,0,0,0,"- ","- ",,,TULARE,PORTERVILLE,-119.04723011999999,36.065890109999998
8457875,2017,2017-10-25,5405,2017-09-22,1722,236,,5,5,4,5405,0,0,0,,0,002,"HARRISON AV","3RD AV",0.00,,Y,A,-,N,,,,,,,,,,N,4,0,1,2,A,-,09,21802,A,N,D,C,A,A,H,-,A,A,0,,,,,Y,,-,,0,0,1,0,0,0,0,0,0,"- ","- ",,,TULARE,PORTERVILLE,-119.01418013,36.072220059999999
8483273,2017,2017-11-17,5407,2017-10-06,1531,M201,480,5,5,5,5407,0,0,0,,0,,"W CYPRESS AV","LOCUST ST",0.00,,Y,A,-,N,,,,,,,,,,N,3,0,2,2,A,-,08,22107,,N,B,C,A,A,H,-,A,A,0,,,,,Y,,D,22,0,2,0,0,0,0,0,0,0,"- ","- ",36.324159999999999,-119.29336000000001,TULARE,VISALIA,-119.29337999000001,36.324110070000003
8485820,2017,2018-05-15,5407,2017-09-15,1207,M186,480,5,5,5,5407,0,0,0,,0,,"RT 63","AVE 268",0.00,,Y,A,-,Y,TUL,6,63,-,-,4.510,I,5,N,Y,4,0,1,3,A,-,03,22350,,N,C,C,A,A,H,-,A,A,0,,,,,Y,,A,01,0,0,1,0,0,0,0,0,0,"- ","- ",36.276760000000003,-119.31336,TULARE,VISALIA,-119.3133131,36.276782539999999
8492051,2017,2017-11-27,5407,2017-10-01,1322,A282,480,7,5,5,5407,0,0,0,,0,012,"COUNTY CENTER DR","WEST CALDWELL AV",65.00,N,N,A,-,N,,,,,,,,,,N,3,0,2,2,A,-,09,21804,A,N,D,C,A,A,H,-,A,A,0,,,,,Y,,A,01,0,2,0,0,0,0,0,0,0,"- ","- ",36.298400000000001,-119.32259000000001,TULARE,VISALIA,-119.32259446,36.298598339999998
8505283,2017,2017-12-07,5405,2017-11-17,1010,186,,5,5,4,5405,0,0,0,,0,003,"MAIN ST","OAK AV",40.00,S,N,B,-,N,,,,,,,,,,Y,3,0,2,2,A,-,03,22350,,N,C,C,A,B,H,-,A,A,0,,,,,Y,,-,,0,1,1,0,0,0,0,0,0,"- ","- ",,,TULARE,PORTERVILLE,-119.01626136,36.067780259999999
8505766,2017,2017-12-11,5407,2017-11-06,1927,A294,480,1,5,5,5407,0,0,0,,0,,"E NOBLE AV",COURT,0.00,,Y,A,-,N,,,,,,,,,,Y,4,0,1,2,A,-,05,21651,B,N,D,C,A,A,H,-,C,D,0,,,,,Y,,A,01,0,0,1,0,0,0,0,0,0,"- ","- ",,,TULARE,VISALIA,-119.29229993,36.32644011
8505872,2017,2017-12-14,5407,2017-10-08,1907,A279,480,7,5,5,5407,0,0,0,,0,P33,"W TULARE AV","S CENTRAL ST",0.00,,Y,A,-,N,,,,,,,,,,Y,3,0,1,2,A,-,08,22107,,M,D,C,A,A,H,-,C,A,0,,,Y,,Y,Y,A,07,0,1,0,0,0,0,0,0,1,"- ","- ",36.3202,-119.31209,TULARE,VISALIA,-119.31209998,36.320190080000003
8507997,2017,2017-12-13,5405,2017-11-29,0803,186,,3,5,4,5405,0,0,0,,0,003,"MAIN ST","PUTNAM AV",0.00,,Y,A,-,N,,,,,,,,,,N,4,0,1,2,A,-,00,22453,A,F,D,C,A,A,H,-,A,A,0,,,,,Y,,A,01,0,0,1,0,0,0,0,0,0,"- ","- ",,,TULARE,PORTERVILLE,-119.01624006999999,36.069460020000001
8525198,2017,2018-01-11,5407,2017-11-28,1144,M66,480,2,5,5,5407,0,0,0,,0,N709,"MAIN ST",WILLIS,0.00,,Y,A,-,N,,,,,,,,,,Y,4,0,1,2,A,-,12,21453,A,N,D,C,A,A,H,-,A,A,0,,,,,Y,,A,01,0,0,1,0,0,0,0,0,0,"- ","- ",36.330129999999997,-119.29771,TULARE,VISALIA,-119.29771992000001,36.330160100000001
8544082,2018,2018-01-31,5405,2018-01-11,1429,186,,4,5,4,5405,0,0,0,,0,002,"MAIN ST","NORTH GRAND AV",0.00,,Y,A,-,N,,,,,,,,,,Y,2,0,2,2,A,-,09,21801,A,N,D,C,A,A,H,-,A,A,0,,,,,Y,,-,,1,1,0,0,0,0,0,0,0,"- ","- ",,,TULARE,PORTERVILLE,-119.03516999999999,36.098219999999998
8555289,2018,2018-02-16,5405,2018-02-07,1124,224,PORTE,3,5,4,5405,0,0,0,,0,003,"OLIVE AV","PLANO ST",262.00,W,N,A,-,N,,,,,,,,,,Y,4,0,1,2,A,-,09,21804,A,N,D,C,A,A,H,-,A,A,0,,,,,Y,,-,,0,0,1,0,0,0,0,0,0,"- ","- ",,,TULARE,PORTERVILLE,-119.00920867919922,36.065097808837891
8555291,2018,2018-02-20,5403,2018-01-20,1702,845,,6,5,2,5403,0,0,0,,0,,"EAST VISALIA RD","HESTER ST",86.00,W,N,A,-,N,,,,,,,,,,Y,4,0,1,2,A,-,05,21650,,F,H,J,A,A,H,-,A,D,0,,,,,Y,Y,A,01,0,0,1,0,0,0,0,0,0,"- ","- ",,,TULARE,FARMERSVILLE,-119.2010498046875,36.29779052734375
8566547,2018,2018-03-12,5407,2018-02-05,2033,A294,480,1,5,5,5407,0,0,0,,0,R12,"WHITENDALE AV","CHINOWITH ST",6.00,E,N,A,-,N,,,,,,,,,,N,3,0,1,2,A,-,12,21453,A,N,G,B,A,A,H,-,C,A,0,,Y,,,Y,,L,04,0,1,0,0,0,0,1,0,0,"- ","- ",36.305530548095703,-119.3360595703125,TULARE,VISALIA,-119.33605194091797,36.305519104003906
8566864,2018,2018-03-12,5407,2018-01-11,1236,M214,480,4,5,5,5407,0,0,0,,0,,TULARE,WOODLAND,66.00,W,N,A,-,N,,,,,,,,,,Y,3,0,2,4,A,-,03,22350,,N,C,C,A,A,H,-,A,A,0,,,,,Y,,A,07,0,1,1,0,0,0,0,0,0,"- ","- ",36.320178985595703,-119.31838226318359,TULARE,VISALIA,-119.31862640380859,36.320148468017578
8584766,2018,2018-04-06,5407,2018-02-13,1729,A303,480,2,5,5,5407,0,0,0,,0,P33,"HOWARD AV","GRANT ST",0.00,,Y,A,-,N,,,,,,,,,,N,3,0,2,2,A,-,12,22450,A,N,D,C,A,A,H,-,A,A,0,,,,,Y,,A,01,0,1,1,0,0,0,0,0,0,"- ","- ",36.318321228027344,-119.29917907714844,TULARE,VISALIA,-119.29918670654297,36.318321228027344
8584946,2018,2018-04-10,5405,2018-03-28,0901,C27,,3,5,4,5405,0,0,0,,0,001,"WESTFIELD AV","WESTSIDE ST",9.00,W,N,A,-,N,,,,,,,,,,Y,4,0,1,3,A,-,08,22107,,N,D,C,A,A,H,-,A,A,0,,,,,Y,,-,,0,0,1,0,0,0,0,0,0,"- ","- ",,,TULARE,PORTERVILLE,-119.04524230957031,36.087589263916016
8585269,2018,2018-04-06,5407,2018-03-13,1843,A223,480,2,5,5,5407,0,0,0,,0,R12,CYPRESS,ATWOOD,150.00,W,N,A,-,N,,,,,,,,,,Y,4,0,1,2,A,-,08,22107,,N,B,C,A,A,H,-,A,D,0,,,,,Y,,A,01,0,0,1,0,0,0,0,0,0,"- ","- ",,,TULARE,VISALIA,-119.34751129150391,36.324184417724609
8586258,2018,2018-04-18,5405,2018-03-24,1934,238,5405,6,5,4,5405,0,0,0,,0,003,"OLIVE AV","KESSING AV",147.00,E,N,B,-,N,,,,,,,,,,Y,4,0,1,3,A,-,09,21804,A,N,D,C,A,A,H,-,C,D,0,,,,,Y,,-,,0,0,1,0,0,0,0,0,0,"- ","- ",,,TULARE,PORTERVILLE,-119.02463531494141,36.065494537353516
8596491,2018,2018-04-17,5405,2018-03-29,0730,236,,4,5,4,5405,0,0,0,,0,001,"BALMARAL AV","HENDERSON AV",0.00,,Y,A,-,N,,,,,,,,,,N,3,0,1,2,A,-,05,21650,1,F,D,G,A,A,H,-,A,A,0,,Y,,,Y,,L,04,0,1,0,0,0,0,1,0,0,"- ","- ",,,TULARE,PORTERVILLE,-119.06278228759766,36.080329895019531
8607031,2018,2018-05-23,5407,2018-04-04,1620,A301,480,3,5,5,5407,0,0,0,,0,034,"E WALNUT AV","S BEN MADDOX WY",0.00,,Y,A,-,N,,,,,,,,,,Y,4,0,1,2,A,-,12,21453,A,N,D,I,A,A,H,-,A,A,0,,,,,Y,,A,01,0,0,1,0,0,0,0,0,0,"- ","- ",36.312660217285156,-119.27400207519531,TULARE,VISALIA,-119.27400207519531,36.312641143798828
8627709,2018,2018-06-04,5407,2018-04-24,1507,M222,480,2,5,5,5407,0,0,0,,0,025,MOONEY,HOUSTON,0.00,,Y,A,-,N,,,,,,,,,,Y,3,0,2,3,A,-,12,21453,A,N,D,C,A,A,H,-,A,A,0,,,,,Y,,A,01,0,1,1,0,0,0,0,0,0,"- ","- ",36.340179443359375,-119.31436920166016,TULARE,VISALIA,-119.31427001953125,36.341930389404297
8631637,2018,2018-06-06,5405,2018-05-25,1456,241,PORTE,5,5,4,5405,0,0,0,,0,004,"OLIVE AV","LOTAS ST",189.00,W,N,A,-,N,,,,,,,,,,N,4,0,3,2,A,-,03,22350,,N,C,C,A,A,H,-,A,D,0,,,,,Y,,-,,0,0,3,0,0,0,0,0,0,"- ","- ",,,TULARE,PORTERVILLE,-119.05214691162109,36.065853118896484
8631685,2018,2018-06-07,5405,2018-05-16,1726,C27,,3,5,4,5405,0,0,0,,0,001,"NEWCOMB ST","MULBERRY AV",0.00,,Y,A,-,N,,,,,,,,,,N,3,0,1,2,A,-,09,21801,A,N,B,C,A,A,H,-,A,A,0,,,,,Y,,-,,0,1,0,0,0,0,0,0,0,"- ","- ",,,TULARE,PORTERVILLE,-119.05283355712891,36.083988189697266
8643517,2018,2018-06-28,5405,2018-06-11,2030,224,PORTE,1,5,4,5405,0,0,0,,0,004,"UNION AV","WESTERN ST",234.00,W,N,A,-,N,,,,,,,,,,Y,4,0,1,2,A,-,08,22107,,N,A,I,A,A,H,-,B,D,0,,,,,Y,,-,,0,0,1,0,0,0,0,0,0,"- ","- ",,,TULARE,PORTERVILLE,-119.02914428710938,36.060470581054688
8647530,2018,2018-08-01,5405,2018-06-15,0633,145,1,5,5,4,5405,0,0,0,,0,,"WESTWOOD ST","HENDERSON AV",0.00,,Y,A,-,N,,,,,,,,,,Y,4,0,3,4,A,-,12,21453,A,N,-,C,A,A,H,-,A,A,0,,,,,Y,,-,,0,0,3,0,0,0,0,0,0,"- ","- ",,,TULARE,PORTERVILLE,-119.07080841064453,36.080318450927734
8661085,2018,2018-10-10,5407,2018-06-08,1859,A301,480,5,5,5,5407,0,0,0,,0,012,"S COUNTY CENTER DR","W CHERRY CT",0.00,,Y,A,-,N,,,,,,,,,,Y,4,0,2,2,A,-,09,21802,A,N,D,C,A,A,H,-,A,A,0,,,,,Y,,A,01,0,0,2,0,0,0,0,0,0,"- ","- ",36.307109832763672,-119.32269287109375,TULARE,VISALIA,-119.32269287109375,36.307838439941406
8682424,2018,2018-10-08,5407,2018-08-02,1030,M203,480,4,5,5,5407,0,0,0,,0,026,"BEN MADDOX","ST JOHNS",0.00,N,N,A,-,N,,,,,,,,,,Y,3,0,1,2,A,-,09,21804,A,N,D,C,A,A,H,-,A,A,0,,,Y,,Y,,D,22,0,1,0,0,0,0,0,0,1,"- ","- ",,,TULARE,VISALIA,-119.27890777587891,36.350360870361328