CASE_ID,ACCIDENT_YEAR,PROC_DATE,JURIS,COLLISION_DATE,COLLISION_TIME,OFFICER_ID,REPORTING_DISTRICT,DAY_OF_WEEK,CHP_SHIFT,POPULATION,CNTY_CITY_LOC,SPECIAL_COND,BEAT_TYPE,CHP_BEAT_TYPE,CITY_DIVISION_LAPD,CHP_BEAT_CLASS,BEAT_NUMBER,PRIMARY_RD,SECONDARY_RD,DISTANCE,DIRECTION,INTERSECTION,WEATHER_1,WEATHER_2,STATE_HWY_IND,CALTRANS_COUNTY,CALTRANS_DISTRICT,STATE_ROUTE,ROUTE_SUFFIX,POSTMILE_PREFIX,POSTMILE,LOCATION_TYPE,RAMP_INTERSECTION,SIDE_OF_HWY,TOW_AWAY,COLLISION_SEVERITY,NUMBER_KILLED,NUMBER_INJURED,PARTY_COUNT,PRIMARY_COLL_FACTOR,PCF_CODE_OF_VIOL,PCF_VIOL_CATEGORY,PCF_VIOLATION,PCF_VIOL_SUBSECTION,HIT_AND_RUN,TYPE_OF_COLLISION,MVIW,PED_ACTION,ROAD_SURFACE,ROAD_COND_1,ROAD_COND_2,LIGHTING,CONTROL_DEVICE,CHP_ROAD_TYPE,PEDESTRIAN_ACCIDENT,BICYCLE_ACCIDENT,MOTORCYCLE_ACCIDENT,TRUCK_ACCIDENT,NOT_PRIVATE_PROPERTY,ALCOHOL_INVOLVED,STWD_VEHTYPE_AT_FAULT,CHP_VEHTYPE_AT_FAULT,COUNT_SEVERE_INJ,COUNT_VISIBLE_INJ,COUNT_COMPLAINT_PAIN,COUNT_PED_KILLED,COUNT_PED_INJURED,COUNT_BICYCLIST_KILLED,COUNT_BICYCLIST_INJURED,COUNT_MC_KILLED,COUNT_MC_INJURED,PRIMARY_RAMP,SECONDARY_RAMP,LATITUDE,LONGITUDE,COUNTY,CITY,POINT_X,POINT_Y
9680204,2023,2024-05-20,5401,2023-09-11,1537,2124,5401,1,5,3,5401,0,0,0,,0,00A,"N CRAWFORD AVE","MILLARD WY",0.00,,Y,A,-,N,,,,,,,,,,N,4,0,1,2,A,-,21,22106,,N,H,G,A,A,H,-,A,D,0,,Y,,,Y,,A,01,0,0,1,0,0,0,1,0,0,"- ","- ",,,TULARE,DINUBA,-119.37689971923828,36.548118591308594
9685715,2024,2024-06-25,5407,2024-04-23,1635,C62,480,2,5,5,5407,0,0,0,,0,011,"WALNUT AV","RT 63",280.00,W,N,A,-,N,,,,,,,,,,N,3,0,1,2,A,-,05,21650,1,N,D,G,A,A,H,-,A,A,0,,Y,,,Y,,L,04,0,1,0,0,0,0,1,0,0,"- ","- ",36.314998626708984,-119.31500244140625,TULARE,VISALIA,-119.31487274169922,36.312965393066406
9688014,2024,2024-08-14,5405,2024-04-07,1655,293,"SEC 4",7,5,4,5405,0,0,0,,0,,"OLIVE AV","PORTER RD",9.00,E,N,A,-,N,,,,,,,,,,Y,4,0,1,2,A,-,03,22350,,F,C,C,A,A,H,-,A,A,0,,,,,Y,,A,01,0,0,1,0,0,0,0,0,0,"- ","- ",36.066001892089844,-119.03816986083984,TULARE,PORTERVILLE,-119.03814697265625,36.066032409667969
9696670,2024,2024-06-19,5405,2024-04-19,1410,318,TRAFF,5,5,4,5405,0,0,0,,0,001,"INDIANA AV","OLIVE AV",39.00,N,N,A,-,N,,,,,,,,,,N,4,0,1,2,A,-,03,22350,,N,C,C,A,A,H,-,A,A,0,,,,,Y,,A,07,0,0,1,0,0,0,0,0,0,"- ","- ",36.065898895263672,-119.03517913818359,TULARE,PORTERVILLE,-119.03519439697266,36.066085815429688
9700183,2024,2024-06-28,5405,2024-05-23,"825 ",309,SEC1,4,5,4,5405,0,0,0,,0,,"NEWCOMB ST","HENDERSON AV",285.00,N,N,A,-,N,,,,,,,,,,Y,4,0,2,2,A,-,09,21804,A,N,D,C,A,A,H,-,A,D,0,,,,,Y,,A,01,0,0,2,0,0,0,0,0,0,"- ","- ",36.082359313964844,-119.0518798828125,TULARE,PORTERVILLE,-119.05284881591797,36.081130981445312
9701194,2024,2024-08-14,5401,2024-05-12,2245,2115,5401,7,5,3,5401,0,0,0,,0,00B,"W ELMONTE WY","MONTE VISTA DR",40.00,W,N,A,-,N,,,,,,,,,,Y,4,0,1,3,A,-,01,23152,A,N,D,C,A,A,H,-,C,A,0,,,,,Y,Y,A,01,0,0,1,0,0,0,0,0,0,"- ","- ",,,TULARE,DINUBA,-119.40421295166016,36.545993804931641
9701240,2024,2024-06-20,5407,2024-04-26,1412,M203,480,5,5,5,5407,0,0,0,,0,025,"S GIDDINGS ST","MINERAL KING",0.00,,Y,A,-,N,,,,,,,,,,Y,4,0,1,2,A,-,12,21453,A,N,D,C,A,A,H,-,A,A,0,,,,,Y,,A,01,0,0,1,0,0,0,0,0,0,"- ","- ",36.327400207519531,-119.30545043945312,TULARE,VISALIA,-119.30547332763672,36.327411651611328
9710144,2024,2024-08-13,5405,2024-06-25,1444,268,SEC4,2,5,4,5405,0,0,0,,0,,"OLIVE AV","CARMELITA ST",80.00,W,N,A,-,N,,,,,,,,,,Y,4,0,2,2,A,-,03,22350,,N,C,C,A,A,H,-,A,D,0,,,,,Y,,A,08,0,0,2,0,0,0,0,0,0,"- ","- ",36.065971374511719,-119.02941131591797,TULARE,PORTERVILLE,-119.02919769287109,36.065898895263672
9716488,2024,2024-07-25,5407,2024-06-21,1726,12452,480,5,5,5,5407,0,0,0,,0,R12,"W WALNUT AVE","S CHINOWTH ST",0.00,,Y,A,-,N,,,,,,,,,,N,3,0,1,2,A,-,12,21453,A,N,D,G,A,A,H,-,A,A,0,,Y,,,Y,,L,04,0,1,0,0,0,0,1,0,0,"- ","- ",36.312801361083984,-119.33615875244141,TULARE,VISALIA,-119.33615875244141,36.31280517578125
9716489,2024,2024-07-25,5407,2024-06-21,1412,M186,480,5,5,5,5407,0,0,0,,0,011,"N DEMAREE ST",HOUSTON,88.00,S,N,A,-,N,,,,,,,,,,N,4,0,1,2,A,-,03,22350,,N,C,C,A,A,H,-,A,A,0,,,,,Y,,A,01,0,0,1,0,0,0,0,0,0,"- ","- ",36.341529846191406,-119.33184051513672,TULARE,VISALIA,-119.33197784423828,36.341667175292969
9724760,2024,2024-08-28,5407,2024-07-11,1514,M293,480,4,5,5,5407,0,0,0,,0,011,"W MINERAL KING AV","S CRENSHAW ST",0.00,,Y,A,-,N,,,,,,,,,,N,3,0,1,2,A,-,09,21802,A,N,D,G,A,A,H,-,A,A,0,,Y,,,Y,,D,22,0,1,0,0,0,0,1,0,0,"- ","- ",36.327781677246094,-119.34535217285156,TULARE,VISALIA,-119.34522247314453,36.327808380126953
9725748,2024,2024-09-11,5405,2024-08-04,1614,246,SEC3,7,5,4,5405,0,0,0,,0,003,"DATE AV","JAYE ST",88.00,E,N,A,-,N,,,,,,,,,,Y,3,0,1,1,A,-,01,23152,F,N,E,I,A,A,A,-,A,D,0,,,,,Y,,A,01,0,1,0,0,0,0,0,0,0,"- ","- ",36.058658599853516,-119.02629852294922,TULARE,PORTERVILLE,-119.02597045898438,36.058673858642578
9727976,2024,2024-09-20,5405,2024-08-08,1647,263,SEC3,4,5,4,5405,0,0,0,,0,,"PLANO ST","RT 190",21.00,S,N,A,-,Y,TUL,6,190,-,-,16.967,I,6,E,N,4,0,1,3,A,-,03,22350,,N,C,C,A,A,H,-,A,A,0,,,,,Y,,D,22,0,0,1,0,0,0,0,0,0,"- ","- ",,,TULARE,PORTERVILLE,-119.00825500488281,36.051013946533203
9731500,2024,2024-09-06,5407,2024-07-24,1534,M292,480,3,5,5,5407,0,0,0,,0,033,"E WALNUT AV","S PINKHAM ST",0.00,,Y,A,-,N,,,,,,,,,,Y,3,0,7,5,A,-,01,23153,A,N,C,C,A,A,H,-,A,A,0,,,,,Y,Y,A,01,0,7,0,0,0,0,0,0,0,"- ","- ",36.312801361083984,-119.26957702636719,TULARE,VISALIA,-119.26956176757812,36.312641143798828
9733254,2024,2024-09-17,5407,2024-08-12,"619 ",11937,480,1,5,5,5407,0,0,0,,0,034,"S BURKE ST","E MONTE VISTA AV",0.00,,Y,A,-,N,,,,,,,,,,Y,3,0,1,2,A,-,12,22450,A,F,D,C,A,A,H,-,B,A,0,,,,,Y,,A,01,0,1,0,0,0,0,0,0,0,"- ","- ",36.30364990234375,-119.28276824951172,TULARE,VISALIA,-119.28276062011719,36.303668975830078
9750529,2024,2024-11-25,5405,2024-10-21,1931,250,SEC4,1,5,4,5405,0,0,0,,0,,"SPRINGVILLE AV","OAK VIEW ST",152.00,E,N,A,-,N,,,,,,,,,,Y,4,0,1,3,A,-,09,21804,A,N,D,C,A,A,H,-,C,D,0,,,,,Y,,A,01,0,0,1,0,0,0,0,0,0,"- ","- ",36.055389404296875,-119.02925109863281,TULARE,PORTERVILLE,-119.03109741210938,36.054981231689453
9759070,2024,2024-12-23,5407,2024-10-27,"115 ",12816,ROVIN,7,5,5,5407,0,0,0,,0,,"MINERAL KING",MCAULIFF,0.00,,Y,A,-,N,,,,,,,,,,Y,4,0,1,2,A,-,01,23153,A,F,B,C,A,A,H,-,C,A,0,,,,,Y,Y,A,07,0,0,1,0,0,0,0,0,0,"- ","- ",,,TULARE,VISALIA,-119.24747467041016,36.327205657958984
9759113,2024,2024-12-26,5407,2024-08-30,1728,12452,480,5,5,5,5407,0,0,0,,0,025,"W CENTER AV","N GIDDINGS ST",0.00,,Y,A,-,N,,,,,,,,,,Y,4,0,2,2,A,-,12,21453,A,N,D,C,A,A,H,-,A,A,0,,,,,Y,,-,"- ",0,0,2,0,0,0,0,0,0,"- ","- ",36.330989837646484,-119.30548858642578,TULARE,VISALIA,-119.30548858642578,36.331001281738281
9763076,2024,2025-01-09,5407,2024-12-03,1631,12452,480,2,5,5,5407,0,0,0,,0,N25,"N DEMAREE ST","W MILL CREEK DR",0.00,,Y,A,-,N,,,,,,,,,,Y,4,0,1,3,A,-,03,22350,,N,C,C,A,A,H,-,A,A,0,,,,,Y,,A,01,0,0,1,0,0,0,0,0,0,"- ","- ",36.333148956298828,-119.33187103271484,TULARE,VISALIA,-119.33187103271484,36.333179473876953
9766303,2025,2025-07-11,5405,2025-02-16,1736,CSO46,SEC3,7,5,4,5405,0,0,0,,0,,"2ND ST","PUTNAM AV",0.00,,Y,A,-,N,,,,,,,,,,Y,3,0,1,2,A,-,09,21801,A,N,A,C,A,A,H,-,B,A,0,,,,,Y,Y,A,01,0,1,0,0,0,0,0,0,0,"- ","- ",36.069431304931641,-119.01516723632812,TULARE,PORTERVILLE,-119.01523590087891,36.069469451904297
9770905,2024,2025-01-13,5407,2024-11-24,1726,C62,480,7,5,5,5407,0,0,0,,0,033,"S LOVERS LN","COLLEGE AV",134.00,N,N,A,-,N,,,,,,,,,,N,3,0,1,2,A,-,09,21804,A,N,D,C,A,A,H,-,C,A,0,,,,,Y,,A,01,0,1,0,0,0,0,0,0,0,"- ","- ",36.323139190673828,-119.26068878173828,TULARE,VISALIA,-119.26063537597656,36.323509216308594
9773057,2024,2025-01-07,5407,2024-08-30,1407,M203,480,5,5,5,5407,0,0,0,,0,033,"S COURT ST",TULARE,0.00,,Y,A,-,N,,,,,,,,,,N,3,0,1,2,A,-,05,21650,1,N,A,G,A,A,H,-,A,A,0,,Y,,,Y,,L,04,0,1,0,0,0,0,1,0,0,"- ","- ",36.320121765136719,-119.29219055175781,TULARE,VISALIA,-119.29216003417969,36.320095062255859
9773076,2024,2025-01-07,5407,2024-09-30,1027,M186,480,1,5,5,5407,0,0,0,,0,,"N LINWOOD ST",ELOWIN,0.00,,Y,A,-,N,,,,,,,,,,N,4,0,1,2,A,-,10,21950,A,N,G,B,B,A,H,-,A,A,0,Y,,,,Y,,A,07,0,0,1,0,1,0,0,0,0,"- ","- ",36.343971252441406,-119.34095001220703,TULARE,VISALIA,-119.3409423828125,36.343952178955078
9774805,2024,2025-01-28,5405,2024-12-28,1125,318,"SEC 2",6,5,4,5405,0,0,0,,0,,"WEST THURMAN AVE","NORTH HOCKETT ST",0.00,,Y,A,-,N,,,,,,,,,,Y,3,0,2,2,A,-,12,22450,A,N,D,C,A,A,H,-,A,A,0,,,,,Y,,A,01,0,1,1,0,0,0,0,0,0,"- ","- ",36.071300506591797,-119.01776885986328,TULARE,PORTERVILLE,-119.01737976074219,36.071380615234375
9774943,2025,2025-01-30,5407,2025-01-03,1705,M382,480,5,5,5,5407,0,0,0,,0,026,"DINUBA BL","PROSPECT ST",335.00,N,N,C,-,N,,,,,,,,,,Y,3,0,2,2,A,-,09,21804,A,N,D,C,A,B,H,-,C,A,0,,,,,Y,,A,01,0,2,0,0,0,0,0,0,0,"- ","- ",,,TULARE,VISALIA,-119.29689788818359,36.346099853515625
9781501,2024,2025-02-12,5407,2024-12-11,1540,M293,480,3,5,5,5407,0,0,0,,0,034,"E WALNUT AVE","S MCAULIFF ST",0.00,,Y,A,-,N,,,,,,,,,,Y,3,0,2,2,A,-,12,22450,A,N,D,C,A,A,H,-,A,A,0,,,,,Y,,-,"- ",0,1,1,0,0,0,0,0,0,"- ","- ",36.312591552734375,-119.25164031982422,TULARE,VISALIA,-119.25164031982422,36.312660217285156
9786179,2024,2025-05-03,5407,2024-12-31,1202,M292,480,2,5,5,5407,0,0,0,,0,Q34,"W CAMERON AV","S STONEBROOK ST",0.00,,Y,A,-,N,,,,,,,,,,Y,1,1,1,2,A,-,08,22100,B,N,D,C,A,A,H,-,A,A,0,,,,,Y,,D,22,0,1,0,0,0,0,0,0,0,"- ","- ",36.294101715087891,-119.3067626953125,TULARE,VISALIA,-119.30527496337891,36.29412841796875
9794491,2025,2025-07-09,5405,2025-03-08,"943 ",CSO46,"SEC 4",6,5,4,5405,0,0,0,,0,,"OLIVE AVE","BEVERLY ST",0.00,,Y,A,-,N,,,,,,,,,,Y,3,0,1,2,A,-,09,21802,A,N,B,C,A,A,H,-,A,D,0,,,,,Y,,A,01,0,1,0,0,0,0,0,0,0,"- ","- ",36.065811157226562,-119.04855346679688,TULARE,PORTERVILLE,-119.04856109619141,36.065879821777344
9794713,2025,2025-04-07,5405,2025-03-09,2238,323,SEC3,7,5,4,5405,0,0,0,,0,,"PLANO ST","VANDALIA AV",0.00,,Y,A,-,N,,,,,,,,,,Y,2,0,3,2,A,-,01,23153,A,N,D,C,A,A,H,-,C,D,0,,,,,Y,Y,A,01,2,1,0,0,0,0,0,0,0,"- ","- ",,,TULARE,PORTERVILLE,-119.00817108154297,36.052650451660156
9799591,2025,2025-04-03,5407,2025-02-16,"943 ",12880,480,7,5,5,5407,0,0,0,,0,012,"COUNTY CENTER DR","TULARE AV",0.00,,Y,A,-,N,,,,,,,,,,Y,4,0,1,2,A,-,12,21453,A,N,D,C,A,A,H,-,A,A,0,,,,,Y,,A,01,0,0,1,0,0,0,0,0,0,"- ","- ",36.320098876953125,-119.32727813720703,TULARE,VISALIA,-119.32729339599609,36.320102691650391
9801135,2025,2025-04-21,5405,2025-03-31,1553,236,"SEC 3",1,5,4,5405,0,0,0,,0,,"LEGGETT ST","MORTON AV",0.00,,Y,B,-,N,,,,,,,,,,Y,4,0,1,2,A,-,09,21802,A,N,D,C,A,A,H,-,A,A,0,,,,,Y,,D,22,0,0,1,0,0,0,0,0,0,"- ","- ",36.072940826416016,-118.89997863769531,TULARE,PORTERVILLE,-118.99977111816406,36.07293701171875
9823606,2025,2025-09-24,5405,2025-08-26,"757 ",282,SEC3,2,5,4,5405,0,0,0,,0,,"PUTNAM AV","E ST",0.00,,Y,A,-,N,,,,,,,,,,Y,4,0,2,2,A,-,12,22450,A,N,D,C,A,A,H,-,A,A,0,,,,,Y,,D,22,0,0,2,0,0,0,0,0,0,"- ","- ",36.069698333740234,-119.0198974609375,TULARE,PORTERVILLE,-119.01994323730469,36.069721221923828
9828074,2025,2025-06-30,5405,2025-05-28,"818 ",282,4,3,5,4,5405,0,0,0,,0,,"PUTNAM AV","BEVERLY ST",0.00,,Y,A,-,N,,,,,,,,,,Y,4,0,2,2,A,-,09,21802,A,N,D,C,A,A,H,-,A,A,0,,,,,Y,,A,01,0,0,2,0,0,0,0,0,0,"- ","- ",36.069511413574219,-119.04905700683594,TULARE,PORTERVILLE,-119.04906463623047,36.069507598876953
9829679,2025,2025-07-16,5407,2025-04-10,2203,A356,480,4,5,5,5407,0,0,0,,0,034,"W WHITENDALE AV","S GIDDINGS ST",0.00,,Y,A,-,N,,,,,,,,,,Y,2,0,1,2,A,-,09,21801,A,N,A,C,A,A,H,-,A,A,0,,,,,Y,,-,"- ",1,0,0,0,0,0,0,0,0,"- ","- ",,,TULARE,VISALIA,-119.30507659912109,36.305702209472656
9831164,2025,2025-07-07,5407,2025-03-22,2247,12425,480,6,5,5,5407,0,0,0,,0,R12,"S DEMAREE ST","W TULARE AV",0.00,,Y,A,-,N,,,,,,,,,,Y,3,0,1,1,A,-,01,23152,A,N,E,J,A,A,H,-,C,A,0,,,,,Y,Y,A,01,0,1,0,0,0,0,0,0,0,"- ","- ",36.320068359375,-119.33173370361328,TULARE,VISALIA,-119.33172607421875,36.320056915283203
9832992,2025,2025-07-23,5407,2025-06-06,"846 ",C61,480,5,5,5,5407,0,0,0,,0,M11,"W RIGGIN AV","N AMERICAN ST",450.00,E,N,A,-,N,,,,,,,,,,Y,4,0,1,2,A,-,03,22350,,N,C,C,A,A,H,-,A,A,0,,,,Y,Y,,A,07,0,0,1,0,0,0,0,0,0,"- ","- ",36.356338500976562,-119.3946533203125,TULARE,VISALIA,-119.40201568603516,36.356258392333984
9868695,2025,2025-08-08,5401,2025-07-20,1434,2128,5401,7,5,3,5401,0,0,0,,0,00B,"ALTA AV","EL MONTE WY",0.00,,Y,A,-,N,,,,,,,,,,Y,4,0,1,2,A,-,12,21453,A,N,D,C,A,A,H,-,A,A,0,,,,,Y,,A,01,0,0,1,0,0,0,0,0,0,"- ","- ",,,TULARE,DINUBA,-119.39507293701172,36.545867919921875
9871288,2025,2025-08-20,5407,2025-06-19,1534,M289,480,4,5,5,5407,0,0,0,,0,025,"COUNTY CENTER",PRESCOTT,0.00,,Y,A,-,N,,,,,,,,,,N,3,0,1,2,A,-,06,21755,A,N,D,C,A,A,H,-,A,D,0,,,Y,,Y,,C,02,0,1,0,0,0,0,0,0,1,"- ","- ",,,TULARE,VISALIA,-119.32232666015625,36.357822418212891
9871289,2025,2025-08-12,5407,2025-06-24,1133,M396,480,2,5,5,5407,0,0,0,,0,034,"W WALNUT AV","S GIDDING ST",325.00,E,N,A,-,N,,,,,,,,,,Y,4,0,1,2,A,-,05,21650,,N,C,E,A,A,H,-,A,D,0,,,,,Y,,A,01,0,0,1,0,0,0,0,0,0,"- ","- ",,,TULARE,VISALIA,-119.30426025390625,36.312908172607422
9872504,2025,2025-09-15,5407,2025-07-09,1932,C71,480,3,5,5,5407,0,0,0,,0,011,"W DOUGLAS AV","N LINWOOD ST",223.00,W,N,A,-,N,,,,,,,,,,Y,3,0,1,2,A,-,05,21650,,N,F,C,A,A,H,-,A,A,0,,,,,Y,,A,01,0,1,0,0,0,0,0,0,0,"- ","- ",36.338310241699219,-119.33632659912109,TULARE,VISALIA,-119.34209442138672,36.339435577392578
9874096,2025,2025-10-16,5405,2025-09-02,1521,261,SEC1,2,5,4,5405,0,0,0,,0,,"ELDERWOOD ST","WESTFIELD AV",45.00,S,N,A,-,N,,,,,,,,,,N,3,0,1,2,A,-,08,22107,,N,B,C,A,A,H,-,A,D,0,,,,,Y,,A,07,0,1,0,0,0,0,0,0,0,"- ","- ",36.087158203125,-119.07408142089844,TULARE,PORTERVILLE,-119.0753173828125,36.087532043457031
9874464,2025,2025-10-06,5405,2025-09-22,1159,282,SEC3,1,5,4,5405,0,0,0,,0,,"DATE AV","PLANO ST",0.00,,Y,A,-,N,,,,,,,,,,Y,4,0,1,2,A,-,09,21800,A,N,D,C,A,A,H,-,A,B,0,,,,,Y,,A,07,0,0,1,0,0,0,0,0,0,"- ","- ",36.058498382568359,-119.00776672363281,TULARE,PORTERVILLE,-119.00778961181641,36.058498382568359
9875947,2025,2025-12-08,5404,2025-10-16,1553,673,5404,4,5,2,5404,0,0,0,,0,22L,"RD 216","AVENUE 245",0.00,,Y,A,-,N,,,,,,,,,,N,4,0,2,2,A,-,04,21703,,N,C,C,A,A,H,-,A,C,0,,,,,Y,,A,07,0,0,2,0,0,0,0,0,0,"- ","- ",,,TULARE,LINDSAY,-119.09159851074219,36.2333984375
9878493,2025,2025-10-02,5407,2025-08-27,"725 ",M396,480,3,5,5,5407,0,0,0,,0,011,"S CHINOWTH ST","W MINERAL KING AV",0.00,,Y,A,-,N,,,,,,,,,,Y,4,0,3,2,A,-,12,21453,A,N,D,C,A,A,H,-,A,A,0,,,,,Y,,A,01,0,0,3,0,0,0,0,0,0,"- ","- ",,,TULARE,VISALIA,-119.33625030517578,36.327850341796875
9883978,2025,2025-11-10,5405,2025-10-19,1925,317,SEC1,7,5,4,5405,0,0,0,,0,,"REID AV","MAIN ST",18.00,W,N,A,-,N,,,,,,,,,,Y,3,0,2,1,A,-,01,23153,A,N,H,A,A,A,H,-,D,D,0,,,,,Y,Y,A,01,0,2,0,0,0,0,0,0,0,"- ","- ",36.096378326416016,-119.03382110595703,TULARE,PORTERVILLE,-119.03382110595703,36.096370697021484
9892653,2025,2025-12-15,5407,2025-11-18,1803,A428,480,2,5,5,5407,0,0,0,,0,026,"COURT ST","ACEQUIA AV",0.00,,Y,A,-,N,,,,,,,,,,N,4,0,1,2,A,-,05,21651,A,M,D,G,A,A,H,-,C,A,0,,Y,,,Y,,A,01,0,0,1,0,0,0,1,0,0,"- ","- ",36.329929351806641,-119.29244995117188,TULARE,VISALIA,-119.29232788085938,36.329246520996094
9894840,2025,2025-12-22,5407,2025-10-26,"236 ",A416,480,7,5,5,5407,0,0,0,,0,033,"SANTA FE ST","TULARE AV",0.00,,Y,A,-,N,,,,,,,,,,Y,4,0,1,1,A,-,01,23152,A,N,E,I,A,A,H,-,C,D,0,,,,,Y,Y,A,01,0,0,1,0,0,0,0,0,0,"- ","- ",36.320018768310547,-119.28700256347656,TULARE,VISALIA,-119.28772735595703,36.320110321044922
9901448,2025,2026-01-07,5404,2025-12-12,2044,674,5404,5,5,2,5404,0,0,0,,0,22L,"N ELMWOOD AV","TULARE RD",0.00,,Y,A,-,N,,,,,,,,,,Y,3,0,1,2,A,-,01,23152,A,F,C,C,A,A,H,-,C,D,0,,,,,Y,Y,-,,0,1,0,0,0,0,0,0,0,"- ","- ",,,TULARE,LINDSAY,-119.09249114990234,36.210563659667969
9902668,2025,2026-01-20,5405,2025-12-12,2004,313,"SEC 2",5,5,4,5405,0,0,0,,0,,"MAIN ST","AVE 178",916.00,S,N,A,B,N,,,,,,,,,,Y,3,0,1,2,A,-,01,23152,A,N,D,C,A,A,H,-,D,D,0,,,,,Y,Y,A,07,0,1,0,0,0,0,0,0,0,"- ","- ",,,TULARE,PORTERVILLE,,
6291123,2014,2015-12-29,9480,2014-05-30,1131,13914,,5,1,9,5400,0,1,3,,1,060,"RT 137","ROAD 188",2713.00,W,N,A,-,Y,TUL,6,137,-,-,25.890,H,-,W,Y,1,1,1,3,A,-,05,21650,,N,A,C,A,A,H,-,A,D,0,,,,Y,Y,,A,01,0,0,1,0,0,0,0,0,0,"- ","- ",36.210769999999997,-119.16349,TULARE,UNINCORPORATED,-119.16304301,36.210788809999997
6291640,2014,2015-12-28,5406,2014-08-29,2238,77,5406,5,5,4,5406,0,0,0,,0,0AO,"PROSPERITY AV","HILLMAN ST",270.00,W,N,A,-,N,,,,,,,,,,N,1,1,0,2,A,-,11,21954,A,N,G,B,E,A,H,-,C,D,0,Y,,,,Y,Y,N,60,0,0,0,1,0,0,0,0,0,"- ","- ",,,TULARE,TULARE,-119.33167168,36.22552537
6291649,2014,2016-01-04,9480,2014-10-04,2500,016233,,6,4,9,5400,0,1,3,,2,095,"RT 99","AVENUE 96",1584.00,S,N,A,-,Y,TUL,6,99,-,-,11.910,H,-,N,Y,1,1,0,1,A,-,08,22107,,N,E,I,A,A,H,-,D,D,1,,,Y,,Y,Y,C,02,0,0,0,0,0,0,0,1,0,"- ","- ",35.958570000000002,-119.29086,TULARE,UNINCORPORATED,-119.2909709,35.958761989999999
6291808,2014,2015-01-12,9480,2014-11-14,1750,17311,,5,2,9,5400,0,1,3,,1,021,"RT 63","ELLA AV",0.00,,Y,A,-,Y,TUL,6,63,-,-,23.495,I,5,N,N,1,1,0,2,A,-,10,21950,A,F,G,B,B,A,H,-,C,D,0,Y,,,,Y,,A,01,0,0,0,1,0,0,0,0,0,"- ","- ",36.543640000000003,-119.28689,TULARE,UNINCORPORATED,-119.28689432,36.543653030000002
6292404,2015,2015-07-24,5401,2015-02-24,2110,2115,5401,2,5,3,5401,0,0,0,,0,00A,"N CRAWFORD AV","E SAGINAW AV",554.00,N,N,A,-,N,,,,,,,,,,Y,1,1,0,2,C,-,18,,,N,D,G,A,A,H,-,C,D,0,,Y,,,Y,Y,-,"- ",0,0,0,0,0,1,0,0,0,"- ","- ",,,TULARE,DINUBA,-119.37691830999999,36.554130299999997
6292940,2016,2017-10-02,5407,2016-12-16,2047,M218,480,5,5,5,5407,0,0,0,,0,025,"JACOB ST","ALLEN AV",36.00,S,N,A,-,N,,,,,,,,,,Y,1,1,0,2,A,-,11,21956,,N,G,B,D,A,H,-,D,A,0,Y,,,,Y,,N,60,0,0,0,1,0,0,0,0,0,"- ","- ",36.338039999999999,-119.30186,TULARE,VISALIA,-119.30213000000001,36.338121209999997
6316091,2014,2016-01-26,9480,2014-01-09,1120,016615,,4,1,9,5400,0,3,5,,2,001,"ROAD 24","RT 201",0.00,,Y,A,-,Y,TUL,6,201,-,-,0.900,I,5,W,Y,4,0,1,2,A,-,09,21802,A,N,D,C,A,A,H,-,A,A,0,,,,,Y,,A,08,0,0,1,0,0,0,0,0,0,"- ","- ",,,TULARE,UNINCORPORATED,-119.52108952,36.517906089999997
6342707,2014,2015-07-20,9480,2014-01-29,1755,017311,,3,2,9,5400,0,1,3,,1,010,"AVENUE 400","RD 40",9.00,W,N,A,-,N,,,,,,,,,,N,4,0,2,2,A,-,09,21804,A,N,B,C,A,A,H,-,B,D,0,,,,,Y,,A,01,0,0,2,0,0,0,0,0,0,"- ","- ",,,TULARE,UNINCORPORATED,-119.4847106,36.517610220000002
6352435,2014,2014-06-05,9481,2014-01-11,0610,12990,,6,1,9,5400,0,2,4,,1,035,"RICHGROVE DR","AVENUE 56",2500.00,S,N,A,-,N,,,,,,,,,,Y,4,0,1,1,A,-,08,22107,,N,F,A,A,A,H,-,D,D,0,,,,,Y,Y,A,01,0,0,1,0,0,0,0,0,0,"- ","- ",35.884399999999999,-119.05265,TULARE,UNINCORPORATED,-119.05368246,35.884861290000003
6363369,2014,2014-06-11,5407,2014-01-23,1734,A194,480,4,5,5,5407,0,0,0,,0,012,AKERS,CYPRESS,24.00,N,N,A,-,N,,,,,,,,,,N,4,0,1,2,A,-,03,22350,,N,C,C,A,A,H,-,C,A,0,,,,,Y,,D,22,0,0,1,0,0,0,0,0,0,"- ","- ",,,TULARE,VISALIA,-119.34976965,36.324485860000003
6375409,2014,2014-06-03,5405,2014-01-23,2200,214,PORTE,4,5,4,5405,0,0,0,,0,,"JAYE ST","DATE AV",0.00,,Y,A,-,N,,,,,,,,,,N,4,0,1,2,A,-,09,21802,A,F,D,G,A,A,H,-,D,D,0,,Y,,,Y,,-,,0,0,1,0,0,0,1,0,0,"- ","- ",,,TULARE,PORTERVILLE,-119.0262701,36.058670030000002
6384357,2014,2014-06-16,5405,2014-02-18,0950,186,,2,5,4,5405,0,0,0,,0,003,"OLIVE AV","E ST",0.00,,Y,A,-,N,,,,,,,,,,Y,4,0,1,2,A,-,09,21801,A,N,D,C,A,A,H,-,A,A,0,,,,,Y,,A,01,0,0,1,0,0,0,0,0,0,"- ","- ",,,TULARE,PORTERVILLE,-119.02000013,36.065150099999997