CASE_ID,ACCIDENT_YEAR,PROC_DATE,JURIS,COLLISION_DATE,COLLISION_TIME,OFFICER_ID,REPORTING_DISTRICT,DAY_OF_WEEK,CHP_SHIFT,POPULATION,CNTY_CITY_LOC,SPECIAL_COND,BEAT_TYPE,CHP_BEAT_TYPE,CITY_DIVISION_LAPD,CHP_BEAT_CLASS,BEAT_NUMBER,PRIMARY_RD,SECONDARY_RD,DISTANCE,DIRECTION,INTERSECTION,WEATHER_1,WEATHER_2,STATE_HWY_IND,CALTRANS_COUNTY,CALTRANS_DISTRICT,STATE_ROUTE,ROUTE_SUFFIX,POSTMILE_PREFIX,POSTMILE,LOCATION_TYPE,RAMP_INTERSECTION,SIDE_OF_HWY,TOW_AWAY,COLLISION_SEVERITY,NUMBER_KILLED,NUMBER_INJURED,PARTY_COUNT,PRIMARY_COLL_FACTOR,PCF_CODE_OF_VIOL,PCF_VIOL_CATEGORY,PCF_VIOLATION,PCF_VIOL_SUBSECTION,HIT_AND_RUN,TYPE_OF_COLLISION,MVIW,PED_ACTION,ROAD_SURFACE,ROAD_COND_1,ROAD_COND_2,LIGHTING,CONTROL_DEVICE,CHP_ROAD_TYPE,PEDESTRIAN_ACCIDENT,BICYCLE_ACCIDENT,MOTORCYCLE_ACCIDENT,TRUCK_ACCIDENT,NOT_PRIVATE_PROPERTY,ALCOHOL_INVOLVED,STWD_VEHTYPE_AT_FAULT,CHP_VEHTYPE_AT_FAULT,COUNT_SEVERE_INJ,COUNT_VISIBLE_INJ,COUNT_COMPLAINT_PAIN,COUNT_PED_KILLED,COUNT_PED_INJURED,COUNT_BICYCLIST_KILLED,COUNT_BICYCLIST_INJURED,COUNT_MC_KILLED,COUNT_MC_INJURED,PRIMARY_RAMP,SECONDARY_RAMP,LATITUDE,LONGITUDE,COUNTY,CITY,POINT_X,POINT_Y
90493201,2017,2017-07-03,9480,2017-06-27,0910,012568,,2,1,9,5400,0,1,3,,2,093,"SR-99 S/B","AVE. 280",3168.00,S,N,A,-,Y,,,99,,,,,,S,Y,3,0,1,2,A,-,07,21658,A,N,C,C,A,A,H,-,A,D,0,,,,,Y,,A,01,0,1,0,0,0,0,0,0,0,"- ","- ",36.287939999999999,-119.37882,TULARE,UNINCORPORATED,-119.37884443999999,36.287924070000003
90496217,2017,2017-07-07,9480,2017-06-28,1415,013656,,3,2,9,5400,0,1,3,,1,060,"SR-137 W/B","ROAD 180",40.00,E,N,A,-,Y,,,137,,,,,,W,Y,2,0,2,2,A,-,03,22350,,N,C,C,A,A,H,-,A,D,0,,,,,Y,,D,22,1,0,1,0,0,0,0,0,0,"- ","- ",36.210850000000001,-119.17185000000001,TULARE,UNINCORPORATED,-119.17185010999999,36.210809509999997
9049791,2020,2020-05-21,5405,2020-02-21,1836,258,,5,5,4,5405,0,0,0,,0,001,"PROSPECT ST","HENDERSON AV",245.00,S,N,A,-,N,,,,,,,,,,N,4,0,2,3,A,-,03,22350,,N,G,B,F,A,H,-,C,D,0,Y,,,,Y,,-,,0,0,2,0,2,0,0,0,0,"- ","- ",,,TULARE,PORTERVILLE,-119.04396820068359,36.079746246337891
90499880,2017,2017-07-13,9481,2017-07-07,1625,019104,,5,2,9,5400,0,1,3,,1,012,"STATE ROUTE 65","MORTON  AVENUE",185.00,N,N,A,-,Y,,,,,,,,,,Y,3,0,2,1,A,-,08,22107,,N,F,I,A,A,H,-,A,D,0,,,,,Y,,A,01,0,2,0,0,0,0,0,0,0,"- ","- ",36.073909999999998,-119.03988,TULARE,UNINCORPORATED,-119.03979256,36.073767349999997
90502057,2017,2017-07-17,9480,2017-07-08,1313,017252,,6,1,9,5400,0,1,3,,2,091,"STATE ROUTE 99, SOUTHBOUND","MERRITT DRIVE",1000.00,N,N,A,-,Y,,,99,,,,,,S,Y,4,0,1,1,A,-,08,22107,,N,E,I,A,A,H,-,A,D,0,,,,,Y,,A,01,0,0,1,0,0,0,0,0,0,"- ","- ",36.459969999999998,-119.49355,TULARE,UNINCORPORATED,-119.49350559,36.459988780000003
90502369,2017,2017-07-17,9481,2017-07-05,0050,018029,,3,3,9,5400,0,2,4,,1,031,"AVENUE 152","ROAD 200",1056.00,E,N,A,-,N,,,,,,,,,,Y,3,0,1,1,A,-,01,23152,A,M,E,I,A,A,H,-,D,D,0,,,,,Y,Y,D,22,0,1,0,0,0,0,0,0,0,"- ","- ",36.065770000000001,-119.12228,TULARE,UNINCORPORATED,-119.12171116,36.065830179999999
90504563,2017,2017-10-18,9480,2017-07-16,1455,017709,,7,2,4,5406,0,1,3,,2,093,"SR-99 N/B","TULARE AVE",1493.00,S,N,A,-,Y,,,99,,,,,,N,Y,4,0,1,1,A,-,08,22107,,N,F,A,A,A,H,-,A,D,0,,,,,Y,,A,07,0,0,1,0,0,0,0,0,0,"- ","- ",36.206409999999998,-119.32818,TULARE,TULARE,-119.32844618,36.206412520000001
90505643,2017,2017-07-21,9480,2017-07-20,0757,016210,,4,1,9,5400,0,1,3,,2,093,"SR-99 N/B","CALDWELL AVE",5280.00,S,N,A,-,Y,,,99,,,,,,N,Y,4,0,1,2,A,-,03,22350,,N,C,C,A,A,D,-,A,D,0,,,,,Y,,D,22,0,0,1,0,0,0,0,0,0,"- ","- ",36.283709999999999,-119.37587000000001,TULARE,UNINCORPORATED,-119.37580914,36.28375037
90508089,2017,2017-07-25,9480,2017-07-23,1403,017709,,7,2,9,5400,0,3,5,,2,003,"AVENUE 240","ROAD 68",0.00,,Y,A,-,N,,,,,,,,,,Y,4,0,2,2,A,-,09,21802,A,N,D,C,A,A,H,-,A,A,0,,,,Y,Y,,A,07,0,0,2,0,0,0,0,0,0,"- ","- ",36.225409999999997,-119.42104,TULARE,UNINCORPORATED,-119.42102998999999,36.225400090000001
90511651,2017,2017-07-28,9480,2017-07-14,0905,013821,,5,1,9,5400,0,1,3,,1,064,"SR-198 E/B TO FARMERSVILLE BOULEVARD","FARMERSVILLE BLVD",100.00,W,N,A,-,Y,,,198,,,,R,,E,Y,2,0,1,1,A,-,03,22350,,M,E,I,A,A,H,-,A,D,0,,,,,Y,,A,01,1,0,0,0,0,0,0,0,0,"- ","- ",36.3262,-119.20889,TULARE,UNINCORPORATED,-119.20889,36.3262
9051266,2020,2020-04-07,5405,2020-02-25,1800,252,5405,2,5,4,5405,0,0,0,,0,002,"N SCENIC DR","HIGHLAND DR",412.00,S,N,A,-,N,,,,,,,,,,N,3,0,1,2,A,-,08,22107,,F,B,G,A,A,H,-,B,D,0,,Y,,,Y,,L,04,0,1,0,0,0,0,1,0,0,"- ","- ",,,TULARE,PORTERVILLE,-119.02095031738281,36.082008361816406
90512785,2017,2017-07-31,9480,2017-07-27,0618,016046,,4,1,9,5400,0,3,5,,2,004,"AVENUE 328","ROAD 140",50.00,W,N,A,-,N,,,,,,,,,,N,4,0,1,2,A,-,03,22350,,N,C,C,A,A,H,-,A,D,0,,,,Y,Y,,A,01,0,0,1,0,0,0,0,0,0,"- ","- ",36.381489999999999,-119.25344,TULARE,UNINCORPORATED,-119.26105966999999,36.385431990000001
90516677,2017,2017-08-04,9480,2017-07-29,1455,019647,,6,2,9,5400,0,3,5,,2,002,"ROAD 120","AVENUE 396",1584.00,N,N,A,-,N,,,,,,,,,,Y,4,0,1,1,A,-,08,22107,,N,E,I,A,A,H,-,A,D,0,,,,,Y,,A,01,0,0,1,0,0,0,0,0,0,"- ","- ",36.512799999999999,-119.3047,TULARE,UNINCORPORATED,-119.30461065,36.512966599999999
90520797,2017,2017-08-10,9480,2017-08-07,0700,012401,,1,1,9,5400,0,1,3,,2,093,"SR-99 N/B","AVE 184",6864.00,S,N,A,-,Y,,,,,,,,,,Y,3,0,2,1,A,-,08,22107,,N,E,I,A,A,H,-,A,D,0,,,,,Y,,A,01,0,1,1,0,0,0,0,0,0,"- ","- ",36.28349,-119.74852,TULARE,UNINCORPORATED,-119.32298359000001,36.104711379999998
90520996,2017,2017-08-10,9480,2017-08-03,1255,016210,,4,1,9,5400,0,3,5,,2,006,"AVENUE 256","ROAD 140",0.00,,Y,B,-,N,,,,,,,,,,Y,3,0,2,2,A,-,12,21453,A,N,D,C,A,A,H,-,A,A,0,,,,Y,Y,,A,01,0,1,1,0,0,0,0,0,0,"- ","- ",36.255339999999997,-119.23838000000001,TULARE,UNINCORPORATED,-119.2606399,36.255420049999998
90524827,2017,2017-08-16,9480,2017-08-16,0715,012568,,3,1,9,5400,0,3,5,,2,001,"RD. 80","SR-201 (AVE. 400)",0.00,,Y,A,-,Y,,,,,,,,,,Y,3,0,1,2,A,-,09,21453,C,N,A,C,A,A,H,-,A,A,0,,,,,Y,,D,22,0,1,0,0,0,0,0,0,0,"- ","- ",,,TULARE,UNINCORPORATED,,
90528167,2017,2017-08-22,9480,2017-08-11,0045,017291,,5,3,9,5400,0,1,3,,1,010,"STATE ROUTE 201 (AVENUE 400)","ROAD 40",0.00,,Y,A,-,Y,,,201,,,,,,,Y,2,0,1,2,A,-,12,22450,A,N,D,C,A,A,H,-,D,A,0,,,,Y,Y,,G,25,1,0,0,0,0,0,0,0,0,"- ","- ",36.517569999999999,-119.48477,TULARE,UNINCORPORATED,-119.48476986,36.517619189999998
90535290,2017,2017-08-28,9480,2017-08-22,1430,015047,,2,2,9,5400,0,1,3,,1,021,"SR 63 (NORTHBOUND)","AVENUE 413",45.00,S,N,A,-,Y,,,63,,,,,,,N,4,0,1,2,A,-,01,23152,A,N,C,C,A,A,H,-,A,A,0,,,,,Y,Y,A,07,0,0,1,0,0,0,0,0,0,"- ","- ",36.539000000000001,-119.2865,TULARE,UNINCORPORATED,-119.28686267,36.538996079999997
90538599,2017,2017-09-01,9480,2017-08-22,1815,015047,,2,2,9,5400,0,1,3,,1,021,"SR 63 (NORTHBOUND)","ST. JOHN'S RIVER BRIDGE",211.00,N,N,A,-,Y,,,,,,,,,,Y,3,0,1,2,A,-,08,22107,,N,D,C,A,A,H,-,A,D,0,,,,,Y,,D,22,0,1,0,0,0,0,0,0,0,"- ","- ",,,TULARE,UNINCORPORATED,,
90539199,2017,2017-09-01,9480,2017-08-26,2110,019349,,6,2,9,5400,0,3,5,,2,004,"AVENUE 320","STATE ROUTE 63",433.00,E,N,A,-,N,,,,,,,,,,Y,4,0,1,2,A,-,01,23152,A,N,C,E,A,A,H,-,C,D,0,,,,,Y,Y,A,01,0,0,1,0,0,0,0,0,0,"- ","- ",36.37097,-119.29522,TULARE,UNINCORPORATED,-119.29547131,36.370885579999999
90540298,2017,2017-09-05,9480,2017-08-24,1805,016723,,4,2,9,5400,0,3,5,,2,003,"AVENUE 280","SR-99 S/B ON-RAMP",0.00,,Y,A,-,N,,,,,,,,,,Y,4,0,1,2,A,-,09,21801,,N,D,C,A,A,H,-,A,A,0,,,,,Y,,A,01,0,0,1,0,0,0,0,0,0,"- ","- ",36.298079999999999,-119.38517,TULARE,UNINCORPORATED,-119.38532442,36.298210820000001
90541140,2017,2017-09-05,9480,2017-08-30,1722,016723,,3,2,9,5400,0,3,5,,2,001,"ROAD 80","AVENUE 384",30.00,N,N,A,-,N,,,,,,,,,,Y,4,0,1,2,A,-,21,22106,,N,C,C,A,A,H,-,A,A,0,,,,,Y,,A,07,0,0,1,0,0,0,0,0,0,"- ","- ",36.487949999999998,-119.39484,TULARE,UNINCORPORATED,-119.39490705999999,36.487920170000002
90542673,2017,2017-12-08,9480,2017-09-04,0150,019789,,1,3,9,5400,0,3,5,,2,006,"AVENUE 256","ROAD 132",1584.00,E,N,A,-,N,,,,,,,,,,Y,2,0,1,1,A,-,01,23152,A,N,E,I,A,A,H,-,D,D,0,,,,,Y,Y,A,01,1,0,0,0,0,0,0,0,0,"- ","- ",36.256399999999999,-119.27379999999999,TULARE,UNINCORPORATED,-119.27314097999999,36.256421690000003
90542968,2017,2017-09-07,9481,2017-08-28,1320,018982,,1,1,9,5400,0,1,3,,1,012,"STATE ROUTE 65","ROAD 201",350.00,E,N,A,-,Y,,,65,,,,,,,Y,3,0,3,3,A,-,03,22350,,N,C,C,A,A,H,-,A,D,0,,,,,Y,,A,01,0,1,2,0,0,0,0,0,0,"- ","- ",36.21078,-119.12303,TULARE,UNINCORPORATED,-119.12302997,36.210791260000001
90543874,2017,2017-09-08,9480,2017-09-05,2030,019647,,2,2,9,5400,0,1,3,,1,020,SR-201,"ROAD 84",0.00,,Y,A,-,Y,,,201,,,,,,,Y,3,0,1,2,A,-,09,21801,A,N,A,C,A,A,H,-,D,D,0,,,,,Y,,A,01,0,1,0,0,0,0,0,0,0,"- ","- ",36.5167,-119.3858,TULARE,UNINCORPORATED,-119.38579849,36.516753489999999
90550129,2017,2017-09-18,9480,2017-09-12,1620,016723,,2,2,9,5400,0,1,3,,1,044,"STATE ROUTE 198","SLICK ROCK ENTRANCE",35.00,W,N,A,-,Y,,,198,,,,,,,Y,4,0,1,2,A,-,03,22350,,N,C,C,A,A,H,-,A,D,0,,,,,Y,,A,01,0,0,1,0,0,0,0,0,0,"- ","- ",36.411340000000003,-118.93622000000001,TULARE,UNINCORPORATED,-118.93622554,36.411360219999999
90554935,2017,2017-09-25,9480,2017-09-23,0320,018861,,6,3,9,5400,0,1,3,,2,093,"SR-99 N/B","DRIVE 92B",1236.00,S,N,A,-,Y,,,99,,,,,,N,Y,3,0,1,1,A,-,01,23152,,N,E,I,A,A,H,-,D,D,0,,,,,Y,Y,A,01,0,1,0,0,0,0,0,0,0,"- ","- ",36.263550000000002,-119.36203,TULARE,UNINCORPORATED,-119.36200573000001,36.263561000000003
90555932,2017,2017-09-26,9480,2017-09-19,1948,018204,,2,2,9,5400,0,3,5,,2,001,"AVE 304","CAMP DR",692.00,E,N,B,-,N,,,,,,,,,,Y,3,0,2,3,A,-,05,21460,A,N,B,C,A,A,H,-,C,D,0,,,,Y,Y,,E,22,0,1,1,0,0,0,0,0,0,"- ","- ",36.341760000000001,-119.41257,TULARE,UNINCORPORATED,-119.4120527,36.341740020000003
90560235,2017,2017-09-29,9480,2017-09-21,0830,012401,,4,1,9,5400,0,1,3,,2,095,"SR-99 N/B TO SR-190",SR-190,490.00,S,N,C,-,Y,,,,,,,,,,Y,3,0,1,1,A,-,03,22350,,N,F,A,A,A,H,-,A,A,0,,,,,Y,,A,07,0,1,0,0,0,0,0,0,0,"- ","- ",36.273679999999999,-119.32718,TULARE,UNINCORPORATED,,
90561448,2017,2017-10-02,9480,2017-09-21,1705,013656,,4,2,9,5400,0,1,3,,1,065,SR-65,"E. MARINETTE AVENUE (AVENUE 288)",0.00,,Y,A,-,Y,,,65,,,,,,,Y,4,0,1,2,A,-,09,21802,A,N,D,C,A,A,H,-,A,A,0,,,,,Y,,A,01,0,0,1,0,0,0,0,0,0,"- ","- ",36.311480000000003,-119.13521,TULARE,UNINCORPORATED,-119.13526564999999,36.311483090000003
90561498,2017,2017-10-02,9481,2017-09-27,1610,018982,,3,2,9,5400,0,3,5,,2,030,"ROAD 168","AVENUE 8",0.00,,Y,A,-,N,,,,,,,,,,Y,4,0,5,2,A,-,12,22450,A,N,D,C,A,A,H,-,A,A,0,,,,,Y,,A,07,0,0,5,0,0,0,0,0,0,"- ","- ",35.805070000000001,-119.19674999999999,TULARE,UNINCORPORATED,-119.19682992,35.805040009999999
90561797,2017,2017-10-03,9480,2017-09-25,0118,019789,,1,3,9,5400,0,3,5,,2,004,"ROAD 212","AVENUE 314",92.00,S,N,A,-,N,,,,,,,,,,Y,4,0,1,1,A,-,01,23152,A,N,E,I,A,A,H,-,D,D,0,,,,,Y,Y,A,01,0,0,1,0,0,0,0,0,0,"- ","- ",36.3581,-119.09847000000001,TULARE,UNINCORPORATED,-119.09838487,36.358067609999999
90563370,2017,2017-10-04,9481,2017-09-29,1615,018595,,5,2,9,5400,0,2,4,,1,051,"DATE AVENUE","LEGGET STREET",380.00,W,N,A,-,N,,,,,,,,,,Y,4,0,1,2,A,-,03,22350,,N,C,C,A,A,H,-,A,D,0,,,,,Y,,D,22,0,0,1,0,0,0,0,0,0,"- ","- ",36.058500000000002,-119.00006,TULARE,UNINCORPORATED,-119.00087396000001,36.0584591
90567289,2017,2017-10-11,9480,2017-09-27,1738,016723,,3,2,9,5400,0,1,3,,1,040,"SR-216 (ROAD 160)","EL RIO DRIVE",205.00,S,N,A,-,Y,,,,,,,,,,Y,3,0,1,2,A,-,05,21460,A,N,D,C,A,A,H,-,A,D,0,,,,Y,Y,,A,01,0,1,0,0,0,0,0,0,0,"- ","- ",36.356610000000003,-119.21623,TULARE,UNINCORPORATED,,
90567904,2017,2017-10-11,9480,2017-09-30,1919,016723,,6,2,9,5400,0,3,5,,2,004,"AVENUE 327","SR-216 (ROAD 160)",522.00,W,N,A,-,N,,,,,,,,,,N,3,0,1,2,A,-,08,22107,,M,C,G,A,A,H,-,C,D,0,,Y,,,Y,,-,99,0,1,0,0,0,0,1,0,0,"- ","- ",36.383270000000003,-119.21702999999999,TULARE,UNINCORPORATED,-119.21702999999999,36.383270000000003
90568303,2017,2017-10-11,9480,2017-10-07,1618,019111,,6,2,9,5400,0,3,5,,2,002,"ROAD 144","AVENUE 424",0.00,,Y,A,-,N,,,,,,,,,,Y,4,0,1,2,A,-,09,21801,A,N,A,A,A,A,H,-,A,D,0,,,,,Y,,D,22,0,0,1,0,0,0,0,0,0,"- ","- ",36.558779999999999,-119.2509,TULARE,UNINCORPORATED,-119.25094996999999,36.558810029999997
90574091,2017,2017-10-19,9481,2017-10-07,2035,019286,,6,2,9,5400,0,2,4,,1,011,"AVENUE 192",SR-65,40.00,W,N,A,-,N,,,,,,,,,,Y,4,0,1,1,A,-,03,22350,,N,E,I,A,A,H,-,D,D,0,,,,,Y,,A,01,0,0,1,0,0,0,0,0,0,"- ","- ",36.138280000000002,-119.06762999999999,TULARE,UNINCORPORATED,-119.06768739,36.13829423
90579630,2017,2017-10-26,9481,2017-10-23,1605,018982,,1,2,9,5400,0,3,5,,2,050,"AVENUE 96","ROAD 236",0.00,,Y,A,-,N,,,,,,,,,,Y,4,0,1,2,A,-,09,21802,A,N,D,C,A,A,H,-,A,A,0,,,,,Y,,A,01,0,0,1,0,0,0,0,0,0,"- ","- ",35.964239999999997,-119.04445,TULARE,UNINCORPORATED,-119.04448001999999,35.964250110000002
90581513,2017,2017-10-27,9481,2017-10-06,2500,020612,,5,4,9,5400,0,3,5,,2,010,"ROAD 204","AVENUE 224",1584.00,N,N,A,-,N,,,,,,,,,,Y,3,0,1,1,A,-,08,22107,,F,E,I,A,A,H,-,D,D,0,,,,,Y,Y,A,01,0,1,0,0,0,0,0,0,0,"- ","- ",36.19735,-119.11785999999999,TULARE,UNINCORPORATED,-119.07212,36.160049999999998
90586403,2017,2017-11-02,9481,2017-10-27,0655,018707,,5,1,9,5400,0,2,4,,1,035,"AVENUE 56","ROAD 152",0.00,,Y,A,-,N,,,,,,,,,,Y,4,0,4,2,A,-,09,21801,A,N,A,C,A,A,H,-,B,D,0,,,,,Y,,A,01,0,0,4,0,0,0,0,0,0,"- ","- ",35.891979999999997,-119.23237,TULARE,UNINCORPORATED,-119.23261992,35.891940009999999
90586653,2017,2017-11-03,9480,2017-10-24,0243,017291,,2,3,9,5400,0,3,5,,2,003,"AVENUE 248","WEST ST",528.00,E,N,A,-,N,,,,,,,,,,Y,2,0,1,1,A,-,01,23152,A,N,E,I,A,A,H,-,D,D,0,,,,,Y,Y,D,22,1,0,0,0,0,0,0,0,0,"- ","- ",36.24015,-119.36436,TULARE,UNINCORPORATED,-119.36436,36.24015
90588383,2017,2017-11-06,9480,2017-11-01,1724,017252,,3,2,9,5400,0,3,5,,2,001,"AVENUE 384","ROAD 76",25.00,E,N,A,-,N,,,,,,,,,,Y,4,0,2,2,A,-,03,22350,,N,C,C,A,A,H,-,B,D,0,,,,,Y,,A,01,0,0,2,0,0,0,0,0,0,"- ","- ",36.488039999999998,-119.40253,TULARE,UNINCORPORATED,-119.40243504,36.488009130000002
90588891,2017,2017-11-07,9480,2017-11-05,1350,017108,,7,1,9,5400,0,3,5,,2,006,"ROAD 108","AVENUE 272",25.00,S,N,A,-,N,,,,,,,,,,Y,3,0,2,2,A,-,03,22350,,N,C,C,A,A,H,-,A,A,0,,,,,Y,,A,01,0,1,1,0,0,0,0,0,0,"- ","- ",36.283589999999997,-119.33127,TULARE,UNINCORPORATED,-119.33141738,36.2836748
90591307,2017,2017-11-09,9480,2017-10-12,0308,019828,,4,3,9,5400,0,1,3,,1,051,"SR-43 (CENTRAL VALLEY HWY)","AVENUE 24",3696.00,N,N,A,-,Y,,,43,,,,,,,Y,2,0,1,2,A,-,01,23152,A,N,A,C,A,A,H,-,D,D,0,,,,Y,Y,Y,A,01,1,0,0,0,0,0,0,0,0,"- ","- ",35.843919999999997,-119.37361,TULARE,UNINCORPORATED,-119.37368567999999,35.843893620000003
90591834,2017,2017-11-09,9480,2017-11-06,1254,012568,,1,1,9,5400,0,1,3,,2,093,"J STREET TO SR 99 NORTHBOUND","DR. 92B",3373.00,S,N,A,-,Y,,,,,,,,,,Y,3,0,1,1,A,-,08,22107,,N,E,I,A,A,H,-,A,D,0,,,Y,,Y,,C,02,0,1,0,0,0,0,0,0,1,"- ","- ",36.258360000000003,-119.35905,TULARE,UNINCORPORATED,,
90595207,2017,2017-11-15,9481,2017-11-09,1600,018815,,4,2,9,5400,0,1,3,,1,032,"STATE ROUTE 190","WESTWOOD STREET",2112.00,W,N,A,-,Y,,,190,,,,,,,Y,4,0,1,2,A,-,03,22350,,N,C,C,A,A,H,-,A,D,0,,,,,Y,,A,01,0,0,1,0,0,0,0,0,0,"- ","- ",36.051180000000002,-119.07498,TULARE,UNINCORPORATED,-119.07498006,36.051241670000003
90602265,2017,2017-11-27,9480,2017-11-10,1805,019111,,5,2,9,5400,0,3,5,,2,002,"AVENUE 416","ROAD 108",439.00,W,N,A,-,N,,,,,,,,,,Y,3,0,1,1,A,-,08,22107,,M,E,I,A,A,H,-,D,D,0,,,,,Y,Y,D,22,0,1,0,0,0,0,0,0,0,"- ","- ",36.545340000000003,-119.33261,TULARE,UNINCORPORATED,-119.33302938999999,36.545230289999999
90602527,2017,2017-11-27,9480,2017-11-21,1650,017108,,2,2,9,5400,0,3,5,,2,006,"AVENUE 256","ROAD 108",0.00,,Y,A,-,N,,,,,,,,,,Y,3,0,7,3,A,-,12,22450,A,F,D,C,A,A,H,-,A,A,0,,,,,Y,,A,01,0,1,6,0,0,0,0,0,0,"- ","- ",36.25479,-119.33112,TULARE,UNINCORPORATED,-119.00001014,35.985960069999997
90607815,2017,2017-12-01,9480,2017-11-18,1600,019111,,6,2,9,5400,0,1,3,,1,030,"SR-137 (ROAD 36)","SR-137 (AVENUE 199)",0.00,,Y,A,-,Y,,,,,,,,,,Y,3,0,2,2,A,-,03,22350,,N,D,C,A,A,H,-,A,A,0,,,,Y,Y,,A,01,0,1,1,0,0,0,0,0,0,"- ","- ",36.150309999999998,-119.49298,TULARE,UNINCORPORATED,,
90610186,2017,2017-12-05,9480,2017-11-27,0625,013821,,1,1,9,5400,0,1,3,,1,064,"SR-198 W/B","FARMERSVILLE BLVD O/C",100.00,W,N,B,C,Y,,,198,,,,,,W,Y,4,0,1,3,A,-,03,22350,,N,D,C,A,B,H,-,B,D,0,,,,,Y,,D,22,0,0,1,0,0,0,0,0,0,"- ","- ",36.326900000000002,-119.2084,TULARE,UNINCORPORATED,-119.20840147,36.326798439999997
90618195,2017,2017-12-15,9480,2017-12-08,2250,019789,,5,3,5,5407,0,1,3,,1,064,"SR-198 W/B","PLAZA DR",275.00,E,N,A,-,Y,,,198,,,,,,W,N,4,0,1,1,A,-,08,22107,,N,F,A,A,A,H,-,D,D,0,,,,,Y,,A,01,0,0,1,0,0,0,0,0,0,"- ","- ",36.327399999999997,-119.38789,TULARE,VISALIA,-119.38789668,36.327202540000002
90627460,2017,2017-12-27,9480,2017-12-19,0133,019543,,2,3,9,5400,0,1,3,,2,093,"SR-99 S/B","AVE 280",5280.00,N,N,A,-,Y,,,99,,,,,,S,Y,3,0,1,1,A,-,01,23152,A,N,E,I,A,A,H,-,D,D,0,,,,,Y,Y,A,01,0,1,0,0,0,0,0,0,0,"- ","- ",36.279049999999998,-119.37285,TULARE,UNINCORPORATED,-119.37290022000001,36.27901653
90633757,2017,2018-01-05,9480,2017-12-29,0133,017452,,5,3,9,5400,0,1,3,,2,093,"SR-99 S/B","DRIVE 92B",1550.00,S,N,A,-,Y,,,99,,,,,,S,Y,3,0,2,2,A,-,08,22107,,N,C,C,A,A,H,-,D,D,0,,,,,Y,,A,01,0,1,1,0,0,0,0,0,0,"- ","- ",36.2622,-119.36162,TULARE,UNINCORPORATED,-119.36162127,36.2621994
90638834,2017,2018-01-12,9481,2017-12-30,2300,021234,,6,3,9,5400,0,3,5,,2,050,"SUCCESS VALLEY DRIVE","SUNSHINE DRIVE",1056.00,E,N,A,-,N,,,,,,,,,,Y,3,0,1,1,A,-,08,22107,,N,E,I,A,A,H,-,D,D,0,,,,,Y,,A,01,0,1,0,0,0,0,0,0,0,"- ","- ",36.072659999999999,-118.88028,TULARE,UNINCORPORATED,-118.88028,36.072659999999999
90639444,2018,2018-01-15,9481,2018-01-03,1320,016065,,3,1,9,5400,0,1,3,,1,053,"STATE ROUTE 190","ROAD 284",15840.00,E,N,A,-,Y,,,190,,,,,,,Y,3,0,1,1,A,-,08,22107,,N,E,I,A,A,H,-,A,D,0,,,,,Y,,A,01,0,1,0,0,0,0,0,0,0,"- ","- ",36.054248809814453,-118.918212890625,TULARE,UNINCORPORATED,-118.91823577880859,36.054294586181641
90644703,2017,2018-03-22,9480,2017-11-01,2152,015290,,3,2,5,5407,0,1,3,,1,064,"SR-152 EASTBOUND","MOONEY BOULEVARD",275.00,W,N,A,-,Y,,,,,,,,,,Y,1,1,1,2,A,-,01,23152,A,F,C,C,A,A,H,-,D,D,0,,,,,Y,Y,A,01,1,0,0,0,0,0,0,0,0,"- ","- ",36.326880000000003,-119.31438,TULARE,VISALIA,,
90647696,2018,2018-01-25,9480,2018-01-19,1946,018204,,5,2,9,5400,0,1,3,,2,091,"SR 99 S/B","AVENUE 328",2077.00,S,N,B,-,Y,,,99,,,,,,S,Y,4,0,1,2,A,-,08,22107,,N,D,C,A,A,H,-,D,D,0,,,,,Y,,A,01,0,0,1,0,0,0,0,0,0,"- ","- ",36.379848480224609,-119.44024658203125,TULARE,UNINCORPORATED,-119.44043731689453,36.379726409912109
90656310,2017,2018-03-22,9480,2017-10-17,1415,017108,,2,2,9,5400,0,3,5,,2,006,"EAST FIR STREET","RANCHO VISTA AVENUE",209.00,E,N,A,-,N,,,,,,,,,,Y,1,1,2,1,A,-,03,22350,,N,E,I,A,A,G,-,A,A,0,,,,,Y,,A,01,0,2,0,0,0,0,0,0,0,"- ","- ",36.221609999999998,-119.08264,TULARE,UNINCORPORATED,-119.08250869,36.221584579999998
90661647,2018,2018-02-14,9480,2018-02-05,1640,017778,,1,2,5,5407,0,1,3,,1,064,"SR-198 E/B","PLAZA DRIVE",200.00,E,N,A,-,Y,,,198,,,,,,E,Y,4,0,2,2,A,-,03,22350,,N,C,C,A,A,H,-,A,D,0,,,,,Y,,A,01,0,0,2,0,0,0,0,0,0,"- ","- ",36.326961517333984,-119.38498687744141,TULARE,VISALIA,-119.38498687744141,36.3271484375
90666560,2018,2018-02-22,9481,2018-02-13,1543,017957,,2,2,9,5400,0,3,5,,2,020,"LINDMORE STREET","LINDSAY BLVD",50.00,E,N,A,-,N,,,,,,,,,,N,4,0,1,2,A,-,05,21460,A,M,B,C,A,A,H,-,A,D,0,,,Y,,Y,,D,22,0,0,1,0,0,0,0,0,1,"- ","- ",36.196109771728516,-119.09116363525391,TULARE,UNINCORPORATED,-119.09104156494141,36.196121215820312