CASE_ID,ACCIDENT_YEAR,PROC_DATE,JURIS,COLLISION_DATE,COLLISION_TIME,OFFICER_ID,REPORTING_DISTRICT,DAY_OF_WEEK,CHP_SHIFT,POPULATION,CNTY_CITY_LOC,SPECIAL_COND,BEAT_TYPE,CHP_BEAT_TYPE,CITY_DIVISION_LAPD,CHP_BEAT_CLASS,BEAT_NUMBER,PRIMARY_RD,SECONDARY_RD,DISTANCE,DIRECTION,INTERSECTION,WEATHER_1,WEATHER_2,STATE_HWY_IND,CALTRANS_COUNTY,CALTRANS_DISTRICT,STATE_ROUTE,ROUTE_SUFFIX,POSTMILE_PREFIX,POSTMILE,LOCATION_TYPE,RAMP_INTERSECTION,SIDE_OF_HWY,TOW_AWAY,COLLISION_SEVERITY,NUMBER_KILLED,NUMBER_INJURED,PARTY_COUNT,PRIMARY_COLL_FACTOR,PCF_CODE_OF_VIOL,PCF_VIOL_CATEGORY,PCF_VIOLATION,PCF_VIOL_SUBSECTION,HIT_AND_RUN,TYPE_OF_COLLISION,MVIW,PED_ACTION,ROAD_SURFACE,ROAD_COND_1,ROAD_COND_2,LIGHTING,CONTROL_DEVICE,CHP_ROAD_TYPE,PEDESTRIAN_ACCIDENT,BICYCLE_ACCIDENT,MOTORCYCLE_ACCIDENT,TRUCK_ACCIDENT,NOT_PRIVATE_PROPERTY,ALCOHOL_INVOLVED,STWD_VEHTYPE_AT_FAULT,CHP_VEHTYPE_AT_FAULT,COUNT_SEVERE_INJ,COUNT_VISIBLE_INJ,COUNT_COMPLAINT_PAIN,COUNT_PED_KILLED,COUNT_PED_INJURED,COUNT_BICYCLIST_KILLED,COUNT_BICYCLIST_INJURED,COUNT_MC_KILLED,COUNT_MC_INJURED,PRIMARY_RAMP,SECONDARY_RAMP,LATITUDE,LONGITUDE,COUNTY,CITY,POINT_X,POINT_Y
91353050,2020,2020-11-24,9480,2020-11-17,2233,018421,,2,3,9,5400,0,3,5,,2,006,"AVENUE 256",SR-65,1056.00,W,N,A,-,N,,,,,,,,,,Y,4,0,1,1,A,-,08,22107,,M,E,I,A,A,H,-,D,D,0,,,,,Y,Y,A,01,0,0,1,0,0,0,0,0,0,"- ","- ",36.253700256347656,-119.14009094238281,TULARE,UNINCORPORATED,-119.13993072509766,36.253620147705078
91353481,2020,2020-11-25,9480,2020-11-19,1044,016233,,4,1,9,5400,0,1,3,,2,093,"SR-99 S/B","AVE. 184",5200.00,S,N,A,-,Y,,,99,,,,,,S,Y,4,0,3,2,A,-,03,22350,,N,C,C,A,A,H,-,A,D,0,,,,,Y,,D,22,0,0,3,0,0,0,0,0,0,"- ","- ",36.110141754150391,-119.32369995117188,TULARE,UNINCORPORATED,-119.32372283935547,36.110137939453125
91358899,2020,2020-12-04,9480,2020-11-27,2215,016240,,5,3,9,5400,0,3,5,,2,003,"ROAD 128","AVENUE 164",1426.00,N,N,A,-,N,,,,,,,,,,Y,3,0,1,1,A,-,08,22107,,N,E,I,A,A,H,-,D,D,0,,,,,Y,,A,01,0,1,0,0,0,0,0,0,0,"- ","- ",36.099239349365234,-119.28604888916016,TULARE,UNINCORPORATED,-119.28598785400391,36.091178894042969
91360543,2020,2020-12-07,9480,2020-11-30,1414,019048,,1,2,9,5400,0,1,3,,1,040,SR-216,"AVENUE 336",0.00,,Y,A,-,Y,,,216,,,,,,,Y,4,0,1,2,A,-,09,21802,A,N,D,C,A,A,H,-,A,A,0,,,,,Y,,A,01,0,0,1,0,0,0,0,0,0,"- ","- ",36.399429321289062,-119.16932678222656,TULARE,UNINCORPORATED,-119.16932678222656,36.399425506591797
91361842,2020,2020-12-09,9480,2020-11-24,0620,013656,,2,1,9,5400,0,3,5,,2,006,"ROAD 108","AVENUE 256",400.00,N,N,A,-,N,,,,,,,,,,Y,4,0,1,2,A,-,03,22350,,N,C,C,A,A,H,-,B,D,0,,,,,Y,,A,01,0,0,1,0,0,0,0,0,0,"- ","- ",36.255939483642578,-119.33099365234375,TULARE,UNINCORPORATED,-119.00000762939453,35.985958099365234
91366293,2020,2020-12-14,9481,2020-12-10,0629,018595,,4,1,9,5400,0,1,3,,1,012,"STATE ROUTE 65 N/B","AVENUE 184",477.00,S,N,A,-,Y,,,65,,,,,,N,Y,3,0,1,1,A,-,08,22107,,N,F,A,A,A,H,-,C,D,0,,,,,Y,,A,01,0,1,0,0,0,0,0,0,0,"- ","- ",36.122341156005859,-119.05445098876953,TULARE,UNINCORPORATED,-119.05458831787109,36.122245788574219
91377687,2020,2021-01-21,9480,2020-12-19,2150,016240,,6,2,9,5400,0,3,5,,2,001,"ROAD 80","AVE 368",2429.00,S,N,A,-,N,,,,,,,,,,Y,3,0,3,3,A,-,05,21651,B,N,A,C,A,A,H,-,D,A,0,,,,,Y,,A,01,0,1,2,0,0,0,0,0,0,"- ","- ",36.451648712158203,-119.39459991455078,TULARE,UNINCORPORATED,,
9138582,2020,2020-10-08,5405,2020-07-31,2030,268,,5,5,4,5405,0,0,0,,0,002,"CONNER ST","PUTNAM AV",0.00,,Y,A,-,N,,,,,,,,,,Y,3,0,3,2,A,-,09,21802,A,N,A,C,A,A,H,-,D,A,0,,,,,Y,,A,01,0,1,2,0,0,0,0,0,0,"- ","- ",36.06890869140625,-118.97946166992188,TULARE,PORTERVILLE,-118.98612213134766,36.069438934326172
9138650,2020,2020-09-24,5403,2020-07-16,1234,844,,4,5,2,5403,0,0,0,,0,,"NORTH VENTURA AV","WEST ASH ST",0.00,,Y,A,-,N,,,,,,,,,,Y,2,0,2,2,A,-,12,22450,A,N,D,C,A,A,H,-,A,D,0,,,,,Y,Y,A,01,1,0,1,0,0,0,0,0,0,"- ","- ",,,TULARE,FARMERSVILLE,-119.21143341064453,36.301769256591797
91387585,2021,2021-01-14,9481,2021-01-11,0600,015290,,1,1,9,5400,0,2,4,,1,021,"AVENUE 200","ORANGE BELT DRIVE",0.00,,Y,A,-,N,,,,,,,,,,Y,4,0,1,2,A,-,09,21802,A,N,D,C,A,A,H,-,D,A,0,,,,,Y,,A,01,0,0,1,0,0,0,0,0,0,"- ","- ",36.152729034423828,-119.06511688232422,TULARE,UNINCORPORATED,-119.06497192382812,36.152801513671875
91387661,2021,2021-01-14,9481,2021-01-10,1315,019162,,7,1,9,5400,0,1,3,,1,054,"MOUNTAIN ROAD 107 (WESTERN DIVIDE HWY)","MOUNTAIN ROAD 168 (ASPEN DR)",23760.00,S,N,A,-,N,,,,,,,,,,Y,4,0,2,1,A,-,03,22350,,N,F,A,A,C,H,-,A,D,0,,,,,Y,,D,22,0,0,2,0,0,0,0,0,0,"- ","- ",36.036731719970703,-118.54737854003906,TULARE,UNINCORPORATED,,
9138872,2020,2020-10-24,5405,2020-08-09,1555,CSO26,,7,5,4,5405,0,0,0,,0,001,"MORTON AV","VILLA ST",0.00,,Y,A,-,N,,,,,,,,,,Y,2,0,1,2,A,-,09,21801,A,N,A,C,A,A,H,-,A,A,0,,,,,Y,,A,01,1,0,0,0,0,0,0,0,0,"- ","- ",36.073261260986328,-119.03060913085938,TULARE,PORTERVILLE,-119.0306396484375,36.073268890380859
91389819,2021,2021-01-18,9480,2021-01-13,0942,016210,,3,1,9,5400,0,3,5,,2,006,"AVENUE 272","ROAD 108",3010.00,W,N,A,-,N,,,,,,,,,,Y,2,0,1,1,A,-,08,22107,,N,E,I,A,A,H,-,A,D,0,,,,,Y,,A,01,1,0,0,0,0,0,0,0,0,"- ","- ",36.283779144287109,-119.34178924560547,TULARE,UNINCORPORATED,-119.34165191650391,36.283718109130859
91391398,2021,2021-01-22,9481,2021-01-16,1300,016065,,6,1,9,5400,0,2,4,,1,051,"E. DATE AVENUE","S. LEGGETT STREET",673.00,E,N,A,-,N,,,,,,,,,,N,4,0,4,2,B,-,22,,,N,D,C,A,A,H,-,A,D,0,,,,,Y,,J,48,0,0,4,0,0,0,0,0,0,"- ","- ",36.05841064453125,-118.99762725830078,TULARE,UNINCORPORATED,-118.997314453125,36.058456420898438
91401485,2021,2021-02-03,9481,2021-01-23,1408,021234,,6,2,9,5400,0,1,3,,1,037,"STATE ROUTE 65","AVE 12",2640.00,N,N,B,-,Y,,,65,,,,,,,Y,3,0,1,1,A,-,01,23152,A,N,E,I,A,B,H,-,A,D,0,,,,,Y,Y,A,01,0,1,0,0,0,0,0,0,0,"- ","- ",35.820838928222656,-119.05364990234375,TULARE,UNINCORPORATED,-119.05360412597656,35.820838928222656
91417191,2021,2021-02-26,9480,2021-02-04,2335,019543,,4,3,9,5400,0,1,3,,2,093,"SR-99 N/B","CARTMILL OVERCROSSING",1056.00,S,N,A,-,Y,,,,,,,,,,Y,4,0,1,2,A,-,03,22350,,N,C,C,A,A,H,-,D,D,0,,,,Y,Y,,A,01,0,0,1,0,0,0,0,0,0,"- ","- ",36.237571716308594,-119.34346008300781,TULARE,UNINCORPORATED,-119.34372711181641,36.237812042236328
91417949,2021,2021-03-01,9480,2021-02-11,1650,016723,,4,2,9,5400,0,3,5,,2,001,"AVENUE 376","ROAD 44",0.00,,Y,B,-,N,,,,,,,,,,Y,2,0,3,2,A,-,12,22450,A,F,D,C,A,A,H,-,A,A,0,,,,,Y,,-,99,2,1,0,0,0,0,0,0,0,"- ","- ",36.47357177734375,-119.47441864013672,TULARE,UNINCORPORATED,-119.47441864013672,36.473560333251953
91424699,2021,2021-03-10,9480,2021-03-08,2045,019697,,1,2,9,5400,0,3,5,,2,006,"AVENUE 264","ROAD 108",280.00,E,N,A,-,N,,,,,,,,,,N,4,0,1,1,A,-,08,22107,,N,E,I,A,A,H,-,D,D,0,,,,,Y,,A,01,0,0,1,0,0,0,0,0,0,"- ","- ",36.269218444824219,-119.33013153076172,TULARE,UNINCORPORATED,-119.33036804199219,36.269298553466797
91428991,2021,2021-03-17,9480,2021-03-05,1220,013821,,5,1,9,5400,0,1,3,,2,093,"SR-99 S/B","AVENUE 280 O/C",6336.00,N,N,A,-,Y,,,99,,,,,,S,Y,3,0,2,1,A,-,08,22107,,N,F,A,A,A,H,-,A,D,0,,,Y,,Y,,C,02,0,2,0,0,0,0,0,0,2,"- ","- ",36.308788299560547,-119.39257049560547,TULARE,UNINCORPORATED,-119.39254760742188,36.308803558349609
91433963,2021,2021-03-24,9480,2021-03-14,2227,020612,,7,3,5,5407,0,1,3,,1,064,"STATE ROUTE 198 EASTBOUND","LOVERS LANE",700.00,E,N,B,-,Y,,,198,,,,,,E,Y,3,0,2,1,A,-,01,23152,A,N,E,I,A,A,H,-,D,D,0,,,,,Y,Y,A,01,0,1,1,0,0,0,0,0,0,"- ","- ",36.327388763427734,-119.25821685791016,TULARE,VISALIA,-119.25821685791016,36.327384948730469
91434791,2021,2021-03-25,9481,2021-03-20,0500,019422,,6,3,9,5400,0,3,5,,2,010,"AVENUE 178","ROAD 232",1584.00,W,N,C,-,N,,,,,,,,,,Y,3,0,1,1,A,-,01,23152,A,N,F,A,A,B,H,-,C,D,0,,,,,Y,Y,D,22,0,1,0,0,0,0,0,0,0,"- ","- ",36.112800598144531,-119.05921936035156,TULARE,UNINCORPORATED,-119.05928039550781,36.112800598144531
91438568,2021,2021-03-29,9480,2021-03-15,0310,019828,,1,3,9,5400,0,1,3,,2,093,"SR-99 N/B","AVENUE 280",250.00,S,N,B,C,Y,,,99,,,,,,N,Y,4,0,1,2,A,-,03,22350,,N,C,C,A,B,H,-,D,D,0,,,,,Y,,A,08,0,0,1,0,0,0,0,0,0,"- ","- ",36.29718017578125,-119.38397216796875,TULARE,UNINCORPORATED,-119.38394165039062,36.297195434570312
91449593,2021,2021-04-13,9480,2021-04-04,1615,019697,,7,2,9,5400,0,1,3,,1,060,SR-137,"ROAD 188",0.00,,Y,A,-,Y,,,137,,,,,,,Y,2,0,1,2,A,-,09,21801,A,N,D,C,A,A,H,-,A,D,0,,,Y,,Y,,A,01,1,0,0,0,0,0,0,0,1,"- ","- ",36.210750579833984,-119.15409088134766,TULARE,UNINCORPORATED,-119.15409088134766,36.210784912109375
91451119,2021,2021-04-15,9480,2021-04-05,0645,013821,,1,1,9,5400,0,3,5,,2,003,"ROAD 48","AVENUE 184",0.00,,Y,A,-,N,,,,,,,,,,Y,4,0,1,2,A,-,03,22350,,N,D,C,A,A,H,-,A,A,0,,,,,Y,,A,01,0,0,1,0,0,0,0,0,0,"- ","- ",36.123340606689453,-119.46485900878906,TULARE,UNINCORPORATED,-119.46487426757812,36.123424530029297
91459381,2021,2021-04-27,9480,2021-04-19,0115,018421,,1,3,9,5400,0,1,3,,1,060,SR-137,"ROAD 152",1584.00,E,N,A,-,Y,,,137,,,,,,,Y,3,0,2,1,A,-,01,23152,G,N,E,I,A,A,H,-,D,D,0,,,,,Y,Y,A,01,0,2,0,0,0,0,0,0,0,"- ","- ",36.210899353027344,-119.22731781005859,TULARE,UNINCORPORATED,-119.22731781005859,36.210865020751953
91464455,2021,2021-05-03,9481,2021-05-02,1815,019422,,7,2,9,5400,0,3,5,,2,010,"CEDAR RD","ASTER AVE",180.00,N,N,A,-,N,,,,,,,,,,N,4,0,1,2,A,-,08,22107,,N,A,E,A,A,H,-,A,D,0,,,,,Y,,A,01,0,0,1,0,0,0,0,0,0,"- ","- ",36.067378997802734,-119.10030364990234,TULARE,UNINCORPORATED,-119.10095977783203,36.066799163818359
91469024,2021,2021-05-10,9480,2021-05-03,1701,020060,,1,2,5,5407,0,1,3,,1,034,"STATE ROUTE 198 E/B","WATSON STREET",20.00,W,N,A,-,Y,,,198,,,,,,E,Y,4,0,1,1,A,-,03,22350,,N,E,I,A,A,H,-,A,D,0,,,,,Y,,A,07,0,0,1,0,0,0,0,0,0,"- ","- ",36.326751708984375,-119.29640197753906,TULARE,VISALIA,-119.29640197753906,36.326900482177734
91486195,2021,2021-06-01,9480,2021-05-04,2045,017291,,2,2,9,5400,0,3,5,,2,001,"ROAD 80","STATE ROUTE 201 (AVENUE 400)",1015.00,N,N,A,-,N,,,,,,,,,,N,1,1,0,2,A,-,11,21956,A,N,G,B,E,A,H,-,D,D,0,Y,,,,Y,,N,60,0,0,0,1,0,0,0,0,0,"- ","- ",36.519641876220703,-119.39475250244141,TULARE,UNINCORPORATED,-119.39495086669922,36.519641876220703
91486327,2021,2021-06-01,9481,2021-05-26,1530,019422,,3,2,9,5400,0,3,5,,2,010,"ROAD 224","AVENUE 184",30.00,S,N,A,-,N,,,,,,,,,,Y,3,0,1,2,A,-,08,22107,,N,B,C,A,A,H,-,A,D,0,,,,,Y,,E,22,0,1,0,0,0,0,0,0,0,"- ","- ",36.123199462890625,-119.07189178466797,TULARE,UNINCORPORATED,-119.07181549072266,36.123416900634766
91487928,2021,2021-06-02,9480,2021-05-21,2025,017291,,5,2,9,5400,0,1,3,,1,010,"STATE ROUTE 201 (AVE 400)","ROAD 36",16.00,W,N,A,-,Y,,,,,,,,,,Y,4,0,1,2,A,-,17,25650,,N,A,C,A,A,H,-,B,A,0,,,Y,,Y,,C,02,0,0,1,0,0,0,0,0,1,"- ","- ",36.512210845947266,-119.49375152587891,TULARE,UNINCORPORATED,-119.49374389648438,36.517669677734375
91492781,2021,2021-06-09,9480,2021-05-29,1319,016240,,6,1,9,5400,0,3,5,,2,001,"ROAD 80","AVENUE 360",280.00,S,N,A,-,N,,,,,,,,,,Y,3,0,2,1,A,-,08,22107,,N,F,A,A,A,H,-,A,D,0,,,,,Y,,A,01,0,2,0,0,0,0,0,0,0,"- ","- ",36.443939208984375,-119.39438629150391,TULARE,UNINCORPORATED,-119.39485168457031,36.443191528320312
9149468,2020,2020-11-09,5407,2020-06-21,1527,C53,480,7,5,5,5407,0,0,0,,0,P33,"RT 63","W TULARE AV",0.00,,Y,A,-,Y,TUL,6,63,-,-,7.510,I,5,N,Y,3,0,1,2,A,-,12,21453,A,F,D,C,A,A,H,-,A,A,0,,,,,Y,,A,01,0,1,0,0,0,0,0,0,0,"- ","- ",36.320209503173828,-119.31392669677734,TULARE,VISALIA,-119.31388092041016,36.320213317871094
9149727,2020,2020-11-25,5407,2020-08-05,1356,M226,480,3,5,5,5407,0,0,0,,0,034,"RT 63","W WHITENDALE AV",0.00,S,N,A,-,Y,TUL,6,63,-,-,6.420,H,-,N,N,3,0,2,3,A,-,03,22350,,N,C,C,A,A,H,-,A,A,0,,,,,Y,,A,01,0,1,1,0,0,0,0,0,0,"- ","- ",36.305778503417969,-119.31375885009766,TULARE,VISALIA,-119.31368255615234,36.304416656494141
9149832,2020,2020-11-09,5407,2020-06-05,2206,A307,480,5,5,5,5407,0,0,0,,0,034,"S MOONEY","AVENUE 264",753.00,N,N,A,-,Y,TUL,6,63,-,-,4.150,H,-,N,Y,3,0,1,1,A,-,01,23152,A,N,F,I,A,A,H,-,C,D,0,,,,,Y,Y,-,"- ",0,1,0,0,0,0,0,0,0,"- ","- ",36.271640777587891,-119.31313323974609,TULARE,VISALIA,-119.31326293945312,36.271446228027344
91501791,2021,2021-06-21,9481,2021-06-15,0545,015218,,2,3,9,5400,0,3,5,,2,030,"AVENUE 152","ROAD 152",0.00,,Y,A,-,N,,,,,,,,,,Y,4,0,1,2,A,-,09,21802,B,N,D,C,A,A,H,-,A,A,0,,,,,Y,,A,01,0,0,1,0,0,0,0,0,0,"- ","- ",36.065750122070312,-119.23236846923828,TULARE,UNINCORPORATED,-119.23234558105469,36.065753936767578
91503207,2021,2021-06-22,9480,2021-06-14,1859,021249,,1,2,9,5400,0,1,3,,2,093,"SR-99 S/B","AVENUE 184",10085.00,S,N,A,-,Y,,,99,,,,,,S,Y,4,0,4,3,A,-,03,22350,,N,C,C,A,A,H,-,A,D,0,,,,,Y,,A,01,0,0,4,0,0,0,0,0,0,"- ","- ",36.095958709716797,-119.32198333740234,TULARE,UNINCORPORATED,-119.32244873046875,36.095920562744141
91509678,2021,2021-06-30,9480,2021-06-18,1325,016723,,5,1,5,5407,0,1,3,,1,064,"STATE ROUTE 198 E/B TO CENTRAL VISALIA","CONYER STREET",160.00,E,N,A,-,Y,,,198,,,,R,,E,Y,4,0,2,2,A,-,03,22350,,N,C,C,A,A,H,-,A,A,0,,,,,Y,,D,22,0,0,2,0,0,0,0,0,0,"- ","- ",36.326751708984375,-119.30049896240234,TULARE,VISALIA,-119.30049896240234,36.326751708984375
91514771,2021,2021-07-07,9480,2021-06-28,2335,018521,,1,3,9,5400,0,3,5,,2,001,"AVENUE 424","ROAD 68",1056.00,W,N,A,-,N,,,,,,,,,,Y,3,0,1,1,A,-,01,23152,A,N,E,I,A,A,H,-,D,D,0,,,,,Y,Y,D,22,0,1,0,0,0,0,0,0,0,"- ","- ",36.560741424560547,-119.42572021484375,TULARE,UNINCORPORATED,-119.42587280273438,36.560672760009766
91514955,2021,2021-07-07,9481,2021-06-30,1720,021227,,3,2,9,5400,0,2,4,,1,051,"WORTH DRIVE","ROAD 284",2477.00,W,N,A,-,N,,,,,,,,,,Y,4,0,1,1,A,-,01,23152,A,N,E,I,A,A,H,-,A,D,0,,,,,Y,Y,D,22,0,0,1,0,0,0,0,0,0,"- ","- ",36.05072021484375,-118.94490051269531,TULARE,UNINCORPORATED,-118.94481658935547,36.050662994384766
91515528,2021,2021-07-08,9481,2021-06-25,1700,018029,,5,2,9,5400,0,3,5,,2,050,"AVENUE 96","ROAD 237",50.00,W,N,A,-,N,,,,,,,,,,Y,4,0,1,3,A,-,01,23152,A,N,C,E,A,A,H,-,A,D,0,,,,,Y,Y,A,01,0,0,1,0,0,0,0,0,0,"- ","- ",35.964210510253906,-119.04244232177734,TULARE,UNINCORPORATED,-119.04225158691406,35.964260101318359
91517922,2021,2021-07-12,9480,2021-07-04,0339,021249,,7,3,9,5400,0,1,3,,2,095,"SR-99 N/B","AVENUE 96",1848.00,S,N,A,-,Y,,,99,,,,,,N,Y,2,0,1,1,A,-,08,22107,,N,E,I,A,A,H,-,D,D,0,,,,,Y,,A,01,1,0,0,0,0,0,0,0,0,"- ","- ",35.948509216308594,-119.288818359375,TULARE,UNINCORPORATED,-119.28882598876953,35.948509216308594
91519919,2021,2021-07-14,9480,2021-07-06,1745,016615,,2,2,9,5400,0,3,5,,2,004,SR-216,"ROAD 228",2640.00,E,N,A,-,Y,,,216,,,,,,,Y,4,0,1,1,A,-,03,22350,,M,E,I,A,A,H,-,A,D,0,,,,,Y,,A,01,0,0,1,0,0,0,0,0,0,"- ","- ",36.404888153076172,-119.05397033691406,TULARE,UNINCORPORATED,-119.05396270751953,36.404914855957031
91519935,2021,2021-07-14,9480,2021-07-07,1220,018202,,3,1,9,5400,0,1,3,,1,044,SR-198,"MEHRTEN DR.",80.00,E,N,A,-,Y,,,198,,,,,,,Y,4,0,1,2,A,-,01,23152,A,N,D,D,A,A,H,-,A,D,0,,,,,Y,Y,A,01,0,0,1,0,0,0,0,0,0,"- ","- ",36.345859527587891,-119.05690002441406,TULARE,UNINCORPORATED,-119.05690002441406,36.345855712890625
91520925,2021,2021-07-15,9480,2021-07-09,0830,017108,,5,1,4,5406,0,1,3,,2,093,"STATE ROUTE 99 SOUTHBOUND","K STREET",396.00,N,N,A,-,Y,,,99,,,,,,S,Y,3,0,2,3,A,-,03,22350,,N,C,C,A,A,H,-,A,D,0,,,,,Y,,A,01,0,2,0,0,0,0,0,0,0,"- ","- ",36.152278900146484,-119.33149719238281,TULARE,TULARE,-119.33155822753906,36.152259826660156
91522140,2021,2021-07-16,9480,2021-07-15,0930,017108,,4,1,9,5400,0,3,5,,2,005,"FRANKLIN AVENUE","STATE ROAD",0.00,,Y,A,-,N,,,,,,,,,,Y,4,0,2,2,A,-,09,21802,A,N,D,C,A,A,H,-,A,A,0,,,,,Y,,A,01,0,0,2,0,0,0,0,0,0,"- ","- ",35.881801605224609,-119.27047729492188,TULARE,UNINCORPORATED,-119.27046966552734,35.88177490234375
91523532,2021,2022-03-14,9480,2021-05-09,0131,021249,,7,3,9,5400,0,1,3,,2,095,"STATE ROUTE 99 NORTHBOUND","AVENUE 24",1320.00,N,N,A,-,Y,,,99,,,,,,N,Y,1,1,0,2,A,-,08,22107,,N,C,C,A,A,H,-,D,D,0,,,,Y,Y,Y,A,01,0,0,0,0,0,0,0,0,0,"- ","- ",35.837440490722656,-119.26119995117188,TULARE,UNINCORPORATED,-119.26126098632812,35.837413787841797
91533687,2021,2021-07-30,9480,2021-07-25,0047,021249,,7,3,9,5400,0,3,5,,2,006,"CALDWELL AVENUE","SHIRK ROAD",2429.00,W,N,A,-,N,,,,,,,,,,Y,3,0,1,1,A,-,01,23152,A,N,E,I,A,A,H,-,C,D,0,,,,,Y,Y,D,22,0,1,0,0,0,0,0,0,0,"- ","- ",36.298011779785156,-119.375732421875,TULARE,UNINCORPORATED,-119.37560272216797,36.298122406005859
91534794,2021,2021-08-02,9480,2021-07-29,1458,019846,,4,2,9,5400,0,3,5,,2,002,"AVENUE 408","ROAD 116",163.00,W,N,A,-,N,,,,,,,,,,Y,4,0,1,2,A,-,01,23152,A,N,C,C,A,A,H,-,A,D,0,,,,,Y,Y,A,01,0,0,1,0,0,0,0,0,0,"- ","- ",36.530509948730469,-119.31430816650391,TULARE,UNINCORPORATED,-119.31424713134766,36.530487060546875
9153680,2020,2020-10-24,5406,2020-08-24,1640,41,2A,1,5,4,5406,0,0,0,,0,0WS,"I ST","SAN JOAQUIN",0.00,N,N,A,-,N,,,,,,,,,,N,3,0,1,2,A,-,09,21801,A,N,D,C,A,A,H,-,A,D,0,,,,,Y,,A,01,0,1,0,0,0,0,0,0,0,"- ","- ",,,TULARE,TULARE,-119.34977722167969,36.210208892822266
91537537,2021,2021-08-05,9481,2021-07-26,1410,018029,,1,2,9,5400,0,2,4,,1,021,"ROAD 256","AVENUE 196",45.00,S,N,B,-,N,,,,,,,,,,Y,4,0,2,2,A,-,03,22350,,N,C,C,A,A,H,-,A,A,0,,,,,Y,,D,22,0,0,2,0,0,0,0,0,0,"- ","- ",36.145408630371094,-119.00018310546875,TULARE,UNINCORPORATED,-119.00016784667969,36.145378112792969
91542258,2021,2021-08-11,9481,2021-08-05,1505,018113,,4,2,9,5400,0,3,5,,2,020,"ORANGE BELT DRIVE","LAWSON DRIVE",50.00,N,N,A,-,N,,,,,,,,,,N,4,0,1,2,A,-,09,21801,A,N,D,C,A,A,H,-,A,D,0,,,,,Y,,A,01,0,0,1,0,0,0,0,0,0,"- ","- ",36.147449493408203,-119.06175994873047,TULARE,UNINCORPORATED,-119.06180572509766,36.147441864013672
91543262,2021,2021-08-12,9481,2021-08-02,0510,018595,,1,3,9,5400,0,1,3,,1,053,"STATE ROUTE 190","GLOBE DRIVE",2100.00,E,N,A,-,Y,,,190,,,,,,,Y,4,0,1,1,C,-,18,,,N,E,H,A,A,H,-,D,D,0,,,,,Y,,-,"- ",0,0,1,0,0,0,0,0,0,"- ","- ",36.100749969482422,-118.83023071289062,TULARE,UNINCORPORATED,-118.83023071289062,36.100742340087891
91543790,2021,2021-09-24,9480,2021-08-03,1740,019349,,2,2,9,5400,0,3,5,,2,003,"DRIVE 92B","STATE ROUTE 99 S/B",78.00,W,N,A,-,N,,,,,,,,,,Y,3,0,2,2,A,-,09,21801,A,N,A,C,A,A,H,-,A,D,0,,,,Y,Y,,G,25,0,1,1,0,0,0,0,0,0,"- ","- ",36.266269683837891,-119.36428070068359,TULARE,UNINCORPORATED,-119.36428833007812,36.266269683837891
91546752,2021,2021-08-17,9480,2021-08-15,2346,021249,,7,3,9,5400,0,3,5,,2,006,"ROAD 124","AVENUE 256",2218.00,S,N,A,-,N,,,,,,,,,,Y,3,0,1,1,A,-,08,22107,,N,F,A,A,A,H,-,D,D,0,,,,,Y,,A,01,0,1,0,0,0,0,0,0,0,"- ","- ",36.249641418457031,-119.29627227783203,TULARE,UNINCORPORATED,-119.29623413085938,36.249763488769531
91553059,2021,2022-03-14,9480,2021-08-07,0110,020060,,6,3,9,5400,0,3,5,,2,003,"ROAD 112","AVENUE 176",5280.00,N,N,A,-,N,,,,,,,,,,Y,1,2,0,1,A,-,01,23152,A,N,E,I,A,A,H,-,D,D,0,,,,,Y,Y,A,01,0,0,0,0,0,0,0,0,0,"- ","- ",36.111289978027344,-119.32179260253906,TULARE,UNINCORPORATED,-119.32185363769531,36.123741149902344
91553825,2021,2021-08-25,9480,2021-08-20,1130,017108,,5,1,9,5400,0,1,3,,1,030,"STATE ROUTE 137","ROAD 68",0.00,,Y,A,-,Y,,,137,,,,,,,Y,4,0,2,2,A,-,09,21801,A,N,A,C,A,A,H,-,A,D,0,,,,,Y,,D,22,0,0,2,0,0,0,0,0,0,"- ","- ",36.203449249267578,-119.42115783691406,TULARE,UNINCORPORATED,-119.42115783691406,36.203475952148438
91561405,2021,2021-09-02,9480,2021-08-25,0850,016723,,3,1,9,5400,0,3,5,,2,002,"RIGGIN AVENUE","SHIRK ROAD",2640.00,W,N,A,-,N,,,,,,,,,,Y,4,0,1,1,A,-,08,22107,,N,E,I,A,A,H,-,A,D,0,,,,,Y,,D,22,0,0,1,0,0,0,0,0,0,"- ","- ",36.356449127197266,-119.37406158447266,TULARE,UNINCORPORATED,-119.37678527832031,36.356441497802734