CASE_ID,ACCIDENT_YEAR,PROC_DATE,JURIS,COLLISION_DATE,COLLISION_TIME,OFFICER_ID,REPORTING_DISTRICT,DAY_OF_WEEK,CHP_SHIFT,POPULATION,CNTY_CITY_LOC,SPECIAL_COND,BEAT_TYPE,CHP_BEAT_TYPE,CITY_DIVISION_LAPD,CHP_BEAT_CLASS,BEAT_NUMBER,PRIMARY_RD,SECONDARY_RD,DISTANCE,DIRECTION,INTERSECTION,WEATHER_1,WEATHER_2,STATE_HWY_IND,CALTRANS_COUNTY,CALTRANS_DISTRICT,STATE_ROUTE,ROUTE_SUFFIX,POSTMILE_PREFIX,POSTMILE,LOCATION_TYPE,RAMP_INTERSECTION,SIDE_OF_HWY,TOW_AWAY,COLLISION_SEVERITY,NUMBER_KILLED,NUMBER_INJURED,PARTY_COUNT,PRIMARY_COLL_FACTOR,PCF_CODE_OF_VIOL,PCF_VIOL_CATEGORY,PCF_VIOLATION,PCF_VIOL_SUBSECTION,HIT_AND_RUN,TYPE_OF_COLLISION,MVIW,PED_ACTION,ROAD_SURFACE,ROAD_COND_1,ROAD_COND_2,LIGHTING,CONTROL_DEVICE,CHP_ROAD_TYPE,PEDESTRIAN_ACCIDENT,BICYCLE_ACCIDENT,MOTORCYCLE_ACCIDENT,TRUCK_ACCIDENT,NOT_PRIVATE_PROPERTY,ALCOHOL_INVOLVED,STWD_VEHTYPE_AT_FAULT,CHP_VEHTYPE_AT_FAULT,COUNT_SEVERE_INJ,COUNT_VISIBLE_INJ,COUNT_COMPLAINT_PAIN,COUNT_PED_KILLED,COUNT_PED_INJURED,COUNT_BICYCLIST_KILLED,COUNT_BICYCLIST_INJURED,COUNT_MC_KILLED,COUNT_MC_INJURED,PRIMARY_RAMP,SECONDARY_RAMP,LATITUDE,LONGITUDE,COUNTY,CITY,POINT_X,POINT_Y
91757198,2022,2022-04-26,9480,2022-04-21,1015,018840,,4,1,4,5406,0,1,3,,2,093,"SR-99 S/B FROM TULARE AVE","TULARE AVE",400.00,N,N,B,C,Y,TUL,,99,,,29.673,H,,L,N,3,0,1,1,A,-,03,22350,,N,E,I,A,B,H,-,A,D,0,,,,,Y,,A,01,0,1,0,0,0,0,0,0,0,"- ","- ",36.212059020996094,-119.32894134521484,TULARE,TULARE,-119.32881164550781,36.212066650390625
91762929,2022,2022-05-03,9481,2022-04-25,1515,020238,,1,2,9,5400,0,3,5,,2,030,"AVENUE 88","ROAD 224",0.00,,Y,A,-,N,,,,,,,,,,Y,4,0,3,2,A,-,12,22450,A,N,D,C,A,A,H,-,A,A,0,,,,,Y,,A,07,0,0,3,0,0,0,0,0,0,"- ","- ",35.949649810791016,-119.07173156738281,TULARE,UNINCORPORATED,-119.07173919677734,35.949653625488281
91763226,2022,2022-05-03,9480,2022-04-25,1825,020837,,1,2,9,5400,0,3,5,,2,002,"AVENUE 388","ROAD 114",450.00,W,N,A,-,N,,,,,,,,,,N,4,0,2,2,A,-,09,21804,A,N,A,C,A,A,H,-,A,D,0,,,,,Y,,A,07,0,0,2,0,0,0,0,0,0,"- ","- ",36.494308471679688,-119.31954956054688,TULARE,UNINCORPORATED,-119.31962585449219,36.494304656982422
91763443,2022,2022-05-03,9480,2022-04-27,0745,016723,,3,1,9,5400,0,1,3,,1,064,"STATE ROUTE 198 WESTBOUND","SHIRK ROAD",45.00,E,N,A,-,Y,TUL,,198,,,5.767,H,,L,Y,4,0,1,2,A,-,03,22350,,N,C,2,A,A,H,-,A,D,0,,,,,Y,,D,22,0,0,1,0,0,0,0,0,0,"- ","- ",36.327239990234375,-119.36752319335938,TULARE,UNINCORPORATED,-119.36752319335938,36.327251434326172
91763653,2022,2022-05-03,9480,2022-04-27,1640,017291,,3,2,9,5400,0,3,5,,2,001,"ROAD 80","AVENUE 360",0.00,,Y,A,-,N,,,,,,,,,,N,4,0,1,2,A,-,03,22350,,N,C,C,A,A,H,-,C,D,0,,,,,Y,,A,01,0,0,1,0,0,0,0,0,0,"- ","- ",36.443920135498047,-119.39508819580078,TULARE,UNINCORPORATED,-119.39485168457031,36.443962097167969
91767105,2022,2022-05-09,9481,2022-04-26,1110,018595,,2,1,9,5400,0,3,5,,2,010,"AVENUE 184","ROAD 192",0.00,,Y,A,-,N,,,,,,,,,,Y,4,0,2,2,A,-,09,21802,A,N,D,C,A,A,H,-,A,D,0,,,,,Y,,D,22,0,0,2,0,0,0,0,0,0,"- ","- ",36.123809814453125,-119.14289093017578,TULARE,UNINCORPORATED,-119.14286041259766,36.123786926269531
91767312,2022,2022-05-09,9480,2022-04-23,1650,016995,,6,2,9,5400,0,3,5,,2,002,"ROAD 104","AVENUE 408",170.00,S,N,A,-,N,,,,,,,,,,Y,4,0,1,1,A,-,08,22107,,N,F,A,A,A,H,-,A,D,0,,,,,Y,,A,01,0,0,1,0,0,0,0,0,0,"- ","- ",36.530139923095703,-119.34069061279297,TULARE,UNINCORPORATED,-119.34053039550781,36.530235290527344
91768085,2022,2022-05-09,9480,2022-05-01,1545,018840,,7,2,9,5400,0,1,3,,2,091,"SR-99 S/B","BETTY DR",4752.00,N,N,A,-,Y,,,,,,,,,,Y,4,0,2,1,A,-,08,22107,,N,E,I,A,A,H,-,A,D,0,,,,,Y,,D,22,0,0,2,0,0,0,0,0,0,"- ","- ",33.362789154052734,-119.42965698242188,TULARE,UNINCORPORATED,-119.42726898193359,36.351070404052734
91774141,2022,2022-05-17,9480,2022-05-13,1948,021044,,5,2,9,5400,0,1,3,,2,093,"SR-99 N/B","CARTMILL AVE",2112.00,S,N,A,-,Y,TUL,,99,,,31.025,H,,R,N,3,0,1,2,A,-,07,21658,A,F,B,2,A,A,H,-,B,D,0,,,,,Y,,-,99,0,1,0,0,0,0,0,0,0,"- ","- ",36.230018615722656,-119.33805847167969,TULARE,UNINCORPORATED,-119.33802032470703,36.230037689208984
91775407,2022,2022-05-18,9481,2022-05-17,0930,015290,,2,1,9,5400,0,2,4,,1,031,"AVENUE 152","ROAD 208",2640.00,W,N,A,-,N,,,,,,,,,,Y,4,0,1,1,A,-,08,22107,,N,E,I,A,A,H,-,A,D,0,,,,,Y,,A,01,0,0,1,0,0,0,0,0,0,"- ","- ",36.065898895263672,-119.11717224121094,TULARE,UNINCORPORATED,-119.11642456054688,36.065814971923828
91778335,2022,2022-05-23,9480,2022-05-13,1325,016995,,5,1,9,5400,0,3,5,,2,006,"ROAD 152","AVENUE 236",60.00,S,N,A,-,N,,,,,,,,,,Y,3,0,2,1,A,-,08,22107,,N,E,I,A,A,H,-,A,D,0,,,,,Y,,A,07,0,1,1,0,0,0,0,0,0,"- ","- ",36.217990875244141,-119.23356628417969,TULARE,UNINCORPORATED,-119.23350524902344,36.218013763427734
91779976,2022,2022-05-25,9480,2022-05-18,0525,013914,,3,3,9,5400,0,3,5,,2,006,"ROAD 204","AVENUE 264",0.00,,Y,A,-,N,,,,,,,,,,Y,3,0,1,2,A,-,09,21801,A,N,D,C,A,A,H,-,D,D,0,,,,,Y,,E,22,0,1,0,0,0,0,0,0,0,"- ","- ",36.268341064453125,-119.11814880371094,TULARE,UNINCORPORATED,-119.11820220947266,36.267913818359375
91784801,2022,2022-05-31,9480,2022-05-25,1600,019846,,3,2,9,5400,0,1,3,,1,044,"SR-198 WESTBOUND","HORSE CREEK CAMPGROUND ENTRANCE (HORSE CREEK RD.)",0.00,,Y,A,-,Y,TUL,,198,,,32.777,H,,L,N,2,0,1,1,C,-,18,,,N,F,A,A,A,D,-,A,D,0,,,Y,,Y,,-,"- ",1,0,0,0,0,0,0,0,1,"- ","- ",36.389678955078125,-118.95848083496094,TULARE,UNINCORPORATED,-118.95846557617188,36.389698028564453
91785475,2022,2022-06-01,9480,2022-05-22,0300,021370,,7,3,9,5400,0,1,3,,2,095,"ROAD 144","AVENUE 40",528.00,S,N,A,-,N,,,,,,,,,,Y,3,0,1,1,A,-,01,23152,A,N,F,I,A,A,H,-,D,D,0,,,,,Y,Y,A,01,0,1,0,0,0,0,0,0,0,"- ","- ",35.861080169677734,-119.25018310546875,TULARE,UNINCORPORATED,-119.2503662109375,35.861362457275391
91785838,2022,2022-06-01,9481,2022-05-28,0944,018595,,6,1,9,5400,0,3,5,,2,050,"ROAD 248","DEER CREEK BRIDGE",1076.00,S,N,A,-,N,,,,,,,,,,Y,2,0,1,1,A,-,01,23152,A,N,E,I,A,A,H,-,A,D,0,,,,,Y,Y,A,01,1,0,0,0,0,0,0,0,0,"- ","- ",35.989570617675781,-119.01799774169922,TULARE,UNINCORPORATED,,
91789226,2022,2022-06-06,9481,2022-06-01,1808,021687,,3,2,9,5400,0,3,5,,2,010,"ROAD 208","AVENUE 152",2112.00,N,N,A,-,N,,,,,,,,,,Y,3,0,1,1,A,-,01,23152,A,M,E,I,A,A,H,-,A,D,0,,,,,Y,Y,A,01,0,1,0,0,0,0,0,0,0,"- ","- ",36.071361541748047,-119.10746002197266,TULARE,UNINCORPORATED,-119.10749816894531,36.071586608886719
91789241,2022,2022-06-06,9480,2022-03-04,2149,018861,,5,2,9,5400,0,1,3,,2,091,"STATE ROUTE 99 SOUTHBOUND","BETTY DRIVE",5808.00,N,N,B,C,Y,TUL,,99,,,41.812,H,,L,Y,3,0,1,2,A,-,03,22350,,N,D,D,A,B,H,-,D,D,0,,,,,Y,,A,01,0,1,0,0,0,0,0,0,0,"- ","- ",36.365028381347656,-119.43063354492188,TULARE,UNINCORPORATED,-119.43069458007812,36.365001678466797
9178988,2020,2020-12-05,5407,2020-10-07,1513,M201,480,3,5,5,5407,0,0,0,,0,,"S DEMAREE ST",EVERGREEN,20.00,N,N,A,-,N,,,,,,,,,,N,4,0,1,2,A,-,09,21804,A,N,B,C,A,A,H,-,A,A,0,,,,,Y,,D,22,0,0,1,0,0,0,0,0,0,"- ","- ",36.307960510253906,-119.33161926269531,TULARE,VISALIA,-119.33161163330078,36.307224273681641
9179296,2020,2020-12-07,5407,2020-10-11,2047,A339,480,7,5,5,5407,0,0,0,,0,034,"S MC AULIFF ST","E WALNUT AV",0.00,,Y,A,-,N,,,,,,,,,,Y,2,0,4,3,A,-,01,23152,A,N,D,C,A,A,H,-,B,A,0,,,,,Y,Y,A,01,2,1,1,0,0,0,0,0,0,"- ","- ",,,TULARE,VISALIA,-119.25164031982422,36.312660217285156
9179302,2020,2020-12-09,5407,2020-10-19,2037,A325,,1,5,5,5407,0,0,0,,0,034,"S MOONEY BL","W CALDWELL AV",0.00,,Y,A,-,N,,,,,,,,,,Y,4,0,1,2,A,-,12,21453,A,N,D,C,A,A,H,-,C,A,0,,,,,Y,,A,01,0,0,1,0,0,0,0,0,0,"- ","- ",36.298778533935547,-119.31336975097656,TULARE,VISALIA,-119.31375122070312,36.298561096191406
9179382,2020,2020-12-04,5407,2020-10-01,1615,C51,480,4,5,5,5407,0,0,0,,0,N25,"W HOUSTON AV","N JACOB ST",0.00,,Y,A,-,N,,,,,,,,,,Y,4,0,1,2,A,-,09,21801,A,N,A,C,A,A,H,-,A,A,0,,,,,Y,,A,01,0,0,1,0,0,0,0,0,0,"- ","- ",36.341850280761719,-119.30225372314453,TULARE,VISALIA,-119.30220031738281,36.341861724853516
91796607,2022,2022-06-16,9481,2022-06-08,2055,018029,,3,2,9,5400,0,1,3,,1,032,SR-190,"ROAD 152",0.00,,Y,A,-,Y,TUL,,190,,,4.429,H,,R,Y,4,0,1,1,A,-,08,22107,,N,E,I,A,A,H,-,C,A,0,,,,,Y,,A,07,0,0,1,0,0,0,0,0,0,"- ","- ",36.051399230957031,-119.23259735107422,TULARE,UNINCORPORATED,-119.23259735107422,36.051334381103516
9179691,2020,2020-11-10,5407,2020-09-21,2217,A323,480,1,5,5,5407,0,0,0,,0,012,"S DEMAREE ST","VISALIA PKWY",63.00,N,N,A,-,N,,,,,,,,,,Y,4,0,3,4,A,-,03,22350,,N,C,C,A,A,H,-,C,A,0,,,,,Y,,A,01,0,0,3,0,0,0,0,0,0,"- ","- ",36.291191101074219,-119.33145904541016,TULARE,VISALIA,-119.3314208984375,36.29144287109375
91802910,2022,2022-06-24,9480,2022-06-16,0613,019427,,4,1,9,5400,0,1,3,,2,095,"STATE ROUTE 99 (NORTHBOUND)","AVENUE 120",50.00,N,N,A,-,Y,TUL,,99,,,15.393,H,,R,N,3,0,1,2,A,-,08,22107,,N,B,C,A,A,H,-,A,D,0,,,,Y,Y,,A,07,0,1,0,0,0,0,0,0,0,"- ","- ",36.008029937744141,-119.30190277099609,TULARE,UNINCORPORATED,-119.30185699462891,36.008037567138672
91804002,2022,2022-06-27,9480,2022-05-22,1545,020890,,7,2,9,5400,0,3,5,,2,002,"AVENUE 456","ROAD 120 (HILLS VALLEY ROAD)",0.00,,Y,A,-,N,,,,,,,,,,Y,2,0,5,2,A,-,09,21802,A,N,D,C,A,A,H,-,A,A,0,,,,,Y,,A,01,3,2,0,0,0,0,0,0,0,"- ","- ",36.617160797119141,-119.30484008789062,TULARE,UNINCORPORATED,,
91805635,2022,2022-06-29,9481,2022-06-20,1420,020273,,1,2,9,5400,0,3,5,,2,050,"ROAD 248","AVENUE 88",528.00,S,N,A,-,N,,,,,,,,,,N,2,0,1,1,A,-,01,23152,A,N,E,I,A,A,H,-,A,D,0,,,,,Y,Y,A,01,1,0,0,0,0,0,0,0,0,"- ","- ",35.947780609130859,-119.01820373535156,TULARE,UNINCORPORATED,-119.01808929443359,35.948101043701172
9180614,2020,2020-11-18,5407,2020-09-15,1630,A291,480,2,5,5,5407,0,0,0,,0,,"S AKERS ST","W WALNUT AV",0.00,,Y,A,-,N,,,,,,,,,,Y,3,0,1,3,A,-,12,21453,A,F,D,C,A,A,H,-,A,A,0,,,,,Y,,A,01,0,1,0,0,0,0,0,0,0,"- ","- ",36.312770843505859,-119.34954071044922,TULARE,VISALIA,-119.34963226318359,36.312759399414062
9180619,2020,2020-11-18,5407,2020-09-30,0700,M194,480,3,5,5,5407,0,0,0,,0,025,HOUSTON,"COUNTY CENTER",32.00,W,N,A,-,N,,,,,,,,,,Y,4,0,1,1,A,-,05,21650,,N,E,I,A,A,H,-,A,A,0,,,,,Y,,A,01,0,0,1,0,0,0,0,0,0,"- ","- ",36.341949462890625,-119.32308959960938,TULARE,VISALIA,-119.32321166992188,36.341930389404297
91810655,2022,2022-07-05,9480,2022-06-26,1835,020890,,7,2,9,5400,0,1,3,,2,095,"STATE ROUTE 99 (SOUTHBOUND)","AVENUE 48",2112.00,S,N,A,-,Y,TUL,,99,,,5.800,H,,R,Y,2,0,1,1,A,-,01,23152,A,N,E,I,A,A,H,-,A,D,0,,,,,Y,Y,D,22,1,0,0,0,0,0,0,0,0,"- ","- ",35.872409820556641,-119.27073669433594,TULARE,UNINCORPORATED,-119.27055358886719,35.872398376464844
91811341,2022,2022-07-06,9481,2022-07-02,1545,019422,,6,2,9,5400,0,1,3,,1,012,"LINDMORE ST.","STATE ROUTE 65 (NORTHBOUND)",0.00,,Y,A,-,Y,TUL,,65,,,28.922,H,,R,Y,4,0,1,2,A,-,09,21802,A,N,D,C,A,A,H,-,A,A,0,,,,,Y,,A,08,0,0,1,0,0,0,0,0,0,"- ","- ",36.195968627929688,-119.09963226318359,TULARE,UNINCORPORATED,-119.09961700439453,36.195976257324219
91816089,2022,2022-08-08,9480,2022-07-09,2125,021044,,6,2,9,5400,0,3,5,,2,001,"ROAD 64","AVENUE 430",1056.00,S,N,A,-,N,,,,,,,,,,N,1,1,0,2,A,-,08,22107,,N,D,C,A,A,H,-,D,D,0,,Y,,,Y,,L,04,0,0,0,0,0,1,0,0,0,"- ","- ",36.568508148193359,-119.43061828613281,TULARE,UNINCORPORATED,-119.4305419921875,36.568714141845703
91824419,2022,2022-07-25,9481,2022-07-21,1535,020238,,4,2,9,5400,0,1,3,,1,053,"STATE ROUE 190","PLEASANT OAKS DRIVE",3696.00,W,N,A,-,N,,,,,,,,,,Y,4,0,1,2,A,-,03,22350,,N,C,C,A,A,H,-,A,D,0,,,,,Y,,A,08,0,0,1,0,0,0,0,0,0,"- ","- ",36.092369079589844,-118.88127136230469,TULARE,UNINCORPORATED,,
91831057,2022,2022-08-02,9480,2022-07-15,0900,019697,,5,1,9,5400,0,3,5,,2,005,"AVENUE 56","VALENTI RD.",71.00,E,N,A,-,N,,,,,,,,,,Y,3,0,2,2,A,-,03,22350,,N,D,F,A,A,H,-,A,A,0,,,,,Y,,A,01,0,2,0,0,0,0,0,0,0,"- ","- ",35.891868591308594,-119.27644348144531,TULARE,UNINCORPORATED,-119.2764892578125,35.891891479492188
91832057,2022,2022-08-03,9480,2022-07-24,1950,019349,,7,2,9,5400,0,3,5,,2,003,"ROAD 128","AVE 164",12.00,S,N,A,-,N,,,,,,,,,,Y,3,0,1,1,A,-,01,23152,A,N,F,A,A,A,H,-,A,D,0,,,,,Y,Y,A,01,0,1,0,0,0,0,0,0,0,"- ","- ",36.087360382080078,-119.28620147705078,TULARE,UNINCORPORATED,-119.28634643554688,36.087398529052734
91834936,2022,2022-08-08,9481,2022-07-30,1510,018113,,6,2,9,5400,0,3,5,,2,020,"N PLANO STREET","E REID AVENUE",2536.00,N,N,A,-,N,,,,,,,,,,Y,2,0,3,1,A,-,01,23152,A,N,F,A,A,A,H,-,A,A,0,,,,,Y,Y,D,22,2,1,0,0,0,0,0,0,0,"- ","- ",36.103309631347656,-119.00879669189453,TULARE,UNINCORPORATED,-119.00887298583984,36.103309631347656
91837977,2022,2022-08-11,9480,2022-08-04,0055,020612,,4,3,9,5400,0,1,3,,2,095,"STATE ROUTE 99 NORTHBOUND","AVENUE 76",1850.00,N,N,A,-,Y,TUL,,99,,,34.299,H,,R,N,2,0,1,1,A,-,01,23152,A,N,E,I,A,A,H,-,D,D,0,,,,,Y,Y,D,22,1,0,0,0,0,0,0,0,0,"- ","- ",36.271080017089844,-119.36717987060547,TULARE,UNINCORPORATED,-119.36729431152344,36.271026611328125
91842212,2022,2022-08-17,9481,2022-08-14,0315,016776,,7,3,9,5400,0,3,5,,2,010,"ROAD 208","AVENUE 152",2030.00,N,N,A,-,N,,,,,,,,,,Y,3,0,2,1,A,-,01,23152,A,N,E,I,A,A,H,-,D,D,0,,,,,Y,Y,A,01,0,2,0,0,0,0,0,0,0,"- ","- ",36.071338653564453,-119.10778045654297,TULARE,UNINCORPORATED,-119.10749816894531,36.071361541748047
9184448,2020,2021-01-11,5407,2020-10-27,1834,A285,480,2,5,5,5407,0,0,0,,0,N25,"W HOUSTON","N GIDDINGS",78.00,W,N,A,-,N,,,,,,,,,,Y,3,0,1,3,A,-,09,21801,A,N,D,C,A,A,H,-,C,A,0,,,,,Y,,D,22,0,1,0,0,0,0,0,0,0,"- ","- ",,,TULARE,VISALIA,-119.30587768554688,36.341884613037109
91848997,2022,2022-08-25,9481,2022-08-15,1555,018029,,1,2,9,5400,0,1,3,,1,053,"SR-190 EASTBOUND","PLANO STREET",982.00,W,N,A,-,Y,TUL,,190,,,16.766,H,,R,Y,3,0,2,3,A,-,03,22350,,N,C,C,A,A,H,-,A,A,0,,,,,Y,,A,07,0,2,0,0,0,0,0,0,0,"- ","- ",36.051048278808594,-119.01183319091797,TULARE,UNINCORPORATED,-119.01183319091797,36.051006317138672
91856465,2022,2022-09-02,9480,2022-08-30,0737,013914,,2,1,9,5400,1,3,5,,2,001,"AVENUE 394","18TH AVENUE / ROAD 12",0.00,,Y,A,-,N,,,,,,,,,,Y,3,0,1,2,A,-,09,21802,A,N,D,C,A,A,H,-,A,A,0,,,,,Y,,H,13,0,1,0,0,0,0,0,0,0,"- ","- ",36.505760192871094,-119.54798126220703,TULARE,UNINCORPORATED,,
91858164,2022,2022-09-06,9480,2022-08-27,0231,019828,,6,3,9,5400,0,3,5,,2,001,"RD. 68","AVE. 304",1056.00,S,N,A,-,N,,,,,,,,,,Y,4,0,1,1,A,-,01,23152,A,N,E,I,A,A,H,-,D,D,0,,,,,Y,Y,A,01,0,0,1,0,0,0,0,0,0,"- ","- ",36.339130401611328,-119.42147827148438,TULARE,UNINCORPORATED,-119.42140960693359,36.338783264160156
91858889,2022,2022-09-07,9480,2022-08-27,1934,020890,,6,2,9,5400,0,3,5,,2,005,"AVENUE 56","THOMPSON ROAD",0.00,,Y,A,-,N,,,,,,,,,,N,4,0,3,2,A,-,09,21802,A,N,D,C,A,A,H,-,A,A,0,,,,,Y,,D,22,0,0,3,0,0,0,0,0,0,"- ","- ",35.891868591308594,-119.26413726806641,TULARE,UNINCORPORATED,-119.26416015625,35.891891479492188
91862026,2022,2022-09-12,9480,2022-09-04,1702,018840,,7,2,9,5400,0,1,3,,1,030,SR-137,"AVE 199",2270.00,S,N,A,-,Y,TUL,,137,,,2.484,H,,R,N,3,0,1,1,A,-,01,23152,A,N,E,I,A,A,H,-,A,D,0,,,,,Y,Y,D,22,0,1,0,0,0,0,0,0,0,"- ","- ",36.143951416015625,-119.50459289550781,TULARE,UNINCORPORATED,-119.50457763671875,36.143951416015625
91862466,2022,2022-09-12,9480,2022-09-06,0730,016046,,2,1,9,5400,0,3,5,,2,006,"AVENUE 248","ROAD 140",528.00,W,N,A,-,N,,,,,,,,,,Y,4,0,1,1,A,-,08,22107,,N,E,A,A,A,H,-,A,D,0,,,,,Y,,A,07,0,0,1,0,0,0,0,0,0,"- ","- ",36.240310668945312,-119.26413726806641,TULARE,UNINCORPORATED,-119.26233673095703,36.240367889404297
91862728,2022,2022-09-12,9480,2022-09-06,1730,020837,,2,2,9,5400,0,1,3,,2,095,"STATE ROUTE 99 NORTHBOUND","COUNTY LINE ROAD",1584.00,N,N,A,-,Y,TUL,,99,,,0.300,H,,R,Y,3,0,1,1,A,-,08,22107,,N,E,I,A,A,H,-,A,D,0,,,,,Y,,A,01,0,1,0,0,0,0,0,0,0,"- ","- ",35.794269561767578,-119.25330352783203,TULARE,UNINCORPORATED,-119.25318908691406,35.794292449951172
91863437,2022,2022-09-13,9420,2022-09-04,0115,018030,,7,3,9,5400,0,3,5,,2,030,"MOUNTAIN 99","BULL RUN ROAD",5280.00,N,N,B,-,N,,,,,,,,,,N,3,0,1,1,A,-,08,22107,,N,F,A,A,B,H,-,D,D,0,,,,,Y,,A,01,0,1,0,0,0,0,0,0,0,"- ","- ",35.802391052246094,-118.45147705078125,TULARE,UNINCORPORATED,,
91866372,2022,2022-09-16,9480,2022-09-07,1650,017291,,3,2,9,5400,0,1,3,,2,091,"STATE ROUTE 99 (SOUTHBOUND)","BETTY DR",1584.00,N,N,A,-,Y,TUL,,99,,,40.819,H,,L,N,4,0,1,2,A,-,08,22107,,N,E,I,A,A,H,-,A,D,0,,,,,Y,,A,01,0,0,1,0,0,0,0,0,0,"- ","- ",36.350860595703125,-119.42729949951172,TULARE,UNINCORPORATED,-119.42719268798828,36.35089111328125
91868834,2022,2022-09-20,9481,2022-09-09,2045,019162,,5,2,9,5400,0,1,3,,1,054,"STATE ROUTE 190","PINE WAY",11616.00,E,N,B,-,Y,TUL,,190,,,54.544,H,,R,Y,3,0,1,1,A,-,08,22107,,N,F,A,A,A,H,-,D,D,0,,,,,Y,,A,01,0,1,0,0,0,0,0,0,0,"- ","- ",36.140129089355469,-118.56236267089844,TULARE,UNINCORPORATED,-118.56224822998047,36.140064239501953
91880819,2022,2022-10-03,9481,2022-10-01,1945,019422,,6,2,9,5400,0,2,4,,1,021,"ORANGE BELT DRIVE","AVENUE 184",0.00,,Y,A,-,N,,,,,,,,,,Y,4,0,1,3,A,-,03,22350,,N,C,C,A,A,H,-,C,D,0,,,,,Y,,D,22,0,0,1,0,0,0,0,0,0,"- ","- ",36.123538970947266,-119.04959869384766,TULARE,UNINCORPORATED,-119.04959869384766,36.123607635498047
91881492,2022,2022-10-04,9480,2022-09-29,1645,019846,,4,2,5,5407,0,1,3,,1,064,"SR-198 (E/B)","BEN MADDOX WAY OVERCROSSING",309.00,W,N,A,-,Y,TUL,,198,,R,10.668,H,,R,Y,4,0,1,1,A,-,08,22107,,N,F,A,A,A,H,-,A,D,0,,,,,Y,,A,01,0,0,1,0,0,0,0,0,0,"- ","- ",36.326740264892578,-119.27971649169922,TULARE,VISALIA,-119.27972412109375,36.326736450195312
91881689,2022,2022-10-04,9480,2022-10-01,1640,020060,,6,2,9,5400,0,1,3,,2,093,"STATE ROUTE 99 S/B","TIPTON OVERPASS",250.00,N,N,A,-,Y,TUL,,99,,,19.021,H,,L,Y,4,0,2,2,A,-,08,22107,,N,B,C,A,A,C,-,A,D,0,,,,,Y,,A,01,0,0,2,0,0,0,0,0,0,"- ","- ",36.059761047363281,-119.31230926513672,TULARE,UNINCORPORATED,-119.31231689453125,36.059757232666016
91886627,2022,2022-10-10,9481,2022-09-29,1620,021234,,4,2,9,5400,0,1,3,,1,053,"STATE ROUTE 190 EASTBOUND","MAIN STREET",1056.00,E,N,A,-,Y,TUL,,190,,,16.695,H,,R,Y,2,0,5,4,A,-,03,22350,,N,C,C,A,A,H,-,A,A,0,,,,,Y,,A,01,1,0,4,0,0,0,0,0,0,"- ","- ",36.051021575927734,-119.01309967041016,TULARE,UNINCORPORATED,-119.01309967041016,36.051002502441406
91888159,2022,2022-10-12,9480,2022-10-05,0750,016723,,3,1,9,5400,0,3,5,,2,005,"E. SCHOOL AVENUE","S. CHURCH ROAD",0.00,,Y,A,-,N,,,,,,,,,,N,4,0,1,2,A,-,10,21950,A,N,G,B,B,A,H,-,A,A,0,Y,,,,Y,,A,08,0,0,1,0,1,0,0,0,0,"- ","- ",35.881050109863281,-119.26811981201172,TULARE,UNINCORPORATED,-119.26817321777344,35.881057739257812
91888719,2022,2022-10-12,9480,2022-10-09,1300,018202,,7,1,9,5400,0,3,5,,2,006,"RD 192","AVE 256",1067.00,N,N,A,-,N,,,,,,,,,,Y,4,0,1,1,A,-,08,22107,,N,F,A,A,A,H,-,A,D,0,,,,,Y,,A,01,0,0,1,0,0,0,0,0,0,"- ","- ",36.256721496582031,-119.145263671875,TULARE,UNINCORPORATED,-119.14524841308594,36.256618499755859
91889232,2021,2022-10-13,9480,2021-12-30,0130,020890,,4,3,9,5400,0,3,5,,2,006,"AVENUE 432 (FLORAL AVENUE)","PORTER AVENUE",0.00,,Y,B,-,N,,,,,,,,,,Y,1,1,1,1,A,-,01,23152,A,N,E,I,A,B,H,-,D,A,0,,,,,Y,Y,A,01,1,0,0,0,0,0,0,0,0,"- ","- ",36.574420928955078,-119.36808776855469,TULARE,UNINCORPORATED,-119.36808000000001,36.574539000000001
91893311,2022,2022-12-13,9480,2022-08-25,1539,018840,,4,2,9,5400,0,1,3,,1,010,"STATE ROUTE 201 (AVENUE 400)","ROAD 24",0.00,,Y,A,-,Y,TUL,,201,,,0.898,H,,R,Y,1,1,0,2,A,-,09,21802,A,N,D,C,A,A,H,-,A,A,0,,,Y,,Y,,D,22,0,0,0,0,0,0,0,1,0,"- ","- ",36.517898559570312,-119.52114105224609,TULARE,UNINCORPORATED,-119.52114105224609,36.517871856689453
91896099,2022,2022-10-21,9480,2022-10-11,1050,012900,,2,1,9,5400,0,3,5,,2,001,"ROAD 112","AVENUE 152",0.00,,Y,A,-,N,,,,,,,,,,N,3,0,1,2,A,-,09,21802,A,N,D,C,A,A,H,-,A,A,0,,,,,Y,,D,22,0,1,0,0,0,0,0,0,0,"- ","- ",36.065750122070312,-119.32192230224609,TULARE,UNINCORPORATED,-119.32192230224609,36.065727233886719