CASE_ID,ACCIDENT_YEAR,PROC_DATE,JURIS,COLLISION_DATE,COLLISION_TIME,OFFICER_ID,REPORTING_DISTRICT,DAY_OF_WEEK,CHP_SHIFT,POPULATION,CNTY_CITY_LOC,SPECIAL_COND,BEAT_TYPE,CHP_BEAT_TYPE,CITY_DIVISION_LAPD,CHP_BEAT_CLASS,BEAT_NUMBER,PRIMARY_RD,SECONDARY_RD,DISTANCE,DIRECTION,INTERSECTION,WEATHER_1,WEATHER_2,STATE_HWY_IND,CALTRANS_COUNTY,CALTRANS_DISTRICT,STATE_ROUTE,ROUTE_SUFFIX,POSTMILE_PREFIX,POSTMILE,LOCATION_TYPE,RAMP_INTERSECTION,SIDE_OF_HWY,TOW_AWAY,COLLISION_SEVERITY,NUMBER_KILLED,NUMBER_INJURED,PARTY_COUNT,PRIMARY_COLL_FACTOR,PCF_CODE_OF_VIOL,PCF_VIOL_CATEGORY,PCF_VIOLATION,PCF_VIOL_SUBSECTION,HIT_AND_RUN,TYPE_OF_COLLISION,MVIW,PED_ACTION,ROAD_SURFACE,ROAD_COND_1,ROAD_COND_2,LIGHTING,CONTROL_DEVICE,CHP_ROAD_TYPE,PEDESTRIAN_ACCIDENT,BICYCLE_ACCIDENT,MOTORCYCLE_ACCIDENT,TRUCK_ACCIDENT,NOT_PRIVATE_PROPERTY,ALCOHOL_INVOLVED,STWD_VEHTYPE_AT_FAULT,CHP_VEHTYPE_AT_FAULT,COUNT_SEVERE_INJ,COUNT_VISIBLE_INJ,COUNT_COMPLAINT_PAIN,COUNT_PED_KILLED,COUNT_PED_INJURED,COUNT_BICYCLIST_KILLED,COUNT_BICYCLIST_INJURED,COUNT_MC_KILLED,COUNT_MC_INJURED,PRIMARY_RAMP,SECONDARY_RAMP,LATITUDE,LONGITUDE,COUNTY,CITY,POINT_X,POINT_Y
92243822,2023,2023-11-24,9480,2023-11-21,"600 ",016233,,2,1,9,5400,0,3,5,,2,006,"RD. 216","AVE 240",0.00,,Y,A,-,N,,,,,,,,,,Y,3,0,3,2,A,-,09,21801,A,N,D,C,A,A,H,-,D,D,0,,,,,Y,,A,01,0,1,2,0,0,0,0,0,0,"- ","- ",36.224319458007812,-119.09174346923828,TULARE,UNINCORPORATED,-119.09170532226562,36.224315643310547
92243825,2023,2023-11-24,9480,2023-11-12,1800,020926,,7,2,9,5400,0,1,3,,1,063,"SR-63 S/B","AVENUE 428",426.00,N,N,A,-,Y,TUL,,63," ",R,25.286,H,,L,Y,4,0,2,2,A,-,08,22107,,N,D,C,A,A,H,-,D,D,0,,,,,Y,,A,01,0,0,2,0,0,0,0,0,0,"- ","- ",36.56964111328125,-119.28713226318359,TULARE,UNINCORPORATED,-119.28713226318359,36.56964111328125
9225861,2021,2021-03-12,5406,2021-01-20,1709,86,5406,3,5,4,5406,0,0,0,,0,0WS,H,MAPLE,120.00,S,N,A,-,N,,,,,,,,,,Y,4,0,1,2,A,-,09,21801,A,N,D,C,A,A,H,-,A,D,0,,,Y,,Y,,A,01,0,0,1,0,0,0,0,0,1,"- ","- ",,,TULARE,TULARE,-119.35219573974609,36.214767456054688
92258709,2023,2023-12-11,9481,2023-12-11,"240 ",020917,,1,3,9,5400,0,3,5,,2,010,"AVENUE 160","REDONDO STREET",1050.00,W,N,A,-,N,,,,,,,,,,Y,4,0,1,1,A,-,08,22107,,N,E,I,A,A,H,-,D,D,0,,,,,Y,,A,01,0,0,1,0,0,0,0,0,0,"- ","- ",36.080398559570312,-119.08120727539062,TULARE,UNINCORPORATED,,
92261162,2023,2023-12-13,9481,2023-12-04,1414,021903,,1,2,9,5400,0,2,4,,1,031,"AVENUE 152","ROAD 208",990.00,E,N,A,-,N,,,,,,,,,,N,4,0,1,2,A,-,03,22350,,N,C,C,A,A,H,-,A,D,0,,,Y,,Y,,C,02,0,0,1,0,0,0,0,0,1,"- ","- ",36.065830230712891,-119.10411071777344,TULARE,UNINCORPORATED,-119.10415649414062,36.065784454345703
92262004,2023,2023-12-14,9481,2023-12-04,1425,018029,,1,2,9,5400,0,1,3,,1,032,SR-190,"ROAD 208",0.00,,Y,A,-,Y,TUL,,190," "," ",11.412,H,,R,Y,2,0,3,2,A,-,09,21802,A,N,D,C,A,A,H,-,A,A,0,,,,,Y,,A,01,1,1,1,0,0,0,0,0,0,"- ","- ",36.051189422607422,-119.10746002197266,TULARE,UNINCORPORATED,-119.10746002197266,36.05120849609375
92267142,2023,2023-12-20,9481,2023-12-12,1818,021903,,2,2,9,5400,0,1,3,,1,032,SR-190,"ROAD 194",1285.00,E,N,A,-,Y,TUL,,190," "," ",9.956,H,,R,Y,4,0,1,2,A,-,03,22350,,N,C,C,A,A,H,-,D,D,0,,,,,Y,,A,01,0,0,1,0,0,0,0,0,0,"- ","- ",36.051239013671875,-119.13433837890625,TULARE,UNINCORPORATED,-119.13433837890625,36.051246643066406
92268384,2023,2023-12-21,9481,2023-12-20,2257,016776,,3,3,9,5400,0,1,3,,1,012,"STATE ROUTE 65 NORTHBOUND","AVENUE 184",300.00,S,N,C,-,Y,TUL,,65," "," ",23.236,H,,R,N,4,0,1,1,A,-,08,22107,,N,E,I,A,B,H,-,C,D,0,,,,,Y,,A,07,0,0,1,0,0,0,0,0,0,"- ","- ",36.122379302978516,-119.05458831787109,TULARE,UNINCORPORATED,-119.05465698242188,36.122348785400391
92271543,2023,2023-12-26,9480,2023-12-14,"800 ",018861,,4,1,9,5400,0,1,3,,2,095,"SR-99 S/B","AVENUE 76",2259.00,N,N,A,-,Y,TUL,,99," "," ",10.167,H,,L,N,4,0,1,1,A,-,08,22107,,N,E,I,A,A,H,-,A,D,0,,,,,Y,,A,01,0,0,1,0,0,0,0,0,0,"- ","- ",35.934120178222656,-119.28471374511719,TULARE,UNINCORPORATED,-119.28483581542969,35.934074401855469
92271991,2023,2023-12-27,9480,2023-12-18,2312,017452,,1,3,9,5400,0,1,3,,1,021,"SR-63 (ROAD 124)","AVENUE 368",0.00,,Y,B,-,N,,,,,,,,,,Y,2,0,3,2,A,-,12,22450,A,N,D,C,A,B,H,-,C,A,0,,,,,Y,,D,22,1,1,1,0,0,0,0,0,0,"- ","- ",,,TULARE,UNINCORPORATED,-119.29543304443359,36.457729339599609
92272142,2023,2023-12-27,9481,2023-12-18,1914,021903,,1,2,9,5400,0,3,5,,2,050,"S. CONNER STREET","TYLER AVENUE",0.00,,Y,C,-,N,,,,,,,,,,Y,4,0,3,2,A,-,12,22450,A,M,D,C,A,B,H,-,D,A,0,,,,,Y,,A,08,0,0,3,0,0,0,0,0,0,"- ","- ",36.059780120849609,-118.98612213134766,TULARE,UNINCORPORATED,-118.98611450195312,36.059795379638672
92275178,2023,2023-12-29,9480,2023-12-26,1255,016233,,2,1,9,5400,0,3,5,,2,006,"AVE. 256","RD 152",0.00,,Y,A,-,N,,,,,,,,,,Y,4,0,1,1,A,-,08,22107,,N,E,I,A,A,H,-,A,D,0,,,,,Y,,A,01,0,0,1,0,0,0,0,0,0,"- ","- ",36.254570007324219,-119.23368835449219,TULARE,UNINCORPORATED,-119.23367309570312,36.254447937011719
9227924,2021,2021-04-06,5405,2021-03-03,1100,246,SEC3,3,5,4,5405,0,0,0,,0,003,"D ST","MILL AV",6.00,S,N,A,-,N,,,,,,,,,,N,3,0,1,2,A,-,10,21950,A,N,G,B,B,A,H,-,A,D,0,Y,,,,Y,Y,I,11,0,1,0,0,1,0,0,0,0,"- ","- ",36.068630218505859,-119.01775360107422,TULARE,PORTERVILLE,-119.01844787597656,36.068843841552734
92279252,2024,2024-01-04,9480,2024-01-03,1430,017108,,3,2,5,5407,0,1,3,,1,064,"STATE ROUTE 198 EASTBOUND","LOCUST STREET",330.00,W,N,A,-,Y,TUL,,198," ",R,9.839,H,,R,Y,4,0,1,3,A,-,03,22350,,M,C,C,A,A,H,-,A,D,0,,,,,Y,,A,07,0,0,1,0,0,0,0,0,0,"- ","- ",36.326820373535156,-119.29460906982422,TULARE,VISALIA,-119.29460906982422,36.32684326171875
92283604,2024,2024-01-10,9481,2024-01-02,1800,019578,,2,2,9,5400,0,3,5,,2,050,"ROAD 238","AVENUE 120",75.00,S,N,A,-,N,,,,,,,,,,N,4,0,1,2,A,-,03,22350,,N,C,C,A,A,H,-,D,D,0,,,,Y,Y,,A,01,0,0,1,0,0,0,0,0,0,"- ","- ",36.007469177246094,-119.03469848632812,TULARE,UNINCORPORATED,-119.03462982177734,36.007503509521484
92287954,2024,2024-01-16,9480,2024-01-03,1840,021682,,3,2,9,5400,0,3,5,,2,002,"ROAD 127","AVENUE 413",265.00,N,N,A,-,N,,,,,,,,,,N,3,0,1,2,A,-,08,22107,,N,C,E,A,B,H,-,C,D,0,,,,,Y,,A,01,0,1,0,0,0,0,0,0,0,"- ","- ",36.540119171142578,-119.28917694091797,TULARE,UNINCORPORATED,-119.28931427001953,36.540077209472656
9229161,2020,2021-03-05,5406,2020-12-21,1321,86,5406,1,5,4,5406,0,0,0,,0,0ES,BLACKSTONE,CROSS,225.00,S,N,A,-,N,,,,,,,,,,N,3,0,1,2,A,-,06,21755,,N,G,B,C,A,H,-,A,D,0,Y,,,,Y,,A,01,0,1,0,0,1,0,0,0,0,"- ","- ",,,TULARE,TULARE,-119.33100128173828,36.214363098144531
92295632,2024,2024-01-24,9481,2024-01-12,1005,020273,,5,1,9,5400,0,2,4,,1,031,"AVENUE 152","ROAD 200",0.00,,Y,A,-,N,,,,,,,,,,Y,4,0,1,2,A,-,08,22100,A,N,D,C,A,A,H,-,A,D,0,,,,Y,Y,,G,25,0,0,1,0,0,0,0,0,0,"- ","- ",36.065799713134766,-119.12525939941406,TULARE,UNINCORPORATED,-119.12527465820312,36.065845489501953
92298229,2024,2024-01-26,9480,2024-01-18,"423 ",020450,,4,3,5,5407,0,2,S,,2,901,"HURLEY AVENUE","NORTH CRENSHAW STREET",62.00,E,N,A,-,N,,,,,,,,,,Y,2,0,1,1,A,-,08,22107,,N,E,I,A,A,H,-,C,D,0,,,Y,,Y,,C,02,1,0,0,0,0,0,0,0,1,"- ","- ",36.334419250488281,-119.34506225585938,TULARE,VISALIA,-119.34510803222656,36.334453582763672
92302569,2024,2024-02-01,9481,2024-01-29,1200,019149,,1,1,9,5400,0,1,3,,1,032,"STATE ROUTE 190","ROAD 200",528.00,E,N,A,-,Y,TUL,,190," "," ",10.590,H,,R,Y,3,0,1,1,A,-,08,22107,,N,E,I,A,A,H,-,A,D,0,,,,,Y,,D,22,0,1,0,0,0,0,0,0,0,"- ","- ",36.051288604736328,-119.12272644042969,TULARE,UNINCORPORATED,-119.12272644042969,36.051235198974609
92309260,2024,2024-02-08,9481,2024-02-07,1340,018595,,3,1,9,5400,0,1,3,,1,012,"STATE ROUTE 65 S/B","ROAD 216",0.00,,Y,B,-,Y,TUL,,65," "," ",28.011,H,,L,Y,4,0,2,2,A,-,09,21802,A,N,D,C,A,A,H,-,A,A,0,,,,,Y,,A,01,0,0,2,0,0,0,0,0,0,"- ","- ",36.184299468994141,-119.09224700927734,TULARE,UNINCORPORATED,-119.09221649169922,36.184314727783203
92314753,2024,2024-02-15,9480,2024-02-07,"558 ",017291,,3,3,9,5400,0,1,3,,2,093,"STATE ROUTE 99 (SOUTHBOUND)","PROSPERITY AVE",528.00,N,N,B,-,Y,TUL,,99," "," ",30.689,H,,R,N,3,0,1,1,A,-,08,22107,,N,E,I,A,B,H,-,C,D,0,,,,,Y,,A,01,0,1,0,0,0,0,0,0,0,"- ","- ",36.225749969482422,-119.33519744873047,TULARE,UNINCORPORATED,-119.33494567871094,36.225875854492188
92314942,2024,2024-02-15,9480,2024-02-10,1410,021628,,6,2,9,5400,0,1,3,,2,095,"STATE ROUTE 99 SOUTHBOUND","AVENUE 56",5280.00,N,N,A,-,Y,TUL,,99," "," ",8.230,H,,L,N,4,0,2,2,A,-,08,22107,,M,B,C,A,A,H,-,A,D,0,,,,,Y,,-,99,0,0,2,0,0,0,0,0,0,"- ","- ",35.906631469726562,-119.27931213378906,TULARE,UNINCORPORATED,-119.27934265136719,35.906623840332031
92315260,2024,2024-02-15,9481,2024-02-07,2500,016147,,3,4,9,5400,0,3,5,,2,010,"AVENUE 224","ROAD 203",717.00,W,N,B,-,N,,,,,,,,,,Y,1,1,0,1,A,-,08,22107,,N,E,I,A,B,H,-,D,D,0,,,,,Y,,A,01,0,0,0,0,0,0,0,0,0,"- ","- ",36.196201324462891,-119.12262725830078,TULARE,UNINCORPORATED,-119.12245941162109,36.196250915527344
92320622,2024,2024-02-22,9480,2024-02-21,"810 ",017108,,3,1,5,5407,0,1,3,,1,064,"STATE ROUTE 198 WESTBOUND","SANTA FE STREET",337.00,E,N,A,-,Y,TUL,,198," ",R,10.290,H,,L,N,4,0,1,2,A,-,03,22350,,N,C,C,A,A,H,-,A,D,0,,,,,Y,,A,01,0,0,1,0,0,0,0,0,0,"- ","- ",36.326988220214844,-119.28649139404297,TULARE,VISALIA,-119.28649139404297,36.327014923095703
92323100,2024,2024-02-26,9480,2024-02-19,"235 ",021044,,1,3,9,5400,0,1,3,,2,093,"SR-99 N/B","AVE. 152",4752.00,N,N,C,-,Y,TUL,,99," "," ",20.326,H,,R,N,4,0,1,1,A,-,08,22107,,N,E,I,A,B,H,-,D,D,0,,,,,Y,,A,08,0,0,1,0,0,0,0,0,0,"- ","- ",36.077930450439453,-119.31848907470703,TULARE,UNINCORPORATED,-119.31846618652344,36.077934265136719
92326909,2024,2024-02-29,9480,2024-02-23,1000,020837,,5,1,9,5400,0,3,5,,2,006,"AVENUE 271","ROAD 124",0.00,,Y,A,-,N,,,,,,,,,,Y,4,0,1,3,A,-,09,21802,A,N,B,C,A,A,H,-,A,A,0,,,,,Y,,D,22,0,0,1,0,0,0,0,0,0,"- ","- ",36.282920837402344,-119.29666900634766,TULARE,UNINCORPORATED,-119.29674530029297,36.28289794921875
92327797,2024,2024-03-01,9480,2024-02-10,2028,022293,,6,2,9,5400,0,1,3,,2,095,"STATE ROUTE 99 NORTHBOUND FROM AVENUE 24","AVENUE 24",480.00,N,N,A,-,Y,TUL,,99," "," ",3.112,H,,R,Y,1,1,0,1,A,-,01,23152,A,N,E,I,A,A,H,-,D,D,0,,,,,Y,Y,D,22,0,0,0,0,0,0,0,0,0,"- ","- ",35.834548950195312,-119.26029968261719,TULARE,UNINCORPORATED,-119.26047515869141,35.834522247314453
92329951,2024,2024-03-05,9481,2024-03-05,"530 ",020238,,2,3,9,5400,0,3,5,,2,050,"ROAD 236","AVENUE 104",0.00,,Y,A,-,N,,,,,,,,,,Y,4,0,1,2,A,-,03,22350,,N,C,C,A,A,H,-,D,D,0,,,,,Y,,A,01,0,0,1,0,0,0,0,0,0,"- ","- ",35.978271484375,-119.04567718505859,TULARE,UNINCORPORATED,-119.04605102539062,35.979408264160156
92334621,2024,2024-03-19,9480,2024-03-02,"525 ",022293,,6,3,4,5406,0,1,3,,2,093,"N/B SR-99","E. CROSS AVENUE",110.00,S,N,B,C,Y,TUL,,99," "," ",29.863,H,,R,Y,2,0,2,3,A,-,03,22350,,N,E,I,A,B,H,-,D,D,0,,,,Y,Y,,G,25,2,0,0,0,0,0,0,0,0,"- ","- ",36.214828491210938,-119.32917022705078,TULARE,TULARE,-119.32911682128906,36.214839935302734
92336114,2024,2024-03-12,9480,2024-03-03,2025,021971,,7,2,4,5406,0,1,3,,2,093,"SR-99 S/B","CARTMILL AVE",2112.00,S,N,A,-,Y,TUL,,99," "," ",31.454,H,,L,Y,4,0,3,3,A,-,03,22350,,N,C,C,A,A,D,-,D,D,0,,,,,Y,,D,22,0,0,3,0,0,0,0,0,0,"- ","- ",36.235309600830078,-119.34213256835938,TULARE,TULARE,-119.3421630859375,36.235294342041016
92347135,2024,2024-03-26,9480,2024-03-16,"220 ",018202,,6,3,9,5400,0,1,3,,1,030,"SR-137 (RD 36)","RD 36",75.00,W,N,A,-,Y,TUL,,137," "," ",3.526,H,,R,Y,3,0,2,1,A,-,01,23152,A,N,F,A,A,A,H,-,D,D,0,,,,,Y,Y,D,22,0,2,0,0,0,0,0,0,0,"- ","- ",36.150161743164062,-119.49330902099609,TULARE,UNINCORPORATED,-119.49337768554688,36.150363922119141
92355878,2024,2024-04-04,9480,2024-04-03,"245 ",021249,,3,3,9,5400,0,3,5,,2,003,"ROAD 28","LEOTA AVENUE",120.00,S,N,A,-,N,,,,,,,,,,Y,3,0,1,1,A,-,03,22350,,F,F,A,A,A,H,-,D,D,0,,,,,Y,,A,01,0,1,0,0,0,0,0,0,0,"- ","- ",36.153560638427734,-119.51055908203125,TULARE,UNINCORPORATED,,
92358411,2024,2024-04-08,9481,2024-04-03,2036,021903,,3,2,9,5400,0,3,5,,2,030,"ROAD 192","AVENUE 146",0.00,,Y,A,-,N,,,,,,,,,,N,4,0,1,2,A,-,09,21802,A,N,H,G,A,A,H,-,C,A,0,,Y,,,Y,,A,01,0,0,1,0,0,0,1,0,0,"- ","- ",36.054939270019531,-119.14318084716797,TULARE,UNINCORPORATED,-119.14311218261719,36.054954528808594
92377767,2024,2024-04-29,9480,2024-04-17,1530,018861,,3,2,9,5400,0,1,3,,1,051,"STATE ROUTE 43 (CENTRAL VALLEY HIGHWAY)","AVENUE 56",0.00,,Y,A,-,Y,TUL,,43," "," ",7.759,H,,R,Y,2,0,2,2,A,-,09,21802,A,N,D,C,A,A,H,-,A,A,0,,,,,Y,,A,01,1,1,0,0,0,0,0,0,0,"- ","- ",35.891368865966797,-119.40531921386719,TULARE,UNINCORPORATED,-119.40533447265625,35.891361236572266
92378368,2024,2024-04-30,9480,2024-04-22,2022,021044,,1,2,9,5400,0,3,5,,2,006,"SR-63 (MOONEY BOULEVARD)","AVENUE 256",0.00,,Y,A,-,Y,TUL,,63," "," ",3.007,H,,R,Y,3,0,2,2,A,-,09,21453,C,N,A,C,A,A,H,-,C,A,0,,,,,Y,,A,01,0,2,0,0,0,0,0,0,0,"- ","- ",36.254978179931641,-119.31308746337891,TULARE,UNINCORPORATED,-119.31307983398438,36.254978179931641
92383606,2024,2024-05-07,9480,2024-05-01,1225,018202,,3,1,9,5400,0,3,5,,2,002,"AVE 464","RD 124",1056.00,W,N,A,-,N,,,,,,,,,,Y,3,0,1,1,A,-,08,22107,,N,E,I,A,A,H,-,A,D,0,,,,,Y,,D,22,0,1,0,0,0,0,0,0,0,"- ","- ",36.6314697265625,-119.29872894287109,TULARE,UNINCORPORATED,-119.29932403564453,36.631546020507812
92384201,2024,2024-05-07,9480,2024-05-05,1900,022256,,7,2,9,5400,0,3,5,,2,003,"AVE 160","RD 124",390.00,W,N,A,-,N,,,,,,,,,,N,4,0,1,1,A,-,08,22107,,N,F,A,A,A,A,-,A,D,0,,,,,Y,,D,22,0,0,1,0,0,0,0,0,0,"- ","- ",36.080120086669922,-119.29637908935547,TULARE,UNINCORPORATED,-119.29627990722656,36.080150604248047
9239261,2021,2021-05-04,5407,2021-03-05,1044,M333,480,5,5,5,5407,0,0,0,,0,N11,"W DOUGLAS AV","N KENT ST",0.00,,Y,A,-,N,,,,,,,,,,N,4,0,2,2,A,-,09,21802,A,N,D,J,A,A,H,-,A,A,0,,,,,Y,,D,22,0,0,2,0,0,0,0,0,0,"- ","- ",,,TULARE,VISALIA,-119.34435272216797,36.339805603027344
92396464,2024,2024-05-22,9480,2024-05-12,2013,019828,,7,2,9,5400,0,3,5,,2,004,"RD. 132","AVE. 328",0.00,,Y,A,-,N,,,,,,,,,,Y,4,0,4,3,A,-,12,22450,A,N,D,C,A,A,H,-,C,A,0,,,,,Y,,A,07,0,0,4,0,0,0,0,0,0,"- ","- ",36.385589599609375,-119.27877807617188,TULARE,UNINCORPORATED,-119.27881622314453,36.385623931884766
92397489,2024,2024-05-23,9480,2024-05-13,"510 ",018861,,1,3,9,5400,0,3,5,,2,005,"ROAD 40","AVENUE 68",2481.00,N,N,A,-,N,,,,,,,,,,Y,3,0,1,1,A,-,08,22107,,N,E,I,A,A,H,-,D,D,0,,,,,Y,,A,01,0,1,0,0,0,0,0,0,0,"- ","- ",35.919761657714844,-119.48284149169922,TULARE,UNINCORPORATED,-119.48275756835938,35.919700622558594
92401372,2024,2024-06-03,9480,2024-05-16,2033,019349,,4,2,9,5400,0,3,5,,2,001,"STATE ROUTE 201","ROAD 74",0.00,,Y,A,-,N,,,,,,,,,,Y,2,0,2,2,A,-,09,21802,A,N,D,C,A,A,H,-,D,A,0,,,,,Y,,A,01,1,0,1,0,0,0,0,0,0,"- ","- ",36.517078399658203,-119.40834045410156,TULARE,UNINCORPORATED,-119.4083251953125,36.517059326171875
92405212,2024,2024-06-04,9480,2024-05-18,2112,022376,,6,2,9,5400,0,3,5,,2,005,"SIERRA AVE","AVE 56",2300.00,N,N,A,-,N,,,,,,,,,,N,3,0,2,2,C,-,18,,,N,B,C,A,A,H,-,C,D,0,,,Y,,Y,,-,"- ",0,1,1,0,0,0,0,0,2,"- ","- ",35.898231506347656,-119.29254150390625,TULARE,UNINCORPORATED,-119.25041961669922,35.891910552978516
92410190,2024,2024-06-10,9480,2024-05-28,2051,018521,,2,2,9,5400,0,1,3,,2,093,"SR-99 S/B","AVE 280",8976.00,N,N,A,-,Y,TUL,,99," ",R,38.180,H,,L,N,4,0,4,3,A,-,07,21658,A,F,B,C,A,A,H,-,C,D,0,,,,Y,Y,,G,25,0,0,4,0,0,0,0,0,0,"- ","- ",36.320068359375,-119.40010070800781,TULARE,UNINCORPORATED,-119.40010833740234,36.320064544677734
92412697,2024,2024-06-12,9420,2024-06-06,1935,023401,,4,2,9,5400,0,3,5,,2,020,"MOUNTAIN HIGHWAY 99","GOLD LEDGE CAMPGROUND",1056.00,S,N,A,-,N,,,,,,,,,,Y,2,0,2,1,A,-,08,22107,,N,E,I,A,A,H,-,B,D,0,,,,,Y,,A,07,1,1,0,0,0,0,0,0,0,"- ","- ",35.871589660644531,-118.45439910888672,TULARE,UNINCORPORATED,,
92414881,2024,2024-06-14,9481,2024-06-08,1120,020273,,6,1,9,5400,0,1,3,,1,053,"STATE ROUTE 190","VISTA POINT",3168.00,W,N,A,-,Y,TUL,,190," "," ",22.552,H,,R,Y,4,0,1,2,A,-,09,21804,A,N,D,C,A,A,H,-,A,D,0,,,,,Y,,A,01,0,0,1,0,0,0,0,0,0,"- ","- ",36.056411743164062,-118.91512298583984,TULARE,UNINCORPORATED,-118.91514587402344,36.056423187255859
92421614,2024,2024-06-24,9480,2024-06-14,2330,022328,,5,3,9,5400,0,1,3,,1,064,"E/B SR-198","LOVERS LANE",1848.00,W,N,A,-,Y,TUL,,198," ",R,11.278,H,,R,Y,2,0,1,1,A,-,01,23152,G,N,E,I,A,A,H,-,C,D,0,,,,,Y,Y,D,22,1,0,0,0,0,0,0,0,0,"- ","- ",36.326789855957031,-119.26882934570312,TULARE,UNINCORPORATED,-119.26883697509766,36.326808929443359
92440814,2024,2024-08-01,9480,2024-07-06,1645,019932,,6,2,9,5400,0,3,5,,2,004,"ROAD 220","AVENUE 312",1416.00,S,N,A,-,N,,,,,,,,,,Y,2,0,1,1,A,-,01,23152,A,N,E,I,A,A,H,-,A,D,0,,,,,Y,Y,A,01,1,0,0,0,0,0,0,0,0,"- ","- ",36.350650787353516,-119.08071899414062,TULARE,UNINCORPORATED,-119.08063507080078,36.350654602050781
92481256,2024,2024-07-22,9481,2024-07-12,1840,021903,,5,2,9,5400,0,1,3,,1,032,SR-190,"ROAD 192",0.00,,Y,A,-,Y,TUL,,190," "," ",9.477,H,,R,Y,4,0,1,2,A,-,09,21802,A,F,D,C,A,A,H,-,A,A,0,,,,,Y,,A,07,0,0,1,0,0,0,0,0,0,"- ","- ",36.051231384277344,-119.14305877685547,TULARE,UNINCORPORATED,-119.14305877685547,36.051246643066406
9250743,2021,2021-05-21,5405,2021-04-16,0203,266,"SEC 2",5,5,4,5405,0,0,0,,0,,"F ST","PUTNAM AV",69.00,E,N,A,-,N,,,,,,,,,,Y,3,0,1,1,A,-,01,23152,A,N,E,I,A,A,H,-,C,D,0,,,,,Y,Y,A,01,0,1,0,0,0,0,0,0,0,"- ","- ",36.069938659667969,-119.02104949951172,TULARE,PORTERVILLE,-119.02126312255859,36.069709777832031
9250837,2021,2021-06-03,5404,2021-04-17,2100,674,20L,6,5,2,5404,0,0,0,,0,001,"FRESNO ST",WESTWOOD,940.00,W,N,A,-,N,,,,,,,,,,Y,4,0,1,4,A,-,08,22107,,N,B,B,-,A,H,-,D,D,0,Y,,,,Y,,D,22,0,0,1,0,1,0,0,0,0,"- ","- ",,,TULARE,LINDSAY,-119.10337066650391,36.208705902099609
9252303,2021,2021-04-15,5407,2021-01-26,0813,M194,480,2,5,5,5407,0,0,0,,0,033,"PARADISE AV","COURT ST",0.00,,Y,A,-,N,,,,,,,,,,Y,4,0,1,3,A,-,12,22450,A,N,D,C,A,B,H,-,A,A,0,,,,,Y,,A,01,0,0,1,0,0,0,0,0,0,"- ","- ",36.316490173339844,-119.29206085205078,TULARE,VISALIA,-119.29206085205078,36.31646728515625
9253306,2021,2021-04-27,5405,2021-03-23,1722,226,,2,5,4,5405,0,0,0,,0,,"OLIVE AV","F ST",0.00,,Y,A,-,N,,,,,,,,,,Y,3,0,1,2,A,-,09,21802,A,N,D,C,A,A,H,-,A,D,0,,,Y,,Y,,A,01,0,1,0,0,0,0,0,0,1,"- ","- ",,,TULARE,PORTERVILLE,-119.02134704589844,36.065170288085938
9253314,2021,2021-04-27,5407,2021-03-01,1016,M201,480,1,5,5,5407,0,0,0,,0,,"S BEN MADDOX WY",NOBLE,634.00,S,N,A,-,N,,,,,,,,,,Y,4,0,1,2,A,-,09,21801,A,N,D,C,A,A,H,-,A,D,0,,,,,Y,,A,01,0,0,1,0,0,0,0,0,0,"- ","- ",36.32611083984375,-119.27851104736328,TULARE,VISALIA,-119.27826690673828,36.324428558349609
9253315,2021,2021-04-27,5407,2021-03-08,1710,A327,480,1,5,5,5407,0,0,0,,0,012,"S AKERS ST","W CALDWELL AV",0.00,,Y,A,-,N,,,,,,,,,,Y,3,0,1,4,A,-,12,21453,A,N,D,C,A,A,H,-,A,A,0,,,,,Y,,A,01,0,1,0,0,0,0,0,0,0,"- ","- ",,,TULARE,VISALIA,-119.34941101074219,36.298233032226562
9257639,2021,2021-05-04,5407,2021-03-31,1341,C51,480,3,5,5,5407,0,0,0,,0,N25,"W HOUSTON AV","N WILLIS ST",0.00,,Y,A,-,N,,,,,,,,,,Y,4,0,2,2,A,-,09,21802,A,N,D,C,A,A,H,-,A,A,0,,,,,Y,,D,22,0,0,2,0,0,0,0,0,0,"- ","- ",36.341808319091797,-119.29669189453125,TULARE,VISALIA,-119.29766082763672,36.341838836669922
9258709,2021,2021-05-07,5407,2021-04-09,1941,12014,SR142,5,5,5,5407,0,0,0,,0,012,"S ROSSMOOR CT","W PARADISE AV",54.00,N,N,A,-,N,,,,,,,,,,N,2,0,1,2,A,-,05,21202,A,N,A,G,A,A,H,-,D,D,0,,Y,,,Y,,L,04,1,0,0,0,0,0,1,0,0,"- ","- ",36.316509246826172,-119.34162139892578,TULARE,VISALIA,-119.29206085205078,36.316619873046875