CASE_ID,ACCIDENT_YEAR,PROC_DATE,JURIS,COLLISION_DATE,COLLISION_TIME,OFFICER_ID,REPORTING_DISTRICT,DAY_OF_WEEK,CHP_SHIFT,POPULATION,CNTY_CITY_LOC,SPECIAL_COND,BEAT_TYPE,CHP_BEAT_TYPE,CITY_DIVISION_LAPD,CHP_BEAT_CLASS,BEAT_NUMBER,PRIMARY_RD,SECONDARY_RD,DISTANCE,DIRECTION,INTERSECTION,WEATHER_1,WEATHER_2,STATE_HWY_IND,CALTRANS_COUNTY,CALTRANS_DISTRICT,STATE_ROUTE,ROUTE_SUFFIX,POSTMILE_PREFIX,POSTMILE,LOCATION_TYPE,RAMP_INTERSECTION,SIDE_OF_HWY,TOW_AWAY,COLLISION_SEVERITY,NUMBER_KILLED,NUMBER_INJURED,PARTY_COUNT,PRIMARY_COLL_FACTOR,PCF_CODE_OF_VIOL,PCF_VIOL_CATEGORY,PCF_VIOLATION,PCF_VIOL_SUBSECTION,HIT_AND_RUN,TYPE_OF_COLLISION,MVIW,PED_ACTION,ROAD_SURFACE,ROAD_COND_1,ROAD_COND_2,LIGHTING,CONTROL_DEVICE,CHP_ROAD_TYPE,PEDESTRIAN_ACCIDENT,BICYCLE_ACCIDENT,MOTORCYCLE_ACCIDENT,TRUCK_ACCIDENT,NOT_PRIVATE_PROPERTY,ALCOHOL_INVOLVED,STWD_VEHTYPE_AT_FAULT,CHP_VEHTYPE_AT_FAULT,COUNT_SEVERE_INJ,COUNT_VISIBLE_INJ,COUNT_COMPLAINT_PAIN,COUNT_PED_KILLED,COUNT_PED_INJURED,COUNT_BICYCLIST_KILLED,COUNT_BICYCLIST_INJURED,COUNT_MC_KILLED,COUNT_MC_INJURED,PRIMARY_RAMP,SECONDARY_RAMP,LATITUDE,LONGITUDE,COUNTY,CITY,POINT_X,POINT_Y
9258717,2021,2021-05-07,5407,2021-04-01,1237,C51,480,4,5,5,5407,0,0,0,,0,N25,"W ACEQUIA AV","S WEST ST",0.00,,Y,A,-,N,,,,,,,,,,N,3,0,1,2,A,-,10,21950,A,N,A,B,B,A,H,-,A,A,0,Y,,,,Y,,-,,0,1,0,0,1,0,0,0,0,"- ","- ",36.329219818115234,-119.29659271240234,TULARE,VISALIA,-119.29662322998047,36.329227447509766
9261599,2021,2021-05-06,5405,2021-04-27,0221,272,SEC2,2,5,4,5405,0,0,0,,0,,"PUTNAM AV","RUTH ST",198.00,E,N,A,-,N,,,,,,,,,,Y,3,0,1,1,A,-,01,23152,G,M,F,I,A,A,H,-,C,D,0,,,,,Y,Y,A,01,0,1,0,0,0,0,0,0,0,"- ","- ",36.069431304931641,-118.99329376220703,TULARE,PORTERVILLE,-118.99333190917969,36.069385528564453
9264699,2021,2021-05-20,5405,2021-05-04,1435,254,SEC4,2,5,4,5405,0,0,0,,0,,"PUTNAM AV","COTTAGE ST",0.00,,Y,A,-,N,,,,,,,,,,Y,3,0,2,2,A,-,12,22450,A,N,D,C,A,A,H,-,A,A,0,,,,,Y,,A,01,0,1,1,0,0,0,0,0,0,"- ","- ",36.069599151611328,-119.03289031982422,TULARE,PORTERVILLE,-119.03292846679688,36.069595336914062
9265001,2021,2021-06-03,5405,2021-05-10,1356,277,,1,5,4,5405,0,0,0,,0,,"OLIVE AV","2ND ST",3.00,E,N,A,-,N,,,,,,,,,,N,3,0,1,2,A,-,10,21950,A,F,G,G,A,A,H,-,A,A,0,,Y,,,Y,,A,01,0,1,0,0,0,0,1,0,0,"- ","- ",36.065158843994141,-119.0152587890625,TULARE,PORTERVILLE,-119.01524353027344,36.065128326416016
9266652,2021,2021-06-15,5405,2021-05-25,1921,257,SEC4,2,5,4,5405,0,0,0,,0,004,"NEWCOMB ST","OLIVE AV",50.00,N,N,A,-,N,,,,,,,,,,Y,4,0,1,2,A,-,09,21804,A,N,D,C,A,A,H,-,C,A,0,,,,,Y,,A,01,0,0,1,0,0,0,0,0,0,"- ","- ",,,TULARE,PORTERVILLE,-119.05299377441406,36.065841674804688
9268165,2021,2021-05-26,5407,2021-05-06,1329,A302,480,4,5,5,5407,0,0,0,,0,034,"S COURT ST","CALDWELL AV",209.00,S,N,A,-,N,,,,,,,,,,Y,4,0,1,3,A,-,08,22107,,N,F,C,A,A,H,-,A,D,0,,,,,Y,,A,07,0,0,1,0,0,0,0,0,0,"- ","- ",,,TULARE,VISALIA,-119.29161834716797,36.297569274902344
9275802,2021,2021-07-01,5404,2021-05-30,2054,671,20L,7,5,2,5404,0,0,0,,0,012,"RT 65","HERMOSA ST",0.00,,Y,A,-,Y,TUL,6,65,-,-,29.491,I,5,S,Y,2,0,1,2,A,-,11,21456,,N,G,B,D,A,H,-,C,A,0,Y,,,,Y,Y,N,60,1,0,0,0,1,0,0,0,0,"- ","- ",,,TULARE,LINDSAY,-119.10466003417969,36.203273773193359
9279260,2021,2021-06-22,5405,2021-05-21,0735,274,,5,5,4,5405,0,0,0,,0,SEC1,"HENDERSON AV","PROSPECT ST",0.00,,Y,A,-,N,,,,,,,,,,Y,3,0,1,2,A,-,12,21453,A,N,A,C,A,A,H,-,A,A,0,,,,,Y,,A,01,0,1,0,0,0,0,0,0,0,"- ","- ",,,TULARE,PORTERVILLE,-119.04396820068359,36.080425262451172
92801687,2024,2024-07-29,9480,2024-07-19,2124,022376,,5,2,5,5407,0,1,3,,1,064,"SR-198 WB","MOONEY BLVD",800.00,W,N,A,-,Y,TUL,,198," ",R,8.606,H,,L,Y,3,0,1,1,A,-,01,23152,A,N,F,A,A,A,H,-,D,D,0,,,,,Y,Y,A,01,0,1,0,0,0,0,0,0,0,"- ","- ",36.327259063720703,-119.31668853759766,TULARE,VISALIA,-119.31669616699219,36.327220916748047
9283199,2021,2021-09-01,5404,2021-06-05,1031,676,,6,5,2,5404,0,0,0,,0,,"N SWEET BRIER",FRAZIER,440.00,N,N,A,-,N,,,,,,,,,,Y,3,0,1,8,A,-,03,22350,A,N,A,C,A,A,H,-,A,D,0,,,,,Y,,A,01,0,1,0,0,0,0,0,0,0,"- ","- ",,,TULARE,LINDSAY,-119.09381866455078,36.206890106201172
9286285,2021,2021-07-13,5407,2021-06-08,1630,C51,480,2,5,5,5407,0,0,0,,0,Q34,"S MOONEY BL","W BEECH AV",10.00,S,N,A,-,Y,TUL,6,63,-,-,6.750,H,-,N,Y,4,0,1,3,A,-,03,22350,,N,C,C,A,A,H,-,A,A,0,,,,,Y,,A,01,0,0,1,0,0,0,0,0,0,"- ","- ",36.309349060058594,-119.31379699707031,TULARE,VISALIA,-119.31375122070312,36.309219360351562
9288450,2021,2021-07-07,5407,2021-05-01,1800,C57,480,6,5,5,5407,0,0,0,,0,033,"E WALNUT AV","S COURT ST",0.00,,Y,A,-,N,,,,,,,,,,N,2,0,1,2,A,-,12,21453,A,N,D,G,A,A,H,-,A,A,0,,Y,,,Y,,L,04,1,0,0,0,0,0,1,0,0,"- ","- ",36.312850952148438,-119.29200744628906,TULARE,VISALIA,-119.29201507568359,36.312858581542969
9297996,2021,2021-08-11,5407,2021-06-25,1254,C57,480,5,5,5,5407,0,0,0,,0,025,"W HOUSTON AV","N WOODLAND ST",396.00,E,N,A,-,N,,,,,,,,,,Y,3,0,2,2,A,-,09,21802,A,N,C,C,A,A,H,-,A,A,0,,,,,Y,,A,07,0,1,1,0,0,0,0,0,0,"- ","- ",36.341949462890625,-119.31833648681641,TULARE,VISALIA,-119.31699371337891,36.341934204101562
93103495,2024,2024-08-01,9481,2024-07-30,1923,019578,,2,2,9,5400,0,3,5,,2,050,"ROAD 248","AVENUE 108",77.00,N,N,A,-,Y,,,,,,,,,,Y,4,0,1,1,A,-,08,22107,,N,E,I,A,A,H,-,A,D,0,,,,,Y,,D,22,0,0,1,0,0,0,0,0,0,"- ","- ",35.986228942871094,-119.01798248291016,TULARE,UNINCORPORATED,-119.01790618896484,35.986209869384766
9315703,2021,2021-09-29,5407,2021-08-20,1846,C57,480,5,5,5,5407,0,0,0,,0,034,"E CALDWELL AV","S LOVERS LN",0.00,,Y,A,-,N,,,,,,,,,,Y,4,0,1,4,A,-,12,21453,A,N,D,C,A,A,H,-,A,A,0,,,,,Y,,D,22,0,0,1,0,0,0,0,0,0,"- ","- ",36.298290252685547,-119.26090240478516,TULARE,VISALIA,-119.26080322265625,36.298240661621094
9317097,2021,2021-09-09,5405,2021-08-22,0720,204,SEC4,7,5,4,5405,0,0,0,,0,,"OLIVE AV","TAYLOR WY",186.00,W,N,A,B,N,,,,,,,,,,Y,3,0,1,2,A,-,08,22107,,N,C,J,A,A,H,-,A,D,0,,,,Y,Y,,A,01,0,1,0,0,0,0,0,0,0,"- ","- ",,,TULARE,PORTERVILLE,-119.06703186035156,36.065799713134766
9320105,2021,2021-12-21,5407,2021-04-21,0235,M194,480,3,5,5,5407,0,0,0,,0,R12,"RT 63","W WALNUT AV",0.00,,Y,A,-,Y,TUL,6,63,-,-,7.010,I,5,S,Y,1,1,1,2,A,-,12,21453,A,N,D,C,A,A,H,-,C,A,0,,,,,Y,,A,07,0,0,1,0,0,0,0,0,0,"- ","- ",,,TULARE,VISALIA,-119.31395721435547,36.31298828125
9320666,2022,2022-05-04,5406,2022-03-27,1149,78,5406,7,5,4,5406,0,0,0,,0,0ES,WALNUT,CARDOZA,0.00,,Y,A,-,N,,,,,,,,,,Y,1,1,0,2,A,-,03,22350,,N,D,C,A,A,H,-,A,D,0,,,Y,,Y,,C,02,0,0,0,0,0,0,0,1,0,"- ","- ",,,TULARE,TULARE,-119.32527923583984,36.193042755126953
9320915,2022,2022-07-27,5406,2022-05-03,2107,24,5406,2,5,4,5406,0,0,0,,0,0AO,BLACKSTONE,KERN,480.00,S,N,A,-,N,,,,,,,,,,N,1,1,0,2,A,-,11,21954,A,N,G,B,D,A,H,-,C,D,0,Y,,,,Y,,N,60,0,0,0,1,0,0,0,0,0,"- ","- ",,,TULARE,TULARE,-119.33108520507812,36.206211090087891
9322225,2021,2021-09-16,5405,2021-08-29,1154,204,SEC4,7,5,4,5405,0,0,0,,0,PSC,"OLIVE AV","CLOVERLEAF ST",3.00,E,N,A,-,N,,,,,,,,,,Y,3,0,1,2,A,-,12,21453,A,N,D,C,A,A,H,-,A,A,0,,,,,Y,,-,"- ",0,1,0,0,0,0,0,0,0,"- ","- ",,,TULARE,PORTERVILLE,-119.03813171386719,36.065898895263672
9322432,2021,2021-10-04,5407,2021-08-19,2010,12194,480,4,5,5,5407,0,0,0,,0,011,"GOSHEN AV","DEMAREE ST",280.00,E,N,A,-,N,,,,,,,,,,N,4,0,1,2,A,-,03,22350,,N,C,C,A,A,H,-,C,A,0,,,,,Y,,A,01,0,0,1,0,0,0,0,0,0,"- ","- ",,,TULARE,VISALIA,-119.33101654052734,36.338668823242188
9322435,2021,2021-10-04,5407,2021-08-30,1406,M201,480,1,5,5,5407,0,0,0,,0,,"W WHITENDALE AV",CHINOWITH,0.00,,Y,A,-,N,,,,,,,,,,N,4,0,1,2,A,-,09,21801,A,N,D,C,A,A,H,-,A,A,0,,,,,Y,,A,01,0,0,1,0,0,0,0,0,0,"- ","- ",36.305530548095703,-119.3360595703125,TULARE,VISALIA,-119.33607482910156,36.305522918701172
9322597,2021,2021-10-28,5407,2021-09-02,1056,A333,480,4,5,5,5407,0,0,0,,0,P33,"E TULARE AV","S BURKE ST",0.00,,Y,A,-,N,,,,,,,,,,Y,4,0,1,2,A,-,09,21802,A,N,D,C,A,A,H,-,A,A,0,,,,,Y,,A,01,0,0,1,0,0,0,0,0,0,"- ","- ",,,TULARE,VISALIA,-119.28307342529297,36.320148468017578
9322623,2021,2021-11-02,5405,2021-09-12,1635,CS03,,7,5,4,5405,0,0,0,,0,002,"MORTON AV","MAIN ST",0.00,,Y,A,-,N,,,,,,,,,,Y,4,0,4,2,A,-,09,21453,C,N,D,C,A,A,H,-,A,A,0,,,,,Y,,-,"- ",0,0,4,0,0,0,0,0,0,"- ","- ",,,TULARE,PORTERVILLE,-119.01615905761719,36.073051452636719
9322875,2021,2021-10-06,5407,2021-08-26,2112,A352,480,4,5,5,5407,0,0,0,,0,Q34,"RT 63","AVENUE 264",562.00,S,N,A,-,Y,TUL,6,63,-,-,3.900,H,-,N,Y,2,0,1,1,A,-,01,23152,F,M,E,I,A,A,H,-,C,A,0,,,,,Y,,A,01,1,0,0,0,0,0,0,0,0,"- ","- ",,,TULARE,VISALIA,-119.313232421875,36.267856597900391
9327016,2021,2021-10-08,5407,2021-08-26,2243,A186,480,4,5,5,5407,0,0,0,,0,,"W HOUSTON AV",ELM,75.00,E,N,A,-,N,,,,,,,,,,Y,3,0,1,2,A,-,01,23152,A,N,C,C,A,A,H,-,C,A,0,,,,,Y,Y,A,07,0,1,0,0,0,0,0,0,0,"- ","- ",36.341911315917969,-119.313232421875,TULARE,VISALIA,-119.31299591064453,36.341926574707031
9350650,2021,2021-10-30,5403,2021-09-29,1147,844,,3,5,2,5403,0,0,0,,0,,"N VENTURA AV","W CITRUS AV",23.00,S,N,A,-,N,,,,,,,,,,Y,4,0,1,2,A,-,09,21800,A,N,D,A,A,A,H,-,A,A,0,,,,Y,Y,,F,26,0,0,1,0,0,0,0,0,0,"- ","- ",,,TULARE,FARMERSVILLE,-119.21147918701172,36.3074951171875
9350931,2021,2021-11-10,5407,2021-09-09,1341,M282,480,4,5,5,5407,0,0,0,,0,033,"S WATSON ST","W KAWEAH AV",0.00,,Y,A,-,N,,,,,,,,,,Y,4,0,1,2,A,-,09,21802,A,N,D,C,A,A,H,-,A,A,0,,,,,Y,,A,01,0,0,1,0,0,0,0,0,0,"- ","- ",36.325641632080078,-119.29598236083984,TULARE,VISALIA,-119.29598236083984,36.325531005859375
93521475,2024,2024-08-05,9480,2024-07-26,2201,022376,,5,3,9,5400,0,1,3,,1,020,"SR-201 (AVE 384)","RD 167",245.00,E,N,A,-,Y,TUL,,201," "," ",19.070,H,,R,Y,3,0,2,1,C,-,18,,,N,E,9,A,A,H,-,D,D,0,,,,,Y,,-,"- ",0,1,1,0,0,0,0,0,0,"- ","- ",36.485698699951172,-119.19523620605469,TULARE,UNINCORPORATED,-119.19524383544922,36.485687255859375
9353911,2021,2021-11-17,5405,2021-10-31,0808,CSO26,,7,5,4,5405,0,0,0,,0,002,"MORTON AV","PLANO ST",0.00,,Y,B,-,N,,,,,,,,,,Y,3,0,2,2,A,-,12,21453,A,N,D,C,A,A,H,-,A,A,0,,,,,Y,,-,"- ",0,2,0,0,0,0,0,0,0,"- ","- ",36.073001861572266,-119.00850677490234,TULARE,PORTERVILLE,-119.00851440429688,36.072998046875
9356204,2021,2021-11-01,5405,2021-10-01,0748,216,,5,5,4,5405,0,0,0,,0,003,"ORANGE AV","F ST",15.00,W,N,A,-,N,,,,,,,,,,Y,3,0,3,2,A,-,03,22350,,N,C,C,A,A,H,-,A,D,0,,,,,Y,,A,01,0,3,0,0,0,0,0,0,0,"- ","- ",,,TULARE,PORTERVILLE,-119.02152252197266,36.061279296875
9356342,2021,2021-11-04,5405,2021-10-14,1608,259,"SEC 3",4,5,4,5405,0,0,0,,0,,"OLIVE AV","HOCKETT ST",6.00,W,N,A,-,N,,,,,,,,,,Y,4,0,1,2,A,-,03,22350,,N,C,C,A,A,H,-,A,D,0,,,,,Y,,A,01,0,0,1,0,0,0,0,0,0,"- ","- ",36.064979553222656,-119.01737976074219,TULARE,PORTERVILLE,-119.01712799072266,36.065109252929688
9361549,2021,2021-11-19,5407,2021-10-09,1554,A306,480,6,5,5,5407,0,0,0,,0,033,"S COURT ST","TULARE AV",0.00,,Y,A,-,N,,,,,,,,,,N,4,0,1,2,A,-,12,21453,A,N,D,C,A,A,H,-,A,A,0,,,,,Y,,A,01,0,0,1,0,0,0,0,0,0,"- ","- ",,,TULARE,VISALIA,-119.29216003417969,36.320095062255859
9367671,2021,2021-12-17,5405,2021-11-04,1426,282,"SEC 1",4,5,4,5405,0,0,0,,0,,"MORTON AV","MATHEW ST",0.00,,Y,A,-,N,,,,,,,,,,Y,4,0,1,2,A,-,09,21802,A,N,A,C,A,A,H,-,A,A,0,,,,,Y,,A,01,0,0,1,0,0,0,0,0,0,"- ","- ",36.073089599609375,-119.06189727783203,TULARE,PORTERVILLE,-119.06188201904297,36.073097229003906
9370707,2021,2021-12-23,5405,2021-11-08,1600,282,"SEC 2",1,5,4,5405,0,0,0,,0,,"PROSPECT ST","GRAND AV",281.00,N,N,A,-,N,,,,,,,,,,Y,3,0,1,2,A,-,05,21202,A,N,G,G,A,A,H,-,A,D,0,,Y,,,Y,Y,L,04,0,1,0,0,0,0,1,0,0,"- ","- ",36.077838897705078,-119.04434204101562,TULARE,PORTERVILLE,-119.04396057128906,36.077560424804688
9371422,2021,2021-12-23,5404,2021-12-03,1732,674,20L,5,5,2,5404,0,0,0,,0,003,"RT 65",HERMOSA,976.00,S,N,A,-,Y,TUL,6,65,-,-,29.310,H,-,N,Y,4,0,3,3,A,-,03,22350,,N,C,C,A,A,H,-,C,A,0,,,,,Y,,A,07,0,0,3,0,0,0,0,0,0,"- ","- ",,,TULARE,LINDSAY,-119.10285186767578,36.201133728027344
9372091,2022,2022-04-15,5407,2022-02-18,1528,M194,480,5,5,5,5407,0,0,0,,0,025,"N JACOB ST","W GROVE AV",0.00,,Y,A,-,N,,,,,,,,,,Y,4,0,1,2,A,-,12,22450,A,N,D,C,A,A,H,-,A,A,0,,,,,Y,,E,22,0,0,1,0,0,0,0,0,0,"- ","- ",36.336868286132812,-119.30210876464844,TULARE,VISALIA,-119.30211639404297,36.336860656738281
9373505,2021,2022-01-19,5407,2021-11-04,1917,C56,480,4,5,5,5407,0,0,0,,0,N25,"N LOCUST ST","W CENTER AVE",0.00,,Y,A,-,N,,,,,,,,,,Y,3,0,2,2,A,-,12,21453,A,N,D,C,A,A,H,-,C,A,0,,,,,Y,,D,22,0,2,0,0,0,0,0,0,0,"- ","- ",36.331050872802734,-119.29344940185547,TULARE,VISALIA,-119.29344940185547,36.331047058105469
93736709,2024,2024-08-06,9480,2024-08-05,"345 ",022131,,1,3,9,5400,0,3,5,,2,001,"RAOD 56","AVENUE 416",300.00,S,N,A,-,Y,,,,,,,,,,N,4,0,1,1,A,-,08,22107,,N,E,I,A,A,H,-,C,D,0,,,,,Y,,A,01,0,0,1,0,0,0,0,0,0,"- ","- ",36.544170379638672,-119.44866943359375,TULARE,UNINCORPORATED,,
9373739,2021,2022-01-12,5407,2021-11-02,1258,M282,480,2,5,5,5407,0,0,0,,0,034,"S WEST ST","W CAMERON AV",0.00,,Y,A,-,N,,,,,,,,,,Y,4,0,2,2,A,-,12,22450,A,N,D,C,A,A,H,-,A,A,0,,,,,Y,,A,01,0,0,2,0,0,0,0,0,0,"- ","- ",36.293750762939453,-119.29621887207031,TULARE,VISALIA,-119.29618835449219,36.293743133544922
9373768,2021,2021-12-13,5407,2021-10-23,2118,A337,480,6,5,5,5407,0,0,0,,0,O26,"E CENTER","N CHURCH",0.00,,Y,A,-,N,,,,,,,,,,Y,3,0,1,1,A,-,01,23152,B,N,E,I,A,A,H,-,C,D,0,,,,,Y,,A,01,0,1,0,0,0,0,0,0,0,"- ","- ",,,TULARE,VISALIA,-119.29116058349609,36.331073760986328
9373773,2021,2021-12-14,5407,2021-10-18,1752,A302,480,1,5,5,5407,0,0,0,,0,026,"N COURT ST","E RIGGIN AV",0.00,,Y,A,-,N,,,,,,,,,,Y,4,0,1,2,A,-,12,22450,A,N,D,C,A,A,H,-,B,A,0,,,,,Y,,A,01,0,0,1,0,0,0,0,0,0,"- ","- ",36.356330871582031,-119.29392242431641,TULARE,VISALIA,-119.29395294189453,36.356399536132812
9373914,2021,2021-12-30,5405,2021-11-23,1746,259,SEC3,2,5,4,5405,0,0,0,,0,,"ORANGE AV","D ST",1.00,W,N,A,-,N,,,,,,,,,,N,4,0,1,2,A,-,10,21950,A,N,G,B,D,-,H,-,D,D,0,Y,,,,Y,,A,01,0,0,1,0,1,0,0,0,0,"- ","- ",36.061248779296875,-119.01856231689453,TULARE,PORTERVILLE,-119.01854705810547,36.061241149902344
9373917,2021,2021-12-30,5405,2021-11-27,1318,203,SEC2,6,5,4,5405,0,0,0,,0,,"MAIN ST","HENDERSON AV",0.00,,Y,A,-,N,,,,,,,,,,Y,3,0,3,3,A,-,12,21453,A,N,D,C,A,A,H,-,A,A,0,,,,,Y,,A,07,0,3,0,0,0,0,0,0,0,"- ","- ",,,TULARE,PORTERVILLE,-119.01969909667969,36.080154418945312
9373919,2021,2021-12-30,5405,2021-11-22,1529,229,,1,5,4,5405,0,0,0,,0,SEC3,"PLANO ST","COLLEGE AV",447.00,S,N,A,-,N,,,,,,,,,,N,4,0,2,2,A,-,09,21801,A,N,D,C,A,A,H,-,A,D,0,,,,,Y,,A,08,0,0,2,0,0,0,0,0,0,"- ","- ",36.04705810546875,-119.00897216796875,TULARE,PORTERVILLE,-119.00833892822266,36.047164916992188
9378275,2021,2022-01-20,5406,2021-12-19,1036,45,5406,7,5,4,5406,0,0,0,,0,0ES,BIRCH,SPRUCE,0.00,,Y,E,-,N,,,,,,,,,,Y,4,0,1,1,A,-,03,22350,,F,E,J,A,A,H,-,A,A,0,,,,,Y,,A,01,0,0,1,0,0,0,0,0,0,"- ","- ",,,TULARE,TULARE,-119.32658386230469,36.204372406005859
9378494,2021,2021-12-13,5407,2021-10-21,1156,M203,480,4,5,5,5407,0,0,0,,0,,"RT 63",CALDWELL,598.00,S,N,A,-,Y,TUL,6,63,-,-,5.900,H,-,S,N,4,0,1,2,A,-,11,21955,,N,G,B,D,-,H,-,A,A,0,Y,,,,Y,,N,60,0,0,1,0,1,0,0,0,0,"- ","- ",36.296970367431641,-119.31427001953125,TULARE,VISALIA,-119.31377410888672,36.296913146972656
9379167,2021,2022-01-12,5407,2021-12-20,1901,C57,480,1,5,5,5407,0,0,0,,0,026,"W RIGGIN AV","N DINUBA BL",177.00,S,N,A,-,Y,TUL,6,63,-,-,10.110,I,6,S,N,4,0,1,2,A,-,03,22350,,N,C,C,A,A,H,-,C,A,0,,,,,Y,,A,01,0,0,1,0,0,0,0,0,0,"- ","- ",36.356208801269531,-119.29698944091797,TULARE,VISALIA,-119.29698944091797,36.356216430664062
9389734,2021,2022-01-18,5405,2021-12-31,1532,282,SEC3,5,5,4,5405,0,0,0,,0,,"OLIVE AV","D ST",48.00,E,N,A,-,N,,,,,,,,,,Y,3,0,1,2,A,-,03,22350,,F,C,C,A,A,H,-,A,A,0,,,,,Y,,A,01,0,1,0,0,0,0,0,0,0,"- ","- ",36.065200805664062,-119.01847076416016,TULARE,PORTERVILLE,-119.01829528808594,36.065116882324219
93960209,2024,2024-08-08,9480,2024-07-29,1510,018861,,1,2,9,5400,0,3,5,,2,006,"ROAD 180","SR-198 E/B",25.00,S,N,A,-,Y,TUL,,198," ",R,16.764,H,,R,Y,3,0,2,2,A,-,03,22350,,N,C,C,A,A,H,-,A,A,0,,,,,Y,,A,07,0,1,1,0,0,0,0,0,0,"- ","- ",36.326339721679688,-119.17070007324219,TULARE,UNINCORPORATED,-119.17070007324219,36.326465606689453
9400435,2022,2022-02-15,5405,2022-01-27,1458,259,"SEC 2",4,5,4,5405,0,0,0,,0,,"INDIANA ST","OAKMONT AV",40.00,N,N,A,-,N,,,,,,,,,,N,4,0,2,2,A,-,03,22350,,N,C,C,A,A,H,-,A,D,0,,,,,Y,,A,07,0,0,2,0,0,0,0,0,0,"- ","- ",36.078739166259766,-119.03498840332031,TULARE,PORTERVILLE,-119.03498840332031,36.078849792480469
9404131,2022,2022-02-08,5407,2022-01-06,1650,C51,480,4,5,5,5407,0,0,0,,0,O26,"N LOVERS LN","E GOSHEN AV",0.00,,Y,A,-,N,,,,,,,,,,Y,4,0,2,2,A,-,09,21801,A,N,A,C,A,A,H,-,B,A,0,,,,,Y,,A,01,0,0,2,0,0,0,0,0,0,"- ","- ",36.334690093994141,-119.26069641113281,TULARE,VISALIA,-119.26063537597656,36.334682464599609
9404281,2022,2022-02-14,5407,2022-01-01,2123,11525,480,6,5,5,5407,0,0,0,,0,N25,"S DEMAREE ST","MINERAL KING AV",0.00,,Y,A,-,N,,,,,,,,,,N,3,0,1,2,A,-,12,21453,A,N,D,C,A,A,H,-,C,A,0,,,,,Y,,A,01,0,1,0,0,0,0,0,0,0,"- ","- ",36.327598571777344,-119.33174896240234,TULARE,VISALIA,-119.33177185058594,36.327610015869141
9404305,2021,2022-02-16,5407,2021-12-30,2125,11895,480,4,5,5,5407,0,0,0,,0,026,"SOUTH TIPTON","EAST ACEQUIA",0.00,,Y,A,-,N,,,,,,,,,,Y,3,0,1,2,A,-,05,21650,,N,B,C,A,A,H,-,C,A,0,,,,,Y,,A,01,0,1,0,0,0,0,0,0,0,"- ","- ",36.330089569091797,-119.28682708740234,TULARE,VISALIA,-119.28666687011719,36.329246520996094
9409535,2022,2022-03-09,5407,2022-01-27,0742,M333,480,4,5,5,5407,0,0,0,,0,026,"N MCAULIFF ST","E MILL CREEK PKWY",0.00,,Y,A,-,N,,,,,,,,,,Y,3,0,1,2,A,-,03,22350,,N,C,C,A,A,H,-,A,D,0,,,,,Y,,A,07,0,1,0,0,0,0,0,0,0,"- ","- ",,,TULARE,VISALIA,-119.25032043457031,36.335350036621094
9409721,2022,2022-03-21,5405,2022-02-02,1823,259,SEC3,3,5,4,5405,0,0,0,,0,,"NORTH E ST","NORTH E ST 109",0.00,,Y,B,-,N,,,,,,,,,,N,4,0,1,2,B,-,22,,,F,G,B,F,B,H,-,D,D,0,Y,,,,Y,,A,01,0,0,1,0,1,0,0,0,0,"- ","- ",36.067539215087891,-119.02104949951172,TULARE,PORTERVILLE,-119.02000427246094,36.065151214599609
9413782,2022,2022-03-07,5404,2022-02-05,2330,675,5404,6,5,2,5404,0,0,0,,0,21L,"RT 65","MARIPOSA ST",247.00,S,N,A,-,Y,TUL,6,65,-,-,29.730,H,-,N,Y,4,0,2,3,A,-,01,23152,A,N,A,C,A,A,H,-,D,D,0,,,,,Y,Y,A,01,0,0,2,0,0,0,0,0,0,"- ","- ",,,TULARE,LINDSAY,-119.10651397705078,36.206333160400391
9416268,2022,2022-03-16,5406,2022-02-12,2326,74,5406,6,5,4,5406,0,0,0,,0,0AO,SONORA,CENTER,8.00,E,N,A,-,N,,,,,,,,,,N,4,0,1,2,D,-,00,,,F,G,B,C,A,H,-,C,D,0,Y,,,,Y,,-,"- ",0,0,1,0,1,0,0,0,0,"- ","- ",,,TULARE,TULARE,-119.33794403076172,36.203731536865234
9429320,2022,2022-04-28,5407,2022-03-25,1717,A349,480,5,5,5,5407,0,0,0,,0,R12,"RT 63","AVE 272",0.00,,Y,A,-,Y,TUL,6,63,-,-,5.011,I,5,S,Y,3,0,1,2,A,-,12,22450,A,N,D,C,A,A,H,-,A,A,0,,,,,Y,,A,01,0,1,0,0,0,0,0,0,0,"- ","- ",36.280269622802734,-119.31320953369141,TULARE,VISALIA,-119.31362152099609,36.283973693847656
9431689,2022,2022-04-27,5407,2022-03-16,1949,C59,480,3,5,5,5407,0,0,0,,0,O26,"N BEN MADDOX WY","W HOUSTON AV",430.00,N,N,A,-,N,,,,,,,,,,Y,4,0,1,1,A,-,07,21658,A,N,E,I,A,A,H,-,C,A,0,,,,,Y,,A,01,0,0,1,0,0,0,0,0,0,"- ","- ",36.342948913574219,-119.27864837646484,TULARE,VISALIA,-119.27882385253906,36.343040466308594
9431695,2022,2022-04-27,5407,2022-03-26,0840,C57,480,6,5,5,5407,0,0,0,,0,026,"N LOVERS LN","E DURAN AV",358.00,N,N,A,-,N,,,,,,,,,,Y,4,0,2,2,A,-,03,22350,,N,C,C,A,A,H,-,A,A,0,,,,,Y,,A,07,0,0,2,0,0,0,0,0,0,"- ","- ",,,TULARE,VISALIA,-119.26069641113281,36.329940795898438
9431698,2022,2022-04-27,5407,2022-03-21,0631,C59,480,1,5,5,5407,0,0,0,,0,,"N SHIRK ST","W SUNNYVIEW AV",0.00,,Y,A,-,N,,,,,,,,,,N,3,0,1,2,A,-,03,22350,,F,C,C,A,A,H,-,A,A,0,,,,,Y,,-,,0,1,0,0,0,0,0,0,0,"- ","- ",,,TULARE,VISALIA,-119.36777496337891,36.351028442382812