CASE_ID,ACCIDENT_YEAR,PROC_DATE,JURIS,COLLISION_DATE,COLLISION_TIME,OFFICER_ID,REPORTING_DISTRICT,DAY_OF_WEEK,CHP_SHIFT,POPULATION,CNTY_CITY_LOC,SPECIAL_COND,BEAT_TYPE,CHP_BEAT_TYPE,CITY_DIVISION_LAPD,CHP_BEAT_CLASS,BEAT_NUMBER,PRIMARY_RD,SECONDARY_RD,DISTANCE,DIRECTION,INTERSECTION,WEATHER_1,WEATHER_2,STATE_HWY_IND,CALTRANS_COUNTY,CALTRANS_DISTRICT,STATE_ROUTE,ROUTE_SUFFIX,POSTMILE_PREFIX,POSTMILE,LOCATION_TYPE,RAMP_INTERSECTION,SIDE_OF_HWY,TOW_AWAY,COLLISION_SEVERITY,NUMBER_KILLED,NUMBER_INJURED,PARTY_COUNT,PRIMARY_COLL_FACTOR,PCF_CODE_OF_VIOL,PCF_VIOL_CATEGORY,PCF_VIOLATION,PCF_VIOL_SUBSECTION,HIT_AND_RUN,TYPE_OF_COLLISION,MVIW,PED_ACTION,ROAD_SURFACE,ROAD_COND_1,ROAD_COND_2,LIGHTING,CONTROL_DEVICE,CHP_ROAD_TYPE,PEDESTRIAN_ACCIDENT,BICYCLE_ACCIDENT,MOTORCYCLE_ACCIDENT,TRUCK_ACCIDENT,NOT_PRIVATE_PROPERTY,ALCOHOL_INVOLVED,STWD_VEHTYPE_AT_FAULT,CHP_VEHTYPE_AT_FAULT,COUNT_SEVERE_INJ,COUNT_VISIBLE_INJ,COUNT_COMPLAINT_PAIN,COUNT_PED_KILLED,COUNT_PED_INJURED,COUNT_BICYCLIST_KILLED,COUNT_BICYCLIST_INJURED,COUNT_MC_KILLED,COUNT_MC_INJURED,PRIMARY_RAMP,SECONDARY_RAMP,LATITUDE,LONGITUDE,COUNTY,CITY,POINT_X,POINT_Y
6434296,2014,2014-07-25,9481,2014-04-06,2030,018657,,7,2,9,5400,0,3,5,,2,020,"AVENUE 208","ROAD 220",0.00,,Y,A,-,N,,,,,,,,,,Y,4,0,2,2,A,-,01,23152,A,N,D,C,A,A,H,-,D,A,0,,,,,Y,Y,A,01,0,0,2,0,0,0,0,0,0,"- ","- ",36.167230000000004,-119.08114,TULARE,UNINCORPORATED,-119.0839601,36.167280009999999
6434798,2014,2014-06-26,5403,2014-03-14,0755,839,,5,5,2,5403,0,0,0,,0,,"FRONT ST","N SHASTA AV",112.00,E,N,A,-,N,,,,,,,,,,N,3,0,1,2,A,-,10,21954,B,N,G,B,D,A,H,-,A,-,0,Y,,,,Y,,A,01,0,1,0,0,1,0,0,0,0,"- ","- ",,,TULARE,FARMERSVILLE,-119.20910039,36.30468346
6441707,2014,2014-07-21,5405,2014-04-03,1314,207,,4,5,4,5405,0,0,0,,0,003,"MAIN ST","GARDEN AV",22.00,S,N,A,-,N,,,,,,,,,,N,4,0,1,2,A,-,03,22350,,N,C,C,A,A,H,-,A,D,0,,,,,Y,,-,,0,0,1,0,0,0,0,0,0,"- ","- ",,,TULARE,PORTERVILLE,-119.01627043000001,36.067019639999998
6441709,2014,2016-01-20,5405,2014-03-30,0107,217,,7,5,4,5405,0,0,0,,0,003,"PLANO ST","RT 190",162.00,S,N,C,-,Y,TUL,6,190,-,-,16.967,I,6,E,N,4,0,1,2,A,-,01,23152,,N,C,C,A,B,H,-,C,A,0,,,,,Y,Y,-,,0,0,1,0,0,0,0,0,0,"- ","- ",,,TULARE,PORTERVILLE,-119.00819533000001,36.051030580000003
6446738,2014,2014-07-08,5405,2014-03-17,1300,105,,1,5,4,5405,0,0,0,,0,001,"PORTER RD","MORTON AV",0.00,,Y,A,-,N,,,,,,,,,,Y,3,0,1,2,A,-,12,21453,A,N,D,C,A,A,H,-,A,A,0,,,,,Y,,-,,0,1,0,0,0,0,0,0,0,"- ","- ",,,TULARE,PORTERVILLE,-119.03912013,36.073260050000002
6446742,2014,2014-07-08,5405,2014-03-18,1330,186,,2,5,4,5405,0,0,0,,0,001,"INDIANA ST","MORTON AV",18.00,N,N,A,-,N,,,,,,,,,,N,4,0,1,1,C,-,18,,,N,G,A,A,A,H,-,A,A,0,,,,,Y,,-,"- ",0,0,1,0,0,0,0,0,0,"- ","- ",,,TULARE,PORTERVILLE,-119.03508054,36.073329379999997
6452073,2014,2014-07-25,9481,2014-04-11,2145,19162,,5,2,9,5400,0,3,5,,2,050,"CRABTREE AV","PAGE ST",0.00,,Y,A,-,N,,,,,,,,,,Y,2,0,1,2,A,-,03,22350,,N,D,C,A,A,H,-,D,A,0,,,Y,,Y,,-,"- ",1,0,0,0,0,0,0,0,1,"- ","- ",36.058750000000003,-118.97195000000001,TULARE,UNINCORPORATED,-118.97201009,36.058650059999998
6457931,2014,2016-04-09,9480,2014-04-16,1741,018403,,3,2,9,5400,0,3,5,,2,005,"RT 99","ARMSTRONG AV",0.00,,Y,A,-,Y,TUL,6,99,-,-,5.954,R,4,N,N,4,0,1,2,A,-,09,21802,A,N,D,C,A,A,H,-,A,D,1,,,,,Y,,A,01,0,0,1,0,0,0,0,0,0,"- ","- ",35.877470000000002,-119.26972000000001,TULARE,UNINCORPORATED,-119.27033775,35.874564560000003
6457976,2014,2016-04-08,9480,2014-04-19,1805,017778,,6,2,9,5400,0,1,3,,1,044,"RT 198","HORSE CREEK RD",0.00,,Y,A,-,Y,TUL,6,198,-,-,33.510,I,5,W,Y,3,0,4,1,A,-,03,22350,,N,E,I,A,A,H,-,A,D,0,,,,,Y,,A,01,0,2,2,0,0,0,0,0,0,"- ","- ",36.388339999999999,-118.94686,TULARE,UNINCORPORATED,-118.94709286,36.387955869999999
6465370,2014,2014-08-14,5405,2014-04-07,1508,3,PORTE,1,5,4,5405,0,0,0,,0,004,"PUTNAM AV","E ST",105.00,E,N,A,-,N,,,,,,,,,,N,4,0,1,2,A,-,03,22350,,N,C,C,A,A,H,-,A,A,0,,,,,Y,,-,,0,0,1,0,0,0,0,0,0,"- ","- ",,,TULARE,PORTERVILLE,-119.01958519,36.069716059999998
6469153,2014,2014-07-15,9481,2014-04-07,1540,17957,,1,2,9,5400,0,3,5,,2,050,"WORTH AV","CRESTVIEW ST",2112.00,W,N,A,-,N,,,,,,,,,,Y,3,0,1,3,A,-,09,21801,A,N,D,A,A,A,H,-,A,D,0,,,Y,,Y,,A,01,0,1,0,0,0,0,0,0,1,"- ","- ",36.0441,-119.00232,TULARE,UNINCORPORATED,-119.00232106,36.04404813
6471297,2014,2014-07-23,9480,2014-04-18,1155,016210,,5,1,9,5400,0,3,5,,2,002,"HILLS VALLEY RD","SOUTH AV",0.00,,Y,A,-,N,,,,,,,,,,Y,3,0,2,2,A,-,12,22450,A,N,D,C,A,A,H,-,A,A,0,,,,Y,Y,,A,08,0,1,1,0,0,0,0,0,0,"- ","- ",,,TULARE,UNINCORPORATED,-119.30486261999999,36.617166679999997
6471525,2014,2015-03-06,5403,2014-04-08,0531,844,,2,5,2,5403,0,0,0,,0,,"MAGNOLIA AV","VISALIA RD",0.00,,Y,A,-,N,,,,,,,,,,Y,3,0,1,2,A,-,10,21950,A,N,G,B,B,A,H,-,B,D,0,Y,,,,Y,,D,22,0,1,0,0,1,0,0,0,0,"- ","- ",,,TULARE,FARMERSVILLE,-119.20609997,36.297770040000003
6473809,2014,2014-06-27,5407,2014-04-13,1704,A264,,7,5,5,5407,0,0,0,,0,034,COURT,WALNUT,51.00,N,N,A,-,N,,,,,,,,,,Y,4,0,1,2,A,-,01,23152,A,N,C,C,A,A,H,-,A,A,0,,,,,Y,,A,08,0,0,1,0,0,0,0,0,0,"- ","- ",,,TULARE,VISALIA,-119.29201193999999,36.312999939999997
6478194,2014,2014-07-08,5407,2014-03-21,1826,A97,480,5,5,5,5407,0,0,0,,0,033,"BEN MADDOX",NOBLE,30.00,N,N,A,-,N,,,,,,,,,,Y,4,0,1,2,A,-,03,22350,,N,B,C,A,A,H,-,A,D,0,,,,,Y,,D,,0,0,1,0,0,0,0,0,0,"- ","- ",,,TULARE,VISALIA,-119.27854548000001,36.326192200000001
6478313,2014,2014-07-14,5407,2014-04-30,1115,A264,480,3,5,5,5407,0,0,0,,0,011,DEMAREE,GOSHEN,539.00,S,N,A,-,N,,,,,,,,,,Y,3,0,2,2,A,-,09,21804,,N,D,C,A,A,H,-,A,A,0,,,,,Y,,A,01,0,1,1,0,0,0,0,0,0,"- ","- ",,,TULARE,VISALIA,-119.33192520999999,36.337224390000003
6479916,2014,2016-04-12,9480,2014-04-24,1537,015875,,4,2,9,5400,0,1,3,,2,093,"RT 99","RT 198",50.00,S,N,A,-,Y,TUL,6,99,-,R,38.700,H,-,S,N,4,0,1,1,A,-,08,22107,,N,E,I,A,A,H,-,A,D,1,,,,,Y,,A,01,0,0,1,0,0,0,0,0,0,"- ","- ",36.325479999999999,-119.40622999999999,TULARE,UNINCORPORATED,-119.40675844,36.325772720000003
6479921,2014,2014-07-09,9480,2014-04-27,2149,012046,,7,2,9,5400,0,3,5,,2,004,"AVENUE 328","ROAD 156",510.00,W,N,A,-,N,,,,,,,,,,Y,3,0,1,1,A,-,01,23152,A,N,E,I,A,A,H,-,C,D,0,,,,,Y,Y,A,01,0,1,0,0,0,0,0,0,0,"- ","- ",,,TULARE,UNINCORPORATED,-119.22664075,36.385177939999998
6482147,2014,2014-08-01,5404,2014-05-07,1710,L18,20L,3,5,2,5404,0,0,0,,0,008,"TULARE RD",FOOTHILL,330.00,E,N,A,-,N,,,,,,,,,,Y,3,0,1,2,A,-,03,22350,,N,B,E,A,A,H,-,A,D,0,,,Y,,Y,,C,06,0,1,0,0,0,0,0,0,1,"- ","- ",,,TULARE,LINDSAY,-119.07246275,36.21077726
6485648,2014,2014-07-26,9480,2014-05-11,1945,19186,,7,2,9,5400,0,3,5,,2,002,"ROAD 144","AVENUE 400",0.00,,Y,A,-,N,,,,,,,,,,Y,3,0,1,2,A,-,01,23152,A,N,D,C,A,A,H,-,B,A,0,,,,,Y,Y,A,01,0,1,0,0,0,0,0,0,0,"- ","- ",36.515239999999999,-119.25075,TULARE,UNINCORPORATED,-119.25071998999999,36.515200030000003
6485697,2014,2016-04-08,9480,2014-05-13,1050,16046,,2,1,5,5407,0,1,3,,1,064,"RT 198","BEN MADDOX WY",300.00,W,N,A,-,Y,TUL,6,198,-,R,10.670,H,-,W,Y,3,0,1,3,A,-,07,21658,A,N,B,C,A,A,H,-,A,D,1,,,,Y,Y,,A,01,0,1,0,0,0,0,0,0,0,"- ","- ",36.326659999999997,-119.27846,TULARE,VISALIA,-119.27969482,36.326791849999999
6486049,2014,2016-04-08,9480,2014-05-13,0815,12568,,2,1,5,5407,0,1,3,,1,064,"RT 198","CONYER ST",100.00,W,N,A,-,Y,TUL,6,198,-,R,9.460,H,-,E,N,4,0,1,2,A,-,03,22350,,N,C,C,A,A,H,-,A,D,1,,,,,Y,,A,01,0,0,1,0,0,0,0,0,0,"- ","- ",36.326779999999999,-119.3018,TULARE,VISALIA,-119.30137617,36.326928000000002
6488081,2014,2014-07-25,5403,2014-04-29,1830,846,,2,5,2,5403,0,0,0,,0,,"VISALIA RD","S VENTURA AV",0.00,,Y,A,-,N,,,,,,,,,,Y,4,0,2,3,A,-,09,21801,A,N,D,C,A,A,H,-,A,D,0,,,,,Y,,A,01,0,0,2,0,0,0,0,0,0,"- ","- ",,,TULARE,FARMERSVILLE,-119.21171987,36.297790020000001
6493259,2014,2016-04-08,5405,2014-05-22,1536,106,,4,5,4,5405,0,0,0,,0,,"RT 65","TEAPOT DOME AV",50.00,N,N,B,C,Y,TUL,6,65,-,-,16.140,H,-,S,Y,3,0,1,2,A,-,03,22350,,N,C,C,A,B,H,-,A,A,0,,,,,Y,,-,,0,1,0,0,0,0,0,0,0,"- ","- ",,,TULARE,PORTERVILLE,-119.03966414,36.02236954
6498490,2014,2014-07-18,5406,2014-04-21,0900,79,5406,1,5,4,5406,0,0,0,,0,0ES,KING,"O ST",0.00,,Y,A,-,N,,,,,,,,,,Y,4,0,2,2,A,-,12,22450,A,N,D,C,A,A,H,-,A,A,0,,,,,Y,,A,01,0,0,2,0,0,0,0,0,0,"- ","- ",,,TULARE,TULARE,-119.34107987,36.21013001
6498502,2014,2014-07-18,5405,2014-04-24,1548,220,,4,5,4,5405,0,0,0,,0,001,"MORTON AV","NEWCOMB ST",150.00,E,N,A,-,N,,,,,,,,,,N,4,0,1,2,A,-,03,22350,,N,C,C,A,A,H,-,A,D,0,,,,,Y,,-,,0,0,1,0,0,0,0,0,0,"- ","- ",,,TULARE,PORTERVILLE,-119.05243337,36.073134789999997
6498506,2014,2014-07-18,5405,2014-04-25,1631,220,,5,5,4,5405,0,0,0,,0,004,"W OLIVE AV","PORTER ST",47.00,E,N,C,-,N,,,,,,,,,,N,4,0,1,2,A,-,03,22350,,N,C,C,A,B,H,-,A,D,0,,,,,Y,,-,,0,0,1,0,0,0,0,0,0,"- ","- ",,,TULARE,PORTERVILLE,-119.03802118999999,36.066032040000003
6498743,2014,2014-07-28,5405,2014-05-02,1358,106,,5,5,4,5405,0,0,0,,0,,"MAIN ST","MILL AV",0.00,,Y,A,-,N,,,,,,,,,,N,4,0,1,2,A,-,11,21950,B,F,G,B,B,A,H,-,A,A,0,Y,,,,Y,,N,60,0,0,1,0,1,0,0,0,0,"- ","- ",,,TULARE,PORTERVILLE,-119.01624004999999,36.068810020000001
6500427,2014,2014-07-29,9480,2014-05-03,2305,018861,,6,3,9,5400,0,3,5,,2,006,"ROAD 108","AVE 256",2153.00,N,N,A,-,N,,,,,,,,,,Y,4,0,1,2,A,-,08,22107,,N,D,C,A,A,H,-,D,D,0,,,,,Y,,A,01,0,0,1,0,0,0,0,0,0,"- ","- ",36.260779999999997,-119.33118,TULARE,UNINCORPORATED,-119.00001,35.985959999999999
6500471,2014,2014-07-29,9480,2014-05-03,1312,015875,,6,1,9,5400,0,3,5,,2,003,"CARTMILL AV","WEST ST",0.00,,Y,A,-,N,,,,,,,,,,Y,3,0,1,2,A,-,01,23152,A,N,D,C,A,A,H,-,A,A,0,,,,,Y,Y,A,07,0,1,0,0,0,0,0,0,0,"- ","- ",36.240209999999998,-119.36971,TULARE,UNINCORPORATED,-119.36684999000001,36.240160070000002
6500788,2014,2016-04-08,5405,2014-05-09,0353,215,,5,5,4,5405,0,0,0,,0,003,"RT 190","PLANO ST",16.00,S,N,A,-,Y,TUL,6,190,-,-,16.967,I,5,W,Y,3,0,2,2,A,-,12,21453,A,F,B,C,A,A,H,-,C,A,0,,,,,Y,,A,01,0,1,1,0,0,0,0,0,0,"- ","- ",,,TULARE,PORTERVILLE,-119.00818431,36.05115902
6500796,2014,2014-08-05,5405,2014-05-08,1235,186,,4,5,4,5405,0,0,0,,0,004,"VILLA ST","PUTNAM AV",550.00,N,N,A,-,N,,,,,,,,,,Y,4,0,1,2,A,-,08,22107,,N,D,C,A,A,H,-,A,A,0,,,,,Y,,A,08,0,0,1,0,0,0,0,0,0,"- ","- ",,,TULARE,PORTERVILLE,-119.03066773,36.071108930000001
6506839,2014,2014-06-25,5406,2014-04-25,0145,74,5406,5,5,4,5406,0,0,0,,0,0AO,"TULARE AV",SPRUCE,0.00,E,N,A,-,N,,,,,,,,,,Y,2,0,2,1,A,-,01,23153,,N,E,I,A,A,H,-,C,D,0,,,Y,,Y,Y,C,02,1,1,0,0,0,0,0,0,2,"- ","- ",,,TULARE,TULARE,-119.32643994,36.211100109999997
6509582,2014,2014-07-31,9480,2014-05-19,1440,013821,,1,2,9,5400,0,3,5,,2,006,"RD 180","AVE 280",2112.00,N,N,A,-,N,,,,,,,,,,N,3,0,1,2,A,-,09,21801,A,N,F,A,A,A,H,-,A,D,0,,,Y,,Y,,A,01,0,1,0,0,0,0,0,0,1,"- ","- ",,,TULARE,UNINCORPORATED,-119.171606,36.303353379999997
6510369,2014,2016-04-08,9480,2014-06-10,1208,12251,,2,1,5,5407,0,1,3,,1,064,"RT 198","MOONEY BL",378.00,E,N,A,-,Y,TUL,6,198,-,R,8.820,H,-,E,Y,3,0,1,2,A,-,03,22350,,N,C,C,A,A,H,-,A,D,1,,,Y,,Y,,C,02,0,1,0,0,0,0,0,0,1,"- ","- ",36.32696,-119.31245,TULARE,VISALIA,-119.31284762999999,36.326997370000001
6510980,2014,2016-04-08,9481,2014-05-18,2110,018595,,7,2,9,5400,0,1,3,,1,012,"RT 65","AVENUE 196",400.00,S,N,A,-,Y,TUL,6,65,-,-,25.040,H,-,S,Y,4,0,1,1,A,-,08,22107,,N,E,I,A,A,-,-,D,D,0,,,,,Y,,A,01,0,0,1,0,0,0,0,0,0,"- ","- ",36.14911,-119.07102999999999,TULARE,UNINCORPORATED,-119.07189834,36.144405669999998
6511465,2014,2014-07-31,5405,2014-05-22,1625,186,,4,5,4,5405,0,0,0,,0,002,"HENDERSON AV","2ND ST",0.00,,Y,A,-,N,,,,,,,,,,Y,4,0,1,2,A,-,09,21802,A,N,D,C,A,A,H,-,A,A,0,,,,,Y,,A,01,0,0,1,0,0,0,0,0,0,"- ","- ",,,TULARE,PORTERVILLE,-119.01495007,36.080160050000003
6511683,2014,2014-07-29,5405,2014-05-26,2041,203,P5C,1,5,4,5405,0,0,0,,0,003,"ORANGE AV","G ST",35.00,E,N,A,-,N,,,,,,,,,,N,4,0,3,3,A,-,01,23152,A,F,C,C,A,A,H,-,C,D,0,,,,,Y,Y,-,,0,0,3,0,0,0,0,0,0,"- ","- ",,,TULARE,PORTERVILLE,-119.02301176,36.061307730000003
6511945,2014,2014-08-13,5405,2014-06-08,1239,207,,7,5,4,5405,0,0,0,,0,002,"MAIN ST","HARRISON AV",54.00,S,N,A,-,N,,,,,,,,,,Y,4,0,3,2,A,-,03,22350,,N,E,E,A,A,H,-,A,D,0,,,,,Y,,-,,0,0,3,0,0,0,0,0,0,"- ","- ",,,TULARE,PORTERVILLE,-119.01617179,36.072061849999997
6512517,2014,2016-04-11,5407,2014-05-16,1230,M203,480,5,5,5,5407,0,0,0,,0,034,"RT 63","AVE 268",0.00,N,N,A,-,Y,TUL,6,63,-,-,4.600,H,-,N,Y,4,0,1,1,A,-,05,21650,,N,E,I,A,A,H,-,A,A,0,,,,,Y,,D,22,0,0,1,0,0,0,0,0,0,"- ","- ",,,TULARE,VISALIA,-119.31332904,36.278039870000001
6513621,2014,2014-08-07,9481,2014-06-05,0728,18148,,4,1,9,5400,0,2,4,,1,021,"AVENUE 212","ROAD 248",750.00,W,N,A,-,N,,,,,,,,,,Y,3,0,2,1,A,-,08,22107,,N,E,I,A,A,H,-,A,D,0,,,,,Y,,A,01,0,2,0,0,0,0,0,0,0,"- ","- ",36.178730000000002,-119.02458,TULARE,UNINCORPORATED,-119.02132801,36.174572910000002
6514809,2014,2014-08-11,9480,2014-05-31,1418,016210,,6,2,9,5400,0,3,5,,2,002,"AVENUE 416","ROAD 96",528.00,W,N,A,-,N,,,,,,,,,,Y,4,0,2,1,A,-,08,22107,,N,E,I,A,A,H,-,A,D,0,,,,,Y,,A,01,0,0,2,0,0,0,0,0,0,"- ","- ",,,TULARE,UNINCORPORATED,-119.36039685999999,36.545746739999998
6515860,2014,2014-08-14,9480,2014-06-30,0130,015783,,1,3,9,5400,0,3,5,,2,005,"ROAD 136","AVENUE 64",200.00,N,N,A,-,N,,,,,,,,,,Y,3,0,1,1,A,-,01,23152,A,N,E,I,A,A,H,-,D,D,0,,,,,Y,Y,A,01,0,1,0,0,0,0,0,0,0,"- ","- ",,,TULARE,UNINCORPORATED,-119.26810252999999,35.906878849999998
6515866,2014,2015-04-24,9480,2014-06-01,0450,019048,,7,3,9,5400,0,1,3,,1,065,"RT 65","AVENUE 244",1056.00,N,N,A,-,Y,TUL,6,65,-,-,33.230,H,-,S,Y,4,0,1,2,A,-,08,22107,,N,C,C,A,A,H,-,B,D,0,,,,,Y,,A,07,0,0,1,0,0,0,0,0,0,"- ","- ",36.235210000000002,-119.13656,TULARE,UNINCORPORATED,-119.13646399,36.234664780000003
6515870,2014,2015-03-23,9480,2014-06-05,1054,015875,,4,1,9,5400,0,3,5,,2,003,"AVENUE 264","RT 99",0.00,,Y,A,-,Y,TUL,6,99,-,-,34.096,R,4,S,Y,4,0,1,2,A,-,09,21802,A,N,D,C,A,A,H,-,A,A,1,,,,,Y,,A,01,0,0,1,0,0,0,0,0,0,"- ",TO,36.266359999999999,-119.36414000000001,TULARE,UNINCORPORATED,-119.36552438,36.268352489999998
6515874,2014,2014-08-08,9480,2014-06-06,0340,019846,,5,3,9,5400,0,3,5,,2,002,"ROAD 132","AVENUE 384",5280.00,S,N,A,-,N,,,,,,,,,,Y,4,0,3,1,A,-,08,22107,,N,F,I,A,A,H,-,D,D,0,,,,,Y,,A,01,0,0,3,0,0,0,0,0,0,"- ","- ",,,TULARE,UNINCORPORATED,-119.27738556,36.472125259999999
6518599,2014,2014-07-30,9481,2014-05-20,0825,15218,,2,1,9,5400,0,3,5,,2,030,"WALKER RD","AVENUE 146",0.00,,Y,A,-,N,,,,,,,,,,N,4,0,2,2,A,-,09,21800,A,M,D,D,A,A,H,-,A,D,0,,,,,Y,,A,01,0,0,2,0,0,0,0,0,0,"- ","- ",36.056379999999997,-119.48746,TULARE,UNINCORPORATED,-119.48779106000001,36.056925769999999
6529041,2014,2016-04-12,9480,2014-06-13,0120,18861,,5,3,9,5400,0,1,3,,2,091,"RT 99","AVE 328",3268.00,N,N,A,-,Y,TUL,6,99,-,R,44.030,H,-,N,Y,4,0,1,2,A,-,21,22106,,N,C,C,A,A,H,-,D,D,1,,,,,Y,,A,08,0,0,1,0,0,0,0,0,0,"- ","- ",36.39443,-119.44970000000001,TULARE,UNINCORPORATED,-119.44920267000001,36.393614280000001
6533621,2014,2014-08-12,5405,2014-06-06,1930,207,,5,5,4,5405,0,0,0,,0,001,"PROSPECT ST","HENDERSON AV",88.00,S,N,A,-,N,,,,,,,,,,Y,4,0,1,2,A,-,03,22350,,N,C,C,A,A,H,-,A,D,0,,,,,Y,,-,,0,0,1,0,0,0,0,0,0,"- ","- ",,,TULARE,PORTERVILLE,-119.04396933,36.080178549999999
6533641,2014,2014-08-12,5405,2014-06-27,1514,207,,5,5,4,5405,0,0,0,,0,001,"HENDERSON AV","INDIANA ST",0.00,,Y,A,-,N,,,,,,,,,,Y,4,0,1,2,A,-,12,21453,A,N,D,C,A,A,H,-,A,A,0,,,,,Y,,-,,0,0,1,0,0,0,0,0,0,"- ","- ",,,TULARE,PORTERVILLE,-119.0349401,36.080510109999999
6534488,2014,2014-08-04,5407,2014-05-01,1823,C39,480,4,5,5,5407,0,0,0,,0,026,GRANITE,2ND,31680.00,E,N,A,-,N,,,,,,,,,,Y,3,0,2,2,A,-,08,22107,,F,A,G,A,A,H,-,A,D,0,,Y,,,Y,,A,,0,2,0,0,0,0,2,0,0,"- ","- ",,,TULARE,VISALIA,-119.28955000000001,36.337899999999998
6534519,2014,2014-07-29,5407,2014-05-31,1756,A228,480,6,5,5,5407,0,0,0,,0,012,"WALNUT AV","AKERS ST",264.00,E,N,A,-,N,,,,,,,,,,Y,3,0,2,2,A,-,08,22107,,N,A,C,A,A,D,-,A,D,0,,,,,Y,,A,,0,1,1,0,0,0,0,0,0,"- ","- ",,,TULARE,VISALIA,-119.34873485,36.31276518
6534531,2014,2014-07-29,5407,2014-05-23,1908,A237,480,5,5,5,5407,0,0,0,,0,025,HOUSTON,STEVENSON,12.00,W,N,A,-,N,,,,,,,,,,Y,4,0,1,3,A,-,03,22350,,M,C,C,A,A,H,-,A,A,0,,,,,Y,,A,,0,0,1,0,0,0,0,0,0,"- ","- ",,,TULARE,VISALIA,-119.2999707,36.341840380000001
6536820,2014,2014-08-22,9480,2014-06-14,0150,018204,,6,3,9,5400,0,3,5,,2,006,"RD 204","LIST AV",1584.00,S,N,B,-,N,,,,,,,,,,Y,4,0,1,1,A,-,01,23152,A,N,E,I,A,A,H,-,D,D,0,,,,,Y,Y,D,22,0,0,1,0,0,0,0,0,0,"- ","- ",36.279510000000002,-119.11787,TULARE,UNINCORPORATED,-119.11798238999999,36.279493860000002
6542718,2014,2014-08-18,9420,2014-06-28,0635,20304,,6,1,9,5400,0,3,5,,2,020,"MOUNTAIN 99 RD","HOSPITAL FLAT",1200.00,N,N,A,-,N,,,,,,,,,,Y,3,0,1,1,A,-,08,22107,,N,E,J,A,A,H,-,A,D,0,,,,,Y,,A,01,0,1,0,0,0,0,0,0,0,"- ","- ",35.835720000000002,-118.45195,TULARE,UNINCORPORATED,-118.45576912,35.83048488
6543842,2014,2016-04-12,9480,2014-06-28,0500,017854,,6,3,9,5400,0,1,3,,2,095,"RT 99","AVENUE 48",2640.00,S,N,A,-,Y,TUL,6,99,-,-,5.650,H,-,N,Y,3,0,1,2,A,-,03,22350,,N,C,C,A,A,H,-,B,D,1,,,,Y,Y,,D,22,0,1,0,0,0,0,0,0,0,"- ","- ",35.869570000000003,-119.27049,TULARE,UNINCORPORATED,-119.27061229,35.87010574
6544720,2014,2014-08-12,9480,2014-06-26,1510,16210,,4,2,9,5400,0,3,5,,2,006,"ROAD 100","AVENUE 272",2640.00,S,N,A,-,N,,,,,,,,,,Y,3,0,2,2,A,-,09,21804,A,N,E,I,A,A,H,-,A,D,0,,,,,Y,,A,01,0,1,1,0,0,0,0,0,0,"- ","- ",,,TULARE,UNINCORPORATED,-119.34926616,36.276465160000001
6547602,2014,2014-08-12,5406,2014-06-02,1410,42,B3,1,5,4,5406,0,0,0,,0,0ES,"PLEASANT AV","M ST",0.00,,Y,A,-,N,,,,,,,,,,Y,3,0,2,3,A,-,12,21453,A,N,D,C,A,A,H,-,A,A,0,,,,,Y,,A,01,0,1,1,0,0,0,0,0,0,"- ","- ",,,TULARE,TULARE,-119.34437989,36.21830009
6547631,2014,2014-08-14,5406,2014-06-29,1457,79,5406,7,5,4,5406,0,0,0,,0,0ES,M,PROSPERITY,0.00,,Y,A,-,N,,,,,,,,,,Y,4,0,2,3,A,-,12,21453,A,N,D,C,A,A,H,-,A,A,0,,,,Y,Y,,F,26,0,0,2,0,0,0,0,0,0,"- ","- ",,,TULARE,TULARE,-119.34427986,36.225760030000004
6556833,2014,2014-08-16,5407,2014-06-22,2034,19139,480,7,5,5,5407,0,0,0,,0,033,NOBLE,"WILLIS ST",27.00,W,N,A,-,N,,,,,,,,,,Y,4,0,2,2,A,-,01,23153,,N,C,C,A,A,H,-,C,A,0,,,,,Y,Y,A,,0,0,2,0,0,0,0,0,0,"- ","- ",,,TULARE,VISALIA,-119.29780156,36.326430819999999
6556834,2014,2014-08-16,5407,2014-06-18,1931,A228,480,3,5,5,5407,0,0,0,,0,012,DEMAREE,"JUDY AV",9.00,N,N,A,-,N,,,,,,,,,,N,4,0,1,2,A,-,03,22350,,N,C,C,A,A,H,-,A,D,0,,,,,Y,,A,01,0,0,1,0,0,0,0,0,0,"- ","- ",,,TULARE,VISALIA,-119.33170054,36.315554689999999
6556842,2014,2016-04-08,5407,2014-06-09,1055,M181,480,1,5,5,5407,0,0,0,,0,012,"RT 63",ORCHARD,0.00,,Y,A,-,Y,TUL,6,63,-,-,6.135,I,5,S,Y,4,0,3,2,A,-,"- ",,,N,A,C,A,A,H,-,A,A,0,,,,,Y,,-,"- ",0,0,3,0,0,0,0,0,0,"- ","- ",,,TULARE,VISALIA,-119.31380473,36.30029948
6556843,2014,2014-08-15,5407,2014-06-07,1432,M222,480,6,5,5,5407,0,0,0,,0,026,"LOVERS LN",GOSHEN,0.00,,Y,A,-,N,,,,,,,,,,N,3,0,1,2,A,-,03,22350,,N,F,A,A,A,H,-,A,A,0,,,Y,,Y,,C,02,0,1,0,0,0,0,0,0,1,"- ","- ",,,TULARE,VISALIA,-119.26077988999999,36.334680079999998
6556848,2014,2014-08-15,5407,2014-06-03,1740,A226,480,2,5,5,5407,0,0,0,,0,012,DEMAREE,"PARADISE AV",24.00,N,N,A,-,N,,,,,,,,,,Y,3,0,2,2,A,-,03,22350,,N,-,C,A,A,H,-,A,A,0,,,,,Y,,A,01,0,1,1,0,0,0,0,0,0,"- ","- ",,,TULARE,VISALIA,-119.33171928,36.316515860000003
6558060,2014,2014-07-31,5403,2014-05-23,1505,841,,5,5,2,5403,0,0,0,,0,,"STEVENS AV","COSTNER ST",0.00,,Y,A,-,N,,,,,,,,,,Y,3,0,4,2,A,-,09,21801,A,N,A,C,A,A,H,-,A,D,0,,,,,Y,,A,01,0,3,1,0,0,0,0,0,0,"- ","- ",,,TULARE,FARMERSVILLE,-119.21337988000001,36.29946004
6564163,2014,2016-04-08,5407,2014-05-11,2154,A244,,7,5,5,5407,0,0,0,,0,012,"RT 63",TULARE,0.00,,Y,A,-,Y,TUL,6,63,-,-,7.510,I,5,S,Y,3,0,2,2,A,-,01,23153,,N,B,C,A,A,H,-,C,A,0,,,,,Y,,A,,0,2,0,0,0,0,0,0,0,"- ","- ",,,TULARE,VISALIA,-119.31406153,36.320235390000001