CASE_ID,ACCIDENT_YEAR,PROC_DATE,JURIS,COLLISION_DATE,COLLISION_TIME,OFFICER_ID,REPORTING_DISTRICT,DAY_OF_WEEK,CHP_SHIFT,POPULATION,CNTY_CITY_LOC,SPECIAL_COND,BEAT_TYPE,CHP_BEAT_TYPE,CITY_DIVISION_LAPD,CHP_BEAT_CLASS,BEAT_NUMBER,PRIMARY_RD,SECONDARY_RD,DISTANCE,DIRECTION,INTERSECTION,WEATHER_1,WEATHER_2,STATE_HWY_IND,CALTRANS_COUNTY,CALTRANS_DISTRICT,STATE_ROUTE,ROUTE_SUFFIX,POSTMILE_PREFIX,POSTMILE,LOCATION_TYPE,RAMP_INTERSECTION,SIDE_OF_HWY,TOW_AWAY,COLLISION_SEVERITY,NUMBER_KILLED,NUMBER_INJURED,PARTY_COUNT,PRIMARY_COLL_FACTOR,PCF_CODE_OF_VIOL,PCF_VIOL_CATEGORY,PCF_VIOLATION,PCF_VIOL_SUBSECTION,HIT_AND_RUN,TYPE_OF_COLLISION,MVIW,PED_ACTION,ROAD_SURFACE,ROAD_COND_1,ROAD_COND_2,LIGHTING,CONTROL_DEVICE,CHP_ROAD_TYPE,PEDESTRIAN_ACCIDENT,BICYCLE_ACCIDENT,MOTORCYCLE_ACCIDENT,TRUCK_ACCIDENT,NOT_PRIVATE_PROPERTY,ALCOHOL_INVOLVED,STWD_VEHTYPE_AT_FAULT,CHP_VEHTYPE_AT_FAULT,COUNT_SEVERE_INJ,COUNT_VISIBLE_INJ,COUNT_COMPLAINT_PAIN,COUNT_PED_KILLED,COUNT_PED_INJURED,COUNT_BICYCLIST_KILLED,COUNT_BICYCLIST_INJURED,COUNT_MC_KILLED,COUNT_MC_INJURED,PRIMARY_RAMP,SECONDARY_RAMP,LATITUDE,LONGITUDE,COUNTY,CITY,POINT_X,POINT_Y
8031049,2016,2017-02-18,5407,2016-03-27,1935,M245,480,7,5,5,5407,0,0,0,,0,026,"RT 63",MAIN,45.00,S,N,A,-,Y,TUL,6,63,-,-,8.190,H,-,N,N,3,0,1,2,A,-,08,22107,,N,B,C,A,A,H,-,B,A,0,,,Y,,Y,Y,-,"- ",0,1,0,0,0,0,0,0,1,"- ","- ",,,TULARE,VISALIA,-119.29235599,36.330008319999997
8031057,2016,2016-05-12,5407,2016-03-26,1219,C40,480,6,5,5,5407,0,0,0,,0,026,SWEET,ENCINA,0.00,,Y,A,-,N,,,,,,,,,,Y,3,0,1,3,A,-,12,22450,A,N,D,C,A,A,H,-,A,D,0,,,,,Y,,D,22,0,1,0,0,0,0,0,0,0,"- ","- ",,,TULARE,VISALIA,-119.29467993999999,36.343060039999997
8031086,2016,2016-08-29,5407,2016-04-28,2220,A276,480,4,5,5,5407,0,0,0,,0,011,"MINERAL KING","RT 63",0.00,,Y,A,-,N,,,,,,,,,,Y,3,0,1,2,A,-,12,21453,A,N,D,C,A,A,H,-,C,A,0,,,,,Y,,A,01,0,1,0,0,0,0,0,0,0,"- ","- ",,,TULARE,VISALIA,-119.31409993,36.327540079999999
8031109,2016,2017-02-23,5407,2016-04-26,2219,M243,7002,2,5,5,5407,0,0,0,,0,025,"RT 63",HOUSTON,0.00,,Y,A,-,Y,TUL,6,63,-,R,9.095,I,5,N,Y,4,0,1,3,A,-,01,23152,E,N,D,C,A,A,H,-,C,A,0,,,,,Y,,A,07,0,0,1,0,0,0,0,0,0,"- ","- ",,,TULARE,VISALIA,-119.29664687,36.34184218
8031175,2016,2016-05-06,5407,2016-04-13,1413,M218,480,3,5,5,5407,0,0,0,,0,026,"BRIDGE ST","FERGUSON AV",0.00,,Y,A,-,N,,,,,,,,,,Y,4,0,1,2,A,-,09,21802,A,N,D,C,A,A,H,-,A,A,0,,,,,Y,,A,01,0,0,1,0,0,0,0,0,0,"- ","- ",36.349580000000003,-119.28919999999999,TULARE,VISALIA,-119.28915996000001,36.349530020000003
8031194,2016,2017-02-23,5407,2016-04-20,1408,M214,480,3,5,5,5407,0,0,0,,0,012,"RT 63",NOBLE,0.00,,Y,A,-,Y,TUL,6,63,-,L,7.949,I,5,S,Y,3,0,1,2,A,-,17,21451,A,N,D,C,A,A,H,-,A,A,0,,,Y,,Y,,A,01,0,1,0,0,0,0,0,0,1,"- ","- ",,,TULARE,VISALIA,-119.31411715,36.326516779999999
8033439,2016,2016-05-06,5405,2016-04-08,2005,232,,5,5,4,5405,0,0,0,,0,004,"JAYE ST","SPRINGVILLE AV",300.00,N,N,C,-,N,,,,,,,,,,Y,3,0,2,1,A,-,03,22350,,N,E,I,A,B,H,-,C,D,0,,,,,Y,,-,,0,2,0,0,0,0,0,0,0,"- ","- ",,,TULARE,PORTERVILLE,-119.02623839,36.05575297
8036899,2016,2016-05-11,5406,2016-04-21,1355,86,5406,4,5,4,5406,0,0,0,,0,,"D ST","SAN JOAQUIN",0.00,S,N,A,-,N,,,,,,,,,,N,3,0,1,1,B,-,22,,,N,H,G,A,A,H,-,A,D,0,,Y,,,Y,,L,04,0,1,0,0,0,0,1,0,0,"- ","- ",,,TULARE,TULARE,-119.35646996,36.2092101
8044085,2016,2016-05-24,5405,2016-05-16,1450,C23,PORTE,1,5,4,5405,0,0,0,,0,003,"DATE AV","A ST",174.00,W,N,A,-,N,,,,,,,,,,Y,3,0,1,3,A,-,08,22107,,N,A,C,A,A,H,-,A,D,0,,,,,Y,,-,,0,1,0,0,0,0,0,0,0,"- ","- ",,,TULARE,PORTERVILLE,-119.01397781,36.058580139999997
8058979,2016,2016-06-15,5405,2016-05-31,1130,208,,2,5,4,5405,0,0,0,,0,002,"F ST","CHERRY AV",18.00,N,N,A,-,N,,,,,,,,,,Y,3,0,1,2,A,-,09,21800,A,N,D,C,A,A,H,-,A,D,0,,,,,Y,,-,,0,1,0,0,0,0,0,0,0,"- ","- ",,,TULARE,PORTERVILLE,-119.02129613,36.069249290000002
8059614,2016,2016-06-13,5407,2016-05-11,1030,M218,480,3,5,5,5407,0,0,0,,0,011,"DEMAREE ST","NOBLE AV S",0.00,,Y,A,-,N,,,,,,,,,,Y,4,0,1,2,A,-,08,22107,,N,D,C,A,A,H,-,A,A,0,,,,,Y,,A,01,0,0,1,0,0,0,0,0,0,"- ","- ",36.326340000000002,-119.33172,TULARE,VISALIA,-119.33176989,36.326630039999998
8059724,2016,2016-06-11,5407,2016-05-25,0840,M33,480,3,5,5,5407,0,0,0,,0,,"MINERAL KING",AKERS,528.00,E,N,A,-,N,,,,,,,,,,Y,4,0,1,2,A,-,08,22107,,N,B,C,A,A,H,-,A,D,0,,,,,Y,,A,01,0,0,1,0,0,0,0,0,0,"- ","- ",,,TULARE,VISALIA,-119.34799934999999,36.327828969999999
8063122,2016,2016-09-28,5405,2016-09-13,1646,235,,2,5,4,5405,0,0,0,,0,004,"NEWCOMB ST","PUTNAM AV",114.00,N,N,A,-,N,,,,,,,,,,Y,3,0,1,2,A,-,08,22107,,N,D,C,A,A,H,-,A,D,0,,,Y,,Y,,-,,0,1,0,0,0,0,0,0,0,"- ","- ",,,TULARE,PORTERVILLE,-119.05296826999999,36.069802780000003
8063126,2016,2016-09-28,5405,2016-09-12,0750,235,,1,5,4,5405,0,0,0,,0,001,"MICHAEL ST","PAMELA AV",104.00,S,N,A,-,N,,,,,,,,,,Y,3,0,1,2,A,-,08,22107,,N,B,E,A,A,H,-,A,D,0,,,,,Y,,-,,0,1,0,0,0,0,0,0,0,"- ","- ",,,TULARE,PORTERVILLE,-119.06060218,36.092364719999999
8063134,2016,2016-09-28,5405,2016-09-06,1239,235,,2,5,4,5405,0,0,0,,0,002,"PUTNAM AV","E ST",6.00,E,N,A,-,N,,,,,,,,,,Y,4,0,2,2,A,-,09,21801,A,N,B,C,A,A,H,-,A,D,0,,,,,Y,,A,01,0,0,2,0,0,0,0,0,0,"- ","- ",,,TULARE,PORTERVILLE,-119.01991973,36.06971978
8063138,2016,2016-09-28,5405,2016-09-12,1535,214,PORTE,1,5,4,5405,0,0,0,,0,,"NEWCOMB ST","HENDERSON AV",278.00,N,N,A,-,N,,,,,,,,,,N,3,0,1,2,A,-,05,21650,1,N,D,G,A,A,H,-,A,D,0,,Y,,,Y,,L,04,0,1,0,0,0,0,1,0,0,"- ","- ",,,TULARE,PORTERVILLE,-119.05285000000001,36.081111669999999
8067351,2016,2016-07-01,5405,2016-06-14,1634,C23,PORTE,2,5,4,5405,0,0,0,,0,004,"NEWCOMB ST","OLIVE AV",258.00,N,N,A,-,N,,,,,,,,,,Y,4,0,1,2,A,-,09,21801,A,N,D,C,A,A,H,-,A,A,0,,,,,Y,,-,,0,0,1,0,0,0,0,0,0,"- ","- ",,,TULARE,PORTERVILLE,-119.05298231,36.06654786
8067355,2016,2016-07-01,5405,2016-06-17,1409,C25,PORTE,5,5,4,5405,0,0,0,,0,004,"NEWCOMB ST","TOMAH AV",13.00,N,N,A,-,N,,,,,,,,,,Y,4,0,1,2,A,-,03,22350,,N,C,C,A,A,H,-,A,A,0,,,,,Y,,-,,0,0,1,0,0,0,0,0,0,"- ","- ",,,TULARE,PORTERVILLE,-119.05297,36.067715669999998
8078221,2016,2016-07-15,5407,2016-06-24,1952,A270,3006,5,5,5,5407,0,0,0,,0,034,LAUREL,DEMAREE,0.00,,Y,A,-,N,,,,,,,,,,N,4,0,1,2,A,-,05,21650,1,N,D,G,A,A,-,-,A,D,0,,Y,,,Y,,L,04,0,0,1,0,0,0,1,0,0,"- ","- ",,,TULARE,VISALIA,-119.33172997,36.320810010000002
8078233,2016,2016-07-19,5407,2016-06-11,1215,A278,480,6,5,5,5407,0,0,0,,0,026,"BEN MADDOX ST","DOUGLAS AV",0.00,,Y,A,-,N,,,,,,,,,,Y,2,0,1,2,A,-,08,22107,,N,D,C,A,A,H,-,A,D,0,,,Y,,Y,,-,"- ",1,0,0,0,0,0,0,0,1,"- ","- ",,,TULARE,VISALIA,-119.27881991,36.338220100000001
8078415,2016,2016-07-14,5407,2016-05-27,1721,M264,480,5,5,5,5407,0,0,0,,0,033,NOBLE,"BEN MADDOX",153.00,W,N,A,-,N,,,,,,,,,,Y,4,0,1,2,A,-,04,21703,,F,C,C,A,A,H,-,A,A,0,,,,,Y,,A,01,0,0,1,0,0,0,0,0,0,"- ","- ",,,TULARE,VISALIA,-119.27902198,36.32626338
8078491,2016,2016-07-18,5407,2016-06-09,0807,M33,480,4,5,5,5407,0,0,0,,0,,CALDWELL,CRENSHAW,0.00,,Y,A,-,N,,,,,,,,,,Y,3,0,2,2,A,-,09,21802,A,N,D,C,A,A,H,-,A,A,0,,,Y,,Y,,A,07,0,2,0,0,0,0,0,0,1,"- ","- ",,,TULARE,VISALIA,-119.34401991,36.29825005
8078495,2016,2016-07-18,5407,2016-06-07,1716,A144,480,2,5,5,5407,0,0,0,,0,033,LOCUST,LAUREL,36.00,S,N,A,-,N,,,,,,,,,,N,4,0,2,2,A,-,03,22350,,N,C,C,A,A,H,-,A,D,0,,,,,Y,,A,01,0,0,2,0,0,0,0,0,0,"- ","- ",,,TULARE,VISALIA,-119.29333812,36.321131219999998
8084889,2016,2016-07-14,5406,2016-06-02,1405,64,,4,5,4,5406,0,0,0,,0,0ES,"N CHERRY",LYNDALE,0.00,,Y,A,-,N,,,,,,,,,,N,3,0,1,1,A,-,05,21650,,N,E,I,A,A,H,-,A,A,0,,,,,Y,,A,01,0,1,0,0,0,0,0,0,0,"- ","- ",,,TULARE,TULARE,-119.33764994000001,36.217860109999997
8088710,2016,2016-08-18,5406,2016-07-01,0741,41,D1,5,5,4,5406,0,0,0,,0,0ES,BARDSLEY,"O ST",0.00,,Y,A,-,N,,,,,,,,,,Y,4,0,2,2,A,-,12,21453,A,N,D,C,A,A,H,-,A,A,0,,,,,Y,,-,"- ",0,0,2,0,0,0,0,0,0,"- ","- ",,,TULARE,TULARE,-119.33978999,36.196610020000001
8093947,2016,2016-07-26,5405,2016-07-16,1204,204,,6,5,4,5405,0,0,0,,0,002,"MAIN ST","MULBERRY AV",68.00,N,N,A,-,N,,,,,,,,,,Y,3,0,2,2,A,-,03,22350,,N,C,C,A,A,H,-,A,D,0,,,,,Y,,-,,0,1,1,0,0,0,0,0,0,"- ","- ",,,TULARE,PORTERVILLE,-119.02328074,36.084090949999997
8097048,2016,2016-08-12,5405,2016-07-22,2111,203,,5,5,4,5405,0,0,0,,0,001,"WESTWOOD ST","LUISA AV",0.00,,Y,A,-,N,,,,,,,,,,Y,3,0,1,2,A,-,09,21802,A,N,D,C,A,A,H,-,C,D,0,,,,,Y,,-,,0,1,0,0,0,0,0,0,0,"- ","- ",,,TULARE,PORTERVILLE,-119.07081008999999,36.08490011
8097294,2016,2016-08-31,5401,2016-04-04,1539,2133,5401,1,5,3,5401,0,0,0,,0,001,"ENGLEHART AV","WEST SAGINAW AV",13.00,S,N,A,-,N,,,,,,,,,,N,3,0,1,2,A,-,08,22107,,N,B,C,A,A,H,-,A,A,0,,Y,,,Y,,A,01,0,1,0,0,0,0,1,0,0,"- ","- ",,,TULARE,DINUBA,-119.41276000000001,36.553294319999999
8100263,2016,2016-08-15,5407,2016-07-07,1906,A255,48030,4,5,5,5407,0,0,0,,0,033,CAMBRIDGE,CASTLEVIEW,117.00,E,N,A,-,N,,,,,,,,,,Y,4,0,1,1,A,-,03,22350,,N,A,I,A,A,H,-,A,D,0,,,,,Y,,D,22,0,0,1,0,0,0,0,0,0,"- ","- ",,,TULARE,VISALIA,-119.27631015999999,36.314757360000002
8100338,2016,2016-08-16,5407,2016-06-27,1427,M218,480,1,5,5,5407,0,0,0,,0,034,"WALNUT AVE","GARDEN ST",0.00,,Y,A,-,N,,,,,,,,,,Y,3,0,3,2,A,-,09,21801,A,N,D,C,A,A,H,-,A,A,0,,,,,Y,,B,01,0,2,1,0,0,0,0,0,0,"- ","- ",36.312890000000003,-119.28967,TULARE,VISALIA,-119.28966998999999,36.312870089999997
8100463,2016,2016-08-12,5407,2016-07-17,1401,M226,480,7,5,5,5407,0,0,0,,0,025,"COUNTY CENTER",FERGUSON,0.00,,Y,A,-,N,,,,,,,,,,Y,3,0,3,2,A,-,12,22450,A,N,D,C,A,A,H,-,A,A,0,,,,,Y,,A,01,0,2,1,0,0,0,0,0,0,"- ","- ",,,TULARE,VISALIA,-119.32315988000001,36.349250079999997
8100475,2016,2016-08-12,5407,2016-07-06,2005,A85,480,3,5,5,5407,0,0,0,,0,034,CAMERON,STONEBROOK,225.00,W,N,A,-,N,,,,,,,,,,Y,4,0,2,2,A,-,08,22107,,N,A,C,A,A,H,-,A,D,0,,,,,Y,,A,01,0,0,2,0,0,0,0,0,0,"- ","- ",,,TULARE,VISALIA,-119.30604076,36.294174429999998
8100477,2016,2017-02-22,5407,2016-07-09,1907,A274,480,6,5,5,5407,0,0,0,,0,012,"RT 63","TULARE AV",0.00,,Y,A,-,Y,TUL,6,63,-,-,7.510,I,5,S,Y,2,0,3,2,A,-,12,21453,A,N,D,C,A,A,H,-,A,A,0,,,,,Y,,A,07,1,2,0,0,0,0,0,0,0,"- ","- ",,,TULARE,VISALIA,-119.31406153,36.320235390000001
8100672,2016,2016-08-17,5407,2016-06-24,2142,M264,480,5,5,5,5407,0,0,0,,0,033,WALNUT,GIDDINGS,0.00,,Y,A,-,N,,,,,,,,,,N,3,0,1,2,A,-,08,22107,,N,G,-,B,A,H,-,C,A,0,Y,,,,Y,,A,01,0,1,0,0,1,0,0,0,0,"- ","- ",,,TULARE,VISALIA,-119.30535988,36.312910049999999
8109277,2016,2016-08-26,5405,2016-08-14,1737,169,,7,5,4,5405,0,0,0,,0,004,"INDIANA ST","OLIVE AV",93.00,S,N,A,-,N,,,,,,,,,,Y,4,0,3,2,A,-,03,22350,,N,C,-,A,A,H,-,A,D,0,,,,,Y,,-,,0,0,3,0,0,0,0,0,0,"- ","- ",,,TULARE,PORTERVILLE,-119.0351764,36.065724869999997
8109453,2016,2016-08-26,5405,2016-07-27,0704,223,,3,5,4,5405,0,0,0,,0,003,"PUTNAM AV","2ND ST",0.00,,Y,A,-,N,,,,,,,,,,Y,4,0,2,2,A,-,12,21453,A,N,D,D,A,A,H,-,A,A,0,,,,,Y,,-,,0,0,2,0,0,0,0,0,0,"- ","- ",,,TULARE,PORTERVILLE,-119.01524000000001,36.069470109999997
8116483,2016,2016-09-07,5407,2016-08-08,2023,A270,480,1,5,5,5407,0,0,0,,0,012,"S WOODLAND ST","S WOODLAND ST 3348",0.00,,N,A,-,N,,,,,,,,,,Y,4,0,1,3,A,-,05,21650,,N,C,E,A,A,H,-,C,D,0,,,,,Y,,A,01,0,0,1,0,0,0,0,0,0,"- ","- ",36.300220000000003,-119.31932999999999,TULARE,VISALIA,-119.31955755,36.300270189999999
8116539,2016,2016-09-07,5407,2016-08-04,0941,M201,480,4,5,5,5407,0,0,0,,0,033,"SANTA FE ST",TULARE,373.00,S,N,A,-,N,,,,,,,,,,N,3,0,3,1,A,-,05,21650,,N,E,I,A,A,H,-,A,A,0,,,,,Y,,A,01,0,1,2,0,0,0,0,0,0,"- ","- ",,,TULARE,VISALIA,-119.28756891,36.319086740000003
8118671,2016,2016-09-12,5406,2016-08-24,1542,84,A1,3,5,4,5406,0,0,0,,0,0AO,"WEST ST","CAPINERO DR",54.00,N,N,A,-,N,,,,,,,,,,Y,2,0,2,1,D,-,00,,,N,E,I,A,A,A,-,A,D,0,,,,,Y,,-,"- ",1,0,1,0,0,0,0,0,0,"- ","- ",,,TULARE,TULARE,,
8120173,2016,2016-09-13,5405,2016-08-26,1628,234,PORTE,5,5,4,5405,0,0,0,,0,004,"WESTWOOD ST","VINE AV",0.00,,Y,A,-,N,,,,,,,,,,Y,3,0,2,2,A,-,03,22350,,N,C,C,A,A,H,-,A,D,0,,,,,Y,,-,,0,1,1,0,0,0,0,0,0,"- ","- ",,,TULARE,PORTERVILLE,-119.0708685,36.064115999999999
8121528,2016,2016-09-15,5405,2016-09-02,1542,C25,PORTE,5,5,4,5405,0,0,0,,0,001,"HENDERSON AV","PORTER RD",8.00,E,N,A,-,N,,,,,,,,,,Y,4,0,1,2,A,-,03,22350,,N,C,C,A,A,H,-,A,A,0,,,,,Y,,-,,0,0,1,0,0,0,0,0,0,"- ","- ",,,TULARE,PORTERVILLE,-119.03783296,36.080400310000002
8134868,2016,2016-11-22,5407,2016-09-10,0011,A275,480,6,5,5,5407,0,0,0,,0,025,"N LOCUST AV","W RACE AV",0.00,,Y,A,-,N,,,,,,,,,,N,4,0,1,2,A,-,10,21950,A,N,G,B,B,A,H,-,A,D,0,Y,,,,Y,,D,22,0,0,1,0,1,0,0,0,0,"- ","- ",,,TULARE,VISALIA,-119.29349999,36.335330089999999
8145442,2016,2016-10-17,5405,2016-09-27,1819,235,PORTE,2,5,4,5405,0,0,0,,0,003,"E ST","CHERRY AV",240.00,S,N,A,-,N,,,,,,,,,,N,4,0,2,2,A,-,08,22103,,N,D,C,A,A,H,-,A,D,0,,,,,Y,,-,,0,0,2,0,0,0,0,0,0,"- ","- ",,,TULARE,PORTERVILLE,-119.01996257,36.068481599999998
8145446,2016,2017-02-24,5405,2016-09-26,1754,235,PORTE,1,5,4,5405,0,0,0,,0,004,"OLIVE AV","RT 65",0.00,,Y,A,-,Y,TUL,6,63,-,-,19.019,R,4,S,Y,3,0,1,2,A,-,09,21801,A,N,A,C,A,A,H,-,A,A,0,,,,,Y,,-,,0,1,0,0,0,0,0,0,0,"- ",SO,,,TULARE,PORTERVILLE,-119.28989034,36.481194700000003
8145450,2016,2016-10-17,5405,2016-09-29,1707,207,,4,5,4,5405,0,0,0,,0,003,"OLIVE AV","F ST",108.00,W,N,A,-,N,,,,,,,,,,N,4,0,1,2,A,-,08,22107,,N,B,G,A,A,H,-,A,D,0,,Y,,,Y,,-,,0,0,1,0,0,0,1,0,0,"- ","- ",,,TULARE,PORTERVILLE,-119.02171495,36.065272360000002
8145454,2016,2016-10-17,5405,2016-09-29,1450,207,,4,5,4,5405,0,0,0,,0,004,"WISCONSIN ST","MONTGOMERY AV",0.00,S,N,A,-,N,,,,,,,,,,N,3,0,1,2,A,-,00,21651,1,N,A,G,A,A,H,-,A,D,0,,Y,,,Y,,L,04,0,1,0,0,0,0,1,0,0,"- ","- ",,,TULARE,PORTERVILLE,-119.03740008,36.050230059999997
8145458,2016,2016-10-17,5405,2016-09-30,1616,3,PORTE,5,5,4,5405,0,0,0,,0,003,"OLIVE AV","VILLA ST",27.00,W,N,A,-,N,,,,,,,,,,Y,4,0,4,3,A,-,03,22350,,N,C,C,A,A,H,-,A,A,0,,,,,Y,,-,,0,0,4,0,0,0,0,0,0,"- ","- ",,,TULARE,PORTERVILLE,-119.03072124000001,36.066039109999998
8145498,2016,2016-10-17,5405,2016-09-24,0032,203,,6,5,4,5405,0,0,0,,0,004,"FOREST AV","CHESTNUT ST",48.00,E,N,B,-,N,,,,,,,,,,N,3,0,1,3,A,-,08,22107,A,N,B,B,E,A,H,-,D,D,0,Y,,,,Y,,-,,0,1,0,0,1,0,0,0,0,"- ","- ",,,TULARE,PORTERVILLE,-119.05171781,36.061801490000001
8145768,2016,2016-10-18,5403,2016-09-16,2345,839,,5,5,2,5403,0,0,0,,0,,"NORTH FARMERSVILLE BL","NOBLE AV",0.00,,Y,A,-,N,,,,,,,,,,Y,3,0,1,1,A,-,03,22350,,N,A,I,A,A,H,-,C,A,0,,,,,Y,Y,A,01,0,1,0,0,0,0,0,0,0,"- ","- ",,,TULARE,FARMERSVILLE,-119.20755993,36.325270029999999
8145839,2016,2016-11-14,5403,2016-09-13,0745,842,FARME,2,5,2,5403,0,0,0,,0,5403,"HARTLEY ST","WALNUT AV",0.00,,N,A,-,N,,,,,,,,,,N,3,0,1,2,D,-,00,,,N,G,B,E,A,H,-,A,D,0,Y,,,,Y,Y,-,"- ",0,1,0,0,1,0,0,0,0,"- ","- ",,,TULARE,FARMERSVILLE,-119.208591,36.312308999999999
8149507,2016,2016-12-28,5405,2016-10-10,1824,234,PORT,1,5,4,5405,0,0,0,,0,001,"HENDERSON AV","NEWCOMB ST",10.00,E,N,A,-,N,,,,,,,,,,N,3,0,2,3,A,-,10,21950,A,N,G,B,B,A,H,-,C,A,0,Y,,,,Y,,N,60,0,1,1,0,2,0,0,0,0,"- ","- ",,,TULARE,PORTERVILLE,-119.0528362,36.080350000000003
8156647,2016,2016-11-02,5405,2016-10-13,1000,232,5405,4,5,4,5405,0,0,0,,0,003,"VINE ST","MAIN ST",9.00,W,N,A,-,N,,,,,,,,,,N,4,0,1,2,A,-,10,21950,A,F,B,B,D,A,H,-,A,A,0,Y,,,,Y,,-,,0,0,1,0,1,0,0,0,0,"- ","- ",,,TULARE,PORTERVILLE,-119.01652039,36.063830940000003
8161292,2016,2017-03-02,5406,2016-10-13,1706,82,5406,4,5,4,5406,0,0,0,,0,0AO,"TULARE AV","N ST",0.00,,Y,A,-,Y,TUL,6,137,-,-,15.860,H,-,E,N,3,0,1,2,A,-,10,21950,A,N,G,B,B,A,H,-,A,D,0,Y,,,,Y,,D,22,0,1,0,0,1,0,0,0,0,"- ","- ",,,TULARE,TULARE,-119.34159034,36.208676570000002
8164656,2016,2016-12-16,5405,2016-10-21,1635,C25,PORTE,5,5,4,5405,0,0,0,,0,003,"2ND ST","PUTNAM AV",0.00,,Y,A,-,N,,,,,,,,,,N,3,0,1,2,A,-,12,21453,A,N,D,G,A,-,H,-,A,A,0,,Y,,,Y,,-,"- ",0,1,0,0,0,0,1,0,0,"- ","- ",,,TULARE,PORTERVILLE,-119.01524000000001,36.069470109999997
8166588,2016,2018-09-27,5403,2016-12-11,1709,835,,7,5,2,5403,0,0,0,,0,,"VISALIA RD",ZERO,56.00,W,N,A,-,N,,,,,,,,,,Y,1,1,1,3,A,-,03,22350,,N,G,B,D,A,H,-,C,D,0,Y,,,,Y,Y,A,01,0,1,0,1,0,0,0,0,0,"- ","- ",,,TULARE,FARMERSVILLE,,
8167105,2017,2019-04-08,5405,2017-09-20,0824,236,,3,5,4,5405,0,0,0,,0,004,"OLIVE AV","PORTER RD",0.00,,Y,A,-,N,,,,,,,,,,Y,1,1,0,2,A,-,17,21451,A,N,D,C,A,A,H,-,A,A,0,,,,,Y,,-,,0,0,0,0,0,0,0,0,0,"- ","- ",,,TULARE,PORTERVILLE,-119.03818013999999,36.066030009999999
8170326,2016,2016-11-18,5405,2016-11-01,2056,201,,2,5,4,5405,0,0,0,,0,002,"WESTFIELD AV","VILLA ST",185.00,W,N,A,-,N,,,,,,,,,,Y,2,0,1,1,A,-,08,22107,,N,F,I,A,A,H,-,D,D,0,,,,,Y,,-,,1,0,0,0,0,0,0,0,0,"- ","- ",,,TULARE,PORTERVILLE,-119.03158529,36.087537529999999
8175369,2016,2016-11-30,5404,2016-11-13,1725,671,PSC,7,5,2,5404,0,0,0,,0,20L,HERMOSA,SYCAMORE,0.00,,Y,A,-,N,,,,,,,,,,N,3,0,1,2,A,-,03,22350,,N,G,B,D,A,H,-,C,D,0,Y,,,,Y,,A,07,0,1,0,0,1,0,0,0,0,"- ","- ",,,TULARE,LINDSAY,-119.07649003,36.207310079999999
8175381,2016,2016-12-22,5404,2016-11-11,2230,689,PSC,5,5,2,5404,0,0,0,,0,20L,MIRAGE,APIA,15.00,N,N,A,-,N,,,,,,,,,,N,4,0,1,2,-,-,"- ",,,N,G,G,A,A,H,-,D,D,0,,Y,,,Y,,-,"- ",0,0,1,0,0,0,1,0,0,"- ","- ",,,TULARE,LINDSAY,-119.08821344,36.201849750000001
8183449,2016,2017-03-04,5405,2016-11-20,1626,164,,7,5,4,5405,0,0,0,,0,,"RT 65","NORTH GRAND AV",0.00,,Y,A,-,Y,TUL,6,65,-,-,21.380,I,5,S,Y,4,0,2,2,A,-,09,21453,C,N,A,C,A,A,H,-,A,A,0,,,,,Y,,-,,0,0,2,0,0,0,0,0,0,"- ","- ",,,TULARE,PORTERVILLE,-119.0402285,36.098247020000002
8183501,2016,2017-03-04,5405,2016-11-30,0801,236,,3,5,4,5405,0,0,0,,0,0S1,"RT 65","NORTH GRAND AV",73.00,N,N,A,-,Y,TUL,6,65,-,-,21.370,H,-,S,N,4,0,1,3,A,-,03,22350,,N,C,C,A,A,H,-,A,A,0,,,,,Y,,-,,0,0,1,0,0,0,0,0,0,"- ","- ",,,TULARE,PORTERVILLE,-119.04019271999999,36.098107120000002
8189954,2016,2017-03-04,5407,2016-11-09,1133,M33,480,3,5,5,5407,0,0,0,,0,00R,"MOONEY BL",DOROTHEA,0.00,,Y,A,-,Y,TUL,6,63,-,-,6.290,I,6,N,N,4,0,1,2,A,-,05,21650,1,N,D,G,A,A,H,-,A,A,0,,Y,,,Y,,L,04,0,0,1,0,0,0,1,0,0,"- ","- ",36.302720000000001,-119.31328999999999,TULARE,VISALIA,-119.31366557,36.302586920000003
8189987,2016,2016-12-20,5407,2016-11-08,1716,A83,480,2,5,5,5407,0,0,0,,0,034,"E WALNUT","LOVERS LN",225.00,E,N,A,-,N,,,,,,,,,,Y,4,0,1,3,A,-,03,22350,,N,C,C,A,A,H,-,C,A,0,,,,,Y,,-,"- ",0,0,1,0,0,0,0,0,0,"- ","- ",36.331270000000004,-119.26056,TULARE,VISALIA,-119.25988714,36.312705510000001
8190024,2016,2016-12-19,5407,2016-10-03,1425,M218,480,1,5,5,5407,0,0,0,,0,011,"W LARK","N COUNTY CENTER ST",0.00,,Y,A,-,N,,,,,,,,,,N,4,0,1,2,A,-,05,21650,1,N,D,G,A,A,H,-,A,A,0,,Y,,,Y,,L,04,0,0,1,0,0,0,1,0,0,"- ","- ",36.355640000000001,-119.32232,TULARE,VISALIA,-119.32233991,36.355630009999999
8190059,2016,2016-12-19,5407,2016-10-04,1516,M186,480,2,5,5,5407,0,0,0,,0,00R,"S DEMAREE",HOWARD,18.00,S,N,A,-,N,,,,,,,,,,Y,4,0,1,2,A,-,03,22350,,N,C,C,A,A,H,-,A,A,0,,,,,Y,,A,07,0,0,1,0,0,0,0,0,0,"- ","- ",36.318210000000001,-119.33171,TULARE,VISALIA,-119.33171,36.3181406
8190579,2016,2017-01-09,5407,2016-09-30,2204,M234,480,5,5,5,5407,0,0,0,,0,N25,"MINERAL KING",WEST,0.00,,Y,A,-,N,,,,,,,,,,Y,4,0,1,2,A,-,08,22100,B,N,B,C,A,A,H,-,C,A,0,,,,,Y,,-,,0,0,1,0,0,0,0,0,0,"- ","- ",,,TULARE,VISALIA,-119.29656993,36.327360030000001
8190615,2016,2017-01-09,5407,2016-09-09,1834,A276,480,5,5,5,5407,0,0,0,,0,025,MOONEY,RIGGIN,0.00,,Y,A,-,N,,,,,,,,,,N,4,0,1,2,A,-,09,21800,A,N,D,C,A,A,H,-,A,A,0,,,,,Y,,A,01,0,0,1,0,0,0,0,0,0,"- ","- ",,,TULARE,VISALIA,-119.31429995000001,36.356460060000003
8191507,2016,2016-12-22,5406,2016-10-21,0846,31,3A,5,5,4,5406,0,0,0,,0,0ES,INYO,CENTER,0.00,,Y,A,-,N,,,,,,,,,,N,4,0,1,2,D,-,00,,,N,G,B,B,A,H,-,A,D,0,Y,,,,Y,,-,"- ",0,0,1,0,1,0,0,0,0,"- ","- ",,,TULARE,TULARE,-119.33807992,36.206390030000001