CASE_ID,ACCIDENT_YEAR,PROC_DATE,JURIS,COLLISION_DATE,COLLISION_TIME,OFFICER_ID,REPORTING_DISTRICT,DAY_OF_WEEK,CHP_SHIFT,POPULATION,CNTY_CITY_LOC,SPECIAL_COND,BEAT_TYPE,CHP_BEAT_TYPE,CITY_DIVISION_LAPD,CHP_BEAT_CLASS,BEAT_NUMBER,PRIMARY_RD,SECONDARY_RD,DISTANCE,DIRECTION,INTERSECTION,WEATHER_1,WEATHER_2,STATE_HWY_IND,CALTRANS_COUNTY,CALTRANS_DISTRICT,STATE_ROUTE,ROUTE_SUFFIX,POSTMILE_PREFIX,POSTMILE,LOCATION_TYPE,RAMP_INTERSECTION,SIDE_OF_HWY,TOW_AWAY,COLLISION_SEVERITY,NUMBER_KILLED,NUMBER_INJURED,PARTY_COUNT,PRIMARY_COLL_FACTOR,PCF_CODE_OF_VIOL,PCF_VIOL_CATEGORY,PCF_VIOLATION,PCF_VIOL_SUBSECTION,HIT_AND_RUN,TYPE_OF_COLLISION,MVIW,PED_ACTION,ROAD_SURFACE,ROAD_COND_1,ROAD_COND_2,LIGHTING,CONTROL_DEVICE,CHP_ROAD_TYPE,PEDESTRIAN_ACCIDENT,BICYCLE_ACCIDENT,MOTORCYCLE_ACCIDENT,TRUCK_ACCIDENT,NOT_PRIVATE_PROPERTY,ALCOHOL_INVOLVED,STWD_VEHTYPE_AT_FAULT,CHP_VEHTYPE_AT_FAULT,COUNT_SEVERE_INJ,COUNT_VISIBLE_INJ,COUNT_COMPLAINT_PAIN,COUNT_PED_KILLED,COUNT_PED_INJURED,COUNT_BICYCLIST_KILLED,COUNT_BICYCLIST_INJURED,COUNT_MC_KILLED,COUNT_MC_INJURED,PRIMARY_RAMP,SECONDARY_RAMP,LATITUDE,LONGITUDE,COUNTY,CITY,POINT_X,POINT_Y
8193428,2016,2017-01-19,5407,2016-09-20,1219,M33,480,2,5,5,5407,0,0,0,,0,00O,"NORTH CHURCH ST",CENTER,75.00,N,N,A,-,N,,,,,,,,,,N,3,0,1,2,A,-,06,21750,,N,D,C,A,A,H,-,A,D,0,,,,,Y,,D,22,0,1,0,0,0,0,0,0,0,"- ","- ",36.331060000000001,-119.29119,TULARE,VISALIA,-119.29122513999999,36.331275769999998
8193682,2016,2016-12-29,5407,2016-09-22,0828,M243,480,4,5,5,5407,0,0,0,,0,,"S DEMAREE","MINERAL KING AV",300.00,N,N,A,-,N,,,,,,,,,,N,4,0,1,2,A,-,04,21703,,N,C,C,A,A,H,-,A,A,0,,,,,Y,,A,01,0,0,1,0,0,0,0,0,0,"- ","- ",36.32761,-119.33175,TULARE,VISALIA,-119.33177849,36.328433240000003
8193690,2016,2016-12-29,5407,2016-09-27,0752,M66,480,2,5,5,5407,0,0,0,,0,P306,CONYER,PARADISE,0.00,,Y,A,-,N,,,,,,,,,,N,3,0,1,2,A,-,12,22450,A,M,D,G,A,A,H,-,A,A,0,,Y,,,Y,,L,04,0,1,0,0,0,0,1,0,0,"- ","- ",36.316519999999997,-119.3009,TULARE,VISALIA,-119.30092997,36.316530010000001
8195313,2016,2017-02-02,5407,2016-10-16,1012,M201,480,7,5,5,5407,0,0,0,,0,,"N CONYER","W MAIN ST",0.00,,Y,A,-,N,,,,,,,,,,Y,3,0,6,2,B,-,22,,,N,D,C,A,A,H,-,A,A,0,,,,,Y,,J,41,0,3,3,0,0,0,0,0,0,"- ","- ",36.330120000000001,-119.30105,TULARE,VISALIA,-119.30108989999999,36.330110089999998
8200937,2017,2017-03-17,5405,2017-02-23,1156,207,,4,5,4,5405,0,0,0,,0,001,"WESTFIELD AV","MATHEW ST",0.00,,Y,B,-,N,,,,,,,,,,N,3,0,1,2,A,-,10,21950,A,N,A,B,B,A,H,-,A,A,0,Y,,,,Y,,D,22,0,1,0,0,1,0,0,0,0,"- ","- ",,,TULARE,PORTERVILLE,-119.06193011000001,36.087580000000003
8202224,2016,2017-01-04,5405,2016-12-16,0849,3,,5,5,4,5405,0,0,0,,0,003,"PUTNAM AV","F ST",18.00,W,N,B,-,N,,,,,,,,,,Y,3,0,1,1,A,-,03,22350,,N,E,I,A,B,H,-,A,D,0,,,,,Y,,-,,0,1,0,0,0,0,0,0,0,"- ","- ",,,TULARE,PORTERVILLE,-119.02132051,36.069704960000003
8202404,2016,2017-03-03,5407,2016-11-20,1703,A246,480,7,5,5,5407,0,0,0,,0,00Q,"S MOONEY","VISALIA PKWY",0.00,,Y,B,-,Y,TUL,6,63,-,-,5.510,H,-,N,Y,3,0,3,2,A,-,09,21453,C,N,D,C,A,A,H,-,C,A,0,,,,,Y,,A,01,0,2,1,0,0,0,0,0,0,"- ","- ",36.291220000000003,-119.31359,TULARE,VISALIA,-119.31352295000001,36.291195719999997
8203059,2016,2017-03-01,5407,2016-12-03,2108,M218,480,6,5,5,5407,0,0,0,,0,026,"RT 63",OAK,0.00,,Y,A,-,Y,TUL,6,63,-,-,8.330,I,5,N,Y,2,0,1,2,A,-,00,23153,E,N,B,B,D,A,H,-,C,A,0,Y,,,,Y,,A,08,1,0,0,0,1,0,0,0,0,"- ","- ",36.331980000000001,-119.29234,TULARE,VISALIA,-119.29236280000001,36.331973679999997
8203060,2016,2017-01-09,5407,2016-12-04,1206,A271,SR508,7,5,5,5407,0,0,0,,0,012,"COUNTY CENTER DR","NOBLE AV",0.00,,Y,A,-,N,,,,,,,,,,Y,4,0,1,2,A,-,12,21453,A,N,D,C,A,A,H,-,A,A,0,,,,,Y,,A,01,0,0,1,0,0,0,0,0,0,"- ","- ",,,TULARE,VISALIA,-119.32574995,36.326830029999996
8207419,2016,2017-01-12,5403,2016-12-09,0742,847,,5,5,2,5403,0,0,0,,0,,"NORTH FARMERSVILLE BL","WEST CITRUS ST",5.00,N,N,A,-,N,,,,,,,,,,N,4,0,1,2,A,-,10,21950,A,N,G,B,B,A,H,-,A,A,0,Y,,,,Y,,A,01,0,0,1,0,1,0,0,0,0,"- ","- ",,,TULARE,FARMERSVILLE,-119.20705963,36.307603720000003
8284363,2016,2017-02-08,5407,2016-10-27,2112,A253,480,4,5,5,5407,0,0,0,,0,011,"N PLAZA DR",RIGGIN,150.00,N,N,C,-,N,,,,,,,,,,Y,3,0,3,2,A,-,01,23153,A,N,C,C,A,B,H,-,D,A,0,,,,Y,Y,Y,A,01,0,2,1,0,0,0,0,0,0,"- ","- ",36.356349999999999,-119.39464,TULARE,VISALIA,-119.39474314,36.356811620000002
8284568,2016,2017-03-15,5401,2016-11-05,0928,2125,5401,6,5,3,5401,0,0,0,,0,00A,"N ALTA AV","W NEBRASKA AV",8.00,E,N,A,-,N,,,,,,,,,,Y,4,0,1,3,A,-,12,21453,A,N,D,C,A,A,H,-,A,A,0,,,,,Y,,-,,0,0,1,0,0,0,0,0,0,"- ","- ",,,TULARE,DINUBA,-119.3952,36.560400000000001
8284601,2016,2017-01-25,5401,2016-09-01,1513,2114,5401,4,5,3,5401,0,0,0,,0,00B,"EL MONTE WY","CALIFORNIA AV",0.00,,N,A,-,N,,,,,,,,,,Y,4,0,1,3,A,-,03,22350,,N,C,C,A,A,H,-,A,A,0,,,,,Y,,A,01,0,0,1,0,0,0,0,0,0,"- ","- ",,,TULARE,DINUBA,-119.39158996,36.545800020000001
8284609,2016,2017-01-25,5401,2016-09-30,1718,2137,5401,5,5,3,5401,0,0,0,,0,00B,"W EL MONTE WY","ENGLEHART AV",0.00,,Y,A,-,N,,,,,,,,,,Y,4,0,2,2,A,-,12,21453,A,N,D,C,A,A,H,-,A,A,0,,,,,Y,,A,07,0,0,2,0,0,0,0,0,0,"- ","- ",,,TULARE,DINUBA,-119.4128595,36.546092999999999
8289914,2016,2017-02-06,5407,2016-12-04,0024,A266,480,7,5,5,5407,0,0,0,,0,012,"CAMPUS AV","COUNTY CENTER DR",417.00,W,N,A,-,N,,,,,,,,,,Y,3,0,1,2,A,-,01,23152,A,N,B,E,A,A,H,-,C,D,0,,,,,Y,Y,A,01,0,1,0,0,0,0,0,0,0,"- ","- ",,,TULARE,VISALIA,-119.32689413999999,36.324851860000003
8289945,2016,2018-01-30,5407,2016-12-19,1422,M201,480,1,5,5,5407,0,0,0,,0,,"W MINERAL KING AV","RT 63",0.00,,Y,A,-,Y,TUL,6,63,-,-,8.013,I,5,S,N,4,0,1,2,A,-,12,21453,A,N,D,C,A,A,H,-,A,A,0,,,,,Y,,A,01,0,0,1,0,0,0,0,0,0,"- ","- ",36.32788,-119.29491,TULARE,VISALIA,-119.29341957,36.327436030000001
8289982,2016,2017-02-01,5407,2016-12-05,1239,M186,480,1,5,5,5407,0,0,0,,0,00R,"S DEMAREE",WALNUT,0.00,S,N,A,-,N,,,,,,,,,,Y,3,0,1,3,A,-,09,21804,A,N,D,C,A,A,H,-,A,A,0,,,,,Y,,A,01,0,1,0,0,0,0,0,0,0,"- ","- ",36.312820000000002,-119.33168000000001,TULARE,VISALIA,-119.33166987,36.312810059999997
8290220,2017,2017-01-31,5407,2017-01-01,0031,A278,480,7,5,5,5407,0,0,0,,0,N25,"W CENTER AV","N WILLIS ST",25.00,W,N,A,-,N,,,,,,,,,,Y,4,0,2,3,A,-,12,21453,A,M,D,C,A,D,H,-,C,A,0,,,,,Y,Y,A,07,0,0,2,0,0,0,0,0,0,"- ","- ",36.330919999999999,-119.29805,TULARE,VISALIA,-119.29781479,36.331040000000002
8295296,2017,2017-02-07,5407,2017-01-04,0047,A203,480,3,5,5,5407,0,0,0,,0,011,"WEST MINERAL KING AV",DEMAREE,0.00,,Y,C,-,N,,,,,,,,,,Y,3,0,3,2,A,-,12,21453,A,N,D,C,A,B,H,-,C,A,0,,,,,Y,,A,01,0,1,2,0,0,0,0,0,0,"- ","- ",36.32761,-119.33175,TULARE,VISALIA,-119.33176985999999,36.327610040000003
8295308,2017,2018-03-22,5407,2017-01-06,1133,M33,480,5,5,5,5407,0,0,0,,0,,"SOUTH COURT","RT 63",135.00,E,N,B,-,Y,TUL,6,63,-,-,8.139,I,6,S,N,4,0,1,2,A,-,11,21955,,N,G,B,D,A,H,-,A,A,0,Y,,,,Y,,N,60,0,0,1,0,1,0,0,0,0,"- ","- ",36.329250000000002,-119.29231,TULARE,VISALIA,-119.29344057,36.32924903
8295323,2017,2017-02-07,5407,2017-01-14,1706,A282,480,6,5,5,5407,0,0,0,,0,,"NORTH LOCUST ST","WEST SWEET AV",0.00,,Y,B,-,N,,,,,,,,,,N,4,0,1,2,A,-,12,22450,A,N,-,-,A,A,H,-,B,A,0,,,,,Y,,-,,0,0,1,0,0,0,0,0,0,"- ","- ",36.3431,-119.29356,TULARE,VISALIA,-119.29355996,36.343060110000003
8295351,2017,2018-03-22,5407,2017-01-08,2115,A276,480,7,5,5,5407,0,0,0,,0,00P,"RT 63",NOBLE,0.00,,Y,C,-,Y,TUL,6,63,-,L,7.949,I,5,S,Y,4,0,1,2,A,-,12,21453,A,N,D,C,A,B,H,-,C,A,0,,,,,Y,,A,07,0,0,1,0,0,0,0,0,0,"- ","- ",36.326549999999997,-119.31399999999999,TULARE,VISALIA,-119.31411715,36.326516779999999
8306742,2017,2017-02-27,5406,2017-01-01,0317,84,4A,7,5,4,5406,0,0,0,,0,0AO,"N M ST","E CARTMILL",0.00,,Y,A,-,N,,,,,,,,,,Y,2,0,2,2,A,-,03,22350,,N,D,C,A,B,H,-,C,A,0,,,,,Y,Y,A,01,1,1,0,0,0,0,0,0,0,"- ","- ",,,TULARE,TULARE,-119.34900989,36.240320109999999
8307819,2017,2017-03-28,5403,2017-02-17,2101,847,,5,5,2,5403,0,0,0,,0,,"W VISALIA RD","N SHASTA AV",0.00,,Y,C,-,N,,,,,,,,,,Y,4,0,2,2,A,-,09,21802,A,N,D,C,A,A,H,-,C,A,0,,,,,Y,,A,01,0,0,2,0,0,0,0,0,0,"- ","- ",,,TULARE,FARMERSVILLE,-119.21047993000001,36.297790079999999
8315596,2017,2018-02-17,5404,2017-02-14,0733,692,,2,5,2,5404,0,0,0,,0,,"RT 65",HERMOSA,1000.00,S,N,A,-,Y,TUL,6,65,-,-,29.380,H,-,N,Y,3,0,2,3,A,-,03,22350,,N,C,D,A,A,H,-,A,D,0,,,Y,,Y,,A,08,0,2,0,0,0,0,0,0,2,"- ","- ",,,TULARE,LINDSAY,-119.10344823,36.20205267
8317585,2017,2017-03-14,5407,2017-01-20,0806,M33,480,5,5,5,5407,0,0,0,,0,,"W GOSHEN",LESLIE,75.00,E,N,B,C,N,,,,,,,,,,Y,4,0,1,2,A,-,03,22350,,N,C,C,A,B,H,-,A,A,0,,,,,Y,,A,01,0,0,1,0,0,0,0,0,0,"- ","- ",36.335439999999998,-119.31258,TULARE,VISALIA,-119.31237459,36.335401509999997
8317735,2017,2017-03-09,5407,2017-01-27,1906,A266,480,5,5,5,5407,0,0,0,,0,033,"PINKHAM ST","HILLCREST DR",90.00,S,N,A,-,N,,,,,,,,,,N,3,0,1,2,A,-,03,22350,,N,C,E,A,A,H,-,C,D,0,,Y,,,Y,,L,04,0,1,0,0,0,0,1,0,0,"- ","- ",,,TULARE,VISALIA,-119.26952692,36.31418309
8323782,2017,2017-03-28,5405,2017-02-12,1219,3,,7,5,4,5405,0,0,0,,0,001,"HENDERSON AV","NEWCOMB ST",0.00,,Y,A,-,N,,,,,,,,,,N,4,0,1,2,A,-,03,22350,,N,C,C,A,A,H,-,A,A,0,,,,,Y,,-,,0,0,1,0,0,0,0,0,0,"- ","- ",,,TULARE,PORTERVILLE,-119.05287011,36.080350099999997
8327451,2017,2018-03-22,5407,2017-01-28,1356,M33,480,6,5,5,5407,0,0,0,,0,,"RT 63","AVE 164",0.00,,Y,A,-,Y,TUL,6,63,-,-,4.010,I,5,S,Y,4,0,1,2,A,-,12,21453,A,N,D,C,A,A,H,-,A,A,0,,,,,Y,,-,"- ",0,0,1,0,0,0,0,0,0,"- ","- ",36.269449999999999,-119.31328999999999,TULARE,VISALIA,-119.31339303999999,36.269434050000001
8337420,2017,2017-04-05,5405,2017-03-16,1734,201,,4,5,4,5405,0,0,0,,0,004,"WESTWOOD ST","ROBY AV",0.00,,Y,A,-,N,,,,,,,,,,Y,4,0,1,2,A,-,09,21801,A,N,D,C,A,A,H,-,B,D,0,,,,,Y,,-,,0,0,1,0,0,0,0,0,0,"- ","- ",,,TULARE,PORTERVILLE,-119.07087004,36.062810110000001
8337432,2017,2017-04-05,5405,2017-03-26,2129,237,PPD,7,5,4,5405,0,0,0,,0,001,"HENDERSON AV","NEWCOMB ST",0.00,,Y,A,-,N,,,,,,,,,,Y,4,0,1,2,A,-,12,21453,A,N,A,C,A,A,H,-,C,A,0,,,,,Y,,-,,0,0,1,0,0,0,0,0,0,"- ","- ",,,TULARE,PORTERVILLE,-119.05287011,36.080350099999997
8337541,2017,2018-02-17,5407,2017-03-02,1517,M218,480,4,5,5,5407,0,0,0,,0,012,"RT 63","AVE 268",482.00,N,N,A,-,Y,TUL,6,63,-,-,4.600,H,-,S,N,4,0,1,2,A,-,03,22350,,N,C,C,A,A,H,-,A,A,0,,,,,Y,,D,22,0,0,1,0,0,0,0,0,0,"- ","- ",36.280529999999999,-119.30934999999999,TULARE,VISALIA,-119.31347627,36.278032719999999
8337658,2017,2017-04-07,5407,2017-03-18,2154,A262,480,6,5,5,5407,0,0,0,,0,025,HOUSTON,PARK,60.00,W,N,A,-,N,,,,,,,,,,N,3,0,1,2,A,-,11,21956,,N,G,B,D,A,H,-,C,A,0,Y,,,,Y,,N,60,0,1,0,0,1,0,0,0,0,"- ","- ",,,TULARE,VISALIA,-119.30695351,36.34190177
8337670,2017,2017-04-07,5407,2017-03-22,1914,A252,480,3,5,5,5407,0,0,0,,0,025,MURRAY,WILLIS,0.00,,Y,C,-,N,,,,,,,,,,Y,4,0,1,2,A,-,12,21453,A,N,D,C,A,B,H,-,B,A,0,,,,,Y,,A,01,0,0,1,0,0,0,0,0,0,"- ","- ",,,TULARE,VISALIA,-119.29773994,36.333740079999998
8337798,2017,2017-04-07,5407,2017-02-23,0818,M33,480,4,5,5,5407,0,0,0,,0,00R,"W TULARE AV UNIT A",SOWELL,75.00,W,N,A,-,N,,,,,,,,,,Y,4,0,3,3,A,-,03,22350,,N,C,C,A,A,H,-,A,A,0,,,,,Y,,A,01,0,0,3,0,0,0,0,0,0,"- ","- ",,,TULARE,VISALIA,-119.30345982,36.32004688
8348548,2017,2017-04-28,5405,2017-04-15,0013,236,,6,5,4,5405,0,0,0,,0,004,"MASTON ST","THURMAN AV",0.00,,Y,A,-,N,,,,,,,,,,Y,4,0,1,1,A,-,01,23152,A,N,A,I,A,A,H,-,C,A,0,,,,,Y,Y,-,,0,0,1,0,0,0,0,0,0,"- ","- ",,,TULARE,PORTERVILLE,-119.04221006,36.07133005
8349768,2017,2018-04-23,5407,2017-04-07,1846,A279,480,5,5,5,5407,0,0,0,,0,R-12,"RT 63","CAMERON AV",570.00,N,N,C,-,Y,TUL,6,63,-,-,5.850,H,-,S,Y,4,0,1,2,A,-,03,22350,,N,D,C,A,B,H,-,A,A,0,,,,,Y,,A,01,0,0,1,0,0,0,0,0,0,"- ","- ",36.296900000000001,-119.31318,TULARE,VISALIA,-119.31376143,36.296166999999997
8349815,2017,2017-05-04,5407,2017-03-30,1712,A246,480,4,5,5,5407,0,0,0,,0,,"WALNUT AV","GARDEN ST",0.00,,Y,B,-,N,,,,,,,,,,Y,4,0,1,2,A,-,08,22107,,N,D,C,A,A,H,-,A,D,0,,,,,Y,,D,22,0,0,1,0,0,0,0,0,0,"- ","- ",36.312869999999997,-119.28966,TULARE,VISALIA,-119.28966998999999,36.312870089999997
8349851,2017,2017-05-02,5407,2017-04-19,1104,A287,480,3,5,5,5407,0,0,0,,0,,"W ACEQUIA AV","S JOHNSON ST",0.00,,Y,A,-,N,,,,,,,,,,Y,3,0,1,2,A,-,09,21802,A,N,H,A,A,A,H,-,A,A,0,,,Y,,Y,,A,01,0,1,0,0,0,0,0,0,1,"- ","- ",36.329219999999999,-119.2988,TULARE,VISALIA,-119.29882997,36.329200040000003
8349859,2017,2017-05-02,5407,2017-04-18,0719,A160,480,2,5,5,5407,0,0,0,,0,025,MOONEY,PROSPECT,0.00,,Y,B,-,N,,,,,,,,,,Y,4,0,1,2,A,-,09,21802,A,N,D,C,A,A,H,-,A,A,0,,,,,Y,,A,01,0,0,1,0,0,0,0,0,0,"- ","- ",,,TULARE,VISALIA,-119.31428998,36.345270069999998
8349879,2017,2017-05-02,5407,2017-04-06,2048,A139,480,4,5,5,5407,0,0,0,,0,00O,"N BEN MADDOX WY","E HOUSTON AV",24.00,E,N,A,-,N,,,,,,,,,,N,4,0,2,2,A,-,03,22350,,M,C,C,A,A,H,-,C,A,0,,,,,Y,,-,,0,0,2,0,0,0,0,0,0,"- ","- ",36.341850000000001,-119.27881000000001,TULARE,VISALIA,-119.27881000000001,36.341859999999997
8352312,2017,2017-05-08,5407,2017-04-05,1753,C40,480,3,5,5,5407,0,0,0,,0,025,"W OAK AV","N WEST ST",0.00,,Y,A,-,N,,,,,,,,,,Y,3,0,1,3,A,-,21,22106,,N,D,C,A,A,H,-,A,D,0,,,,,Y,,A,01,0,1,0,0,0,0,0,0,0,"- ","- ",36.331960000000002,-119.29661,TULARE,VISALIA,-119.29661987999999,36.3318601
8352655,2017,2017-06-01,5405,2017-04-28,0943,124,5405,5,5,4,5405,0,0,0,,0,004,"SCRANTON AV","WESTWOOD ST",0.00,,Y,A,-,N,,,,,,,,,,Y,3,0,1,1,C,-,18,,,N,F,-,A,A,H,-,A,A,0,,,,,Y,,-,"- ",0,1,0,0,0,0,0,0,0,"- ","- ",,,TULARE,PORTERVILLE,-119.07086004,36.036800040000003
8358096,2017,2017-05-02,5407,2017-03-28,1718,A203,480,2,5,5,5407,0,0,0,,0,025,MURRAY,ENCINA,0.00,,Y,A,-,N,,,,,,,,,,Y,4,0,3,2,A,-,09,21802,A,N,D,C,A,A,H,-,A,A,0,,,,,Y,,A,07,0,0,3,0,0,0,0,0,0,"- ","- ",,,TULARE,VISALIA,-119.29460989,36.33376002
8358124,2017,2017-05-02,5407,2017-03-12,1739,A275,480,7,5,5,5407,0,0,0,,0,026,"N SANTA FE ST","E MURRAY AV",0.00,,Y,A,-,N,,,,,,,,,,Y,3,0,2,2,A,-,17,21451,A,N,D,C,A,A,H,-,A,D,0,,,,,Y,,A,01,0,1,1,0,0,0,0,0,0,"- ","- ",36.333799999999997,-119.28785999999999,TULARE,VISALIA,-119.287881,36.333782999999997
8358128,2017,2017-05-02,5407,2017-03-10,2014,A275,480,5,5,5,5407,0,0,0,,0,026,"N COURT ST","E RIGGIN AV",3.00,S,N,A,B,N,,,,,,,,,,Y,4,0,1,2,A,-,08,22107,,N,D,C,A,A,H,-,C,D,0,,,,,Y,,A,01,0,0,1,0,0,0,0,0,0,"- ","- ",36.356340000000003,-119.29392,TULARE,VISALIA,-119.29402,36.356380000000001
8358148,2017,2017-05-02,5407,2017-03-05,1057,A160,480,7,5,5,5407,0,0,0,,0,025,MAIN,HALL,0.00,,Y,C,-,N,,,,,,,,,,Y,3,0,1,3,A,-,12,22450,A,N,D,C,A,B,H,-,A,A,0,,,,,Y,,-,99,0,1,0,0,0,0,0,0,0,"- ","- ",36.330069999999999,-119.30877,TULARE,VISALIA,-119.3087799,36.330060090000003
8360495,2017,2017-05-17,5405,2017-04-24,1520,172,,1,5,4,5405,0,0,0,,0,002,"HENDERSON AV","PLANO ST",0.00,,Y,A,-,N,,,,,,,,,,Y,4,0,1,2,A,-,12,22450,A,N,D,C,A,A,H,-,A,A,0,,,,,Y,,-,,0,0,1,0,0,0,0,0,0,"- ","- ",,,TULARE,PORTERVILLE,-119.00868011999999,36.080210110000003
8360540,2017,2017-05-12,5405,2017-05-03,1314,207,,3,5,4,5405,0,0,0,,0,003,"OLIVE AV","MAIN ST",47.00,W,N,A,-,N,,,,,,,,,,Y,4,0,1,3,A,-,03,22350,,N,C,C,A,A,H,-,A,A,0,,,,,Y,,-,,0,0,1,0,0,0,0,0,0,"- ","- ",,,TULARE,PORTERVILLE,-119.01654403000001,36.06510024
8376116,2017,2018-04-09,5405,2017-05-14,1625,219,5405,7,5,4,5405,0,0,0,,0,004,"RT 190","JAYE ST",0.00,,Y,A,-,Y,TUL,6,190,-,-,15.950,I,5,E,Y,4,0,6,2,A,-,12,21453,A,N,D,C,A,A,H,-,A,A,0,,,,,Y,,-,"- ",0,0,6,0,0,0,0,0,0,"- ","- ",,,TULARE,PORTERVILLE,-119.02626145000001,36.051455420000003
8376128,2017,2018-04-09,5405,2017-05-10,1435,201,,3,5,4,5405,0,0,0,,0,003,"RT 190","JAYE ST",96.00,W,N,A,-,Y,TUL,6,190,-,-,15.950,H,-,E,,4,0,2,3,A,-,03,22350,,N,C,C,A,A,H,-,A,A,0,,,,,Y,,-,,0,0,2,0,0,0,0,0,0,"- ","- ",,,TULARE,PORTERVILLE,-119.02626145000001,36.051455420000003
8377736,2017,2017-06-15,5403,2017-05-29,2041,847,,1,5,2,5403,0,0,0,,0,,"NORTH FARMERSVILLE BL","W ASHLEY ST",38.00,S,N,A,-,N,,,,,,,,,,Y,3,0,3,2,A,-,03,22350,,N,C,C,A,A,H,-,C,D,0,,,,,Y,Y,D,22,0,3,0,0,0,0,0,0,0,"- ","- ",,,TULARE,FARMERSVILLE,-119.20704047,36.310125730000003
8380053,2017,2017-05-31,5405,2017-05-15,1628,164,,1,5,4,5405,0,0,0,,0,0S2,"PUTNAM AV","2ND ST",0.00,,Y,A,-,N,,,,,,,,,,Y,4,0,1,2,A,-,12,21453,A,F,D,C,A,A,H,-,A,A,0,,,,,Y,,-,,0,0,1,0,0,0,0,0,0,"- ","- ",,,TULARE,PORTERVILLE,-119.01524000000001,36.069470109999997
8383649,2017,2017-06-08,5407,2017-05-14,1414,A276,480,7,5,5,5407,0,0,0,,0,026,"NORTH LOVERS LN",RACE,0.00,,Y,A,-,N,,,,,,,,,,Y,4,0,2,2,A,-,08,22100,A,N,-,C,A,A,H,-,A,A,0,,,,,Y,,-,,0,0,2,0,0,0,0,0,0,"- ","- ",36.33831,-119.26085999999999,TULARE,VISALIA,-119.26067990999999,36.33589001
8383661,2017,2017-06-08,5407,2017-05-02,1311,M214,480,2,5,5,5407,0,0,0,,0,026,"WEST NOBLE AV","CHINOWTH ST",0.00,,Y,A,-,N,,,,,,,,,,Y,4,0,1,2,A,-,12,21453,A,N,-,C,A,A,H,-,A,A,0,,,,,Y,,A,07,0,0,1,0,0,0,0,0,0,"- ","- ",36.326999999999998,-119.33625000000001,TULARE,VISALIA,-119.33624988,36.326970090000003
8383726,2017,2017-06-12,5405,2017-05-26,1635,C23,PORTE,5,5,4,5405,0,0,0,,0,003,"OLIVE AV","PLANO ST",267.00,W,N,A,-,N,,,,,,,,,,Y,3,0,4,2,A,-,09,21804,A,N,D,C,A,A,H,-,A,A,0,,,,,Y,,-,,0,3,1,0,0,0,0,0,0,"- ","- ",,,TULARE,PORTERVILLE,-119.00922226,36.065098229999997
8385024,2017,2017-07-14,5407,2017-06-02,0751,M201,480,5,5,5,5407,0,0,0,,0,,"NORTH MC AULIFF ST","ST JOHNS",110.00,S,N,A,-,N,,,,,,,,,,N,4,0,1,4,A,-,03,22350,,N,C,C,A,A,H,-,A,A,0,,,,,Y,,D,22,0,0,1,0,0,0,0,0,0,"- ","- ",36.344909999999999,-119.25261,TULARE,VISALIA,-119.25204436999999,36.345248169999998
8385032,2017,2017-07-10,5407,2017-05-19,1944,A282,480,5,5,5,5407,0,0,0,,0,012,"SOUTH CHINOWTH ST","WEST CAMBRIDGE",9.00,S,N,A,-,N,,,,,,,,,,Y,4,0,2,2,A,-,08,22100,B,N,D,C,A,A,H,-,B,A,0,,,,,Y,,D,22,0,0,2,0,0,0,0,0,0,"- ","- ",36.314619999999998,-119.33617,TULARE,VISALIA,-119.33618971999999,36.314585299999997
8385151,2017,2017-07-11,5407,2017-06-21,1017,M33,480,3,5,5,5407,0,0,0,,0,00M,AKERS,HILLSDALE,303.00,N,N,A,-,N,,,,,,,,,,N,4,0,1,3,A,-,03,22350,,N,C,D,A,A,H,-,A,A,0,,,,,Y,,D,22,0,0,1,0,0,0,0,0,0,"- ","- ",36.329549999999998,-119.3497,TULARE,VISALIA,-119.3498,36.329549999999998
8385490,2017,2017-08-28,5407,2017-06-02,1139,M186,480,5,5,5,5407,0,0,0,,0,00P,"BEN MADDOX WY",NOBLE,0.00,,Y,A,-,N,,,,,,,,,,Y,3,0,5,2,A,-,12,21453,A,N,D,C,A,A,H,-,A,A,0,,,,,Y,,A,01,0,1,4,0,0,0,0,0,0,"- ","- ",36.32611,-119.27849999999999,TULARE,VISALIA,-119.27853992999999,36.326110020000002
8385635,2017,2017-07-07,5407,2017-05-23,0619,M234,480,2,5,5,5407,0,0,0,,0,00R,"W TULARE AV",DEMAREE,0.00,,Y,A,-,N,,,,,,,,,,Y,3,0,1,2,A,-,01,23152,E,N,D,C,A,A,H,-,A,A,0,,,,,Y,,A,01,0,1,0,0,0,0,0,0,0,"- ","- ",36.320070000000001,-119.33172999999999,TULARE,VISALIA,-119.33172989000001,36.320060069999997
8385647,2017,2017-07-07,5407,2017-05-13,1522,A278,480,6,5,5,5407,0,0,0,,0,N25,"W RIVERWAY AV","N DINUBA BL",0.00,,Y,A,-,N,,,,,,,,,,Y,4,0,3,2,A,-,03,22350,,N,C,C,A,A,H,-,A,D,0,,,Y,,Y,Y,A,07,0,0,3,0,0,0,0,0,3,"- ","- ",36.363660000000003,-119.29698,TULARE,VISALIA,-119.296989,36.363636
8386952,2017,2018-04-09,5405,2017-06-30,1353,C25,,5,5,4,5405,0,0,0,,0,001,"RT 65","NORTH GRAND AV",120.00,S,N,A,-,Y,TUL,6,65,-,-,21.360,H,-,N,N,4,0,2,2,A,-,03,22350,,N,C,C,A,A,H,-,A,A,0,,,,,Y,,-,,0,0,2,0,0,0,0,0,0,"- ","- ",,,TULARE,PORTERVILLE,-119.03991056,36.097958869999999
8391487,2017,2017-06-19,5405,2017-05-31,2138,211,,3,5,4,5405,0,0,0,,0,004,"OLIVE AV","SALISBURY ST",126.00,W,N,A,-,N,,,,,,,,,,Y,3,0,1,2,A,-,08,22107,,N,B,C,A,A,H,-,C,D,0,,,,,Y,,-,,0,1,0,0,0,0,0,0,0,"- ","- ",,,TULARE,PORTERVILLE,-119.05785581000001,36.065820000000002
8393445,2017,2017-06-19,5405,2017-06-07,1452,P236,,3,5,4,5405,0,0,0,,0,001,"MAIN ST","NORTH GRAND AV",0.00,,Y,A,-,N,,,,,,,,,,Y,2,0,5,2,A,-,05,21650,,N,A,C,A,A,H,-,A,D,0,,,,,Y,,-,,1,2,2,0,0,0,0,0,0,"- ","- ",,,TULARE,PORTERVILLE,-119.03516999999999,36.098216999999998