CASE_ID,ACCIDENT_YEAR,PROC_DATE,JURIS,COLLISION_DATE,COLLISION_TIME,OFFICER_ID,REPORTING_DISTRICT,DAY_OF_WEEK,CHP_SHIFT,POPULATION,CNTY_CITY_LOC,SPECIAL_COND,BEAT_TYPE,CHP_BEAT_TYPE,CITY_DIVISION_LAPD,CHP_BEAT_CLASS,BEAT_NUMBER,PRIMARY_RD,SECONDARY_RD,DISTANCE,DIRECTION,INTERSECTION,WEATHER_1,WEATHER_2,STATE_HWY_IND,CALTRANS_COUNTY,CALTRANS_DISTRICT,STATE_ROUTE,ROUTE_SUFFIX,POSTMILE_PREFIX,POSTMILE,LOCATION_TYPE,RAMP_INTERSECTION,SIDE_OF_HWY,TOW_AWAY,COLLISION_SEVERITY,NUMBER_KILLED,NUMBER_INJURED,PARTY_COUNT,PRIMARY_COLL_FACTOR,PCF_CODE_OF_VIOL,PCF_VIOL_CATEGORY,PCF_VIOLATION,PCF_VIOL_SUBSECTION,HIT_AND_RUN,TYPE_OF_COLLISION,MVIW,PED_ACTION,ROAD_SURFACE,ROAD_COND_1,ROAD_COND_2,LIGHTING,CONTROL_DEVICE,CHP_ROAD_TYPE,PEDESTRIAN_ACCIDENT,BICYCLE_ACCIDENT,MOTORCYCLE_ACCIDENT,TRUCK_ACCIDENT,NOT_PRIVATE_PROPERTY,ALCOHOL_INVOLVED,STWD_VEHTYPE_AT_FAULT,CHP_VEHTYPE_AT_FAULT,COUNT_SEVERE_INJ,COUNT_VISIBLE_INJ,COUNT_COMPLAINT_PAIN,COUNT_PED_KILLED,COUNT_PED_INJURED,COUNT_BICYCLIST_KILLED,COUNT_BICYCLIST_INJURED,COUNT_MC_KILLED,COUNT_MC_INJURED,PRIMARY_RAMP,SECONDARY_RAMP,LATITUDE,LONGITUDE,COUNTY,CITY,POINT_X,POINT_Y
8854105,2019,2019-05-16,5407,2019-02-14,1139,M203,480,4,5,5,5407,0,0,0,,0,026,"BEN MADDOX WY",CENTER,10.00,S,N,A,-,N,,,,,,,,,,N,2,0,2,2,A,-,08,22107,,N,D,C,A,A,H,-,A,A,0,,,,,Y,,D,22,1,0,1,0,0,0,0,0,0,"- ","- ",,,TULARE,VISALIA,-119.27871704101562,36.331081390380859
8854288,2019,2019-05-09,5407,2019-03-18,1405,M33,480,1,5,5,5407,0,0,0,,0,012,AKERS,WHITEDALE,0.00,,Y,A,-,N,,,,,,,,,,Y,2,0,2,2,A,-,12,21453,A,N,D,C,A,A,H,-,A,A,0,,,,,Y,,A,01,1,1,0,0,0,0,0,0,0,"- ","- ",36.305419921875,-119.34944152832031,TULARE,VISALIA,-119.34948199999999,36.305425
8854304,2019,2019-05-09,5407,2019-03-09,0558,C45,480,6,5,5,5407,0,0,0,,0,O26,"E MILL CREEK PKWY","N LOVERS LN",0.00,E,N,A,-,N,,,,,,,,,,Y,3,0,1,1,A,-,01,23152,A,N,E,J,A,A,H,-,B,A,0,,,,,Y,,A,01,0,1,0,0,0,0,0,0,0,"- ","- ",36.332649230957031,-119.26071166992188,TULARE,VISALIA,-119.26064300537109,36.332710266113281
8854402,2019,2019-05-24,5407,2019-04-10,0830,M203,480,3,5,5,5407,0,0,0,,0,011,"W GOSHEN AV",SHIRK,0.00,,Y,A,-,N,,,,,,,,,,N,4,0,1,2,A,-,03,22350,,N,C,C,A,A,H,-,A,A,0,,,,,Y,,D,22,0,0,1,0,0,0,0,0,0,"- ","- ",36.341960906982422,-119.36776733398438,TULARE,VISALIA,-119.36775207519531,36.342018127441406
8857334,2019,2019-05-10,5407,2019-04-17,1400,11893,480,3,5,5,5407,0,0,0,,0,026,"E MINERAL KING","S LOVERS LN",126.00,W,N,A,-,N,,,,,,,,,,N,2,0,1,2,A,-,04,21703,,N,C,G,A,A,H,-,A,D,0,,Y,,,Y,,L,04,1,0,0,0,0,0,1,0,0,"- ","- ",36.327480316162109,-119.29486083984375,TULARE,VISALIA,-119.26127624511719,36.328071594238281
8857444,2019,2019-05-15,5407,2019-03-29,1642,A319,480,5,5,5,5407,0,0,0,,0,025,"W CENTER AV","N JOHNSON ST",0.00,,Y,A,-,N,,,,,,,,,,N,4,0,1,2,A,-,17,21657,,N,D,C,A,A,H,-,A,A,0,,,,,Y,,A,01,0,0,1,0,0,0,0,0,0,"- ","- ",36.330120086669922,-119.29882049560547,TULARE,VISALIA,-119.29885101318359,36.331039428710938
8857574,2019,2019-05-23,5407,2019-04-23,1123,M226,480,2,5,5,5407,0,0,0,,0,011,"W GOSHEN AV","N CLANCY",36.00,W,N,A,-,N,,,,,,,,,,Y,3,0,1,2,A,-,03,22350,,N,C,C,A,A,A,-,A,A,0,,,,,Y,,A,01,0,1,0,0,0,0,0,0,0,"- ","- ",36.341960906982422,-119.36776733398438,TULARE,VISALIA,-119.36789703369141,36.34185791015625
8858076,2019,2019-05-22,5403,2019-04-10,1930,847,,3,5,2,5403,0,0,0,,0,,"E VISALIA RD","N OAKVIEW AV",0.00,,Y,A,-,N,,,,,,,,,,Y,3,0,2,2,A,-,09,21801,A,N,D,C,A,A,H,-,B,D,0,,,,,Y,,A,07,0,1,1,0,0,0,0,0,0,"- ","- ",,,TULARE,FARMERSVILLE,-119.19670867919922,36.297809600830078
8858213,2019,2019-05-22,5407,2019-04-12,2152,A308,480,5,5,5,5407,0,0,0,,0,033,"S CENTRAL","W TULARE",500.00,S,N,A,-,N,,,,,,,,,,N,3,0,1,2,A,-,21,22106,,N,D,C,A,A,H,-,C,A,0,,,,,Y,,A,01,0,1,0,0,0,0,0,0,0,"- ","- ",,,TULARE,VISALIA,-119.31208801269531,36.318817138671875
8860071,2019,2019-05-28,5407,2019-04-30,0703,M226,480,2,5,5,5407,0,0,0,,0,,"N BURKE ST","DOUGLAS AV",0.00,S,N,A,-,N,,,,,,,,,,Y,4,0,1,2,A,-,09,21801,A,N,D,C,A,A,H,-,A,A,0,,,,,Y,,A,01,0,0,1,0,0,0,0,0,0,"- ","- ",36.338188171386719,-119.28337860107422,TULARE,VISALIA,-119.28337860107422,36.338180541992188
8864946,2019,2019-05-30,5407,2019-04-26,0740,M282,480,5,5,5,5407,0,0,0,,0,012,"S UNIVERSITY ST","W COPPOLA AV",0.00,,Y,A,-,N,,,,,,,,,,Y,4,0,1,2,A,-,08,22107,,N,D,C,A,A,H,-,A,A,0,,,,,Y,,D,22,0,0,1,0,0,0,0,0,0,"- ","- ",36.310409545898438,-119.32727813720703,TULARE,VISALIA,-119.3272705078125,36.310420989990234
8865306,2019,2019-05-29,5405,2019-05-19,1413,C26,,7,5,4,5405,0,0,0,,0,002,"PLANO ST","KANAI AV",0.00,,Y,B,-,N,,,,,,,,,,Y,3,0,1,2,A,-,03,22350,,N,C,C,A,B,H,-,A,D,0,,,,,Y,,A,01,0,1,0,0,0,0,0,0,0,"- ","- ",,,TULARE,PORTERVILLE,-119.00853729248047,36.075550079345703
8865310,2019,2019-05-29,5405,2019-05-20,1315,252,PSC,1,5,4,5405,0,0,0,,0,004,"PUTNAM AV","VILLA ST",420.00,W,N,A,-,N,,,,,,,,,,N,4,0,1,2,C,-,18,,,N,C,C,A,A,H,-,A,A,0,,,Y,,Y,,-,"- ",0,0,1,0,0,0,0,0,1,"- ","- ",,,TULARE,PORTERVILLE,-119.03211212158203,36.069599151611328
8865427,2019,2019-05-29,5407,2019-04-26,1028,M282,480,5,5,5,5407,0,0,0,,0,033,"S BRIDGE ST","E NOBLE AV",0.00,,Y,A,-,N,,,,,,,,,,N,4,0,1,3,A,-,12,21453,A,N,D,C,A,A,H,-,A,A,0,,,,,Y,,A,01,0,0,1,0,0,0,0,0,0,"- ","- ",36.326408386230469,-119.28890228271484,TULARE,VISALIA,-119.2889404296875,36.326400756835938
8865604,2019,2019-05-30,5407,2019-02-24,1449,M186,180,7,5,5,5407,0,0,0,,0,,STOVER,CECIL,0.00,,Y,A,-,N,,,,,,,,,,Y,2,0,1,2,A,-,01,23153,F,N,E,I,A,A,H,-,A,A,0,,,,,Y,,A,07,1,0,0,0,0,0,0,0,0,"- ","- ",36.340808868408203,-119.2755126953125,TULARE,VISALIA,-119.27557373046875,36.34130859375
8869839,2019,2019-08-27,5407,2019-04-29,1336,M33,480,1,5,5,5407,0,0,0,,0,,"RT 63",KAWEAH,45.00,S,N,A,-,Y,TUL,6,63,-,-,7.870,H,-,N,Y,3,0,1,2,A,-,03,22350,,N,C,C,A,A,H,-,A,A,0,,,,,Y,,A,07,0,1,0,0,0,0,0,0,0,"- ","- ",36.325641632080078,-119.31398773193359,TULARE,VISALIA,-119.31394195556641,36.325492858886719
8874047,2019,2019-06-11,5407,2019-05-20,0946,M33,480,1,5,5,5407,0,0,0,,0,,NOBLE,CHINOWTH,0.00,,Y,B,-,N,,,,,,,,,,Y,3,0,2,2,A,-,12,21453,A,N,D,C,A,A,H,-,A,A,0,,,,,Y,,A,01,0,2,0,0,0,0,0,0,0,"- ","- ",36.326999664306641,-119.33625030517578,TULARE,VISALIA,-119.33625030517578,36.326969146728516
8874055,2019,2019-06-11,5407,2019-05-06,1247,M33,480,1,5,5,5407,0,0,0,,0,,"MINERAL KING",CONYER,0.00,,Y,A,-,N,,,,,,,,,,Y,4,0,1,2,A,-,12,21453,A,N,D,C,A,A,H,-,A,A,0,,,,,Y,,A,01,0,0,1,0,0,0,0,0,0,"- ","- ",36.327369689941406,-119.30104827880859,TULARE,VISALIA,-119.30107116699219,36.327369689941406
8879597,2019,2020-01-02,5407,2019-05-24,1153,M203,480,5,5,5,5407,0,0,0,,0,,"RT 63","COURT ST",0.00,,Y,A,-,Y,TUL,6,63,-,L,9.190,I,5,N,Y,4,0,1,2,A,-,12,21453,A,N,D,C,A,A,H,-,A,A,0,,,,,Y,,D,22,0,0,1,0,0,0,0,0,0,"- ","- ",36.326419830322266,-119.29225921630859,TULARE,VISALIA,-119.29228973388672,36.326431274414062
8882192,2019,2020-01-03,5405,2019-06-21,2028,C27,,5,5,4,5405,0,0,0,,0,001,"HENDERSON AV","RT 65",0.00,,Y,A,-,Y,TUL,6,63,-,R,20.343,R,4,N,Y,4,0,1,2,A,-,12,21453,A,N,D,C,A,A,H,-,C,A,0,,,,,Y,,-,,0,0,1,0,0,0,0,0,0,"- ","- ",,,TULARE,PORTERVILLE,-119.28666687011719,36.501987457275391
8882196,2019,2019-07-24,5405,2019-06-23,2149,250,5405,7,5,4,5405,0,0,0,,0,,"HENDERSON AV","INDIANA ST",0.00,,Y,A,-,N,,,,,,,,,,Y,3,0,4,3,A,-,01,23153,A,N,D,C,A,A,H,-,C,A,0,,,,,Y,Y,-,,0,3,1,0,0,0,0,0,0,"- ","- ",,,TULARE,PORTERVILLE,-119.03494262695312,36.080509185791016
8882404,2019,2019-07-08,5407,2019-06-02,1323,11891,480,7,5,5,5407,0,0,0,,0,033,"S GARDEN ST","E PARADISE AV",0.00,,Y,A,-,N,,,,,,,,,,N,3,0,1,2,A,-,12,22450,A,N,G,G,A,A,H,-,A,A,0,,Y,,,Y,,L,04,0,1,0,0,0,0,1,0,0,"- ","- ",36.316799163818359,-119.28961181640625,TULARE,VISALIA,-119.28968811035156,36.316471099853516
8882420,2019,2019-07-19,5407,2019-06-02,1835,11894,480,7,5,5,5407,0,0,0,,0,,"E MINERAL KING AV","SANTA FE",0.00,,Y,A,-,N,,,,,,,,,,N,2,0,1,2,A,-,12,21453,A,N,B,G,A,A,H,-,A,A,0,,Y,,,Y,,-,"- ",1,0,0,0,0,0,1,0,0,"- ","- ",36.327449798583984,-119.28780364990234,TULARE,VISALIA,-119.28781127929688,36.327438354492188
8884798,2019,2019-07-02,5405,2019-06-14,0830,107,,5,5,4,5405,0,0,0,,0,002,"WESTFIELD AV","MILO ST",0.00,,Y,A,-,N,,,,,,,,,,N,3,0,1,2,A,-,05,21650,1,N,D,G,A,A,H,-,A,A,0,,Y,,,Y,,L,04,0,1,0,0,0,0,1,0,0,"- ","- ",,,TULARE,PORTERVILLE,-119.03636169433594,36.087608337402344
8892776,2019,2019-07-24,5405,2019-06-30,2040,254,,7,5,4,5405,0,0,0,,0,003,"3RD ST","OAK AV",10.00,S,N,A,-,N,,,,,,,,,,N,3,0,1,2,A,-,08,22107,,F,B,G,A,A,H,-,D,D,0,,Y,Y,,Y,,L,04,0,1,0,0,0,0,1,0,0,"- ","- ",,,TULARE,PORTERVILLE,-119.01425933837891,36.067832946777344
8894416,2019,2019-07-18,5406,2019-06-17,1516,82,5406,1,5,4,5406,0,0,0,,0,0DT,"K ST",WALNUT,95.00,N,N,A,-,N,,,,,,,,,,Y,2,0,1,2,A,-,09,21801,A,N,D,C,A,A,H,-,A,D,0,,,,,Y,,A,07,1,0,0,0,0,0,0,0,0,"- ","- ",,,TULARE,TULARE,-119.34280395507812,36.193195343017578
8895004,2019,2019-07-25,5407,2019-05-11,1758,C45,480,6,5,5,5407,0,0,0,,0,"O 26","HOUSTON AV","VIRMARGO ST",0.00,,-,A,-,N,,,,,,,,,,Y,3,0,2,2,A,-,04,21703,,N,C,C,A,A,H,-,A,A,0,,,,,Y,,D,22,0,2,0,0,0,0,0,0,0,"- ","- ",36.341911315917969,-119.26750946044922,TULARE,VISALIA,-119.26751,36.341909999999999
8895993,2019,2019-08-15,5404,2019-07-06,1200,673,,6,5,2,5404,0,0,0,,0,012,"VAN NESS",HERMOSA,150.00,S,N,A,-,N,,,,,,,,,,N,4,0,1,2,A,-,21,22106,,N,E,C,A,A,H,-,A,D,0,,,,,Y,,A,08,0,0,1,0,0,0,0,0,0,"- ","- ",,,TULARE,LINDSAY,-119.09873962402344,36.203189849853516
8897806,2019,2019-07-23,5407,2019-06-11,1747,A285,480,2,5,5,5407,0,0,0,,0,N25,"MINERAL KING","COUNTY CENTER",0.00,,Y,B,-,N,,,,,,,,,,N,3,0,1,2,A,-,11,21461,5,N,G,B,B,A,H,-,A,A,0,Y,,,,Y,Y,N,60,0,1,0,0,1,0,0,0,0,"- ","- ",,,TULARE,VISALIA,-119.32579803466797,36.327491760253906
8897932,2019,2019-07-24,5406,2019-06-26,1236,41,3A,3,5,4,5406,0,0,0,,0,0WS,TULARE,"H ST",0.00,,Y,A,-,N,,,,,,,,,,N,4,0,1,2,A,-,09,21802,A,N,D,C,A,A,H,-,A,A,0,,,,,Y,,-,,0,0,1,0,0,0,0,0,0,"- ","- ",,,TULARE,TULARE,-119.35056304931641,36.207389831542969
8898738,2019,2019-07-19,5407,2019-05-29,1815,11625,480,3,5,5,5407,0,0,0,,0,O26,"PROSPECT AV","LIBERTY ST",0.00,,Y,A,-,N,,,,,,,,,,Y,3,0,1,3,A,-,01,23152,G,M,C,E,A,A,H,-,A,D,0,,,,,Y,Y,A,01,0,1,0,0,0,0,0,0,0,"- ","- ",36.345680236816406,-119.28515625,TULARE,VISALIA,-119.28515625,36.345668792724609
8902794,2019,2019-07-31,5407,2019-04-09,1804,11623,480,2,5,5,5407,0,0,0,,0,033,"S GARDEN ST","ROSE ST",186.00,S,N,A,-,N,,,,,,,,,,N,3,0,2,1,A,-,05,21650,,N,A,J,A,A,H,-,A,A,0,,,,,Y,,A,01,0,2,0,0,0,0,0,0,0,"- ","- ",36.314609527587891,-119.28978729248047,TULARE,VISALIA,-119.28968048095703,36.314598083496094
8908001,2019,2019-08-16,5407,2019-07-03,1821,C45,480,3,5,5,5407,0,0,0,,0,"O 26","E HOUSTON AV","N BEN MADDOX WY",123.00,E,N,A,-,N,,,,,,,,,,N,3,0,1,2,A,-,07,21658,A,N,B,C,A,A,H,-,B,A,0,,,,,Y,,D,22,0,1,0,0,0,0,0,0,0,"- ","- ",36.341838836669922,-119.27881622314453,TULARE,VISALIA,-119.27839660644531,36.341861724853516
8908009,2019,2019-08-16,5407,2019-07-08,0907,M201,480,1,5,5,5407,0,0,0,,0,,"N MOONEY BL",RIGGIN,0.00,,Y,A,-,N,,,,,,,,,,N,3,0,2,2,A,-,12,22450,A,N,D,C,A,A,H,-,A,A,0,,,,,Y,,D,22,0,2,0,0,0,0,0,0,0,"- ","- ",36.356449127197266,-119.31432342529297,TULARE,VISALIA,-119.31430053710938,36.356460571289062
8908030,2019,2019-08-09,5407,2019-06-06,2325,K163,480,4,5,5,5407,0,0,0,,0,011,DOUGLAS,KENT,0.00,,Y,A,-,N,,,,,,,,,,Y,4,0,1,2,A,-,12,22450,A,N,D,C,A,A,H,-,A,A,0,,,,,Y,,A,01,0,0,1,0,0,0,0,0,0,"- ","- ",,,TULARE,VISALIA,-119.34435272216797,36.339801788330078
8908083,2019,2019-08-09,5407,2019-07-11,1717,C45,480,4,5,5,5407,0,0,0,,0,P33,"S GIDDINGS ST","W FEEMSTER ST",0.00,,Y,A,-,N,,,,,,,,,,Y,3,0,1,2,A,-,04,21703,,N,C,C,A,A,H,-,A,A,0,,,,,Y,,A,01,0,1,0,0,0,0,0,0,0,"- ","- ",36.317520141601562,-119.30538177490234,TULARE,VISALIA,-119.30539703369141,36.317539215087891
8908103,2019,2019-08-09,5407,2019-07-05,0859,M282,480,5,5,5,5407,0,0,0,,0,025,"N GIDDINGS ST","W HOUSTON AV",54.00,E,N,A,-,N,,,,,,,,,,Y,4,0,1,3,A,-,03,22350,,M,C,B,A,A,H,-,A,A,0,,,,,Y,,-,,0,0,1,0,0,0,0,0,0,"- ","- ",36.341869354248047,-119.30558776855469,TULARE,VISALIA,-119.30561065673828,36.341880798339844
8908271,2019,2020-01-27,5405,2019-07-20,1200,245,,6,5,4,5405,0,0,0,,0,002,"RT 65","LINDA VISTA ST",0.00,,Y,A,-,Y,TUL,6,65,-,-,21.830,I,5,N,Y,4,0,1,2,A,-,09,21802,B,N,D,C,A,A,H,-,A,D,0,,,,,Y,,-,,0,0,1,0,0,0,0,0,0,"- ","- ",,,TULARE,PORTERVILLE,-119.04294586181641,36.104343414306641
8911380,2020,2020-08-07,5407,2020-04-02,2039,M282,480,4,5,5,5407,0,0,0,,0,025,"N BRIDGE ST","E PARKER CT",326.00,N,N,A,-,N,,,,,,,,,,Y,1,1,1,3,A,-,11,21954,A,N,G,B,E,A,H,-,C,A,0,Y,,,,Y,Y,-,"- ",0,1,0,1,1,0,0,0,0,"- ","- ",36.343639373779297,-119.28913116455078,TULARE,VISALIA,-119.28909301757812,36.344554901123047
8911690,2020,2022-06-13,5407,2020-07-02,2024,M282,480,4,5,5,5407,0,0,0,,0,034,"W CALDWELL AV","S WEST ST",0.00,,Y,A,-,N,,,,,,,,,,Y,1,1,0,2,A,-,09,21453,C,N,A,C,A,A,H,-,B,A,0,,,Y,,Y,Y,I,11,0,0,0,0,0,0,0,1,0,"- ","- ",36.298191070556641,-119.29596710205078,TULARE,VISALIA,-119.29598999023438,36.298160552978516
8911868,2020,2022-06-13,5407,2020-08-27,2111,M282,480,4,5,5,5407,0,0,0,,0,026,"RT 63","SHANNON PKWY",403.00,S,N,A,-,Y,TUL,6,63,-,-,10.330,H,-,N,Y,1,1,0,2,A,-,11,21954,A,F,G,B,D,A,H,-,C,A,0,Y,,,,Y,Y,N,60,0,0,0,1,0,0,0,0,0,"- ","- ",36.356208801269531,-119.29698944091797,TULARE,VISALIA,-119.29700469970703,36.359420776367188
8927388,2019,2019-09-04,5405,2019-08-20,1500,245,,2,5,4,5405,0,0,0,,0,004,"OLIVE AV","WISCONSIN ST",45.00,E,N,A,-,N,,,,,,,,,,N,4,0,1,2,A,-,03,22350,,N,C,C,A,A,H,-,A,D,0,,,,,Y,,-,,0,0,1,0,0,0,0,0,0,"- ","- ",,,TULARE,PORTERVILLE,-119.03724670410156,36.0660400390625
8929350,2019,2019-10-23,5407,2019-07-13,2125,A308,480,6,5,5,5407,0,0,0,,0,025,"W HOUSTON AV","N STEVENSON",0.00,,Y,A,-,N,,,,,,,,,,Y,3,0,1,2,A,-,12,22450,A,N,D,C,A,A,H,-,C,A,0,,,,,Y,,A,01,0,1,0,0,0,0,0,0,0,"- ","- ",36.341800689697266,-119.29989624023438,TULARE,VISALIA,-119.2999267578125,36.341838836669922
8930783,2019,2019-09-12,5407,2019-07-25,2116,A318,480,4,5,5,5407,0,0,0,,0,012,"S AKERS ST","W WALNUT AV",0.00,,Y,A,-,N,,,,,,,,,,Y,3,0,1,3,A,-,12,21453,A,N,D,C,A,A,H,-,C,A,0,,,,,Y,,D,22,0,1,0,0,0,0,0,0,0,"- ","- ",36.312770843505859,-119.34954833984375,TULARE,VISALIA,-119.34963226318359,36.312759399414062
8931446,2019,2019-09-17,5407,2019-08-22,1545,M116,480,4,5,5,5407,0,0,0,,0,,"E DOUGLAS AV",CAIN,0.00,,Y,A,-,N,,,,,,,,,,Y,3,0,2,2,A,-,12,22450,A,M,D,C,A,A,H,-,A,A,0,,,,,Y,,A,01,0,1,1,0,0,0,0,0,0,"- ","- ",36.338241577148438,-119.27471160888672,TULARE,VISALIA,-119.27471923828125,36.338249206542969
8931454,2019,2019-09-17,5407,2019-08-22,0742,M203,480,4,5,5,5407,0,0,0,,0,,"W MILL CREEK DR",MAIN,0.00,,Y,A,-,N,,,,,,,,,,N,3,0,1,2,A,-,05,21650,1,N,D,G,A,A,H,-,A,A,0,,Y,,,Y,,L,04,0,1,0,0,0,0,1,0,0,"- ","- ",36.329479217529297,-119.32305145263672,TULARE,VISALIA,-119.32314300537109,36.329460144042969
8931470,2019,2019-09-17,5407,2019-08-13,0921,M66,480,2,5,5,5407,0,0,0,,0,,"MINERAL KING AV","CONYER ST",0.00,,Y,A,-,N,,,,,,,,,,Y,4,0,2,2,A,-,09,21800,D,N,D,C,A,A,H,-,A,B,0,,,,,Y,,A,01,0,0,2,0,0,0,0,0,0,"- ","- ",36.327369689941406,-119.30104827880859,TULARE,VISALIA,-119.30107116699219,36.327369689941406
8931474,2019,2019-09-17,5407,2019-08-10,2209,A302,480,6,5,5,5407,0,0,0,,0,033,"SOUTH BEN MADDOX WY","TULARE AV",880.00,N,N,A,-,N,,,,,,,,,,N,2,0,1,2,A,-,11,21954,A,N,G,B,E,A,H,-,C,D,0,Y,,,,Y,Y,N,60,1,0,0,0,1,0,0,0,0,"- ","- ",36.322368621826172,-119.27529144287109,TULARE,VISALIA,-119.27674102783203,36.322532653808594
8931482,2019,2019-09-17,5407,2019-08-03,0902,A322,480,6,5,5,5407,0,0,0,,0,025,"S DEMAREE ST","MINERAL KING",45.00,N,N,A,-,N,,,,,,,,,,Y,3,0,2,2,A,-,12,21453,A,N,-,C,A,A,H,-,A,A,0,,,,,Y,,A,01,0,2,0,0,0,0,0,0,0,"- ","- ",36.327610015869141,-119.33174896240234,TULARE,VISALIA,-119.33177185058594,36.327732086181641
8932952,2019,2019-09-18,5405,2019-08-30,1619,254,,5,5,4,5405,0,0,0,,0,004,"OLIVE AV","PROSPECT ST",0.00,,Y,A,-,N,,,,,,,,,,Y,4,0,4,2,A,-,09,21801,A,N,D,A,A,A,H,-,A,A,0,,,,,Y,,-,,0,0,4,0,0,0,0,0,0,"- ","- ",,,TULARE,PORTERVILLE,-119.04418182373047,36.065780639648438
8935771,2019,2019-09-20,5406,2019-08-16,1543,22,,5,5,4,5406,0,0,0,,0,0AO,"M ST","ESTATE DR",0.00,,Y,A,-,N,,,,,,,,,,N,3,0,1,2,A,-,03,22350,,N,C,C,A,A,H,-,A,D,0,,,Y,,Y,,C,02,0,1,0,0,0,0,0,0,1,"- ","- ",,,TULARE,TULARE,-119.34427642822266,36.224529266357422
8936066,2019,2019-12-10,5407,2019-07-14,1659,A305,480,7,5,5,5407,0,0,0,,0,,"PINE ST",LOCUST,0.00,,Y,A,-,N,,,,,,,,,,Y,3,0,1,2,A,-,12,22450,A,N,D,C,A,A,H,-,A,D,0,,,,,Y,,A,01,0,1,0,0,0,0,0,0,0,"- ","- ",36.337028503417969,-119.29351806640625,TULARE,VISALIA,-119.29351800000001,36.337029000000001
8939726,2023,2025-06-28,5403,2023-12-16,2303,845,,6,5,2,5403,0,0,0,,0,,"W VISALIA RD","S. VIRGINIA AV",0.00,,Y,A,-,N,,,,,,,,,,Y,1,1,0,2,A,-,11,21954,A,N,G,B,D,A,H,-,C,D,0,Y,,,,Y,,N,60,0,0,0,1,0,0,0,0,0,"- ","- ",,,TULARE,FARMERSVILLE,-119.21597290039062,36.297828674316406
8946190,2019,2019-10-07,5405,2019-09-15,1926,243,,7,5,4,5405,0,0,0,,0,004,"OLIVE AV","RT 65",61.00,E,N,A,-,N,,,,,,,,,,N,4,0,1,2,A,-,03,22350,,F,C,C,A,A,H,-,B,A,0,,,,,Y,,-,,0,0,1,0,0,0,0,0,0,"- ",NO,,,TULARE,PORTERVILLE,-119.03847503662109,36.066028594970703
8946913,2019,2019-10-08,5406,2019-08-10,1231,28,5406,6,5,4,5406,0,0,0,,0,0AO,"MARTIN LUTHER KING",BLACKSTONE,0.00,,Y,A,-,N,,,,,,,,,,Y,4,0,1,2,A,-,00,12500,A,N,D,C,A,A,H,-,A,A,0,,,,,Y,,A,01,0,0,1,0,0,0,0,0,0,"- ","- ",,,TULARE,TULARE,-119.33103179931641,36.202281951904297
8950174,2019,2019-10-08,5407,2019-09-06,1920,G272,480,5,5,5,5407,0,0,0,,0,026,"E TULARE AV","BEN MADDOX ST",240.00,W,N,A,-,N,,,,,,,,,,Y,4,0,1,2,A,-,03,22350,,N,F,C,A,A,H,-,A,D,0,,,,,Y,,A,07,0,0,1,0,0,0,0,0,0,"- ","- ",36.320121765136719,-119.27655029296875,TULARE,VISALIA,-119.27745056152344,36.320133209228516
8950614,2019,2019-10-23,5407,2019-06-15,2332,M203,480,6,5,5,5407,0,0,0,,0,,"W WALNUT AV",COURT,0.00,,Y,A,-,N,,,,,,,,,,Y,2,0,3,3,A,-,01,23152,F,N,D,C,A,A,H,-,C,A,0,,,,,Y,,A,01,3,0,0,0,0,0,0,0,0,"- ","- ",36.312908172607422,-119.30535125732422,TULARE,VISALIA,-119.29200744628906,36.312858581542969
8958179,2019,2019-10-21,5405,2019-09-30,1938,C29,,1,5,4,5405,0,0,0,,0,002,"HENDERSON AV","MAIN ST",0.00,,Y,A,-,N,,,,,,,,,,N,2,0,1,2,A,-,05,21650,,N,D,G,A,A,H,-,C,A,0,,Y,,,Y,Y,L,04,1,0,0,0,0,0,1,0,0,"- ","- ",,,TULARE,PORTERVILLE,-119.01969909667969,36.080150604248047
8962626,2019,2019-11-05,5405,2019-10-17,1848,C26,,4,5,4,5405,0,0,0,,0,002,"PLANO ST","MORTON AV",120.00,S,N,A,-,N,,,,,,,,,,Y,4,0,1,2,A,-,01,23153,,N,C,C,A,A,H,-,C,A,0,,,,,Y,Y,-,,0,0,1,0,0,0,0,0,0,"- ","- ",,,TULARE,PORTERVILLE,-119.00850677490234,36.072669982910156
8967850,2019,2019-12-16,5405,2019-10-18,1309,238,5405,5,5,4,5405,0,0,0,,0,001,"HENDERSON AV","BRANDY WY",0.00,,Y,A,-,N,,,,,,,,,,N,2,0,1,2,A,-,06,21751,,N,D,C,A,A,H,-,A,D,0,,,Y,,Y,,C,02,1,0,0,0,0,0,0,0,1,"- ","- ",,,TULARE,PORTERVILLE,-119.07338714599609,36.080348968505859
8967852,2019,2019-11-12,5407,2019-09-18,2040,A325,SR136,3,5,5,5407,0,0,0,,0,012,"LINWOOD ST",NOBLE,130.00,N,N,A,-,N,,,,,,,,,,Y,3,0,1,2,A,-,03,22350,,F,C,C,A,A,H,-,C,A,0,,,,,Y,,A,01,0,1,0,0,0,0,0,0,0,"- ","- ",36.326999664306641,-119.34073638916016,TULARE,VISALIA,-119.34091186523438,36.3272705078125
8968328,2019,2019-11-14,5407,2019-09-25,1919,C53,480,3,5,5,5407,0,0,0,,0,N25,"NORTH DINUBA BL","WEST SHANNON PKWY",81.00,N,N,A,-,N,,,,,,,,,,Y,4,0,1,2,A,-,03,22350,,N,C,C,A,A,H,-,C,A,0,,,,,Y,,A,01,0,0,1,0,0,0,0,0,0,"- ","- ",36.361000061035156,-119.2969970703125,TULARE,VISALIA,-119.29701232910156,36.360256195068359
8968519,2019,2019-11-13,5405,2019-10-18,0755,241,,5,5,4,5405,0,0,0,,0,004,"ROAD 222","THURMAN AV",6.00,S,N,A,-,N,,,,,,,,,,N,4,0,1,2,A,-,10,21950,A,N,G,B,B,A,H,-,B,A,0,Y,,,,Y,,-,,0,0,1,0,1,0,0,0,0,"- ","- ",,,TULARE,PORTERVILLE,-119.07526397705078,36.071704864501953