CASE_ID,ACCIDENT_YEAR,PROC_DATE,JURIS,COLLISION_DATE,COLLISION_TIME,OFFICER_ID,REPORTING_DISTRICT,DAY_OF_WEEK,CHP_SHIFT,POPULATION,CNTY_CITY_LOC,SPECIAL_COND,BEAT_TYPE,CHP_BEAT_TYPE,CITY_DIVISION_LAPD,CHP_BEAT_CLASS,BEAT_NUMBER,PRIMARY_RD,SECONDARY_RD,DISTANCE,DIRECTION,INTERSECTION,WEATHER_1,WEATHER_2,STATE_HWY_IND,CALTRANS_COUNTY,CALTRANS_DISTRICT,STATE_ROUTE,ROUTE_SUFFIX,POSTMILE_PREFIX,POSTMILE,LOCATION_TYPE,RAMP_INTERSECTION,SIDE_OF_HWY,TOW_AWAY,COLLISION_SEVERITY,NUMBER_KILLED,NUMBER_INJURED,PARTY_COUNT,PRIMARY_COLL_FACTOR,PCF_CODE_OF_VIOL,PCF_VIOL_CATEGORY,PCF_VIOLATION,PCF_VIOL_SUBSECTION,HIT_AND_RUN,TYPE_OF_COLLISION,MVIW,PED_ACTION,ROAD_SURFACE,ROAD_COND_1,ROAD_COND_2,LIGHTING,CONTROL_DEVICE,CHP_ROAD_TYPE,PEDESTRIAN_ACCIDENT,BICYCLE_ACCIDENT,MOTORCYCLE_ACCIDENT,TRUCK_ACCIDENT,NOT_PRIVATE_PROPERTY,ALCOHOL_INVOLVED,STWD_VEHTYPE_AT_FAULT,CHP_VEHTYPE_AT_FAULT,COUNT_SEVERE_INJ,COUNT_VISIBLE_INJ,COUNT_COMPLAINT_PAIN,COUNT_PED_KILLED,COUNT_PED_INJURED,COUNT_BICYCLIST_KILLED,COUNT_BICYCLIST_INJURED,COUNT_MC_KILLED,COUNT_MC_INJURED,PRIMARY_RAMP,SECONDARY_RAMP,LATITUDE,LONGITUDE,COUNTY,CITY,POINT_X,POINT_Y
90361516,2017,2017-01-04,9480,2017-01-02,2145,017311,,1,2,9,5400,0,3,5,,2,004,"AVE 328","RD 132",0.00,,Y,A,-,N,,,,,,,,,,Y,4,0,1,2,D,-,00,,,N,D,C,A,A,H,-,D,A,0,,,,,Y,,-,"- ",0,0,1,0,0,0,0,0,0,"- ","- ",36.385440000000003,-119.27873,TULARE,UNINCORPORATED,-119.27881993,36.38562005
90365639,2017,2017-03-15,9481,2017-01-08,1345,014265,,7,1,9,5400,0,3,5,,2,020,"BALFOUR DRIVE","AVENUE 196",50.00,N,N,B,-,N,,,,,,,,,,Y,3,0,1,2,A,-,03,22350,,N,C,C,A,A,H,-,A,A,0,,,,,Y,,A,01,0,1,0,0,0,0,0,0,0,"- ","- ",36.14602,-119.05959,TULARE,UNINCORPORATED,-119.05957126,36.145824419999997
90366901,2017,2017-03-15,9481,2017-01-07,1310,017523,,6,1,9,5400,0,3,5,,2,010,"AVENUE 200","ROAD 188",0.00,,Y,C,-,N,,,,,,,,,,Y,3,0,1,2,A,-,09,21802,A,N,D,C,A,B,H,-,A,A,0,,,,,Y,,D,22,0,1,0,0,0,0,0,0,0,"- ","- ",36.152709999999999,-119.15244,TULARE,UNINCORPORATED,-119.15239997,36.152780069999999
90368488,2016,2017-01-12,9480,2016-12-27,0538,013821,,2,3,9,5400,0,1,3,,1,045,"SR-245 N/B","AVENUE 314",2112.00,S,N,A,-,Y,,,245,,,,,,N,Y,4,0,1,1,A,-,03,22350,,N,E,I,A,A,H,-,D,D,0,,,,,Y,,J,48,0,0,1,0,0,0,0,0,0,"- ","- ",36.358609999999999,-119.11638000000001,TULARE,UNINCORPORATED,-119.11627661,36.358490449999998
90371993,2017,2017-01-18,9481,2017-01-05,1145,019162,,4,1,9,5400,0,1,3,,1,054,"MOUNTAIN ROAD 239 (BALCH PARK ROAD)","MOUNTAIN ROAD 296",2640.00,N,N,B,-,N,,,,,,,,,,Y,3,0,2,1,A,-,08,22107,,N,E,I,A,B,H,-,A,D,0,,,,,Y,,A,07,0,1,1,0,0,0,0,0,0,"- ","- ",36.225140000000003,-118.81108999999999,TULARE,UNINCORPORATED,-118.81108671,36.225142290000001
90375167,2017,2017-03-23,9480,2017-01-15,2344,018521,,7,3,9,5400,0,1,3,,1,044,SR-198,"ROAD 210",1056.00,E,N,A,-,Y,,,198,,,,,,,Y,2,0,3,1,A,-,01,23152,A,N,E,I,A,A,H,-,D,D,0,,,,,Y,Y,A,07,2,1,0,0,0,0,0,0,0,"- ","- ",36.325800000000001,-119.09999999999999,TULARE,UNINCORPORATED,-119.10000162999999,36.325633320000001
90377011,2017,2017-01-25,9480,2017-01-16,1425,018657,,1,2,9,5400,0,1,3,,1,040,SR-216,"AVENUE 320",528.00,N,N,A,-,Y,,,216,,,,,,,Y,3,0,1,1,A,-,01,23152,A,N,E,I,A,A,H,-,A,D,0,,,,,Y,Y,D,22,0,1,0,0,0,0,0,0,0,"- ","- ",36.373130000000003,-119.21552,TULARE,UNINCORPORATED,-119.21564545,36.373130689999996
90383092,2017,2017-01-31,9480,2017-01-26,0635,017108,,4,1,9,5400,0,1,3,,1,034,"STATE ROUTE 198 WESTBOUND","ROAD 56",310.00,W,N,A,-,Y,,,198,,,,,,W,Y,4,0,1,2,A,-,03,22350,,N,C,C,A,A,H,-,B,D,0,,,,,Y,,A,01,0,0,1,0,0,0,0,0,0,"- ","- ",36.327750000000002,-119.44929,TULARE,UNINCORPORATED,-119.44929338,36.327346259999999
90386828,2017,2017-02-06,9480,2017-01-26,2322,018861,,4,3,9,5400,0,1,3,,2,095,"SR-99 S/B","AVENUE 76",138.00,S,N,A,-,Y,,,99,,,,,,S,Y,4,0,1,1,A,-,08,22107,,N,E,I,A,A,H,-,D,D,0,,,,,Y,,A,01,0,0,1,0,0,0,0,0,0,"- ","- ",35.927520000000001,-119.28206,TULARE,UNINCORPORATED,-119.28209471,35.927512579999998
90387290,2017,2017-02-07,9480,2017-01-28,1736,019789,,6,2,9,5400,0,3,5,,2,006,"AVENUE 256","ROAD 140",40.00,W,N,A,-,N,,,,,,,,,,Y,4,0,1,3,A,-,03,22350,,N,C,C,A,A,H,-,B,A,0,,,,,Y,,A,01,0,0,1,0,0,0,0,0,0,"- ","- ",36.255380000000002,-119.26130000000001,TULARE,UNINCORPORATED,-119.26077472,36.255431979999997
90387479,2017,2017-02-07,9481,2017-01-31,1550,017957,,2,2,9,5400,0,2,4,,1,034,"ROAD 192","AVENUE 150",0.00,,Y,A,-,N,,,,,,,,,,N,4,0,1,2,A,-,03,22350,,N,C,C,A,A,H,-,A,D,0,,,,,Y,,A,01,0,0,1,0,0,0,0,0,0,"- ","- ",36.06223,-119.14315000000001,TULARE,UNINCORPORATED,-119.14313987,36.062230040000003
90388397,2016,2017-03-23,9480,2016-11-19,2500,019647,,6,4,9,5400,0,3,5,,2,002,"ROAD 88","AVENUE 392",311.00,N,N,A,-,N,,,,,,,,,,Y,1,1,0,1,A,-,01,23152,A,N,E,I,A,A,H,-,D,D,0,,,,,Y,Y,A,01,0,0,0,0,0,0,0,0,0,"- ","- ",36.503,-119.37649999999999,TULARE,UNINCORPORATED,-119.37674237,36.502983460000003
90389938,2017,2017-02-10,9481,2017-02-03,2045,018815,,5,2,9,5400,0,2,4,,1,051,"ROAD 236","AVENUE 96",1056.00,N,N,B,-,N,,,,,,,,,,Y,3,0,6,2,A,-,05,21650,,F,A,C,A,A,H,-,D,D,0,,,,,Y,,A,01,0,6,0,0,0,0,0,0,0,"- ","- ",35.967449999999999,-119.04481,TULARE,UNINCORPORATED,-119.04460376,35.967135300000002
90391743,2017,2017-02-13,9480,2017-01-30,0615,018657,,1,1,9,5400,0,3,5,,2,001,"RD. 8","AVE. 388",0.00,,Y,E,-,N,,,,,,,,,,Y,4,0,2,2,A,-,03,22350,,N,D,C,A,B,H,-,B,A,0,,,,Y,Y,,A,01,0,0,2,0,0,0,0,0,0,"- ","- ",36.496099999999998,-119.55694,TULARE,UNINCORPORATED,-119.5569899,36.49613008
90394528,2017,2017-02-16,9481,2017-02-09,0650,018707,,4,1,9,5400,0,2,4,,1,035,"AVENUE 56","ROAD 176",0.00,,Y,A,-,N,,,,,,,,,,Y,3,0,2,2,A,-,09,21801,A,N,D,C,A,A,H,-,B,D,0,,,,,Y,,A,08,0,1,1,0,0,0,0,0,0,"- ","- ",35.891919999999999,-119.17932,TULARE,UNINCORPORATED,-119.17931993000001,35.891910080000002
90394668,2017,2017-02-16,9480,2017-02-12,0805,016046,,7,1,9,5400,0,1,3,,1,045,"STATE ROUTE 245","AVENUE 314",0.00,,Y,A,-,Y,,,245,,,,,,,Y,4,0,1,2,A,-,03,22350,,N,D,C,A,A,H,-,A,A,0,,,,Y,Y,,A,01,0,0,1,0,0,0,0,0,0,"- ","- ",36.35877,-119.11417,TULARE,UNINCORPORATED,-119.11417353,36.35859937
90395521,2017,2017-02-17,9480,2017-01-28,2500,019186,,6,4,9,5400,0,3,5,,2,001,"ROAD 64","AVENUE 432",75.00,S,N,A,-,N,,,,,,,,,,Y,3,0,1,1,A,-,08,22107,,M,E,I,A,A,H,-,D,D,0,,,,,Y,Y,A,01,0,1,0,0,0,0,0,0,0,"- ","- ",36.574730000000002,-119.43069,TULARE,UNINCORPORATED,-119.43074316000001,36.57489691
90399565,2017,2017-02-24,9481,2017-02-13,2105,018982,,1,2,9,5400,0,3,5,,2,020,"ROAD 236","AVENUE 192",100.00,S,N,A,-,N,,,,,,,,,,Y,3,0,3,1,A,-,08,22107,,F,E,I,A,A,H,-,D,D,0,,,,,Y,,A,07,0,3,0,0,0,0,0,0,0,"- ","- ",36.13805,-119.04497000000001,TULARE,UNINCORPORATED,-119.04488683,36.138001080000002
90400684,2017,2017-02-27,9480,2017-02-14,0705,016210,,2,1,9,5400,0,1,3,,1,010,SR-201,"ROAD 64",0.00,,Y,E,-,Y,,,201,,,,,,,Y,3,0,1,2,A,-,12,22450,A,N,D,C,A,A,H,-,A,A,0,,,,,Y,,A,07,0,1,0,0,0,0,0,0,0,"- ","- ",36.51737,-119.43035999999999,TULARE,UNINCORPORATED,-119.4303606,36.517309539999999
90404949,2017,2017-03-02,9480,2017-02-26,0950,017108,,7,1,4,5406,0,1,3,,2,093,"STATE ROUTE 99 SOUTHBOUND","PAIGE AVENUE",2885.00,S,N,A,-,Y,,,99,,,,,,S,Y,4,0,3,1,C,-,18,,,N,H,H,A,A,H,-,A,D,0,,,,,Y,,-,"- ",0,0,3,0,0,0,0,0,0,"- ","- ",36.17315,-119.33013,TULARE,TULARE,-119.33010342,36.173144600000001
90411063,2017,2017-03-13,9480,2017-02-25,0445,013821,,6,3,9,5400,0,3,5,,2,003,"AVENUE 224","ROAD 132",4224.00,E,N,A,-,N,,,,,,,,,,Y,3,0,1,1,A,-,01,23152,A,N,E,I,A,A,H,-,C,D,0,,,,,Y,Y,A,01,0,1,0,0,0,0,0,0,0,"- ","- ",36.196390000000001,-119.26884,TULARE,UNINCORPORATED,-119.26372926000001,36.196432100000003
90412344,2017,2017-03-14,9480,2017-03-06,0800,017108,,1,1,5,5407,0,1,3,,1,064,"STATE ROUTE 198 E/B","GIDDINGS AVE",326.00,E,N,A,-,Y,,,198,,,,,,E,N,4,0,2,3,A,-,03,22350,,N,C,C,A,A,H,-,A,D,0,,,,,Y,,D,22,0,0,2,0,0,0,0,0,0,"- ","- ",36.326819999999998,-119.30466,TULARE,VISALIA,-119.30465923,36.326947820000001
90413145,2017,2017-03-15,9480,2017-03-08,1730,018204,,3,2,9,5400,0,1,3,,1,060,"RT 137","RD 180",2680.00,E,N,B,-,Y,,,137,,,,,,,Y,4,0,1,2,A,-,03,22350,,N,C,C,A,A,H,-,A,D,0,,,,,Y,,A,07,0,0,1,0,0,0,0,0,0,"- ","- ",36.210830000000001,-119.1628,TULARE,UNINCORPORATED,-119.16279941000001,36.210792669999996
90413688,2017,2017-03-16,9480,2017-03-08,0750,013914,,3,1,9,5400,0,3,5,,2,006,"AVENUE 276","ROAD 100",1320.00,W,N,A,-,N,,,,,,,,,,Y,4,0,2,2,A,-,08,22107,,N,B,C,A,A,H,-,A,D,0,,,,,Y,,E,22,0,0,2,0,0,0,0,0,0,"- ","- ",36.290979999999998,-119.35415,TULARE,UNINCORPORATED,-119.35383976,36.290952879999999
90414061,2017,2017-03-16,9480,2017-03-14,0755,015047,,2,1,9,5400,0,3,5,,2,002,"ROAD 96","AVENUE 416",0.00,,Y,A,-,N,,,,,,,,,,Y,3,0,4,2,A,-,09,21802,A,N,D,C,A,A,H,-,A,A,0,,,,,Y,,A,07,0,1,3,0,0,0,0,0,0,"- ","- ",36.545589999999997,-119.35863999999999,TULARE,UNINCORPORATED,-119.35860336,36.545620319999998
90414457,2017,2017-03-17,9480,2017-03-04,1915,020871,,6,2,9,5400,0,3,5,,2,004,"AVENUE 368","ROAD 132",0.00,,Y,A,-,N,,,,,,,,,,Y,2,0,2,2,A,-,12,22450,A,N,D,C,A,A,H,-,D,A,0,,,,,Y,,D,22,1,1,0,0,0,0,0,0,0,"- ","- ",36.457599999999999,-119.27758,TULARE,UNINCORPORATED,-119.27758991,36.457570019999999
90414601,2017,2017-03-17,9480,2017-03-16,2100,019697,,4,2,9,5400,0,3,5,,2,003,"AVE 232","ROAD 68",1056.00,E,N,A,-,N,,,,,,,,,,Y,4,0,2,1,A,-,08,22107,,N,E,I,A,A,H,-,D,D,0,,,,,Y,,A,07,0,0,2,0,0,0,0,0,0,"- ","- ",36.210619999999999,-119.41789,TULARE,UNINCORPORATED,-119.41753385,36.210807269999997
90415894,2017,2017-03-20,9481,2017-03-10,0810,018742,,5,1,9,5400,0,3,5,,2,030,"ROAD 224","AVENUE 112",0.00,,Y,A,-,N,,,,,,,,,,Y,3,0,3,2,A,-,12,22450,A,N,D,C,A,A,H,-,A,A,0,,,,Y,Y,,F,27,0,2,1,0,0,0,0,0,0,"- ","- ",35.993310000000001,-119.07138,TULARE,UNINCORPORATED,-119.07137012,35.993310100000002
90416885,2017,2017-03-22,9480,2017-03-14,0625,016210,,2,1,9,5400,0,3,5,,2,001,"AVENUE 308","ROAD 76",11.00,E,N,E,-,N,,,,,,,,,,N,4,0,1,1,A,-,03,22350,,N,E,I,A,A,H,-,B,D,0,,,,,Y,,A,01,0,0,1,0,0,0,0,0,0,"- ","- ",36.349080000000001,-119.40376000000001,TULARE,UNINCORPORATED,-119.40362,36.348849999999999
90418801,2017,2017-03-23,9481,2017-03-22,1235,018595,,3,1,9,5400,0,3,5,,2,010,"ROAD 224","AVENUE 176",350.00,N,N,B,G,N,,,,,,,,,,Y,4,0,2,2,A,-,03,22350,,N,C,C,A,A,H,-,A,D,0,,,,,Y,,A,01,0,0,2,0,0,0,0,0,0,"- ","- ",36.110410000000002,-119.07129999999999,TULARE,UNINCORPORATED,-119.07125648,36.110239579999998
90421186,2017,2017-03-27,9481,2017-03-18,2350,019578,,6,3,4,5405,0,3,5,,2,050,"E. OLIVE AVENUE","HOLCOMB STREET",1584.00,E,N,A,-,N,,,,,,,,,,Y,3,0,1,1,A,-,01,23152,A,N,E,I,A,A,H,-,D,D,0,,,,,Y,Y,D,22,0,1,0,0,0,0,0,0,0,"- ","- ",36.065809999999999,-119.97602999999999,TULARE,PORTERVILLE,-118.97628741,36.065869999999997
90421220,2017,2017-03-27,9481,2017-03-20,1619,017957,,1,2,9,5400,0,1,3,,1,012,"SR-65 SOUTHBOUND","AVENUE 196",550.00,N,N,A,-,Y,,,65,,,,,,S,Y,4,0,1,4,A,-,03,22350,,N,C,C,A,A,H,-,A,D,0,,,,,Y,,A,07,0,0,1,0,0,0,0,0,0,"- ","- ",36.146999999999998,-119.07317999999999,TULARE,UNINCORPORATED,-119.07322633,36.146977829999997
90421298,2017,2017-10-12,9481,2017-03-15,1755,020612,,3,2,9,5400,0,1,3,,1,053,"STATE ROUTE 190","MOUNTAIN ROAD 189",8976.00,E,N,A,-,Y,,,190,,,,,,,Y,3,0,3,1,A,-,08,22107,,N,F,A,A,A,H,-,A,D,0,,,,,Y,,A,01,0,2,1,0,0,0,0,0,0,"- ","- ",36.149340000000002,-118.75329000000001,TULARE,UNINCORPORATED,-118.75329888,36.149355489999998
90422803,2017,2017-03-28,9480,2017-03-21,0635,012251,,2,1,9,5400,0,3,5,,2,006,"ROAD 204 S/B",SR-65,381.00,N,N,B,C,N,,,,,,,,,,N,4,0,1,2,A,-,03,22350,,N,C,C,A,B,H,-,A,D,0,,,,,Y,,D,22,0,0,1,0,0,0,0,0,0,"- ","- ",36.211820000000003,-119.11818,TULARE,UNINCORPORATED,-119.11815584,36.211823330000001
90423468,2017,2017-03-29,9480,2017-03-22,1715,017252,,3,2,9,5400,0,3,5,,2,003,"ROAD 92","OAKDALE AVENUE",720.00,S,N,B,C,N,,,,,,,,,,Y,4,0,1,2,A,-,03,22350,,N,C,C,A,B,H,-,A,D,0,,,,,Y,,D,22,0,0,1,0,0,0,0,0,0,"- ","- ",36.252690000000001,-119.36699,TULARE,UNINCORPORATED,-119.36702,36.254600000000003
90423619,2017,2017-03-29,9480,2017-03-23,1840,020871,,4,2,9,5400,0,3,5,,2,005,"AVENUE 72","ROAD 104",1500.00,E,N,A,-,N,,,,,,,,,,Y,3,0,1,1,C,-,18,,,N,H,A,A,A,H,-,B,D,0,,,,Y,Y,,-,"- ",0,1,0,0,0,0,0,0,0,"- ","- ",35.920810000000003,-119.33349,TULARE,UNINCORPORATED,-119.33481906999999,35.920810170000003
90424100,2017,2017-03-30,9480,2017-03-22,0641,016233,,3,1,9,5400,0,3,5,,2,004,"AVE. 296","FARMERSVILLE RD.",0.00,,Y,B,-,N,,,,,,,,,,Y,4,0,1,2,A,-,09,21802,A,N,D,C,A,A,H,-,A,A,0,,,,,Y,,D,22,0,0,1,0,0,0,0,0,0,"- ","- ",36.328060000000001,-119.20922,TULARE,UNINCORPORATED,-119.20914986,36.328060059999999
90424613,2017,2017-03-30,9480,2017-03-28,0715,012568,,2,1,9,5400,0,3,5,,2,003,"RD. 68","AVE. 260",1584.00,N,N,A,-,N,,,,,,,,,,Y,3,0,2,2,A,-,05,21650,,N,A,C,A,A,H,-,A,D,0,,,,,Y,,A,01,0,1,1,0,0,0,0,0,0,"- ","- ",36.265839999999997,-119.42122000000001,TULARE,UNINCORPORATED,-119.42117113,36.265987160000002
90427393,2017,2017-04-04,9480,2017-04-03,0920,012401,,1,1,9,5400,0,1,3,,2,095,"SR-99 N/B","AVE 56",1056.00,N,N,A,-,Y,,,,,,,,,,Y,3,0,1,1,A,-,08,22107,,N,F,A,A,A,H,-,A,D,0,,,,,Y,,A,01,0,1,0,0,0,0,0,0,0,"- ","- ",36.645760000000003,-119.23748000000001,TULARE,UNINCORPORATED,-119.27538355,35.894520249999999
9042761,2020,2020-03-06,5405,2020-01-29,1028,3,,3,5,4,5405,0,0,0,,0,003,"JAYE ST","VANDALIA AV",42.00,S,N,B,-,N,,,,,,,,,,N,3,0,1,2,A,-,03,22350,,N,C,C,A,A,H,-,A,A,0,,,,,Y,,-,,0,1,0,0,0,0,0,0,0,"- ","- ",,,TULARE,PORTERVILLE,-119.02622985839844,36.053394317626953
9042832,2019,2020-05-15,5407,2019-12-06,0731,M282,480,5,5,5,5407,0,0,0,,0,025,"S MOONEY BL","W MINERAL KING AV",0.00,,Y,A,-,N,,,,,,,,,,Y,3,0,1,2,A,-,12,21453,A,N,D,C,A,A,H,-,A,A,0,,,,,Y,,D,22,0,1,0,0,0,0,0,0,0,"- ","- ",36.327480316162109,-119.31401824951172,TULARE,VISALIA,-119.31410217285156,36.327541351318359
90428560,2017,2017-04-06,9481,2017-03-30,1955,019578,,4,2,9,5400,0,3,5,,2,050,"SPRINGVILLE AVENUE","CONNER STREET",225.00,W,N,A,-,N,,,,,,,,,,Y,2,0,1,1,A,-,01,23152,A,N,E,I,A,A,H,-,D,D,0,,,,,Y,Y,A,01,1,0,0,0,0,0,0,0,0,"- ","- ",36.054859999999998,-118.98618,TULARE,UNINCORPORATED,-118.98684015000001,36.054961460000001
90430568,2017,2017-04-10,9480,2017-04-02,2156,017291,,7,2,9,5400,0,3,5,,2,002,"AVENUE 416","ROAD 96",1056.00,E,N,A,-,N,,,,,,,,,,Y,3,0,2,1,A,-,01,23152,A,N,E,I,A,A,H,-,D,D,0,,,,,Y,Y,A,01,0,1,1,0,0,0,0,0,0,"- ","- ",36.545749999999998,-119.35539,TULARE,UNINCORPORATED,-119.35537845,36.545570040000001
90432228,2017,2017-04-11,9481,2017-04-07,1910,019578,,5,2,9,5400,0,2,4,,2,052,"RESERVATION ROAD","POTHOLE ROAD",1584.00,W,N,C,-,N,,,,,,,,,,Y,4,0,2,1,A,-,08,22107,,N,F,A,A,B,H,-,D,D,0,,,,,Y,,D,22,0,0,2,0,0,0,0,0,0,"- ","- ",36.031469999999999,-118.88497,TULARE,UNINCORPORATED,-118.88526179,36.031534379999997
90435641,2017,2017-04-17,9480,2017-04-11,1509,012251,,2,2,9,5400,0,3,5,,2,006,SR-137,"ROAD 152",0.00,,Y,A,-,Y,,,137,,,,,,,Y,3,0,2,2,A,-,09,21801,A,N,B,C,A,A,H,-,A,A,0,,,,,Y,,A,08,0,1,1,0,0,0,0,0,0,"- ","- ",36.210790000000003,-119.23354,TULARE,UNINCORPORATED,-119.2335392,36.210827170000002
90435709,2017,2017-04-17,9481,2017-04-13,1820,019104,,4,2,9,5400,0,3,5,,2,020,"AVENUE 196","ROAD 228",0.00,,Y,B,-,N,,,,,,,,,,Y,4,0,2,2,A,-,09,21802,A,N,D,C,A,A,H,-,A,D,0,,,,,Y,,A,07,0,0,2,0,0,0,0,0,0,"- ","- ",36.145620000000001,-119.06256999999999,TULARE,UNINCORPORATED,-119.06275004,36.145530119999997
90436400,2017,2017-04-18,9480,2017-04-09,1515,015047,,7,2,9,5400,0,1,3,,1,021,"SR 63 (NORTHBOUND)","AVENUE 326",380.00,N,N,A,-,Y,,,63,,,,,,,Y,4,0,1,2,A,-,08,22107,,N,D,C,A,A,H,-,A,D,0,,,,,Y,,A,07,0,0,1,0,0,0,0,0,0,"- ","- ",36.383029999999998,-119.29695,TULARE,UNINCORPORATED,-119.29685336999999,36.383028690000003
90436429,2017,2017-04-18,9480,2017-04-12,1640,017311,,3,2,9,5400,0,1,3,,1,065,SR-65,"AVE 242",0.00,,Y,A,-,Y,,,65,,,,,,,Y,3,0,3,2,A,-,09,21802,A,N,D,C,A,A,H,-,A,A,0,,,,,Y,,A,01,0,1,2,0,0,0,0,0,0,"- ","- ",36.228160000000003,-119.13647,TULARE,UNINCORPORATED,-119.13646395000001,36.228159920000003
9043692,2019,2020-02-25,5407,2019-12-20,0810,M282,480,5,5,5,5407,0,0,0,,0,033,"S LOCUST ST","W NOBLE AV",0.00,,Y,A,-,N,,,,,,,,,,N,3,0,1,2,A,-,10,21950,A,N,G,B,B,A,H,-,A,A,0,Y,,,,Y,,A,07,0,1,0,0,1,0,0,0,0,"- ","- ",36.326431274414062,-119.29338073730469,TULARE,VISALIA,-119.29341888427734,36.326419830322266
90440473,2017,2017-04-24,9480,2017-04-10,1130,013821,,1,1,9,5400,0,3,5,,2,004,"ROAD 132","DAIRY AVENUE",1820.00,S,N,A,-,N,,,,,,,,,,Y,3,0,2,2,A,-,03,22350,,N,C,C,A,A,H,-,A,D,0,,,,,Y,,A,07,0,1,1,0,0,0,0,0,0,"- ","- ",36.419269999999997,-119.27804,TULARE,UNINCORPORATED,-119.27803501,36.41923611
90443429,2017,2017-04-27,9480,2017-04-19,0623,016210,,3,1,9,5400,0,3,5,,2,002,"AVENUE 384","ROAD 96",407.00,W,N,B,-,N,,,,,,,,,,Y,2,0,1,1,A,-,08,22107,,N,E,I,A,A,H,-,A,D,0,,,,,Y,,A,01,1,0,0,0,0,0,0,0,0,"- ","- ",36.487569999999998,-119.35898,TULARE,UNINCORPORATED,-119.35999305999999,36.487474970000001
90443459,2017,2017-04-27,9480,2017-04-21,0907,016233,,5,1,9,5400,0,3,5,,2,003,"RD. 96","AVE. 152",0.00,,Y,A,-,N,,,,,,,,,,Y,4,0,1,2,A,-,09,21802,A,N,D,C,A,A,H,-,A,A,0,,,,,Y,,D,22,0,0,1,0,0,0,0,0,0,"- ","- ",36.06568,-119.35768,TULARE,UNINCORPORATED,-119.23271986,35.964390029999997
90446306,2017,2017-05-01,9481,2017-04-23,2240,019154,,7,3,9,5400,0,2,4,,2,052,"RESERVATION ROAD (MOUNTAIN 137)","WATER TOWER ROAD",785.00,W,N,A,-,N,,,,,,,,,,Y,4,0,1,1,C,-,18,,,N,H,H,A,A,H,-,D,D,0,,,,,Y,,-,"- ",0,0,1,0,0,0,0,0,0,"- ","- ",36.019359999999999,-118.82129,TULARE,UNINCORPORATED,-118.82129,36.019359999999999
90448342,2017,2017-05-03,9481,2017-05-01,1850,018982,,1,2,9,5400,0,3,5,,2,050,"SPRINGVILLE AVENUE","ALTA VISTA STREET",75.00,E,N,A,-,N,,,,,,,,,,Y,3,0,1,1,A,-,08,22107,,N,E,I,A,A,H,-,A,D,0,,,,,Y,,A,01,0,1,0,0,0,0,0,0,0,"- ","- ",36.055100000000003,-118.96982,TULARE,UNINCORPORATED,-118.97027661,36.05507781
90448445,2017,2017-05-03,9480,2017-05-01,1538,019048,,1,2,9,5400,0,3,5,,2,006,"AVENUE 268 (E. MYER AVE.)","ROAD 204",0.00,,Y,A,-,N,,,,,,,,,,Y,3,0,2,2,A,-,09,21802,A,N,D,C,A,A,H,-,A,A,0,,,,,Y,,D,22,0,2,0,0,0,0,0,0,0,"- ","- ",36.274949999999997,-119.11827,TULARE,UNINCORPORATED,-119.11806107,36.275105840000002
90449436,2017,2017-05-04,9480,2017-04-30,0500,016046,,7,3,9,5400,0,3,5,,2,004,"ROAD 140","AVENUE 352",1584.00,N,N,A,-,N,,,,,,,,,,Y,4,0,1,1,A,-,08,22107,,N,E,I,A,A,H,-,D,D,0,,,,,Y,Y,A,01,0,0,1,0,0,0,0,0,0,"- ","- ",36.432139999999997,-119.24826,TULARE,UNINCORPORATED,-119.25993532,36.432936429999998
90450174,2017,2017-05-05,9480,2017-05-04,0535,017252,,4,3,9,5400,0,3,5,,2,006,"ROAD 128","AVENUE 184",726.00,N,N,A,-,N,,,,,,,,,,Y,4,0,1,2,A,-,03,22350,,N,C,C,A,A,H,-,B,D,0,,,,,Y,,D,22,0,0,1,0,0,0,0,0,0,"- ","- ",36.125480000000003,-119.28599,TULARE,UNINCORPORATED,-119.28592605,36.125532110000002
90451011,2017,2017-05-25,9480,2017-04-26,0841,016723,,3,1,5,5407,0,1,3,,1,064,"STATE ROUTE 198 (EASTBOUND)","PLAZA DRIVE O/C",657.00,E,N,A,-,Y,,,198,,,,,,,Y,4,0,1,3,A,-,03,22350,,N,C,C,A,A,H,-,A,D,0,,,,,Y,,A,01,0,0,1,0,0,0,0,0,0,"- ","- ",36.327069999999999,-119.38081,TULARE,VISALIA,-119.38081019000001,36.327162479999998
90451987,2017,2017-05-09,9480,2017-05-04,0555,013643,,4,3,9,5400,0,3,5,,2,005,"AVENUE 48","SOUTH OAK ROAD",50.00,W,N,A,-,N,,,,,,,,,,N,4,0,1,2,A,-,08,22107,,M,B,C,A,A,H,-,A,D,0,,,,,Y,,A,01,0,0,1,0,0,0,0,0,0,"- ","- ",35.877380000000002,-119.26506999999999,TULARE,UNINCORPORATED,-119.26501662,35.877426569999997