CASE_ID,ACCIDENT_YEAR,PROC_DATE,JURIS,COLLISION_DATE,COLLISION_TIME,OFFICER_ID,REPORTING_DISTRICT,DAY_OF_WEEK,CHP_SHIFT,POPULATION,CNTY_CITY_LOC,SPECIAL_COND,BEAT_TYPE,CHP_BEAT_TYPE,CITY_DIVISION_LAPD,CHP_BEAT_CLASS,BEAT_NUMBER,PRIMARY_RD,SECONDARY_RD,DISTANCE,DIRECTION,INTERSECTION,WEATHER_1,WEATHER_2,STATE_HWY_IND,CALTRANS_COUNTY,CALTRANS_DISTRICT,STATE_ROUTE,ROUTE_SUFFIX,POSTMILE_PREFIX,POSTMILE,LOCATION_TYPE,RAMP_INTERSECTION,SIDE_OF_HWY,TOW_AWAY,COLLISION_SEVERITY,NUMBER_KILLED,NUMBER_INJURED,PARTY_COUNT,PRIMARY_COLL_FACTOR,PCF_CODE_OF_VIOL,PCF_VIOL_CATEGORY,PCF_VIOLATION,PCF_VIOL_SUBSECTION,HIT_AND_RUN,TYPE_OF_COLLISION,MVIW,PED_ACTION,ROAD_SURFACE,ROAD_COND_1,ROAD_COND_2,LIGHTING,CONTROL_DEVICE,CHP_ROAD_TYPE,PEDESTRIAN_ACCIDENT,BICYCLE_ACCIDENT,MOTORCYCLE_ACCIDENT,TRUCK_ACCIDENT,NOT_PRIVATE_PROPERTY,ALCOHOL_INVOLVED,STWD_VEHTYPE_AT_FAULT,CHP_VEHTYPE_AT_FAULT,COUNT_SEVERE_INJ,COUNT_VISIBLE_INJ,COUNT_COMPLAINT_PAIN,COUNT_PED_KILLED,COUNT_PED_INJURED,COUNT_BICYCLIST_KILLED,COUNT_BICYCLIST_INJURED,COUNT_MC_KILLED,COUNT_MC_INJURED,PRIMARY_RAMP,SECONDARY_RAMP,LATITUDE,LONGITUDE,COUNTY,CITY,POINT_X,POINT_Y
90645820,2018,2018-01-23,9480,2018-01-15,0630,015290,,1,1,4,5406,0,1,3,,2,093,"STATE ROUTE 99 NORTHBOUND","CARTMILL AVE",4224.00,N,N,E,-,Y,,,,,,,,,,N,4,0,1,2,A,-,07,21658,,M,B,C,A,A,H,-,D,D,0,,,,Y,Y,,-,"- ",0,0,1,0,0,0,0,0,0,"- ","- ",36.250339508056641,-119.35298156738281,TULARE,TULARE,-119.35288238525391,36.250259399414062
90646504,2017,2018-03-22,9480,2017-11-21,1310,013821,,2,1,9,5400,0,3,5,,2,005,"ROAD 144","AVENUE 52",0.00,,Y,A,-,N,,,,,,,,,,Y,1,1,1,2,A,-,09,21802,A,N,D,C,A,A,H,-,A,A,0,,,,,Y,,A,01,0,1,0,0,0,0,0,0,0,"- ","- ",35.884709999999998,-119.25039,TULARE,UNINCORPORATED,-119.25038997,35.884670040000003
90646571,2018,2018-01-24,9481,2018-01-17,1720,018982,,3,2,9,5400,0,3,5,,2,030,"AVENUE 24","ROAD 168",528.00,E,N,A,-,N,,,,,,,,,,Y,4,0,1,1,A,-,08,22107,,N,E,I,A,A,H,-,D,D,0,,,,,Y,,D,22,0,0,1,0,0,0,0,0,0,"- ","- ",35.834129333496094,-119.19474029541016,TULARE,UNINCORPORATED,-119.19502258300781,35.834091186523438
90647442,2018,2018-01-25,9481,2018-01-19,1415,018707,,5,2,9,5400,0,2,4,,2,052,"RESERVATION ROAD (MTN. 137)","CHIMNEY ROAD",528.00,W,N,C,-,N,,,,,,,,,,Y,2,0,3,2,A,-,03,22350,,N,A,C,A,B,H,-,A,D,0,,,,,Y,,A,01,1,0,2,0,0,0,0,0,0,"- ","- ",36.015960693359375,-118.82734680175781,TULARE,UNINCORPORATED,-118.82762145996094,36.015731811523438
90649502,2018,2018-01-26,9480,2018-01-23,2000,018421,,2,2,9,5400,0,3,5,,2,001,"ROAD 72","AVENUE 424",1584.00,N,N,A,-,N,,,,,,,,,,Y,4,0,1,2,A,-,02,22400,A,F,C,C,A,A,H,-,D,D,0,,,,,Y,,-,99,0,0,1,0,0,0,0,0,0,"- ","- ",36.565380096435547,-119.41301727294922,TULARE,UNINCORPORATED,-119.41293334960938,36.564918518066406
90651447,2017,2018-01-30,9481,2017-12-30,0304,019286,,6,3,9,5400,0,3,5,,2,050,"SOUTH DOYLE STREET","EAST ROBY AVENUE",97.00,S,N,B,-,N,,,,,,,,,,Y,1,1,1,1,A,-,01,23152,A,N,F,A,A,A,H,-,C,D,0,,,,,Y,Y,D,22,1,0,0,0,0,0,0,0,0,"- ","- ",36.061320000000002,-118.96380000000001,TULARE,UNINCORPORATED,-118.96390554,36.061993899999997
90652571,2018,2018-01-31,9480,2018-01-25,1633,019048,,4,2,9,5400,0,3,5,,2,001,"AVENUE 424","ROAD 64",25.00,E,N,A,-,N,,,,,,,,,,N,4,0,1,2,A,-,03,22350,,N,C,C,A,A,H,-,A,A,0,,,,,Y,,D,22,0,0,1,0,0,0,0,0,0,"- ","- ",36.560691833496094,-119.43019104003906,TULARE,UNINCORPORATED,-119.43026733398438,36.560688018798828
90652862,2018,2018-02-01,9480,2018-01-20,0520,019543,,6,3,9,5400,0,3,5,,2,001,"ROAD 80","AVE  384",500.00,S,N,A,-,N,,,,,,,,,,Y,4,0,1,1,A,-,08,22107,,N,F,A,A,A,H,-,D,D,0,,,,,Y,,A,01,0,0,1,0,0,0,0,0,0,"- ","- ",36.485099792480469,-119.39450073242188,TULARE,UNINCORPORATED,-119.39460754394531,36.486522674560547
90654114,2017,2018-03-22,9480,2017-12-23,1156,020890,,6,1,9,5400,0,3,5,,2,003,"AVENUE 280","ROAD 52",839.00,E,N,A,-,N,,,,,,,,,,Y,1,1,1,1,A,-,08,22107,,N,E,I,A,A,H,-,A,D,0,,,,,Y,,A,01,0,1,0,0,0,0,0,0,0,"- ","- ",36.29766,-119.45399999999999,TULARE,UNINCORPORATED,-119.45381546,36.297772799999997
90655399,2018,2018-02-05,9480,2018-01-26,1628,017252,,5,2,9,5400,0,1,3,,1,021,"STATE ROUTE 63","AVENUE 368",32.00,S,N,A,-,Y,,,63,,,,,,,Y,2,0,2,2,A,-,03,22350,,N,C,C,A,A,H,-,A,D,0,,,,Y,Y,,D,22,1,0,1,0,0,0,0,0,0,"- ","- ",36.457710266113281,-119.29550170898438,TULARE,UNINCORPORATED,-119.29544830322266,36.457710266113281
9065776,2020,2020-11-04,5407,2020-05-17,0051,A331,480,7,5,5,5407,0,0,0,,0,M11,"W LARK CT","LINDSEY ST",60.00,W,N,A,-,N,,,,,,,,,,Y,2,0,1,1,A,-,01,23153,A,N,E,I,A,A,H,-,C,D,0,,,,,Y,Y,M,96,1,0,0,0,0,0,0,0,0,"- ","- ",36.355800628662109,-119.36480712890625,TULARE,VISALIA,-119.365302,36.355840999999998
90659934,2017,2018-02-12,9481,2017-08-30,1630,018707,,3,2,9,5400,0,2,4,,2,052,"RESERVATION ROAD (MTN. 137)","ROAD 296",2640.00,W,N,A,-,N,,,,,,,,,,Y,1,1,1,1,A,-,01,23152,A,N,E,I,A,A,D,-,A,A,0,,,,,Y,Y,A,01,0,1,0,0,0,0,0,0,0,"- ","- ",36.026020000000003,-118.91927,TULARE,UNINCORPORATED,-118.91915761999999,36.026206350000002
90661625,2018,2018-02-14,9480,2018-02-04,0830,016210,,7,1,9,5400,0,3,5,,2,001,"ROAD 56","AVENUE 416",45.00,N,N,A,-,N,,,,,,,,,,N,4,0,2,2,A,-,03,22350,,N,C,C,A,A,H,-,A,A,0,,,,,Y,,A,07,0,0,2,0,0,0,0,0,0,"- ","- ",36.546459197998047,-119.44862365722656,TULARE,UNINCORPORATED,-119.44863128662109,36.546600341796875
90661695,2018,2018-02-14,9480,2018-02-06,0535,016046,,2,3,9,5400,0,3,5,,2,003,"AVENUE 232","ROAD 68",0.00,,Y,A,-,N,,,,,,,,,,Y,3,0,2,2,A,-,12,22450,A,N,A,C,A,A,H,-,D,A,0,,,,,Y,,A,07,0,1,1,0,0,0,0,0,0,"- ","- ",36.210800170898438,-119.42105102539062,TULARE,UNINCORPORATED,-119.42111206054688,36.210819244384766
90666512,2018,2018-02-22,9481,2018-02-14,0225,019104,,3,3,9,5400,0,3,5,,2,020,"ROAD 276","AVENUE 176",100.00,N,N,A,-,N,,,,,,,,,,Y,2,0,1,1,A,-,01,23152,A,N,E,I,A,A,H,-,D,D,0,,,,,Y,Y,A,01,1,0,0,0,0,0,0,0,0,"- ","- ",36.112300872802734,-118.95562744140625,TULARE,UNINCORPORATED,-118.95553588867188,36.112522125244141
90669558,2018,2018-02-26,9481,2018-02-16,1610,018707,,5,2,9,5400,0,2,4,,1,035,"CHANEY DRIVE","RICHGROVE DRIVE",0.00,,Y,A,-,N,,,,,,,,,,Y,4,0,3,2,A,-,09,21802,A,N,D,C,A,A,H,-,A,A,0,,,,,Y,,A,07,0,0,3,0,0,0,0,0,0,"- ","- ",35.796531677246094,-119.11074066162109,TULARE,UNINCORPORATED,-119.11084747314453,35.796588897705078
90670483,2018,2018-02-27,9481,2018-02-19,2315,016995,,1,3,9,5400,0,3,5,,2,050,"SUCCESS VALLEY DRIVE","SUNSHINE DRIVE",2640.00,S,N,A,-,N,,,,,,,,,,Y,3,0,2,1,A,-,01,23152,A,N,E,I,A,A,H,-,D,D,0,,,,,Y,Y,A,08,0,2,0,0,0,0,0,0,0,"- ","- ",36.072669982910156,-118.88037109375,TULARE,UNINCORPORATED,-118.88035583496094,36.072727203369141
90670671,2018,2018-02-27,9481,2018-02-20,1800,018982,,2,2,9,5400,0,1,3,,1,012,"STATE ROUTE 65 (SR-65)","SPRUCE ROAD",800.00,N,N,A,-,Y,,,65,,,,,,,N,4,0,1,2,A,-,03,22350,,N,C,C,A,A,H,-,C,D,0,,,,,Y,,A,07,0,0,1,0,0,0,0,0,0,"- ","- ",36.210750579833984,-119.12095642089844,TULARE,UNINCORPORATED,-119.12095642089844,36.210784912109375
90673259,2018,2018-03-01,9480,2018-02-19,0530,013821,,1,3,4,5406,0,1,3,,2,093,"SR-99 N/B","TULARE AVENUE O/C",2000.00,S,N,A,-,Y,,,99,,,,,,N,Y,4,0,1,2,A,-,03,22350,,N,C,C,A,A,H,-,C,D,0,,,,Y,Y,,A,01,0,0,1,0,0,0,0,0,0,"- ","- ",36.204978942871094,-119.32836151123047,TULARE,TULARE,-119.32845306396484,36.204978942871094
90677711,2018,2018-03-08,9480,2018-02-27,1310,019789,,2,1,9,5400,0,1,3,,2,093,"SR-99 S/B","AVENUE 152",528.00,N,N,B,-,Y,,,99,,,,,,S,Y,3,0,1,2,A,-,03,22350,,N,C,C,A,B,H,-,A,D,0,,,,,Y,,D,22,0,1,0,0,0,0,0,0,0,"- ","- ",36.069728851318359,-119.31613922119141,TULARE,UNINCORPORATED,-119.31610107421875,36.069747924804688
90680024,2018,2018-03-12,9480,2018-03-10,1842,018861,,6,2,9,5400,0,3,5,,2,005,"SIERRA AVENUE","DOVE ROAD",107.00,W,N,B,C,N,,,,,,,,,,Y,3,0,2,2,A,-,01,23152,A,N,A,C,A,A,H,-,D,D,0,,,,,Y,Y,D,22,0,1,1,0,0,0,0,0,0,"- ","- ",35.891910552978516,-119.26950073242188,TULARE,UNINCORPORATED,-119.26947784423828,35.891880035400391
90680839,2018,2018-03-13,9480,2018-03-06,1420,021249,,2,2,9,5400,0,1,3,,2,093,"SR-99 N/B","AVENUE 152",4646.00,N,N,A,-,Y,,,99,,,,,,N,Y,4,0,1,1,A,-,08,22107,,N,B,I,A,A,H,-,A,D,0,,,,,Y,,A,08,0,0,1,0,0,0,0,0,0,"- ","- ",36.077991485595703,-119.31848907470703,TULARE,UNINCORPORATED,-119.3184814453125,36.077991485595703
90681995,2018,2018-03-14,9481,2018-03-09,0550,018742,,5,3,9,5400,0,1,3,,1,037,"STATE ROUTE 65 (SR-65)","AVENUE 95",60.00,N,N,A,-,Y,,,65,,,,,,,N,4,0,1,2,A,-,03,22350,,N,C,C,A,B,H,-,C,A,0,,,,,Y,,D,22,0,0,1,0,0,0,0,0,0,"- ","- ",35.962429046630859,-119.05364990234375,TULARE,UNINCORPORATED,-119.05364990234375,35.962429046630859
90682616,2018,2018-03-15,9480,2018-03-05,0145,019828,,1,3,9,5400,0,3,5,,2,006,"ROAD 204","AVENUE 262",528.00,N,N,A,-,N,,,,,,,,,,Y,4,0,2,1,A,-,08,22107,,N,E,I,A,A,H,-,D,D,0,,,,,Y,,A,01,0,0,2,0,0,0,0,0,0,"- ","- ",36.265480041503906,-119.11821746826172,TULARE,UNINCORPORATED,-119.11823272705078,36.2657470703125
90683591,2018,2018-03-16,9480,2018-03-06,1535,018861,,2,2,9,5400,0,1,3,,2,093,"SR-99 N/B","OLIVE STREET",1194.00,N,N,A,-,Y,,,99,,,,,,N,Y,3,0,3,2,A,-,03,22350,,N,C,C,A,A,H,-,A,D,0,,,,,Y,,A,01,0,2,1,0,0,0,0,0,0,"- ","- ",36.068870544433594,-119.31545257568359,TULARE,UNINCORPORATED,-119.31546020507812,36.068862915039062
90684442,2018,2018-03-19,9480,2018-03-10,1940,019349,,6,2,9,5400,0,3,5,,2,006,"ROAD 124","AVENUE 256",2037.00,N,N,C,-,N,,,,,,,,,,Y,4,0,2,1,A,-,08,22107,,N,E,I,A,B,H,-,C,D,0,,,,,Y,,D,22,0,0,2,0,0,0,0,0,0,"- ","- ",36.261539459228516,-119.29647064208984,TULARE,UNINCORPORATED,-119.29644775390625,36.261440277099609
90686892,2018,2018-03-21,9480,2018-03-12,0735,013643,,1,1,9,5400,0,3,5,,2,005,"E TERRA BELLA AVE","SOUTH ELM ST",0.00,,Y,A,-,N,,,,,,,,,,N,3,0,1,2,A,-,10,21950,A,N,G,B,B,A,H,-,A,A,0,Y,,,,Y,,A,01,0,1,0,0,1,0,0,0,0,"- ","- ",35.964340209960938,-119.28621673583984,TULARE,UNINCORPORATED,-119.28619992,35.964330019999998
90688918,2018,2018-03-23,9480,2018-03-21,0850,020612,,3,1,5,5407,0,1,3,,2,093,"SR-99 N/B TO SR-198 E/B","SR-198 E/B",900.00,S,N,B,C,Y,,,99,,,,R,,N,Y,4,0,1,1,A,-,03,22350,,N,F,A,A,B,H,-,A,A,0,,,,,Y,,D,22,0,0,1,0,0,0,0,0,0,"- ","- ",36.325141906738281,-119.40274810791016,TULARE,VISALIA,-119.40274810791016,36.325141906738281
90692791,2018,2018-03-29,9480,2018-03-07,0720,013656,,3,1,9,5400,0,3,5,,2,006,"AVENUE 224","ROAD 148",0.00,,Y,B,-,N,,,,,,,,,,Y,3,0,1,2,A,-,09,21802,A,F,D,C,A,A,H,-,A,A,0,,,,,Y,,D,22,0,1,0,0,0,0,0,0,0,"- ","- ",36.196441650390625,-119.24223327636719,TULARE,UNINCORPORATED,-119.24224853515625,36.196418762207031
9069305,2020,2020-09-22,5405,2020-05-01,1216,265,,5,5,4,5405,0,0,0,,0,003,"W OLIVE AV","RT 65",0.00,,Y,A,-,Y,TUL,6,65,-,R,19.300,R,4,N,Y,4,0,1,2,A,-,09,21801,A,N,D,C,A,A,H,-,A,A,0,,,,,Y,,-,,0,0,1,0,0,0,0,0,0,"- ",NO,,,TULARE,PORTERVILLE,-119.03926086425781,36.068027496337891
90693136,2018,2018-03-29,9480,2018-03-24,2250,019647,,6,3,9,5400,0,3,5,,2,003,"PAIGE AVE","ROAD 84",1584.00,W,N,A,-,N,,,,,,,,,,Y,3,0,1,1,A,-,01,23152,A,N,F,A,A,A,H,-,D,D,0,,,,,Y,Y,A,07,0,1,0,0,0,0,0,0,0,"- ","- ",36.18170166015625,-119.38619995117188,TULARE,UNINCORPORATED,-119.38941955566406,36.181743621826172
9069446,2020,2020-06-23,5407,2020-02-23,1123,C53,480,7,5,5,5407,0,0,0,,0,R12,"SOUTH LINWOOD ST","WEST TULARE AV",85.00,S,N,A,-,N,,,,,,,,,,Y,3,0,1,2,A,-,05,21650,,F,C,E,A,A,H,-,A,A,0,,,,,Y,,D,22,0,1,0,0,0,0,0,0,0,"- ","- ",36.318698883056641,-119.34055328369141,TULARE,VISALIA,-119.34069061279297,36.319805145263672
9069533,2020,2020-07-14,5407,2020-03-28,1321,C53,480,6,5,5,5407,0,0,0,,0,N25,"N GIDDINGS ST","W CENTER AV",0.00,,Y,A,B,N,,,,,,,,,,Y,3,0,1,2,A,-,12,21453,A,N,D,C,A,A,H,-,A,A,0,,,,,Y,,A,01,0,1,0,0,0,0,0,0,0,"- ","- ",36.330989837646484,-119.30548858642578,TULARE,VISALIA,-119.30548858642578,36.331001281738281
90695640,2018,2018-03-30,9480,2018-03-14,0310,019828,,3,3,9,5400,0,3,5,,2,002,"ROAD 144","AVENUE 408",65.00,S,N,B,C,N,,,,,,,,,,N,3,0,1,1,A,-,01,23152,A,N,E,I,A,B,H,-,D,D,0,,,,,Y,Y,A,07,0,1,0,0,0,0,0,0,0,"- ","- ",36.529758453369141,-119.25070190429688,TULARE,UNINCORPORATED,-119.25080108642578,36.529422760009766
90697590,2018,2018-04-03,9480,2018-03-25,2335,020890,,7,3,9,5400,0,1,3,,2,095,"STATE ROUTE 99 (NORTHBOUND)","COUNTY LINE ROAD (AVE 0)",4752.00,N,N,A,-,Y,,,99,,,,,,,Y,3,0,3,4,A,-,03,22350,,N,C,C,A,A,H,-,D,D,0,,,,,Y,,A,01,0,3,0,0,0,0,0,0,0,"- ","- ",35.803600311279297,-119.25537109375,TULARE,UNINCORPORATED,-119.25536346435547,35.803600311279297
90698376,2018,2018-04-04,9481,2018-03-05,0738,015218,,1,1,9,5400,0,3,5,,2,030,"AVENUE 88","ROAD 224",0.00,,Y,A,-,N,,,,,,,,,,Y,1,1,3,2,A,-,09,21802,A,N,D,C,A,A,H,-,A,A,0,,,,,Y,,A,01,0,2,1,0,0,0,0,0,0,"- ","- ",35.949668884277344,-119.07174682617188,TULARE,UNINCORPORATED,-119.07173919677734,35.949649810791016
90704636,2018,2018-04-12,9480,2018-04-07,2000,018657,,6,2,9,5400,0,3,5,,2,003,"ROAD 92","AVENUE 256",2112.00,S,N,A,-,Y,,,,,,,,,,Y,2,0,3,3,A,-,01,23152,A,N,A,C,A,A,H,-,D,D,0,,,,,Y,Y,D,22,1,1,1,0,0,0,0,0,0,"- ","- ",36.247650146484375,-119.36685943603516,TULARE,UNINCORPORATED,-119.00021362304688,35.95697021484375
90704651,2018,2018-04-12,9480,2018-04-07,0010,017291,,6,3,9,5400,0,1,3,,1,030,"STATE ROUTE 137","ROAD 36",2.00,S,N,A,-,Y,,,137,,,,,,,Y,4,0,1,1,A,-,03,22350,,N,F,A,A,A,H,-,D,A,0,,,,,Y,,A,01,0,0,1,0,0,0,0,0,0,"- ","- ",36.150718688964844,-119.492919921875,TULARE,UNINCORPORATED,-119.49303436279297,36.150718688964844
90706038,2018,2018-04-16,9480,2018-04-08,0015,018521,,7,3,9,5400,0,3,5,,2,002,"RIGGIN AVENUE","SHIRK ROAD",323.00,W,N,A,-,N,,,,,,,,,,Y,3,0,4,3,A,-,01,23152,A,N,B,C,A,A,H,-,C,A,0,,,,,Y,Y,A,01,0,2,2,0,0,0,0,0,0,"- ","- ",36.356468200683594,-119.36788940429688,TULARE,UNINCORPORATED,-119.36893463134766,36.356472015380859
90707239,2018,2018-04-18,9481,2018-04-12,1220,018595,,4,1,9,5400,0,2,4,,1,051,"ROAD 236 (ORANGE BELT DRIVE)","AVENUE 104",2640.00,N,N,A,-,N,,,,,,,,,,Y,4,0,1,2,A,-,09,21801,A,N,D,C,A,A,H,-,A,D,0,,,,,Y,,A,01,0,0,1,0,0,0,0,0,0,"- ","- ",35.984260559082031,-119.04666137695312,TULARE,UNINCORPORATED,-119.04665374755859,35.984264373779297
90709129,2018,2018-04-19,9480,2018-04-12,0758,020612,,4,1,9,5400,0,1,3,,2,095,"STATE ROUTE 99 NORTHBOUND","COUNTY LINE ROAD (AVE 0)",10.00,N,N,A,-,Y,,,99,,,,,,N,Y,4,0,1,2,A,-,07,21658,A,N,B,C,A,A,H,-,A,D,0,,,,Y,Y,,F,26,0,0,1,0,0,0,0,0,0,"- ","- ",35.790489196777344,-119.25074005126953,TULARE,UNINCORPORATED,-119.25072479248047,35.790500640869141
90709617,2018,2018-04-20,9480,2018-04-09,0353,020890,,1,3,9,5400,0,1,3,,2,093,"STATE ROUTE 99 (SOUTHBOUND)","AVENUE 152",3696.00,N,N,A,-,Y,,,99,,,,,,,Y,4,0,1,2,A,-,01,23152,G,N,C,C,A,A,H,-,D,D,0,,,,Y,Y,,D,22,0,0,1,0,0,0,0,0,0,"- ","- ",36.075748443603516,-119.31816864013672,TULARE,UNINCORPORATED,-119.31818389892578,36.07574462890625
90710886,2018,2018-04-23,9480,2018-04-12,0554,015282,,4,3,9,5400,0,3,5,,2,002,"ROAD 120","AVENUE 432",0.00,,Y,B,-,N,,,,,,,,,,Y,2,0,3,3,A,-,09,21801,A,N,D,C,A,B,H,-,B,A,0,,,,,Y,,A,08,2,0,1,0,0,0,0,0,0,"- ","- ",36.57379150390625,-119.30522918701172,TULARE,UNINCORPORATED,-119.30515289306641,36.573719024658203
90711363,2018,2018-04-23,9480,2018-04-18,1615,015290,,3,2,9,5400,0,3,5,,2,006,"AVENUE 296","DRIVE 180",300.00,E,N,B,-,N,,,,,,,,,,N,3,0,1,1,A,-,08,22107,,N,E,I,A,A,H,-,A,D,0,,,Y,,Y,,C,02,0,1,0,0,0,0,0,0,1,"- ","- ",36.326240539550781,-119.16739654541016,TULARE,UNINCORPORATED,-119.16740417480469,36.326206207275391
90711877,2018,2018-04-24,9481,2018-04-14,2105,021234,,6,2,9,5400,0,3,5,,2,050,"PLEASANT OAK DRIVE","TULE OAK DRIVE",110.00,W,N,A,-,N,,,,,,,,,,Y,4,0,1,1,A,-,08,22107,,N,E,I,A,A,H,-,D,D,0,,,,,Y,,A,01,0,0,1,0,0,0,0,0,0,"- ","- ",36.093151092529297,-118.834228515625,TULARE,UNINCORPORATED,-118.83447265625,36.093105316162109
90711896,2018,2018-04-24,9480,2018-04-10,1550,016723,,2,2,9,5400,0,1,3,,1,040,"STATE ROUTE 216 (ROAD 160)","AVENUE 320",0.00,,N,A,-,Y,,,216,,,,,,,Y,2,0,1,2,A,-,08,22107,,N,C,E,A,A,H,-,A,D,0,,,,,Y,,A,07,1,0,0,0,0,0,0,0,0,"- ","- ",36.368671417236328,-119.21560668945312,TULARE,UNINCORPORATED,-119.21574401855469,36.368675231933594
9071272,2020,2020-11-09,5405,2020-06-16,2050,216,,2,5,4,5405,0,0,0,,0,,"RT 190","JAYE ST",30.00,W,N,A,-,Y,TUL,6,190,-,-,15.950,I,5,W,N,3,0,1,2,A,-,12,21453,A,N,D,C,A,A,H,-,C,A,0,,,,,Y,,-,,0,1,0,0,0,0,0,0,0,"- ","- ",,,TULARE,PORTERVILLE,-119.02625274658203,36.051593780517578
90713009,2018,2018-04-25,9480,2018-04-23,1655,021249,,1,2,9,5400,0,1,3,,2,095,"SR-99 S/B","AVENUE 120",4224.00,S,N,A,-,Y,,,,,,,,,,Y,4,0,2,1,A,-,08,22107,,N,E,I,A,A,H,-,A,D,0,,,,,Y,,A,07,0,0,2,0,0,0,0,0,0,"- ","- ",35.594589233398438,-119.18036651611328,TULARE,UNINCORPORATED,,
90713169,2018,2018-04-25,9480,2018-04-17,0840,013656,,2,1,5,5407,0,1,3,,1,064,"SR-198 E/B","DEMAREE RD",250.00,W,N,A,-,Y,,,198,,,,,,E,N,4,0,1,2,A,-,03,22350,,M,C,C,A,A,H,-,A,D,0,,,,,Y,,A,01,0,0,1,0,0,0,0,0,0,"- ","- ",36.327098846435547,-119.33267211914062,TULARE,VISALIA,-119.33266448974609,36.327201843261719
90715491,2018,2018-04-27,9480,2018-04-23,0640,013643,,1,1,9,5400,0,3,5,,2,005,"S SCHOOL STREET","SARAH AVENUE",0.00,,Y,A,-,N,,,,,,,,,,N,4,0,1,2,A,-,10,21950,A,N,G,B,D,A,H,-,A,D,0,Y,,,,Y,,A,07,0,0,1,0,1,0,0,0,0,"- ","- ",35.970630645751953,-119.28172302246094,TULARE,UNINCORPORATED,-119.28175354003906,35.969741821289062
90716168,2018,2018-04-30,9480,2018-04-21,1515,019349,,6,2,9,5400,0,1,3,,2,093,"STATE ROUTE 99 N/B","DRIVE 92B",1696.00,S,N,A,-,Y,,,99,,,,,,N,Y,4,0,1,1,A,-,08,22107,,N,E,I,A,A,H,-,A,D,0,,,,,Y,,D,22,0,0,1,0,0,0,0,0,0,"- ","- ",36.262699127197266,-119.36161804199219,TULARE,UNINCORPORATED,-119.36161804199219,36.262702941894531
90717325,2018,2018-05-01,9480,2018-04-22,0300,015290,,7,3,9,5400,0,3,5,,2,006,"SPRUCE ROAD","AVENUE 237",114.00,S,N,A,-,N,,,,,,,,,,Y,4,0,1,1,A,-,08,22107,,M,E,I,A,A,H,-,D,D,0,,,,,Y,,A,01,0,0,1,0,0,0,0,0,0,"- ","- ",36.21942138671875,-119.11837005615234,TULARE,UNINCORPORATED,-119.11841583251953,36.219337463378906
90717355,2018,2018-05-01,9481,2018-04-27,1603,016776,,5,2,9,5400,0,3,5,,2,010,"ROAD 204","AVENUE 228",0.00,,Y,A,-,N,,,,,,,,,,Y,3,0,2,3,A,-,09,21802,A,N,A,C,A,A,H,-,A,A,0,,,,,Y,,A,01,0,1,1,0,0,0,0,0,0,"- ","- ",36.203460693359375,-119.11741638183594,TULARE,UNINCORPORATED,-119.06310272216797,36.160060882568359
90717807,2018,2018-05-01,9481,2018-04-25,0650,016065,,3,1,9,5400,0,3,5,,2,050,"TEAPOT DOME AVENUE","S. HILLCREST STREET",6.00,E,N,A,-,N,,,,,,,,,,Y,3,0,1,2,A,-,09,21802,A,N,D,C,A,A,H,-,A,A,0,,,,,Y,,D,22,0,1,0,0,0,0,0,0,0,"- ","- ",36.022228240966797,-118.99146270751953,TULARE,UNINCORPORATED,-118.99112701416016,36.022281646728516
90718695,2018,2018-05-02,9481,2018-05-01,0400,019154,,2,3,9,5400,0,3,5,,2,010,"ROAD 196","AVENUE 196",130.00,N,N,A,-,N,,,,,,,,,,N,4,0,1,2,A,-,05,21650,,N,B,C,A,A,H,-,D,D,0,,,,,Y,,-,"- ",0,0,1,0,0,0,0,0,0,"- ","- ",36.145988464355469,-119.13435363769531,TULARE,UNINCORPORATED,-119.13433837890625,36.145915985107422
90719003,2018,2018-05-03,9480,2018-04-27,1520,019048,,5,2,9,5400,0,1,3,,1,064,"SR-198 W/B","SR-99 N/B",528.00,E,N,A,-,Y,,,198,,,,,,W,Y,4,0,2,1,A,-,08,22107,,N,F,A,A,A,H,-,A,D,0,,,,,Y,,A,01,0,0,2,0,0,0,0,0,0,"- ","- ",36.32733154296875,-119.40200042724609,TULARE,UNINCORPORATED,-119.40199279785156,36.327365875244141
90728599,2018,2018-05-17,9481,2018-05-08,0720,017894,,2,1,9,5400,0,2,4,,1,011,"ROAD 208","AVENUE 192",0.00,,Y,A,-,N,,,,,,,,,,Y,4,0,1,2,A,-,09,21802,A,N,D,C,A,A,H,-,A,A,0,,,,,Y,,D,22,0,0,1,0,0,0,0,0,0,"- ","- ",36.138278961181641,-119.10755157470703,TULARE,UNINCORPORATED,-119.10753631591797,36.138301849365234