CASE_ID,ACCIDENT_YEAR,PROC_DATE,JURIS,COLLISION_DATE,COLLISION_TIME,OFFICER_ID,REPORTING_DISTRICT,DAY_OF_WEEK,CHP_SHIFT,POPULATION,CNTY_CITY_LOC,SPECIAL_COND,BEAT_TYPE,CHP_BEAT_TYPE,CITY_DIVISION_LAPD,CHP_BEAT_CLASS,BEAT_NUMBER,PRIMARY_RD,SECONDARY_RD,DISTANCE,DIRECTION,INTERSECTION,WEATHER_1,WEATHER_2,STATE_HWY_IND,CALTRANS_COUNTY,CALTRANS_DISTRICT,STATE_ROUTE,ROUTE_SUFFIX,POSTMILE_PREFIX,POSTMILE,LOCATION_TYPE,RAMP_INTERSECTION,SIDE_OF_HWY,TOW_AWAY,COLLISION_SEVERITY,NUMBER_KILLED,NUMBER_INJURED,PARTY_COUNT,PRIMARY_COLL_FACTOR,PCF_CODE_OF_VIOL,PCF_VIOL_CATEGORY,PCF_VIOLATION,PCF_VIOL_SUBSECTION,HIT_AND_RUN,TYPE_OF_COLLISION,MVIW,PED_ACTION,ROAD_SURFACE,ROAD_COND_1,ROAD_COND_2,LIGHTING,CONTROL_DEVICE,CHP_ROAD_TYPE,PEDESTRIAN_ACCIDENT,BICYCLE_ACCIDENT,MOTORCYCLE_ACCIDENT,TRUCK_ACCIDENT,NOT_PRIVATE_PROPERTY,ALCOHOL_INVOLVED,STWD_VEHTYPE_AT_FAULT,CHP_VEHTYPE_AT_FAULT,COUNT_SEVERE_INJ,COUNT_VISIBLE_INJ,COUNT_COMPLAINT_PAIN,COUNT_PED_KILLED,COUNT_PED_INJURED,COUNT_BICYCLIST_KILLED,COUNT_BICYCLIST_INJURED,COUNT_MC_KILLED,COUNT_MC_INJURED,PRIMARY_RAMP,SECONDARY_RAMP,LATITUDE,LONGITUDE,COUNTY,CITY,POINT_X,POINT_Y
90729326,2018,2018-05-18,9480,2018-05-15,1320,015047,,2,1,9,5400,0,1,3,,1,021,"RT 63","AVENUE 326",91.00,N,N,A,-,Y,,,63,,,,,,,Y,2,0,1,2,A,-,08,22107,,N,D,C,A,A,H,-,A,D,0,,,Y,,Y,,D,22,1,0,0,0,0,0,0,0,1,"- ","- ",36.381980895996094,-119.29670715332031,TULARE,UNINCORPORATED,-119.29686737060547,36.381980895996094
90730803,2018,2018-05-21,9480,2018-05-20,1610,017778,,7,2,9,5400,0,1,3,,1,021,"STATE ROUTE 63 (ROAD 128)","PRIMERO DRIVE",528.00,S,N,A,-,Y,,,63,,,,,,,Y,2,0,1,2,A,-,05,21650,,N,D,C,A,A,H,-,A,A,0,,,Y,Y,Y,,C,02,1,0,0,0,0,0,0,0,1,"- ","- ",36.598659515380859,-119.28597259521484,TULARE,UNINCORPORATED,-119.28604888916016,36.598697662353516
90731580,2018,2018-05-23,9480,2018-05-15,0540,015290,,2,3,9,5400,0,3,5,,2,003,"AVENUE 232","ROAD 68",0.00,,Y,A,-,N,,,,,,,,,,Y,3,0,1,2,A,-,09,21802,A,N,D,C,A,A,H,-,B,A,0,,,,Y,Y,,G,25,0,1,0,0,0,0,0,0,0,"- ","- ",36.210758209228516,-119.42073822021484,TULARE,UNINCORPORATED,-119.42111206054688,36.210819244384766
90736746,2018,2018-05-29,9481,2018-05-23,1550,015218,,3,2,9,5400,0,3,5,,2,020,"AVENUE 176","ROAD 276",11616.00,E,N,A,-,N,,,,,,,,,,Y,4,0,1,1,A,-,08,22107,,N,F,A,A,A,H,-,A,D,0,,,,,Y,,A,01,0,0,1,0,0,0,0,0,0,"- ","- ",36.110988616943359,-118.91464996337891,TULARE,UNINCORPORATED,-118.95482635498047,36.109241485595703
90738096,2018,2018-05-31,9480,2018-05-19,1130,015282,,6,1,9,5400,0,3,5,,2,006,"ROAD 204 (SPRUCE ROAD)","AVENUE 237 (BIRCH AVE)",830.00,S,N,A,-,N,,,,,,,,,,Y,3,0,1,1,A,-,08,22107,,N,B,I,A,A,H,-,A,D,0,,,,,Y,,D,22,0,1,0,0,0,0,0,0,0,"- ","- ",36.218578338623047,-119.11846923828125,TULARE,UNINCORPORATED,-119.11830139160156,36.217327117919922
90738341,2018,2018-05-31,9480,2018-05-24,0540,015290,,4,3,9,5400,0,3,5,,2,003,"ROAD 68","AVENUE 240",0.00,,Y,A,-,N,,,,,,,,,,Y,4,0,2,2,A,-,09,21802,A,N,D,C,A,A,H,-,B,A,0,,,,,Y,,A,01,0,0,2,0,0,0,0,0,0,"- ","- ",36.225788116455078,-119.42108154296875,TULARE,UNINCORPORATED,-119.42102813720703,36.225399017333984
90741301,2018,2018-06-05,9480,2018-05-29,2035,017778,,2,2,9,5400,0,3,5,,2,002,"AVENUE 416","ROAD 124",15.00,E,N,A,-,N,,,,,,,,,,Y,4,0,1,2,A,-,08,22107,,F,A,C,A,A,H,-,B,D,0,,,,,Y,,D,22,0,0,1,0,0,0,0,0,0,"- ","- ",36.544929504394531,-119.2958984375,TULARE,UNINCORPORATED,-119.29587554931641,36.544868469238281
90742043,2018,2018-06-06,9480,2018-06-02,1545,013914,,6,2,9,5400,0,1,3,,1,063,"STATE ROUTE 63 (MOONEY BLVD.)","AVENUE 256",0.00,,Y,A,-,Y,,,63,,,,,,,Y,4,0,3,2,A,-,03,22350,,N,C,C,A,A,H,-,A,A,0,,,,,Y,,D,22,0,0,3,0,0,0,0,0,0,"- ","- ",36.255050659179688,-119.313232421875,TULARE,UNINCORPORATED,-119.31324005126953,36.255050659179688
90742661,2018,2018-06-06,9480,2018-05-28,0855,013656,,1,1,9,5400,0,3,5,,2,004,"ROAD 168","AVENUE 315",217.00,N,N,A,-,N,,,,,,,,,,Y,4,0,2,1,A,-,08,22107,,N,E,I,A,A,H,-,A,D,0,,,,,Y,,A,01,0,0,2,0,0,0,0,0,0,"- ","- ",36.361808776855469,-119.19767761230469,TULARE,UNINCORPORATED,-119.19764709472656,36.361984252929688
90745661,2018,2018-06-11,9480,2018-06-01,1420,019697,,5,2,9,5400,0,3,5,,2,005,"S. MAIN ST.","ELLSWORTH AVE",100.00,N,N,A,-,N,,,,,,,,,,Y,4,0,1,2,A,-,21,22106,,N,C,C,A,A,H,-,A,D,0,,,,,Y,,D,22,0,0,1,0,0,0,0,0,0,"- ","- ",35.969699859619141,-119.29355621337891,TULARE,UNINCORPORATED,-119.29355621337891,35.969638824462891
90745719,2018,2018-06-11,9480,2018-06-02,1649,019048,,6,2,9,5400,0,1,3,,1,021,SR-63,"RAILROAD DR",50.00,N,N,A,-,Y,,,63,,,,,,,N,4,0,1,2,A,-,09,21801,A,N,A,C,A,A,H,-,A,D,0,,,,,Y,,A,08,0,0,1,0,0,0,0,0,0,"- ","- ",36.522258758544922,-119.28600311279297,TULARE,UNINCORPORATED,-119.28675079345703,36.522232055664062
90746354,2018,2018-06-12,9835,2018-06-09,2345,021186,,6,3,9,5400,0,1,S,,2,006,"ROAD 168",SR-137,8.00,N,N,A,-,Y,,,,,,,,,,Y,4,0,1,2,A,-,01,23152,A,N,C,C,A,A,H,-,D,A,0,,,,,Y,Y,A,01,0,0,1,0,0,0,0,0,0,"- ","- ",36.210651397705078,-119.19882965087891,TULARE,UNINCORPORATED,-119.19882965087891,36.210762023925781
90746654,2018,2018-06-12,9480,2018-06-05,0730,012251,,2,1,9,5400,0,3,5,,2,006,"S SANTA FE STREET N/B","CAMERON CREEK",49.00,S,N,A,-,N,,,,,,,,,,Y,3,0,2,2,A,-,03,22350,,N,C,C,A,A,H,-,A,D,0,,,,,Y,,A,08,0,2,0,0,0,0,0,0,0,"- ","- ",36.289058685302734,-119.28755187988281,TULARE,UNINCORPORATED,-119.28755187988281,36.289058685302734
90748924,2018,2018-06-15,9480,2018-06-06,2030,019048,,3,2,9,5400,0,3,5,,2,004,"AVENUE 304","ROAD 180",2640.00,W,N,A,-,N,,,,,,,,,,Y,4,0,1,1,A,-,08,22107,,N,E,I,A,A,H,-,A,D,0,,,,,Y,,A,01,0,0,1,0,0,0,0,0,0,"- ","- ",36.341350555419922,-119.18016815185547,TULARE,UNINCORPORATED,-119.18001556396484,36.341274261474609
90750220,2018,2018-06-18,9481,2018-06-13,0600,018707,,3,1,9,5400,0,3,5,,2,030,"ROAD 208","AVENUE 96",0.00,,Y,A,-,N,,,,,,,,,,Y,4,0,2,2,A,-,12,22450,A,N,D,C,A,A,H,-,A,A,0,,,,,Y,,A,08,0,0,2,0,0,0,0,0,0,"- ","- ",35.964321136474609,-119.10742950439453,TULARE,UNINCORPORATED,-119.107421875,35.964290618896484
90750471,2018,2018-08-20,9480,2018-06-08,1725,019048,,5,2,5,5407,0,1,3,,1,064,"SR-198 W/B","MOONEY BLVD",2640.00,E,N,A,-,Y,,,198,,,,,,W,Y,3,0,1,2,A,-,03,22350,,N,C,C,A,A,H,-,A,D,0,,,,,Y,,A,01,0,1,0,0,0,0,0,0,0,"- ","- ",36.327030181884766,-119.30381774902344,TULARE,VISALIA,-119.30381774902344,36.326942443847656
90751284,2018,2018-06-19,9480,2018-06-10,2112,014628,,7,2,9,5400,0,1,3,,2,093,"SR-99 S/B","AVE. 152",6706.00,N,N,A,-,Y,,,99,,,,,,S,Y,4,0,2,3,A,-,03,22350,,N,C,C,A,A,H,-,D,D,0,,,,Y,Y,,A,01,0,0,2,0,0,0,0,0,0,"- ","- ",36.08380126953125,-119.31996154785156,TULARE,UNINCORPORATED,-119.32001495361328,36.083786010742188
90751966,2018,2018-06-20,9480,2018-06-12,1425,017108,,2,2,9,5400,0,3,5,,2,006,"ROAD 204 (SPRUCE ROAD)","AVENUE 264",89.00,N,N,A,-,N,,,,,,,,,,Y,2,0,2,2,A,-,05,21460,A,N,A,C,A,A,H,-,A,D,0,,,,Y,Y,,A,01,1,0,1,0,0,0,0,0,0,"- ","- ",36.268199920654297,-119.11820983886719,TULARE,UNINCORPORATED,-119.11818695068359,36.268154144287109
90752351,2018,2018-06-20,9480,2018-06-14,1922,018204,,4,2,9,5400,0,3,5,,2,003,"ROAD 68","AVENUE 280",125.00,S,N,A,-,N,,,,,,,,,,Y,4,0,1,1,A,-,01,23152,A,N,E,I,A,A,H,-,A,A,0,,,,,Y,Y,A,01,0,0,1,0,0,0,0,0,0,"- ","- ",36.327201843261719,-119.42140197753906,TULARE,UNINCORPORATED,-119.42128753662109,36.297565460205078
90753704,2018,2018-08-13,9480,2018-06-14,2145,016145,,4,2,9,5400,0,3,5,,2,004,"AVE 328","RD 159",105.00,E,N,A,-,N,,,,,,,,,,N,1,1,0,2,A,-,11,21954,A,F,G,B,D,A,H,-,C,D,0,Y,,,,Y,,N,60,0,0,0,1,0,0,0,0,0,"- ","- ",36.385021209716797,-119.21666717529297,TULARE,UNINCORPORATED,-119.21770477294922,36.385059356689453
90753810,2018,2018-06-22,9481,2018-06-15,0455,016995,,5,3,9,5400,0,3,5,,2,010,"AVE 160","ROAD 192",0.00,,Y,A,-,N,,,,,,,,,,Y,4,0,3,2,A,-,12,22450,A,N,D,C,A,A,H,-,A,A,0,,,,,Y,,D,22,0,0,3,0,0,0,0,0,0,"- ","- ",36.080360412597656,-119.14311218261719,TULARE,UNINCORPORATED,-119.14314270019531,36.080348968505859
90753814,2018,2018-06-22,9480,2018-06-15,0021,020252,,5,3,9,5400,0,2,S,,2,904,"ROAD 204","AVENUE 252",1188.00,S,N,A,-,N,,,,,,,,,,Y,4,0,1,2,A,-,01,23152,A,N,B,C,A,A,H,-,D,D,0,,,,,Y,Y,A,01,0,0,1,0,0,0,0,0,0,"- ","- ",36.242969512939453,-119.11846923828125,TULARE,UNINCORPORATED,-119.11844635009766,36.242870330810547
90753919,2018,2018-06-22,9480,2018-06-15,1405,019111,,5,2,5,5407,0,1,3,,1,064,"SR-198 (W/B)","LOVERS LANE",22.00,W,N,A,-,Y,,,,,,,,,,Y,3,0,1,1,A,-,08,22107,,N,E,I,A,A,H,-,A,D,0,,,,,Y,,A,01,0,1,0,0,0,0,0,0,0,"- ","- ",36.322761535644531,-119.26091003417969,TULARE,VISALIA,-119.26091766357422,36.327640533447266
90754709,2018,2018-06-25,9481,2018-06-15,1830,020252,,5,2,9,5400,0,3,5,,2,030,"AMES DRIVE","COUNTY LINE ROAD",0.00,,Y,A,-,N,,,,,,,,,,Y,3,0,1,2,A,-,09,21800,B,N,A,C,A,A,H,-,A,D,0,,,,,Y,,D,22,0,1,0,0,0,0,0,0,0,"- ","- ",35.790878295898438,-119.10244750976562,TULARE,UNINCORPORATED,-119.10262298583984,35.790748596191406
90754710,2018,2018-06-25,9480,2018-06-17,1335,019697,,7,1,9,5400,0,1,3,,1,060,SR-137,"ROAD 152",2640.00,E,N,A,-,Y,,,137,,,,,,,N,3,0,1,1,C,-,18,,,N,E,H,A,A,H,-,A,D,0,,,Y,,Y,,-,"- ",0,1,0,0,0,0,0,0,1,"- ","- ",36.210868835449219,-119.22168731689453,TULARE,UNINCORPORATED,-119.22168731689453,36.210849761962891
90758107,2018,2018-06-28,9481,2018-06-15,0215,019149,,5,3,9,5400,0,3,5,,2,030,"AVENUE 56","ROAD 240",528.00,W,N,A,-,N,,,,,,,,,,Y,3,0,1,1,A,-,08,22107,,M,E,I,A,A,H,-,D,D,0,,,,,Y,,A,01,0,1,0,0,0,0,0,0,0,"- ","- ",35.891761779785156,-119.03820037841797,TULARE,UNINCORPORATED,-119.03765869140625,35.891654968261719
90759576,2018,2018-06-29,9480,2018-06-21,0755,016723,,4,1,9,5400,0,3,5,,2,003,"DRIVE 92B","SR-99 (SOUTHBOUND)",0.00,,Y,A,-,N,,,,,,,,,,Y,3,0,1,2,A,-,03,22350,,N,C,C,A,A,H,-,A,D,0,,,,,Y,,E,22,0,1,0,0,0,0,0,0,0,"- ","- ",36.266399383544922,-119.36419677734375,TULARE,UNINCORPORATED,-119.36396789550781,36.26654052734375
90762599,2018,2018-08-15,9480,2018-06-27,1910,019349,,3,2,9,5400,0,3,5,,2,004,"AVENUE 328","ROAD 156",0.00,,Y,A,-,N,,,,,,,,,,Y,3,0,2,2,A,-,09,21801,A,N,A,C,A,A,H,-,A,A,0,,,,,Y,,A,01,0,1,1,0,0,0,0,0,0,"- ","- ",36.385639190673828,-119.22476959228516,TULARE,UNINCORPORATED,-119.22490692138672,36.385169982910156
90769019,2018,2018-07-13,9480,2018-07-08,0320,019828,,7,3,9,5400,0,1,3,,2,093,"SR-99 N/B","AVENUE 152",2640.00,N,N,A,-,Y,,,99,,,,,,N,N,3,0,1,1,A,-,08,22107,,N,F,A,A,A,H,-,D,D,0,,,Y,,Y,,C,02,0,1,0,0,0,0,0,0,1,"- ","- ",36.071918487548828,-119.31675720214844,TULARE,UNINCORPORATED,-119.31684875488281,36.071880340576172
90770224,2018,2018-07-16,9480,2018-07-11,0730,015047,,3,1,9,5400,0,1,3,,1,025,"SR 245 (MILLWOOD DR.)","BOYD DRIVE",2373.00,N,N,A,-,Y,,,245,,,,,,,Y,2,0,1,1,A,-,17,21662,A,N,E,I,A,A,H,-,A,D,0,,,Y,,Y,,C,02,1,0,0,0,0,0,0,0,1,"- ","- ",36.569431304931641,-119.12579345703125,TULARE,UNINCORPORATED,-119.12586975097656,36.569438934326172
90771056,2018,2018-07-17,9481,2018-07-16,1755,018707,,1,2,9,5400,0,1,3,,1,053,"STATE ROUTE 190","ROAD 284",6336.00,W,N,A,-,Y,,,190,,,,,,,Y,4,0,1,1,C,-,18,,,N,E,I,A,A,H,-,A,D,0,,,,,Y,,-,"- ",0,0,1,0,0,0,0,0,0,"- ","- ",36.046199798583984,-118.95887756347656,TULARE,UNINCORPORATED,-118.95889282226562,36.046165466308594
90775605,2018,2018-07-24,9481,2018-07-21,0710,016776,,6,1,9,5400,0,2,4,,1,031,"AVENUE 152","ROAD 168",400.00,E,N,A,-,N,,,,,,,,,,Y,4,0,1,1,A,-,08,22107,,N,E,I,A,A,H,-,A,D,0,,,,,Y,,D,22,0,0,1,0,0,0,0,0,0,"- ","- ",36.065811157226562,-119.19506072998047,TULARE,UNINCORPORATED,-119.19538879394531,36.065711975097656
90775813,2018,2018-07-24,9480,2018-07-13,1220,013643,,5,1,9,5400,0,1,3,,2,095,"SR-99 N/B","AVE 48",5280.00,S,N,A,-,Y,,,99,,,,,,N,N,4,0,1,2,A,-,17,23114,A,N,H,C,A,A,H,-,A,D,0,,,,Y,Y,,F,26,0,0,1,0,0,0,0,0,0,"- ","- ",35.857410430908203,-119.267822265625,TULARE,UNINCORPORATED,-119.26782989501953,35.857406616210938
90776065,2018,2018-07-25,9480,2018-07-15,2140,019186,,7,2,9,5400,0,1,3,,1,021,SR-63,"AVENUE 336",1320.00,N,N,A,-,Y,,,63,,,,,,,Y,4,0,4,1,C,-,18,,,N,E,H,A,A,H,-,D,D,0,,,,,Y,,-,"- ",0,0,4,0,0,0,0,0,0,"- ","- ",36.403461456298828,-119.29615783691406,TULARE,UNINCORPORATED,-119.2962646484375,36.403461456298828
90777037,2018,2018-07-26,9480,2018-07-20,1658,021249,,5,2,9,5400,0,1,3,,2,093,"SR-99 N/B","AVENUE 280",2640.00,S,N,A,-,Y,,,,,,,,,,N,4,0,1,1,C,-,18,,,N,E,J,A,A,H,-,A,D,0,,,,,Y,,-,"- ",0,0,1,0,0,0,0,0,0,"- ","- ",36.296718597412109,-119.38262176513672,TULARE,UNINCORPORATED,-119.38093566894531,36.291511535644531
90779047,2018,2018-07-27,9480,2018-07-24,0548,012251,,2,3,9,5400,0,3,5,,2,006,"ROCKY HILL DR","ROAD 204",0.00,,Y,A,-,N,,,,,,,,,,Y,3,0,2,2,A,-,01,23152,A,N,D,C,A,A,H,-,A,A,0,,,,,Y,Y,A,01,0,2,0,0,0,0,0,0,0,"- ","- ",36.296878814697266,-119.11756134033203,TULARE,UNINCORPORATED,-119.11753845214844,36.296890258789062
90779184,2018,2018-07-27,9481,2018-07-25,1145,016776,,3,1,9,5400,0,2,4,,2,013,"ROAD 192","AVENUE 152",1000.00,N,N,A,-,N,,,,,,,,,,N,4,0,1,3,A,-,03,22350,,N,B,E,E,A,H,-,A,D,0,Y,,,,Y,,A,01,0,0,1,0,1,0,0,0,0,"- ","- ",36.067649841308594,-119.14324188232422,TULARE,UNINCORPORATED,-119.14315795898438,36.068614959716797
90783055,2018,2018-08-02,9480,2018-07-29,0930,015290,,7,1,9,5400,0,1,3,,1,021,"STATE ROUTE 63","RAILROAD DR",0.00,,Y,A,-,Y,,,63,,,,,,,Y,3,0,2,2,A,-,09,21804,A,N,D,C,A,A,H,-,A,D,0,,,,,Y,,A,01,0,2,0,0,0,0,0,0,0,"- ","- ",36.522228240966797,-119.28678131103516,TULARE,UNINCORPORATED,-119.28675079345703,36.522232055664062
90783760,2018,2018-08-03,9481,2018-07-30,1120,016065,,1,1,9,5400,0,1,3,,1,053,"STATE ROUTE 190","ROAD 284",7392.00,W,N,A,-,Y,,,190,,,,,,,N,3,0,1,2,A,-,08,22107,,N,B,C,A,A,H,-,A,D,0,,,,,Y,,A,01,0,1,0,0,0,0,0,0,0,"- ","- ",36.047748565673828,-118.96224212646484,TULARE,UNINCORPORATED,-118.96222686767578,36.047779083251953
9078415,2020,2020-10-02,5407,2020-03-03,2309,A336,480,2,5,5,5407,0,0,0,,0,,"RT 63","AVE 164",351.00,N,N,A,-,Y,TUL,6,63,-,-,4.080,H,-,S,Y,2,0,3,2,A,-,01,23153,A,N,C,C,A,A,H,-,C,A,0,,,,,Y,Y,A,01,3,0,0,0,0,0,0,0,0,"- ","- ",36.269439697265625,-119.31329345703125,TULARE,VISALIA,-119.31340026855469,36.270439147949219
90786530,2018,2018-08-08,9480,2018-07-29,2125,019186,,7,2,9,5400,0,3,5,,2,005,"STATE ST","CLAY AVE",10.00,N,N,A,-,N,,,,,,,,,,N,2,0,1,2,A,-,11,21950,B,N,G,B,D,A,H,-,C,D,0,Y,,,,Y,,N,60,1,0,0,0,1,0,0,0,0,"- ","- ",35.883209228515625,-119.27075958251953,TULARE,UNINCORPORATED,-119.27077484130859,35.883098602294922
90789104,2018,2018-08-13,9480,2018-08-05,0625,016046,,7,1,9,5400,0,1,3,,2,095,"STATE ROUTE 99 (NORTHBOUND)","AVENUE 96",4224.00,S,N,A,-,Y,,,99,,,,,,,Y,3,0,1,1,A,-,03,22350,,N,F,A,A,A,H,-,A,D,0,,,Y,,Y,,C,02,0,1,0,0,0,0,0,0,1,"- ","- ",35.953369140625,-119.28987121582031,TULARE,UNINCORPORATED,-119.28995513916016,35.953350067138672
90789704,2018,2018-11-13,9480,2018-08-05,1935,019349,,7,2,9,5400,0,3,5,,2,006,"ROCKY HILL DR","ROAD 204",1847.00,E,N,A,-,N,,,,,,,,,,Y,4,0,2,2,A,-,03,22350,,F,C,C,A,A,H,-,B,D,0,,,,,Y,,A,01,0,0,2,0,0,0,0,0,0,"- ","- ",36.292770385742188,-119.11238098144531,TULARE,UNINCORPORATED,-119.11128234863281,36.29681396484375
90789802,2018,2018-08-13,9480,2018-08-06,0725,015290,,1,1,9,5400,0,1,3,,1,030,SR-137,"ROAD 24",1056.00,E,N,A,-,Y,,,137,,,,,,,Y,3,0,1,1,A,-,08,22107,,N,F,A,A,A,H,-,A,A,0,,,Y,,Y,,C,02,0,1,0,0,0,0,0,0,1,"- ","- ",36.134128570556641,-119.51573181152344,TULARE,UNINCORPORATED,-119.51570892333984,36.134101867675781
90791021,2018,2018-08-15,9480,2018-08-04,2210,018421,,6,3,9,5400,0,3,5,,2,004,"MILLWOOD DR","AVENUE 348",1056.00,S,N,A,-,N,,,,,,,,,,Y,2,0,4,1,A,-,01,23152,A,N,E,I,A,A,H,-,D,A,0,,,,,Y,Y,D,22,1,3,0,0,0,0,0,0,0,"- ","- ",36.419441223144531,-119.12779235839844,TULARE,UNINCORPORATED,-119.12776947021484,36.419513702392578
90793182,2018,2018-08-17,9480,2018-08-10,2035,021249,,5,2,9,5400,0,3,5,,2,001,"RD 74","AVENUE  392",2112.00,S,N,A,-,N,,,,,,,,,,Y,4,0,1,1,A,-,01,23152,A,N,E,I,A,A,H,-,D,D,0,,,,,Y,Y,D,22,0,0,1,0,0,0,0,0,0,"- ","- ",36.494991302490234,-119.40818023681641,TULARE,UNINCORPORATED,-119.40824127197266,36.496753692626953
90793902,2018,2018-08-20,9480,2018-08-16,0520,015290,,4,3,9,5400,0,3,5,,2,004,"AVENUE 336","ROAD 188",20.00,E,N,A,-,N,,,,,,,,,,Y,4,0,1,2,A,-,05,21752,D,N,B,C,A,A,H,-,D,D,0,,,,,Y,,A,01,0,0,1,0,0,0,0,0,0,"- ","- ",36.399311065673828,-119.15283203125,TULARE,UNINCORPORATED,-119.15266418457031,36.399330139160156
90794081,2018,2018-08-20,9480,2018-08-14,1900,013643,,2,2,9,5400,0,3,5,,2,005,"E ELLSWORTH AVE","WALNUT ST",0.00,,Y,A,-,N,,,,,,,,,,N,3,0,1,2,A,-,09,21800,B,F,D,C,A,A,H,-,A,A,0,,Y,,,Y,,L,04,0,1,0,0,0,0,1,0,0,"- ","- ",35.969329833984375,-119.28398895263672,TULARE,UNINCORPORATED,-119.28397369384766,35.96929931640625
90795516,2018,2018-08-22,9480,2018-08-12,1735,019186,,7,2,9,5400,0,3,5,,2,001,"DRIVE 60","AVENUE 352",6336.00,S,N,A,-,Y,,,,,,,,,,Y,4,0,1,2,A,-,01,23152,A,N,E,I,A,A,H,-,A,D,0,,,,Y,Y,Y,A,08,0,0,1,0,0,0,0,0,0,"- ","- ",36.404460906982422,-119.45674896240234,TULARE,UNINCORPORATED,,
90795921,2018,2018-08-22,9480,2018-08-20,1220,012251,,1,1,9,5400,0,3,5,,2,006,"VISALIA ROAD","CORNUCOPIA ROAD",93.00,E,N,A,-,N,,,,,,,,,,Y,3,0,1,2,A,-,03,22350,,N,C,C,A,A,H,-,A,D,0,,,,,Y,,A,01,0,1,0,0,0,0,0,0,0,"- ","- ",36.297359466552734,-119.16777801513672,TULARE,UNINCORPORATED,-119.16719818115234,36.297492980957031
90796153,2018,2018-08-22,9480,2018-08-10,1958,015282,,5,2,9,5400,0,3,5,,2,006,"AVENUE 264","ROAD 108",0.00,,Y,A,-,N,,,,,,,,,,Y,4,0,1,2,A,-,08,22107,,M,B,C,A,A,H,-,B,A,0,,,,,Y,,A,01,0,0,1,0,0,0,0,0,0,"- ","- ",36.269309997558594,-119.33100891113281,TULARE,UNINCORPORATED,-119.33125305175781,36.269290924072266
90797188,2018,2018-08-23,9481,2018-08-08,2039,018029,,3,2,9,5400,0,1,3,,1,053,"SR-190 WESTBOUND TO SR-65 NORTHBOUND",SR-65,350.00,E,N,A,-,Y,,,,,,,,,,Y,3,0,1,1,A,-,08,22107,,M,E,I,A,A,H,-,C,D,0,,,,,Y,,A,01,0,1,0,0,0,0,0,0,0,"- ","- ",36.052040100097656,-119.03726196289062,TULARE,UNINCORPORATED,-119.03888702392578,36.051750183105469
90797412,2018,2018-09-24,9481,2018-07-28,2340,019578,,6,3,9,5400,0,3,5,,2,030,"RICHGROVE DRIVE","AVENUE 56",275.00,S,N,A,-,Y,,,,,,,,,,Y,1,1,0,1,A,-,01,23152,A,N,E,I,A,A,H,-,D,D,0,,,,,Y,Y,A,07,0,0,0,0,0,0,0,0,0,"- ","- ",35.891220092773438,-119.0538330078125,TULARE,UNINCORPORATED,-119.05374908447266,35.890964508056641
90799645,2018,2018-08-28,9480,2018-08-21,1250,020016,,2,1,5,5407,0,1,3,,1,064,"SR-198 W/B TO MOONEY BLVD","MOONEY BLVD",500.00,E,N,A,-,Y,,,,,,,,,,N,4,0,2,2,A,-,03,22350,,N,C,C,A,A,H,-,A,D,0,,,,,Y,,A,01,0,0,2,0,0,0,0,0,0,"- ","- ",36.193828582763672,-119.18383026123047,TULARE,VISALIA,,
90801875,2018,2018-08-30,9480,2018-08-18,1137,016046,,6,1,9,5400,0,1,3,,2,091,"STATE ROUTE 99 (NORTHBOUND)","AVENUE 384",7920.00,S,N,A,-,Y,,,99,,,,,,,N,3,0,1,1,A,-,08,22107,,N,E,I,A,A,H,-,A,D,0,,,,,Y,,A,07,0,1,0,0,0,0,0,0,0,"- ","- ",36.478050231933594,-119.50496673583984,TULARE,UNINCORPORATED,-119.50489044189453,36.478103637695312
9080407,2020,2020-06-09,5407,2020-02-14,0549,M214,480,5,5,5,5407,0,0,0,,0,,"GOSHEN AV","MILLER PARK DR",270.00,E,N,A,-,N,,,,,,,,,,Y,3,0,1,3,A,-,03,22350,,N,C,C,A,A,H,-,D,A,0,,,,Y,Y,,F,27,0,1,0,0,0,0,0,0,0,"- ","- ",36.3414306640625,-119.40830993652344,TULARE,VISALIA,-119.40835571289062,36.341762542724609
9080478,2020,2020-06-10,5407,2020-02-11,0817,M201,480,2,5,5,5407,0,0,0,,0,,"W HURLEY AV",CRENSHAW,0.00,,Y,A,-,N,,,,,,,,,,Y,4,0,2,3,A,-,09,21801,A,N,A,C,A,A,H,-,A,B,0,,,,,Y,,A,01,0,0,2,0,0,0,0,0,0,"- ","- ",36.334438323974609,-119.34532928466797,TULARE,VISALIA,-119.34529113769531,36.334430694580078