CASE_ID,ACCIDENT_YEAR,PROC_DATE,JURIS,COLLISION_DATE,COLLISION_TIME,OFFICER_ID,REPORTING_DISTRICT,DAY_OF_WEEK,CHP_SHIFT,POPULATION,CNTY_CITY_LOC,SPECIAL_COND,BEAT_TYPE,CHP_BEAT_TYPE,CITY_DIVISION_LAPD,CHP_BEAT_CLASS,BEAT_NUMBER,PRIMARY_RD,SECONDARY_RD,DISTANCE,DIRECTION,INTERSECTION,WEATHER_1,WEATHER_2,STATE_HWY_IND,CALTRANS_COUNTY,CALTRANS_DISTRICT,STATE_ROUTE,ROUTE_SUFFIX,POSTMILE_PREFIX,POSTMILE,LOCATION_TYPE,RAMP_INTERSECTION,SIDE_OF_HWY,TOW_AWAY,COLLISION_SEVERITY,NUMBER_KILLED,NUMBER_INJURED,PARTY_COUNT,PRIMARY_COLL_FACTOR,PCF_CODE_OF_VIOL,PCF_VIOL_CATEGORY,PCF_VIOLATION,PCF_VIOL_SUBSECTION,HIT_AND_RUN,TYPE_OF_COLLISION,MVIW,PED_ACTION,ROAD_SURFACE,ROAD_COND_1,ROAD_COND_2,LIGHTING,CONTROL_DEVICE,CHP_ROAD_TYPE,PEDESTRIAN_ACCIDENT,BICYCLE_ACCIDENT,MOTORCYCLE_ACCIDENT,TRUCK_ACCIDENT,NOT_PRIVATE_PROPERTY,ALCOHOL_INVOLVED,STWD_VEHTYPE_AT_FAULT,CHP_VEHTYPE_AT_FAULT,COUNT_SEVERE_INJ,COUNT_VISIBLE_INJ,COUNT_COMPLAINT_PAIN,COUNT_PED_KILLED,COUNT_PED_INJURED,COUNT_BICYCLIST_KILLED,COUNT_BICYCLIST_INJURED,COUNT_MC_KILLED,COUNT_MC_INJURED,PRIMARY_RAMP,SECONDARY_RAMP,LATITUDE,LONGITUDE,COUNTY,CITY,POINT_X,POINT_Y
91481419,2021,2021-05-27,9480,2021-05-18,2226,017452,,2,3,9,5400,0,3,5,,2,002,"AVENUE 384","ROAD 84",85.00,W,N,A,-,N,,,,,,,,,,Y,3,0,1,2,A,-,01,23152,A,N,A,C,A,A,H,-,D,D,0,,,,Y,Y,Y,A,01,0,1,0,0,0,0,0,0,0,"- ","- ",36.487831115722656,-119.38604736328125,TULARE,UNINCORPORATED,-119.38494873046875,36.487766265869141
91482731,2021,2021-05-27,9481,2021-05-15,0500,021234,,6,3,9,5400,0,1,3,,1,037,"STATE ROUTE 65","AVENUE 32",25.00,S,N,A,-,Y,,,65,,,,,,,Y,3,0,2,3,A,-,03,22350,,N,C,C,A,A,H,-,B,D,0,,,,Y,Y,,A,07,0,1,1,0,0,0,0,0,0,"- ","- ",35.848579406738281,-119.0537109375,TULARE,UNINCORPORATED,-119.05372619628906,35.848579406738281
91486364,2021,2021-06-01,9480,2021-05-20,2135,020273,,4,2,5,5407,1,1,S,,2,106,"SR-198 W/B","GIDDINGS ST.",150.00,W,N,A,-,Y,,,,,,,,,,Y,3,0,2,2,A,-,08,22107,,N,C,E,A,A,H,-,C,D,0,,,,,Y,,A,01,0,1,1,0,0,0,0,0,0,"- ","- ",36.327129364013672,-119.70623779296875,TULARE,VISALIA,-119.30586242675781,36.3270263671875
91486854,2021,2021-06-01,9480,2021-05-18,1710,019543,,2,2,9,5400,0,3,5,,2,002,"SR-201 (AVENUE 384)","ROAD 140",27.00,W,N,A,-,N,,,201,,,,,,,Y,4,0,1,2,A,-,03,22350,,N,C,C,A,A,H,-,A,A,0,,,Y,,Y,,C,02,0,0,1,0,0,0,0,0,1,"- ","- ",36.486469268798828,-119.25885009765625,TULARE,UNINCORPORATED,-119.25885009765625,36.486335754394531
91487346,2021,2021-06-02,9481,2021-05-29,0450,016776,,6,3,9,5400,0,1,3,,1,012,"STATE ROUTE 65","LINDMORE STREET",50.00,S,N,A,-,Y,,,65,,,,,,,Y,4,0,2,2,A,-,01,23152,A,N,C,2,A,A,H,-,B,D,0,,,,,Y,Y,A,01,0,0,2,0,0,0,0,0,0,"- ","- ",36.195919036865234,-119.09951782226562,TULARE,UNINCORPORATED,-119.09956359863281,36.195892333984375
91487366,2021,2021-06-02,9480,2021-05-17,1515,019697,,1,2,9,5400,0,1,3,,2,095,"SR-99 N/B","AVENUE 24",1584.00,S,N,A,-,Y,,,99,,,,,,N,Y,2,0,3,1,A,-,08,22107,,N,E,I,A,A,H,-,A,D,0,,,,,Y,,A,07,2,0,1,0,0,0,0,0,0,"- ","- ",35.828578948974609,-119.25904846191406,TULARE,UNINCORPORATED,-119.25909423828125,35.828567504882812
91489702,2021,2021-06-15,9480,2021-05-26,1758,017291,,3,2,9,5400,0,1,3,,2,091,"STATE ROUTE 99 (NORTHBOUND)","MERRITT DR",5280.00,N,N,A,-,Y,,,99,,,,,,,N,4,0,1,2,A,-,08,22107,,N,B,C,A,A,H,-,A,A,0,,,,Y,Y,,A,07,0,0,1,0,0,0,0,0,0,"- ","- ",36.478500366210938,-119.50534820556641,TULARE,UNINCORPORATED,-119.50521850585938,36.478588104248047
91489882,2021,2021-06-04,9480,2021-05-22,1715,016995,,6,2,9,5400,0,3,5,,2,004,"AVENUE 336","ROAD 132",0.00,,Y,A,-,N,,,,,,,,,,Y,3,0,2,2,A,-,09,21802,A,N,D,C,A,A,H,-,A,A,0,,,,,Y,,A,07,0,1,1,0,0,0,0,0,0,"- ","- ",36.399658203125,-119.27837371826172,TULARE,UNINCORPORATED,-119.27834320068359,36.399635314941406
91492334,2021,2021-06-08,9480,2021-05-26,1630,019048,,3,2,9,5400,0,3,5,,2,004,"BEECHWOOD AVE","ROAD 158",235.00,E,N,A,-,N,,,,,,,,,,N,4,0,1,2,A,-,05,21650,,N,A,G,A,A,H,-,A,D,0,,Y,,,Y,,L,04,0,0,1,0,0,0,1,0,0,"- ","- ",36.378719329833984,-119.21962738037109,TULARE,UNINCORPORATED,-119.21957397460938,36.378749847412109
91493867,2021,2021-06-10,9480,2021-05-30,2349,020612,,7,3,9,5400,0,3,5,,2,001,"AVENUE 424","ROAD 68",1050.00,W,N,A,-,N,,,,,,,,,,Y,3,0,1,1,A,-,01,23152,A,N,E,I,A,A,H,-,D,D,0,,,,,Y,Y,A,01,0,1,0,0,0,0,0,0,0,"- ","- ",36.560691833496094,-119.4261474609375,TULARE,UNINCORPORATED,-119.42584991455078,36.560672760009766
91498110,2021,2021-06-16,9481,2021-06-11,0510,016065,,5,3,4,5405,0,2,4,,2,052,"MOUNTAIN ROAD 137 (RESERVATION ROAD)","ROAD 296",528.00,W,N,A,-,N,,,,,,,,,,Y,4,0,1,1,A,-,01,23152,A,N,E,I,A,A,H,-,B,D,0,,,,,Y,Y,A,01,0,0,1,0,0,0,0,0,0,"- ","- ",36.025539398193359,-118.91223907470703,TULARE,PORTERVILLE,-118.912531,36.025565999999998
9149892,2020,2020-11-25,5407,2020-07-30,1941,M287,480,4,5,5,5407,0,0,0,,0,026,"RT 100","LOVERS LN",242.00,E,N,A,-,Y,TUL,6,198,-,R,11.731,R,2,W,N,4,0,1,2,A,-,08,22107,,N,D,C,A,A,H,-,A,D,0,,,,,Y,,-,,0,0,1,0,0,0,0,0,0,"- ","- ",36.326641082763672,-119.26077270507812,TULARE,VISALIA,-119.2607421875,36.327678680419922
9149896,2020,2020-11-25,5407,2020-07-31,1154,M222,480,5,5,5,5407,0,0,0,,0,012,"RT 63","W SUNNYVALE AV",0.00,,Y,A,-,Y,TUL,6,63,-,-,6.350,I,5,S,Y,3,0,1,2,A,-,12,21453,A,N,A,C,A,A,H,-,A,A,0,,,,,Y,,A,07,0,1,0,0,0,0,0,0,0,"- ","- ",36.303451538085938,-119.31372833251953,TULARE,VISALIA,-119.3138427734375,36.303459167480469
91499867,2021,2021-06-17,9480,2021-02-28,0120,018421,,7,3,9,5400,0,3,5,,2,002,"SOUTH HILLS VALLEY ROAD","EAST RAILROAD AVENUE",42.00,S,N,A,-,N,,,,,,,,,,Y,1,1,2,1,A,-,01,23152,A,N,E,I,A,A,H,-,D,A,0,,,,,Y,Y,D,22,2,0,0,0,0,0,0,0,0,"- ","- ",36.617908477783203,-119.30474853515625,TULARE,UNINCORPORATED,-119.30484008789062,36.617893218994141
91502483,2021,2021-06-22,9481,2021-06-13,0310,019578,,7,3,4,5405,0,1,3,,1,037,"STATE ROUTE 65","STATE ROUTE 190",447.00,N,N,A,-,Y,,,65,,,,,,,Y,3,0,1,2,A,-,05,21651,B,M,A,C,A,A,H,-,D,D,0,,,,Y,Y,Y,A,01,0,1,0,0,0,0,0,0,0,"- ","- ",36.053050994873047,-119.03916168212891,TULARE,PORTERVILLE,-119.03914642333984,36.053050994873047
91505888,2021,2021-06-24,9481,2021-06-13,1818,019422,,7,2,9,5400,0,3,5,,2,020,"AVENUE 216","STRATHMORE ROAD (ROAD 228)",0.00,,Y,A,-,N,,,,,,,,,,Y,2,0,1,2,A,-,12,22450,A,F,D,C,A,A,H,-,A,A,0,,,,,Y,,A,07,1,0,0,0,0,0,0,0,0,"- ","- ",36.181770324707031,-119.06369781494141,TULARE,UNINCORPORATED,-119.06369781494141,36.181827545166016
9150977,2020,2020-11-14,5405,2020-09-01,1158,CSO32,SEC4,2,5,4,5405,0,0,0,,0,004,"OLIVE AV","INDIANA ST",0.00,,Y,A,-,N,,,,,,,,,,N,3,0,1,2,A,-,12,21453,A,N,D,C,A,A,H,-,A,A,0,,,,Y,Y,,-,"- ",0,1,0,0,0,0,0,0,0,"- ","- ",,,TULARE,PORTERVILLE,-119.03517913818359,36.06597900390625
91510838,2021,2021-07-01,9480,2021-06-21,2015,019697,,1,2,9,5400,0,1,3,,1,030,SR-137,"ROAD 56",528.00,E,N,A,-,Y,,,,,,,,,,Y,3,0,1,2,A,-,03,22350,,N,C,C,A,A,H,-,D,D,0,,,,,Y,,A,01,0,1,0,0,0,0,0,0,0,"- ","- ",36.263111114501953,-119.44613647460938,TULARE,UNINCORPORATED,-119.44644927978516,36.203102111816406
91511366,2021,2021-07-01,9480,2021-06-28,2256,020612,,1,3,9,5400,0,1,3,,1,021,"STATE ROUTE 201 (AVENUE 400)","STATE ROUTE 63 (ROAD 128)",0.00,,Y,A,-,Y,,,201,,,,,,,Y,3,0,2,2,A,-,12,22450,A,N,D,C,A,A,H,-,D,A,0,,,,,Y,,A,01,0,1,1,0,0,0,0,0,0,"- ","- ",36.515731811523438,-119.28668975830078,TULARE,UNINCORPORATED,-119.28673553466797,36.515785217285156
91512859,2021,2021-07-05,9481,2021-06-26,0800,016147,,6,1,9,5400,0,1,3,,1,012,"STATE ROUTE 65","AVENUE 208",0.00,,Y,A,-,Y,,,65,,,,,,,Y,2,0,2,2,A,-,09,21802,A,N,D,C,A,A,H,-,A,A,0,,,,,Y,,A,01,2,0,0,0,0,0,0,0,0,"- ","- ",36.167278289794922,-119.08294677734375,TULARE,UNINCORPORATED,-119.08296966552734,36.167270660400391
91512877,2021,2021-07-05,9481,2021-06-28,1810,018113,,1,2,9,5400,0,1,3,,1,012,"SOUTHBOUND STATE ROUTE 65","AVENUE 196",354.00,S,N,A,-,Y,,,65,,,,,,,N,4,0,1,2,A,-,03,22350,,N,C,C,A,A,H,-,A,A,0,,,,,Y,,E,22,0,0,1,0,0,0,0,0,0,"- ","- ",36.14447021484375,-119.07199859619141,TULARE,UNINCORPORATED,-119.07194519042969,36.144496917724609
91513943,2021,2021-07-06,9480,2021-06-21,1610,016995,,1,2,9,5400,0,3,5,,2,006,"YOKOHL DRIVE","AVENUE 294",4752.00,S,N,A,-,N,,,,,,,,,,Y,4,0,1,1,A,-,08,22107,,N,E,I,A,A,H,-,A,D,0,,,,,Y,,A,01,0,0,1,0,0,0,0,0,0,"- ","- ",36.309791564941406,-119.06993103027344,TULARE,UNINCORPORATED,-119.06974792480469,36.309242248535156
91514376,2021,2021-07-07,9480,2021-06-22,0915,016240,,2,1,9,5400,0,3,5,,2,001,"AVENUE 424","ROAD 68",950.00,W,N,A,-,N,,,,,,,,,,Y,3,0,4,2,A,-,08,22107,,N,E,I,A,A,E,-,A,D,0,,,,,Y,,D,22,0,3,1,0,0,0,0,0,0,"- ","- ",36.560710906982422,-119.42591094970703,TULARE,UNINCORPORATED,-119.42551422119141,36.5606689453125
91514425,2021,2021-08-18,9480,2021-06-25,1745,017291,,5,2,9,5400,0,3,5,,2,001,"AVENUE 384","ROAD 44",11.00,E,N,A,-,N,,,,,,,,,,Y,4,0,1,2,A,-,05,21752,D,N,D,C,A,A,H,-,A,A,0,,,,,Y,,A,01,0,0,1,0,0,0,0,0,0,"- ","- ",36.488529205322266,-119.46623229980469,TULARE,UNINCORPORATED,-119.46625518798828,36.488559722900391
91515016,2021,2021-07-08,9480,2021-07-01,0515,016046,,4,3,9,5400,0,3,5,,2,006,"ROAD 172","COTTONWOOD CREEK",3749.00,N,N,A,-,N,,,,,,,,,,Y,4,0,1,2,A,-,03,22350,,N,C,C,A,A,H,-,D,D,0,,,,,Y,,D,22,0,0,1,0,0,0,0,0,0,"- ","- ",36.449600219726562,-119.18859100341797,TULARE,UNINCORPORATED,,
91517010,2021,2021-07-09,9480,2021-07-04,0725,016240,,7,1,9,5400,0,3,5,,2,003,"AVENUE 232","ROAD 56",1795.00,W,N,A,-,N,,,,,,,,,,Y,4,0,2,1,A,-,08,22107,,N,F,J,A,A,H,-,A,D,0,,,,,Y,,A,01,0,0,2,0,0,0,0,0,0,"- ","- ",36.21044921875,-119.45417022705078,TULARE,UNINCORPORATED,-119.45423126220703,36.210487365722656
91517974,2021,2021-07-12,9480,2021-07-04,1820,019846,,7,2,9,5400,0,3,5,,2,002,"AVENUE 416","DAVID ROAD",24.00,E,N,A,-,N,,,,,,,,,,Y,4,0,1,2,A,-,03,22350,,N,C,C,A,A,H,-,A,D,0,,,,,Y,,A,01,0,0,1,0,0,0,0,0,0,"- ","- ",36.544811248779297,-119.29241943359375,TULARE,UNINCORPORATED,-119.292466,36.544809000000001
91518019,2021,2021-07-12,9480,2021-07-04,2137,021249,,7,2,9,5400,0,1,3,,1,045,"SR-245 (AVENUE 314)","SR-245 (ROAD 204)",27.00,E,N,A,-,Y,,,245,,,,,,,Y,3,0,5,1,A,-,03,22350,,N,E,I,A,A,H,-,D,A,0,,,,,Y,,A,07,0,2,3,0,0,0,0,0,0,"- ","- ",36.358699798583984,-119.11627960205078,TULARE,UNINCORPORATED,-119.11619567871094,36.358551025390625
91518194,2021,2021-07-12,9480,2021-07-07,1215,016233,,3,1,9,5400,0,3,5,,2,006,"ANDERSON RD.","AVE. 288",1584.00,S,N,A,-,N,,,,,,,,,,Y,4,0,1,2,A,-,03,22350,,N,C,C,A,A,H,-,A,D,0,,,,Y,Y,,D,22,0,0,1,0,0,0,0,0,0,"- ","- ",36.307071685791016,-119.17141723632812,TULARE,UNINCORPORATED,-119.17135620117188,36.3076171875
91519936,2021,2021-10-05,9480,2021-07-08,0430,017452,,4,3,9,5400,0,3,5,,2,003,"AVENUE 184","ROAD 72",2006.00,W,N,A,-,N,,,,,,,,,,Y,4,0,1,2,A,-,03,22350,,N,C,C,A,A,H,-,D,D,0,,,,,Y,,A,01,0,0,1,0,0,0,0,0,0,"- ","- ",36.123321533203125,-119.41860961914062,TULARE,UNINCORPORATED,-119.41841125488281,36.1234130859375
91520007,2021,2021-07-14,9480,2021-07-09,0215,016145,,5,3,9,5400,0,3,5,,2,002,"ROAD 144","AVENUE 384",0.00,,Y,A,-,N,,,,,,,,,,Y,3,0,1,1,A,-,03,22350,,N,E,I,A,A,H,-,C,A,0,,,,,Y,,A,01,0,1,0,0,0,0,0,0,0,"- ","- ",36.486858367919922,-119.30442810058594,TULARE,UNINCORPORATED,-119.25004577636719,36.486297607421875
91522072,2021,2021-07-16,9480,2021-07-14,1520,020060,,3,2,9,5400,0,3,5,,2,003,"DRIVE 92B","STATE ROUTE 99 S/B FROM DRIVE 92B",0.00,,Y,A,-,N,,,,,,,,,,Y,4,0,1,2,A,-,09,21801,A,N,D,C,A,A,H,-,A,D,0,,,,,Y,,D,22,0,0,1,0,0,0,0,0,0,"- ","- ",36.266281127929688,-119.36427307128906,TULARE,UNINCORPORATED,-119.364273,36.266280999999999
91523374,2021,2021-07-19,9480,2021-07-12,0915,017108,,1,1,9,5400,0,3,5,,2,006,"ROAD 128","AVENUE 48",416.00,N,N,A,-,N,,,,,,,,,,Y,2,0,2,1,A,-,08,22107,,N,E,I,A,A,H,-,A,D,0,,,,,Y,,A,01,1,1,0,0,0,0,0,0,0,"- ","- ",35.878501892089844,-119.285888671875,TULARE,UNINCORPORATED,,
91523422,2021,2021-07-19,9481,2021-07-13,0655,017894,,2,1,9,5400,0,3,5,,2,030,"ROAD 152","AVENUE 8",1938.00,S,N,A,-,N,,,,,,,,,,Y,4,0,1,2,D,-,00,,,N,B,C,A,A,H,-,A,D,0,,,,,Y,,-,"- ",0,0,1,0,0,0,0,0,0,"- ","- ",35.799079895019531,-119.23240661621094,TULARE,UNINCORPORATED,-119.23244476318359,35.799633026123047
91524379,2021,2021-07-20,9480,2021-07-10,0210,020890,,6,3,9,5400,0,3,5,,2,006,"PROSPERITY AVENUE","MORRISON STREET",528.00,E,N,A,-,N,,,,,,,,,,Y,2,0,1,1,A,-,01,23152,A,N,E,J,A,A,H,-,D,D,0,,,,,Y,Y,A,01,1,0,0,0,0,0,0,0,0,"- ","- ",36.226158142089844,-119.30052947998047,TULARE,UNINCORPORATED,-119.30144500732422,36.226058959960938
91526533,2021,2021-07-22,9481,2021-07-10,1630,019162,,6,2,9,5400,0,1,3,,1,054,"STATE ROUTE 190","MOUNTAIN ROAD 190A (RIO VISTA DRIVE)",4752.00,E,N,A,-,Y,,,190,,,,,,,Y,4,0,1,2,A,-,01,23152,A,N,B,C,A,A,H,-,A,D,0,,,,,Y,Y,A,01,0,0,1,0,0,0,0,0,0,"- ","- ",36.143760681152344,-118.7657470703125,TULARE,UNINCORPORATED,-118.76573944091797,36.143741607666016
91527388,2021,2021-07-23,9480,2021-07-16,1708,019846,,5,2,5,5407,0,1,3,,1,064,"SR-198 E/B",UNKNOWN,0.00,E,N,A,-,Y,,,,,,,,,,N,4,0,1,2,D,-,00,,,N,B,C,A,A,H,-,A,D,0,,,,,Y,,-,"- ",0,0,1,0,0,0,0,0,0,"- ","- ",,,TULARE,VISALIA,,
91529750,2021,2021-07-27,9480,2021-07-15,0453,018861,,4,3,9,5400,0,3,5,,2,005,"BORCHARDT DRIVE","AVENUE 54",30.00,N,N,A,-,N,,,,,,,,,,N,2,0,2,1,A,-,08,22107,,N,F,A,A,A,H,-,D,D,0,,,,,Y,,A,07,1,1,0,0,0,0,0,0,0,"- ","- ",35.887710571289062,-119.45320892333984,TULARE,UNINCORPORATED,-119.45388793945312,35.887577056884766
91530477,2021,2021-07-28,9480,2021-07-16,1120,015282,,5,1,9,5400,0,3,5,,2,002,"AVENUE 416","ROAD 96",0.00,,Y,A,-,N,,,,,,,,,,Y,3,0,2,2,A,-,09,21802,A,N,D,C,A,A,H,-,A,A,0,,,,,Y,,A,01,0,2,0,0,0,0,0,0,0,"- ","- ",36.545619964599609,-119.35862731933594,TULARE,UNINCORPORATED,-119.358627,36.54562
91530708,2021,2021-07-28,9481,2021-07-21,1918,018113,,3,2,9,5400,0,3,5,,2,010,"ROAD 152","AVENUE 208",3763.00,N,N,A,-,N,,,,,,,,,,Y,4,0,1,1,A,-,08,22107,,N,F,A,A,A,H,-,A,D,0,,,,,Y,,A,01,0,0,1,0,0,0,0,0,0,"- ","- ",36.177970886230469,-119.23284149169922,TULARE,UNINCORPORATED,-119.23296356201172,36.177677154541016
91535178,2021,2021-08-02,9480,2021-07-21,2112,019543,,3,2,9,5400,0,3,5,,2,002,"ROAD 120","AVE 424",528.00,S,N,A,-,N,,,,,,,,,,Y,2,0,1,2,A,-,03,22350,,N,D,C,A,A,H,-,D,D,0,,,,Y,Y,,G,25,1,0,0,0,0,0,0,0,0,"- ","- ",36.326190948486328,-119.34590911865234,TULARE,UNINCORPORATED,-119.30497741699219,36.557952880859375
91535807,2021,2021-08-03,9480,2021-07-28,1305,016046,,3,1,9,5400,0,3,5,,2,004,"AVENUE 344","ROAD 160",0.00,,Y,A,-,N,,,,,,,,,,N,4,0,1,2,A,-,09,21802,A,N,A,A,A,D,H,-,A,A,0,,,,,Y,,A,01,0,0,1,0,0,0,0,0,0,"- ","- ",36.4139404296875,-119.21523284912109,TULARE,UNINCORPORATED,-119.21529388427734,36.413909912109375
91536764,2021,2021-08-04,9481,2021-07-25,1500,021687,,7,2,9,5400,0,3,5,,2,030,"ROAD 152","COUNTY LINE ROAD",30.00,N,N,A,-,N,,,,,,,,,,N,2,0,1,1,A,-,08,22107,,N,F,A,A,A,H,-,A,D,0,,,Y,,Y,,C,02,1,0,0,0,0,0,0,0,1,"- ","- ",35.790508270263672,-119.23243713378906,TULARE,UNINCORPORATED,-119.23245239257812,35.790561676025391
91537651,2021,2021-08-05,9481,2021-07-27,1746,018113,,2,2,9,5400,0,3,5,,2,050,"E DATE AVENUE","LEGGETT STREET",280.00,E,N,A,-,N,,,,,,,,,,N,4,0,1,3,A,-,03,22350,,N,C,C,A,A,H,-,A,D,0,,,,,Y,,A,01,0,0,1,0,0,0,0,0,0,"- ","- ",36.058448791503906,-118.99835205078125,TULARE,UNINCORPORATED,-118.99864196777344,36.058452606201172
91542285,2021,2021-08-11,9480,2021-08-01,0125,020612,,7,3,5,5407,0,1,3,,1,064,"STATE ROUTE 198 EASTBOUND","STATE ROUTE 63 (MOONEY BLVD)",600.00,W,N,A,-,Y,,,198,,,,,,E,Y,3,0,1,1,A,-,01,23152,A,N,E,I,A,A,H,-,D,D,0,,,,,Y,Y,A,01,0,1,0,0,0,0,0,0,0,"- ","- ",36.326938629150391,-119.31626892089844,TULARE,VISALIA,-119.31625366210938,36.327095031738281
91543732,2021,2021-10-06,9480,2021-08-07,0710,016233,,6,1,9,5400,0,1,3,,2,095,"SR-99 S/B","AVE. 72",952.00,N,N,A,-,Y,,,99,,,,,,S,Y,4,0,1,1,A,-,08,22107,,N,E,I,A,A,H,-,A,D,0,,,,,Y,,A,01,0,0,1,0,0,0,0,0,0,"- ","- ",35.923801422119141,-119.28215026855469,TULARE,UNINCORPORATED,-119.281982421875,35.923789978027344
91544740,2021,2021-08-17,9480,2021-08-06,1705,016995,,5,2,9,5400,0,1,3,,1,040,"STATE ROUTE 216","ROAD 188",0.00,,Y,A,-,Y,,,216,,,,,,,Y,4,0,2,2,A,-,03,22350,,N,C,2,A,A,H,-,A,D,0,,,,,Y,,D,22,0,0,2,0,0,0,0,0,0,"- ","- ",36.407310485839844,-119.15204620361328,TULARE,UNINCORPORATED,-119.15223693847656,36.407691955566406
91545379,2021,2021-08-16,9480,2021-07-19,1015,019186,,1,1,9,5400,0,3,5,,2,003,"ROAD 112","AVENUE 144",0.00,,Y,A,-,N,,,,,,,,,,Y,2,0,1,2,A,-,01,23152,A,N,D,C,A,A,H,-,A,A,0,,,,Y,Y,Y,A,01,1,0,0,0,0,0,0,0,0,"- ","- ",36.051239013671875,-119.32193756103516,TULARE,UNINCORPORATED,-119.32194519042969,36.051235198974609
91545867,2021,2021-08-16,9480,2021-08-14,1720,019846,,6,2,9,5400,0,1,3,,1,025,"STATE ROUTE 245 (MILLWOOD DRIVE)","BOYD DR",159.00,S,N,B,-,Y,,,245,,,,,,,Y,2,0,3,2,A,-,01,23152,A,N,A,C,A,A,H,-,A,A,0,,,,,Y,Y,A,01,2,1,0,0,0,0,0,0,0,"- ","- ",36.566009521484375,-119.13359832763672,TULARE,UNINCORPORATED,-119.13358306884766,36.566001892089844
91546689,2021,2021-08-17,9480,2021-08-10,0518,018421,,2,3,9,5400,0,3,5,,2,001,"ROAD 56","AVENUE 408",0.00,,Y,A,-,N,,,,,,,,,,Y,3,0,2,2,A,-,12,22450,A,N,D,C,A,A,H,-,B,A,0,,,,,Y,,D,22,0,1,1,0,0,0,0,0,0,"- ","- ",36.531898498535156,-119.44862365722656,TULARE,UNINCORPORATED,-119.44863891601562,36.531864166259766
91547770,2021,2021-08-18,9481,2021-08-11,2055,018113,,3,2,9,5400,0,2,4,,1,021,"AVENUE 196","ORANGE BELT DRIVE",230.00,E,N,A,-,N,,,,,,,,,,N,2,0,1,2,A,-,11,21955,,N,G,B,D,A,H,-,C,D,0,Y,,,,Y,,N,60,1,0,0,0,1,0,0,0,0,"- ","- ",36.1456298828125,-119.06011199951172,TULARE,UNINCORPORATED,-119.06018829345703,36.145549774169922
91548100,2021,2022-03-14,9480,2021-06-18,1544,019349,,5,2,9,5400,0,3,5,,2,003,"AVENUE 232","ROAD 48",374.00,E,N,A,-,N,,,,,,,,,,Y,1,1,1,2,A,-,08,22107,,N,A,D,A,A,H,-,A,D,0,,,,,Y,Y,A,01,0,1,0,0,0,0,0,0,0,"- ","- ",36.210609436035156,-119.46482086181641,TULARE,UNINCORPORATED,-119.46488189697266,36.210624694824219
91548406,2021,2021-08-18,9480,2021-08-17,0755,016046,,2,1,5,5407,0,1,3,,1,064,"STATE ROUTE 198 (WESTBOUND)","SANTA FE STREET",25.00,E,N,A,-,Y,,,198,,,,,,,N,4,0,1,2,A,-,03,22350,,N,C,C,A,A,H,-,A,D,0,,,,,Y,,A,01,0,0,1,0,0,0,0,0,0,"- ","- ",36.326980590820312,-119.28762817382812,TULARE,VISALIA,-119.28762817382812,36.326908111572266
91551417,2021,2021-08-23,9480,2021-08-06,1930,016995,,5,2,9,5400,0,1,3,,1,040,"STATE ROUTE 216","EDMISTON AVENUE",0.00,,Y,A,-,Y,,,216,,,,,,,N,2,0,1,2,A,-,05,21650,,N,A,G,A,A,H,-,A,A,0,,Y,,,Y,,L,04,1,0,0,0,0,0,1,0,0,"- ","- ",36.380939483642578,-119.21563720703125,TULARE,UNINCORPORATED,-119.21562957763672,36.380939483642578
91551863,2021,2021-08-23,9480,2021-08-16,0945,016240,,1,1,9,5400,0,1,3,,1,034,"SR-198 W/B","ROAD 64",0.00,,Y,A,-,Y,,,198,,,,,,W,Y,2,0,2,2,A,-,09,21802,A,N,D,C,A,A,H,-,A,A,0,,,,,Y,,A,08,1,1,0,0,0,0,0,0,0,"- ","- ",36.328048706054688,-119.43041229248047,TULARE,UNINCORPORATED,-119.430419921875,36.327156066894531
91551867,2021,2021-08-30,9481,2021-08-21,2028,021687,,6,2,9,5400,0,1,3,,1,032,SR-190,"ROAD 208",0.00,,Y,A,-,Y,,,190,,,,,,,Y,4,0,1,2,A,-,09,21801,A,N,A,C,A,A,H,-,D,D,0,,,,,Y,,D,22,0,0,1,0,0,0,0,0,0,"- ","- ",36.051200866699219,-119.10739898681641,TULARE,UNINCORPORATED,-119.10739898681641,36.05120849609375
91553134,2021,2021-08-24,9480,2021-08-15,2020,019697,,7,2,9,5400,0,1,3,,2,093,"SR-99 N/B","CARTMILL AVE",2112.00,S,N,A,-,Y,,,,,,,,,,Y,4,0,1,2,A,-,03,22350,,N,C,C,A,A,H,-,D,D,0,,,,,Y,,A,01,0,0,1,0,0,0,0,0,0,"- ","- ",36.235488891601562,-119.34194946289062,TULARE,UNINCORPORATED,-119.34189605712891,36.235321044921875