CASE_ID,ACCIDENT_YEAR,PROC_DATE,JURIS,COLLISION_DATE,COLLISION_TIME,OFFICER_ID,REPORTING_DISTRICT,DAY_OF_WEEK,CHP_SHIFT,POPULATION,CNTY_CITY_LOC,SPECIAL_COND,BEAT_TYPE,CHP_BEAT_TYPE,CITY_DIVISION_LAPD,CHP_BEAT_CLASS,BEAT_NUMBER,PRIMARY_RD,SECONDARY_RD,DISTANCE,DIRECTION,INTERSECTION,WEATHER_1,WEATHER_2,STATE_HWY_IND,CALTRANS_COUNTY,CALTRANS_DISTRICT,STATE_ROUTE,ROUTE_SUFFIX,POSTMILE_PREFIX,POSTMILE,LOCATION_TYPE,RAMP_INTERSECTION,SIDE_OF_HWY,TOW_AWAY,COLLISION_SEVERITY,NUMBER_KILLED,NUMBER_INJURED,PARTY_COUNT,PRIMARY_COLL_FACTOR,PCF_CODE_OF_VIOL,PCF_VIOL_CATEGORY,PCF_VIOLATION,PCF_VIOL_SUBSECTION,HIT_AND_RUN,TYPE_OF_COLLISION,MVIW,PED_ACTION,ROAD_SURFACE,ROAD_COND_1,ROAD_COND_2,LIGHTING,CONTROL_DEVICE,CHP_ROAD_TYPE,PEDESTRIAN_ACCIDENT,BICYCLE_ACCIDENT,MOTORCYCLE_ACCIDENT,TRUCK_ACCIDENT,NOT_PRIVATE_PROPERTY,ALCOHOL_INVOLVED,STWD_VEHTYPE_AT_FAULT,CHP_VEHTYPE_AT_FAULT,COUNT_SEVERE_INJ,COUNT_VISIBLE_INJ,COUNT_COMPLAINT_PAIN,COUNT_PED_KILLED,COUNT_PED_INJURED,COUNT_BICYCLIST_KILLED,COUNT_BICYCLIST_INJURED,COUNT_MC_KILLED,COUNT_MC_INJURED,PRIMARY_RAMP,SECONDARY_RAMP,LATITUDE,LONGITUDE,COUNTY,CITY,POINT_X,POINT_Y
9690346,2024,2024-05-10,5407,2024-03-20,1505,M292,480,3,5,5,5407,0,0,0,,0,011,"W HILLSDALE AVE","N AKERS ST",0.00,,Y,A,-,N,,,,,,,,,,N,2,0,1,2,A,-,10,21950,A,N,G,B,B,A,H,-,A,A,0,Y,,,,Y,,A,07,1,0,0,0,1,0,0,0,0,"- ","- ",36.329418182373047,-119.34979248046875,TULARE,VISALIA,-119.34980010986328,36.329551696777344
9690459,2024,2024-08-16,5407,2024-04-08,1047,11895,480,1,5,5,5407,0,0,0,,0,011,"W GOSHEN AV","N AKERS ST",69.00,E,N,A,-,N,,,,,,,,,,N,4,0,1,3,A,-,03,22350,,N,C,C,A,A,H,-,A,A,0,,,,,Y,,A,01,0,0,1,0,0,0,0,0,0,"- ","- ",36.341808319091797,-119.34986114501953,TULARE,VISALIA,-119.34970855712891,36.341743469238281
9690536,2024,2024-06-21,5407,2024-04-07,"851 ",A401,480,7,5,5,5407,0,0,0,,0,033,"S SANTE FE ST","E TULARE AV",190.00,S,N,B,-,N,,,,,,,,,,N,3,0,1,2,A,-,03,22350,,N,C,C,A,A,H,-,A,D,0,,,,,Y,,A,01,0,1,0,0,0,0,0,0,0,"- ","- ",,,TULARE,VISALIA,-119.28772735595703,36.320110321044922
9691679,2024,2024-05-07,5407,2024-03-28,1545,M292,480,4,5,5,5407,0,0,0,,0,025,"W MINERAL KING AV","S LOCUST ST",0.00,,Y,B,-,N,,,,,,,,,,Y,4,0,1,2,A,-,12,21453,A,N,D,C,A,A,H,-,A,A,0,,,,,Y,,A,01,0,0,1,0,0,0,0,0,0,"- ","- ",36.327468872070312,-119.29341888427734,TULARE,VISALIA,-119.29341125488281,36.327445983886719
9692391,2024,2024-08-02,5406,2024-04-11,2048,6WA4R,DIST2,4,5,4,5406,0,0,0,,0,0AO,"TULARE AV","B ST",0.00,,Y,A,-,N,,,,,,,,,,Y,4,0,2,3,A,-,09,21802,A,N,D,C,A,A,H,-,C,A,0,,,,,Y,,A,01,0,0,2,0,0,0,0,0,0,"- ","- ",36.206310272216797,-119.35871124267578,TULARE,TULARE,-119.35874176025391,36.206317901611328
9693859,2023,2024-05-21,5401,2023-04-22,"608 ",2118,5401,6,5,3,5401,0,0,0,,0,004,"KAMM AV",KAM,157.00,E,N,A,-,N,,,,,,,,,,N,4,0,1,2,A,-,01,23153,A,F,C,G,A,A,H,-,B,A,0,,Y,,,Y,Y,A,01,0,0,1,0,0,0,1,0,0,"- ","- ",,,TULARE,DINUBA,,
9694806,2022,2024-05-07,5401,2022-08-13,1703,2118,5401,6,5,3,5401,0,0,0,,0,00A,"NEBRASKA AV","EATON AV",14.00,W,N,A,-,N,,,,,,,,,,N,3,0,1,2,A,-,09,21801,A,N,D,C,A,A,C,-,A,A,0,,,Y,,Y,,D,22,0,1,0,0,0,0,0,0,1,"- ","- ",,,TULARE,DINUBA,-119.39065551757812,36.560260772705078
9694813,2022,2024-05-07,5401,2022-09-03,2021,211,5401,6,5,3,5401,0,0,0,,0,00A,"ROAD 72","FLORENCE AV",72.00,S,N,A,-,N,,,,,,,,,,N,3,0,1,2,A,-,03,22350,,F,C,C,A,A,H,-,C,D,0,,,Y,,Y,,A,01,0,1,0,0,0,0,0,0,1,"- ","- ",,,TULARE,DINUBA,-119.41287994384766,36.550933837890625
9694814,2022,2024-05-07,5401,2022-06-20,2023,2123,5401,1,5,3,5401,0,0,0,,0,00F,"K ST","E MERCED ST",18.00,S,N,A,-,N,,,,,,,,,,Y,4,0,4,3,A,-,09,21802,A,N,D,C,A,A,H,-,B,A,0,,,,,Y,,A,07,0,0,4,0,0,0,0,0,0,"- ","- ",,,TULARE,DINUBA,-119.39151763916016,36.543525695800781
9694877,2022,2024-05-07,5401,2022-05-06,1106,2135,5401,5,5,3,5401,0,0,0,,0,003,"AVENUE 416","RD 70",26.00,N,N,A,-,N,,,,,,,,,,Y,4,0,3,2,A,-,08,22107,,N,D,C,A,A,H,-,A,D,0,,,,,Y,,A,07,0,0,3,0,0,0,0,0,0,"- ","- ",,,TULARE,DINUBA,,
9694929,2024,2024-06-25,5405,2024-04-12,1723,236,SEC4,5,5,4,5405,0,0,0,,0,,"MORTON AV","MATHEW ST",0.00,,Y,A,-,N,,,,,,,,,,Y,4,0,2,7,A,-,12,22450,A,F,D,C,A,A,H,-,A,A,0,,,,,Y,,D,22,0,0,2,0,0,0,0,0,0,"- ","- ",36.073089599609375,-119.06189727783203,TULARE,PORTERVILLE,-119.06188201904297,36.073097229003906
9695240,2024,2024-05-09,5407,2024-03-04,"602 ",A398,480,1,5,5,5407,0,0,0,,0,M11,"W RIGGIN AV","N KELSEY ST",2218.00,E,N,C,-,N,,,,,,,,,,Y,3,0,4,2,A,-,05,21650,,N,A,C,A,B,H,-,D,D,0,,,,,Y,,D,22,0,4,0,0,0,0,0,0,0,"- ","- ",,,TULARE,VISALIA,-119.37819671630859,36.356433868408203
9695611,2024,2024-09-06,5401,2024-05-31,"439 ",2127,5401,5,5,3,5401,0,0,0,,0,,"ROAD 80","KAMM AV",1310.00,,N,A,-,N,,,,,,,,,,Y,2,0,3,1,A,-,03,22350,,N,A,I,A,A,D,-,B,D,0,,,,,Y,Y,A,07,1,0,2,0,0,0,0,0,0,"- ","- ",,,TULARE,DINUBA,-119.39495086669922,36.531360626220703
9696250,2024,2024-05-21,5405,2024-04-19,1603,318,"SEC 1",5,5,4,5405,0,0,0,,0,002,"RT 65","PIONEER AV",528.00,N,N,A,-,Y,TUL,6,65,-,-,20.980,H,-,N,N,4,0,1,2,A,-,03,22350,,N,C,C,A,A,H,-,A,A,0,,,,,Y,,A,01,0,0,1,0,0,0,0,0,0,"- ","- ",36.098258972167969,-119.04012298583984,TULARE,PORTERVILLE,-119.03941345214844,36.092559814453125
9696583,2024,2024-06-27,5405,2024-05-08,2104,223,SEC4,3,5,4,5405,0,0,0,,0,,"RT 190","JAYE ST",58.00,W,N,A,-,Y,TUL,6,190,-,-,15.930,H,-,E,N,4,0,1,2,A,-,03,22350,,N,C,C,A,A,H,-,C,A,0,,,,,Y,,A,01,0,0,1,0,0,0,0,0,0,"- ","- ",,,TULARE,PORTERVILLE,-119.02668762207031,36.051483154296875
9698092,2024,2024-06-25,5406,2024-03-27,1208,M0OBA,DIST4,3,5,4,5406,0,0,0,,0,0AO,"MARTIN LUTHER KING JR",O,130.00,E,N,A,-,N,,,,,,,,,,N,2,0,1,2,A,-,11,21954,A,N,G,B,D,A,C,-,A,D,0,Y,,,,Y,,N,60,1,0,0,0,1,0,0,0,0,"- ","- ",36.202239990234375,-119.33925628662109,TULARE,TULARE,-119.33934020996094,36.202289581298828
9700181,2024,2024-06-28,5405,2024-05-29,1818,310,SEC1,3,5,4,5405,0,0,0,,0,,"VILLA ST","MORTON AV",24.00,S,N,A,-,N,,,,,,,,,,Y,3,0,2,2,A,-,00,23153,F,F,C,C,A,A,H,-,A,A,0,,,,,Y,,A,01,0,1,1,0,0,0,0,0,0,"- ","- ",36.073261260986328,-119.03060913085938,TULARE,PORTERVILLE,-119.0306396484375,36.073204040527344
9700509,2024,2024-10-15,5407,2024-05-10,"842 ",M293,480,5,5,5,5407,0,0,0,,0,012,"W WALNUT AVE","S LINWOOD ST",0.00,,Y,A,-,N,,,,,,,,,,Y,3,0,1,2,C,-,18,,,N,C,C,A,A,H,-,A,A,0,,,,,Y,,-,"- ",0,1,0,0,0,0,0,0,0,"- ","- ",36.312850952148438,-119.34058380126953,TULARE,VISALIA,-119.34063720703125,36.312786102294922
9700510,2024,2024-07-10,5407,2024-05-09,1219,12699,480,4,5,5,5407,0,0,0,,0,026,"E RIGGIN AVE","N COURT ST",0.00,,Y,A,-,N,,,,,,,,,,Y,3,0,1,2,A,-,09,21802,A,N,D,C,A,A,H,-,A,D,0,,,,,Y,,A,01,0,1,0,0,0,0,0,0,0,"- ","- ",36.356300354003906,-119.29393005371094,TULARE,VISALIA,-119.29395294189453,36.356399536132812
9701208,2024,2024-07-25,5407,2024-05-01,1002,11895,480,3,5,5,5407,0,0,0,,0,012,"W NOBLE AV","S WOODLAND ST",0.00,,Y,A,-,N,,,,,,,,,,Y,4,0,1,3,A,-,12,21453,A,N,D,C,A,A,H,-,A,A,0,,,,,Y,,A,01,0,0,1,0,0,0,0,0,0,"- ","- ",36.326541900634766,-119.31400299072266,TULARE,VISALIA,-119.3184814453125,36.326934814453125
9701432,2023,2024-05-21,5401,2023-08-24,1454,2127,5401,4,5,3,5401,0,0,0,,0,,"RD 72","W NEBRASKA AV",23.00,S,N,A,-,N,,,,,,,,,,Y,4,0,6,2,A,-,03,22350,,N,C,C,A,A,H,-,A,D,0,,,,,Y,,A,01,0,0,6,0,0,0,0,0,0,"- ","- ",,,TULARE,DINUBA,,
9701434,2023,2024-05-21,5401,2023-08-18,"745 ",2129,5401,5,5,3,5401,0,0,0,,0,,"E KAMM AVE","S COLLAGE AVE",28.00,W,N,A,-,N,,,,,,,,,,N,4,0,1,2,A,-,09,21802,A,N,D,C,A,A,H,-,A,A,0,,,,,Y,,A,01,0,0,1,0,0,0,0,0,0,"- ","- ",,,TULARE,DINUBA,-119.38597869873047,36.531200408935547
9701546,2023,2024-05-23,5401,2023-06-08,1150,2111,5401,4,5,3,5401,0,0,0,,0,00B,"W ELMONTE WY","SMITH AV",41.00,E,N,A,-,N,,,,,,,,,,N,4,0,1,2,A,-,03,22350,,N,C,C,A,A,H,-,A,D,0,,,,,Y,,D,22,0,0,1,0,0,0,0,0,0,"- ","- ",,,TULARE,DINUBA,-119.40280151367188,36.545989990234375
9701558,2023,2024-05-23,5401,2023-07-08,2202,2119,CITY,6,5,3,5401,0,0,0,,0,00A,"W ELMONTE WY","EUCLID AV",259.00,W,N,A,-,N,,,,,,,,,,Y,4,0,2,2,A,-,09,21801,A,N,D,C,A,A,H,-,C,D,0,,,,,Y,,D,22,0,0,2,0,0,0,0,0,0,"- ","- ",,,TULARE,DINUBA,-119.3992919921875,36.545951843261719
9701642,2024,2024-05-23,5401,2024-02-03,1115,2112,5401,6,5,3,5401,0,0,0,,0,00B,"E ELMONTE WAY","CALIFORNIA AV",127.00,W,N,B,-,N,,,,,,,,,,Y,2,0,1,2,B,-,22,,,N,D,-,A,A,D,-,A,D,0,,Y,,,Y,Y,L,04,1,0,0,0,0,0,1,0,0,"- ","- ",,,TULARE,DINUBA,-119.38243103027344,36.545570373535156
9701643,2024,2024-05-23,5401,2024-01-31,2012,2119,5401,3,5,3,5401,0,0,0,,0,00A,"E TULARE ST","S COLLEGE AV",2.00,W,N,A,-,N,,,,,,,,,,N,4,0,1,2,A,-,09,21803,A,N,C,-,A,A,H,-,C,A,0,,Y,,,Y,,A,07,0,0,1,0,0,0,1,0,0,"- ","- ",,,TULARE,DINUBA,-119.38592529296875,36.544075012207031
9701644,2024,2024-05-23,5401,2024-01-27,1209,2134,5401,6,5,3,5401,0,0,0,,0,00A,"W ELMONTE WY","N ARKONA ST",30.00,E,N,A,-,N,,,,,,,,,,N,4,0,3,2,A,-,03,22350,,N,C,C,A,A,H,-,A,D,0,,,,,Y,,A,01,0,0,3,0,0,0,0,0,0,"- ","- ",,,TULARE,DINUBA,-119.39711761474609,36.545909881591797
9701648,2024,2024-05-24,5401,2024-02-25,"735 ",2127,5401,7,5,3,5401,0,0,0,,0,,"AVE 416","RD 64",443.00,E,N,A,-,N,,,,,,,,,,Y,3,0,3,1,A,-,08,22107,,N,A,-,A,A,H,-,A,D,0,,,,,Y,,A,01,0,1,2,0,0,0,0,0,0,"- ","- ",,,TULARE,DINUBA,,
9702089,2024,2024-06-27,5407,2024-05-04,1053,12452,480,6,5,5,5407,0,0,0,,0,Q34,"RT 63","BEECH AV",0.00,,Y,A,-,Y,TUL,6,63,-,-,6.770,H,-,S,N,4,0,1,2,A,-,03,22350,,M,C,C,A,A,H,-,A,A,0,,,Y,,Y,,A,01,0,0,1,0,0,0,0,0,1,"- ","- ",,,TULARE,VISALIA,-119.31391906738281,36.309516906738281
9703037,2024,2024-09-06,5405,2024-05-28,2044,316,SEC4,2,5,4,5405,0,0,0,,0,004,"OLIVE AV","MASTON ST",0.00,,Y,A,-,N,,,,,,,,,,Y,3,0,1,2,A,-,09,21804,A,N,F,A,A,A,H,-,C,D,0,,,Y,,Y,,A,01,0,1,0,0,0,0,0,0,1,"- ","- ",36.06549072265625,-119.04239654541016,TULARE,PORTERVILLE,-119.04282379150391,36.065933227539062
9703416,2024,2024-08-13,5405,2024-06-05,1252,268,SEC1,3,5,4,5405,0,0,0,,0,,"MORTON AV","DELTA ST",316.00,W,N,A,-,N,,,,,,,,,,N,4,0,1,2,A,-,03,22350,,N,B,C,A,A,H,-,A,D,0,,,,,Y,,A,01,0,0,1,0,0,0,0,0,0,"- ","- ",36.071998596191406,-119.06900024414062,TULARE,PORTERVILLE,-119.06845092773438,36.073078155517578
9706272,2024,2024-06-07,5403,2024-04-26,1651,839,,5,5,2,5403,0,0,0,,0,,"WALNUT AV","MATTHEW AV",0.00,,Y,B,-,N,,,,,,,,,,N,4,0,1,2,A,-,04,21703,,N,C,C,A,A,H,-,A,A,0,,,,,Y,,M,94,0,0,1,0,0,0,0,0,0,"- ","- ",,,TULARE,FARMERSVILLE,-119.2122802734375,36.312362670898438
9706276,2024,2024-06-07,5405,2024-04-30,"459 ",310,SEC1,2,5,4,5405,0,0,0,,0,,"MORTON AV","PORTER RD",434.00,E,N,A,-,N,,,,,,,,,,N,3,0,1,1,C,-,18,,,N,H,J,A,A,H,-,D,D,0,,Y,,,Y,,-,"- ",0,1,0,0,0,0,1,0,0,"- ","- ",36.073268890380859,-119.03913116455078,TULARE,PORTERVILLE,-119.03765106201172,36.073280334472656
9706538,2024,2024-07-11,5407,2024-05-23,1917,12458,480,4,5,5,5407,0,0,0,,0,025,"RT 63","DOLLNER ST",91.00,E,N,A,-,N,,,,,,,,,,Y,3,0,1,2,A,-,07,21658,A,N,B,C,A,A,H,-,A,A,0,,,,,Y,,A,01,0,1,0,0,0,0,0,0,0,"- ","- ",36.327419281005859,-119.30753326416016,TULARE,VISALIA,-119.30773162841797,36.327247619628906
9706890,2024,2024-08-02,5405,2024-05-08,1606,236,"SEC 4",3,5,4,5405,0,0,0,,0,,"VANDALIA AV","KESSING ST",0.00,,Y,A,-,N,,,,,,,,,,Y,4,0,1,2,A,-,09,21800,C,N,D,C,A,A,H,-,A,A,0,,,Y,,Y,,-,"- ",0,0,1,0,0,0,0,0,1,"- ","- ",36.053531646728516,-119.02623748779297,TULARE,PORTERVILLE,,
9708792,2024,2024-08-06,5405,2024-06-29,1440,307,SEC3,6,5,4,5405,0,0,0,,0,,"OLIVE AV","F STREET",132.00,E,N,A,-,N,,,,,,,,,,N,3,0,1,2,A,-,05,21650,,N,G,G,A,A,H,-,A,D,0,,Y,,,Y,,L,04,0,1,0,0,0,0,1,0,0,"- ","- ",36.065231323242188,-119.02134704589844,TULARE,PORTERVILLE,-119.02090454101562,36.065162658691406
9714390,2024,2024-07-16,5407,2024-05-23,1608,12635,480,4,5,5,5407,0,0,0,,0,025,"HOUSTON AV",LOCUST,0.00,,Y,A,-,N,,,,,,,,,,Y,4,0,2,2,A,-,09,21801,A,N,D,C,A,A,H,-,A,A,0,,,,,Y,,A,01,0,0,2,0,0,0,0,0,0,"- ","- ",36.341930389404297,-119.29353332519531,TULARE,VISALIA,-119.29354095458984,36.3419189453125
9715144,2024,2024-08-07,5401,2024-06-14,1133,2130,5401,5,5,3,5401,0,0,0,,0,003,"O ST","VENTURA ST",0.00,,Y,A,-,N,,,,,,,,,,Y,4,0,1,2,A,-,12,22450,A,N,D,D,A,A,H,-,A,A,0,,,,,Y,,A,01,0,0,1,0,0,0,0,0,0,"- ","- ",,,TULARE,DINUBA,-119.39122009277344,36.536617279052734
9716244,2024,2024-08-02,5407,2024-05-31,1511,M186,480,5,5,5,5407,0,0,0,,0,026,"MINERAL KING","SANTA FE",0.00,,Y,A,-,N,,,,,,,,,,Y,4,0,2,2,A,-,12,21453,A,N,D,C,A,A,H,-,A,A,0,,,,,Y,,-,"- ",0,0,2,0,0,0,0,0,0,"- ","- ",36.327419281005859,-119.28772735595703,TULARE,VISALIA,-119.28781127929688,36.327438354492188
9716490,2024,2024-07-25,5407,2024-06-08,"711 ",A359,480,6,5,5,5407,0,0,0,,0,026,"ST JOHNS PKWY","MODOC AV",216.00,S,N,A,-,N,,,,,,,,,,Y,3,0,1,1,A,-,05,21650,,N,A,I,A,A,H,-,A,A,0,,,Y,,Y,,C,02,0,1,0,0,0,0,0,0,1,"- ","- ",36.352779388427734,-119.28578186035156,TULARE,VISALIA,-119.285888671875,36.352779388427734
9717059,2024,2024-08-06,5407,2024-06-25,1505,M293,480,2,5,5,5407,0,0,0,,0,012,"S COUNTY CENTER DR","W NOBLE AV",0.00,,Y,A,-,N,,,,,,,,,,Y,3,0,1,2,A,-,12,21453,A,N,D,C,A,A,H,-,A,A,0,,,,,Y,,-,"- ",0,1,0,0,0,0,0,0,0,"- ","- ",36.326808929443359,-119.32578277587891,TULARE,VISALIA,-119.32575225830078,36.326824188232422
9718136,2024,2024-08-08,5407,2024-06-29,"335 ",12619,480,6,5,5,5407,0,0,0,,0,025,"LOCUST ST","MAIN ST",0.00,,Y,A,-,Y,TUL,6,63,-,-,8.200,I,5,S,N,2,0,1,1,D,-,00,,,N,H,A,A,A,H,-,C,A,0,,,Y,,Y,,-,"- ",1,0,0,0,0,0,0,0,1,"- ","- ",,,TULARE,VISALIA,-119.29344940185547,36.330162048339844
9719125,2024,2024-08-30,5405,2024-07-15,1230,268,SEC3,1,5,4,5405,0,0,0,,0,,"OLIVE AV","B ST",0.00,,Y,A,-,N,,,,,,,,,,Y,4,0,1,2,A,-,03,22350,,N,C,C,A,A,H,-,A,D,0,,,,,Y,,D,22,0,0,1,0,0,0,0,0,0,"- ","- ",36.065109252929688,-119.01434326171875,TULARE,PORTERVILLE,-119.01430511474609,36.065132141113281
9720310,2024,2024-10-18,5407,2024-07-21,2154,12648,480,7,5,5,5407,0,0,0,,0,026,"E MAIN ST","RT 63",0.00,,Y,A,-,Y,TUL,6,63,-,-,8.200,I,5,N,Y,3,0,1,2,A,-,01,23152,A,N,D,C,A,A,H,-,B,A,0,,,,,Y,Y,A,01,0,1,0,0,0,0,0,0,0,"- ","- ",,,TULARE,VISALIA,-119.2923583984375,36.330165863037109
9720515,2024,2024-08-27,5405,2024-07-26,1748,315,"SEC 3",5,5,4,5405,0,0,0,,0,,"PLANO ST","POPLAR AV",0.00,,Y,A,-,N,,,,,,,,,,Y,4,0,1,2,A,-,09,21801,A,N,D,C,A,A,H,-,A,A,0,,,,,Y,,-,,0,0,1,0,0,0,0,0,0,"- ","- ",,,TULARE,PORTERVILLE,-119.00820922851562,36.051029205322266
9722226,2024,2024-09-26,5405,2024-08-24,1833,313,"SEC 3",6,5,4,5405,0,0,0,,0,,"ORANGE AV","JAYE ST",0.00,,Y,A,-,N,,,,,,,,,,Y,4,0,4,2,A,-,12,21453,A,N,D,C,A,A,H,-,B,A,0,,,,,Y,,A,07,0,0,4,0,0,0,0,0,0,"- ","- ",36.061378479003906,-119.02616882324219,TULARE,PORTERVILLE,-119.02613830566406,36.061370849609375
9722227,2024,2024-09-27,5405,2024-08-22,1140,CS040,"SEC 3",4,5,4,5405,0,0,0,,0,,"ORANGE AV","HOCKETT ST",14.00,E,N,A,-,N,,,,,,,,,,Y,4,0,2,2,A,-,09,21801,A,N,D,C,A,A,H,-,A,A,0,,,,,Y,,A,07,0,0,2,0,0,0,0,0,0,"- ","- ",36.061210632324219,-119.01717376708984,TULARE,PORTERVILLE,-119.01714324951172,36.061229705810547
9723307,2024,2024-10-02,5403,2024-08-13,1514,122,,2,5,2,5403,0,0,0,,0,,"LINNELL AV","YEW ST",64.00,N,N,A,-,N,,,,,,,,,,Y,4,0,1,2,A,-,03,22350,,N,D,C,A,A,H,-,A,D,0,,,,,Y,,A,07,0,0,1,0,0,0,0,0,0,"- ","- ",,,TULARE,FARMERSVILLE,-119.20834350585938,36.302906036376953
9723380,2024,2024-10-11,5401,2024-09-01,1658,2122,5401,7,5,3,5401,0,0,0,,0,00B,"ELMONTE WY","EUCLID AV",1227.00,W,N,A,-,N,,,,,,,,,,N,4,0,1,2,A,-,21,22106,,N,H,G,A,A,H,-,A,D,0,,Y,,,Y,,L,04,0,0,1,0,0,0,1,0,0,"- ","- ",,,TULARE,DINUBA,-119.40258026123047,36.545986175537109
9724009,2024,2024-10-18,5405,2024-09-21,1333,CSO46,SEC4,6,5,4,5405,0,0,0,,0,,"JAYE ST","OLIVE AV",172.00,N,N,A,-,N,,,,,,,,,,Y,3,0,1,2,A,-,09,21801,A,N,D,C,A,A,H,-,A,D,0,,,,,Y,,A,01,0,1,0,0,0,0,0,0,0,"- ","- ",36.066238403320312,-119.02655029296875,TULARE,PORTERVILLE,-119.02606201171875,36.065799713134766
9724010,2024,2024-10-18,5405,2024-09-24,2045,310,SEC2,2,5,4,5405,0,0,0,,0,,"MAIN ST","LINDA VISTA",1307.00,N,N,A,-,N,,,,,,,,,,Y,3,0,3,2,A,-,08,22107,,N,A,D,A,A,H,-,C,D,0,,,,,Y,,A,01,0,2,1,0,0,0,0,0,0,"- ","- ",36.10546875,-119.04038238525391,TULARE,PORTERVILLE,-119.04039764404297,36.10546875
9724389,2024,2024-09-09,5407,2024-07-10,1156,M333,480,3,5,5,5407,0,0,0,,0,P33,"W CAMBRIDGE AV","S GIDDINGS ST",9.00,W,N,A,-,N,,,,,,,,,,N,4,0,1,2,A,-,05,21650,,N,A,C,A,A,H,-,A,A,0,,,,,Y,,A,07,0,0,1,0,0,0,0,0,0,"- ","- ",,,TULARE,VISALIA,-119.30539703369141,36.314731597900391
9727088,2024,2024-12-20,5405,2024-11-25,1418,236,SEC1,1,5,4,5405,0,0,0,,0,,"PROSPECT ST","GRAND AV",232.00,N,N,C,-,N,,,,,,,,,,Y,4,0,1,1,A,-,03,22350,,N,H,I,A,D,H,-,A,A,0,,,,,Y,,A,07,0,0,1,0,0,0,0,0,0,"- ","- ",36.077671051025391,-119.0435791015625,TULARE,PORTERVILLE,-119.04396057128906,36.077426910400391
9727972,2024,2024-09-03,5405,2024-08-13,1734,263,SEC4,2,5,4,5405,0,0,0,,0,,"NEWCOMB ST","DATE AV",0.00,,Y,A,-,N,,,,,,,,,,Y,3,0,2,2,A,-,12,22450,A,N,D,C,A,A,H,-,A,A,0,,,,,Y,,D,22,0,1,1,0,0,0,0,0,0,"- ","- ",,,TULARE,PORTERVILLE,-119.05300140380859,36.058193206787109
9727973,2024,2024-09-03,5405,2024-08-17,1022,CSO40,SEC4,6,5,4,5405,0,0,0,,0,PSC,"WESTWOOD ST","OLIVE AV",0.00,,Y,A,-,N,,,,,,,,,,Y,4,0,2,2,A,-,12,21453,A,N,D,C,A,A,H,-,A,A,0,,,,,Y,,D,22,0,0,2,0,0,0,0,0,0,"- ","- ",36.065738677978516,-119.07086944580078,TULARE,PORTERVILLE,-119.07086944580078,36.065799713134766
9727975,2024,2024-09-09,5405,2024-08-12,"828 ",CSO46,SEC1,1,5,4,5405,0,0,0,,0,,"HENDERSON AV","NEWCOMB ST",115.00,W,N,A,-,N,,,,,,,,,,N,4,0,1,2,A,-,03,22350,,N,C,C,A,A,H,-,A,A,0,,,,,Y,,A,07,0,0,1,0,0,0,0,0,0,"- ","- ",36.079708099365234,-119.05319976806641,TULARE,PORTERVILLE,-119.05326080322266,36.080345153808594
9727999,2024,2024-09-04,5405,2024-08-20,1611,263,SEC1,2,5,4,5405,0,0,0,,0,,"HENDERSON AV","INDIANA ST",168.00,W,N,A,-,N,,,,,,,,,,N,3,0,1,2,A,-,00,21235,,N,D,J,A,A,H,-,A,D,0,,,Y,,Y,,C,03,0,1,0,0,0,0,0,0,1,"- ","- ",,,TULARE,PORTERVILLE,-119.03549957275391,36.080558776855469
9728107,2024,2024-09-04,5405,2024-08-15,"949 ",CSO46,SEC1,4,5,4,5405,0,0,0,,0,,"KANAI AV","HAWAII ST",0.00,,Y,A,-,N,,,,,,,,,,Y,3,0,1,2,A,-,09,21800,A,N,D,C,A,A,H,-,A,D,0,,,,,Y,,A,07,0,1,0,0,0,0,0,0,0,"- ","- ",36.075759887695312,-119.02288818359375,TULARE,PORTERVILLE,-119.02288055419922,36.075752258300781
9729323,2024,2024-09-06,5401,2024-08-09,1440,2120,5401,5,5,3,5401,0,0,0,,0,,"AVENUE 416","ROAD 64 RD",0.00,,Y,A,-,N,,,,,,,,,,N,4,0,1,2,A,-,03,22350,,N,C,C,A,A,H,-,A,D,0,,,,,Y,,A,01,0,0,1,0,0,0,0,0,0,"- ","- ",,,TULARE,DINUBA,,
9731502,2024,2024-09-04,5407,2024-07-23,1911,12239,480,2,5,5,5407,0,0,0,,0,026,"EAST OAK",BRIDGE,0.00,,Y,A,-,N,,,,,,,,,,N,4,0,1,2,A,-,10,21950,A,N,A,B,B,A,H,-,A,D,0,Y,,,,Y,,A,07,0,0,1,0,1,0,0,0,0,"- ","- ",36.332099914550781,-119.28961944580078,TULARE,VISALIA,-119.28900146484375,36.331928253173828
9731504,2024,2024-09-04,5407,2024-07-21,1107,C60,480,7,5,5,5407,0,0,0,,0,012,"S CHINOWTH ST","W WHITEDALE AV",0.00,,Y,A,-,N,,,,,,,,,,Y,3,0,2,2,A,-,12,21453,A,N,D,C,A,A,H,-,A,A,0,,,,,Y,,A,01,0,1,1,0,0,0,0,0,0,"- ","- ",36.305519104003906,-119.33605194091797,TULARE,VISALIA,-119.33607482910156,36.305522918701172
9732905,2024,2024-09-13,5401,2024-07-18,1705,2111,5401,4,5,3,5401,0,0,0,,0,00B,"EL MONTE WY","ALTA AV",39.00,W,N,A,-,N,,,,,,,,,,N,4,0,3,2,A,-,03,22350,,N,C,C,A,A,H,-,A,A,0,,,,,Y,,A,01,0,0,3,0,0,0,0,0,0,"- ","- ",,,TULARE,DINUBA,-119.39520263671875,36.545875549316406
9732941,2024,2024-09-13,5401,2024-06-09,2349,2114,5401,7,5,3,5401,0,0,0,,0,00A,"EL MONTE WY","LINCOLN AV",58.00,E,N,A,-,N,,,,,,,,,,N,2,0,1,2,A,-,11,21954,A,N,G,B,E,A,H,-,C,D,0,Y,,,,Y,,N,60,1,0,0,0,1,0,0,0,0,"- ","- ",,,TULARE,DINUBA,-119.38800048828125,36.545703887939453