CASE_ID,ACCIDENT_YEAR,PROC_DATE,JURIS,COLLISION_DATE,COLLISION_TIME,OFFICER_ID,REPORTING_DISTRICT,DAY_OF_WEEK,CHP_SHIFT,POPULATION,CNTY_CITY_LOC,SPECIAL_COND,BEAT_TYPE,CHP_BEAT_TYPE,CITY_DIVISION_LAPD,CHP_BEAT_CLASS,BEAT_NUMBER,PRIMARY_RD,SECONDARY_RD,DISTANCE,DIRECTION,INTERSECTION,WEATHER_1,WEATHER_2,STATE_HWY_IND,CALTRANS_COUNTY,CALTRANS_DISTRICT,STATE_ROUTE,ROUTE_SUFFIX,POSTMILE_PREFIX,POSTMILE,LOCATION_TYPE,RAMP_INTERSECTION,SIDE_OF_HWY,TOW_AWAY,COLLISION_SEVERITY,NUMBER_KILLED,NUMBER_INJURED,PARTY_COUNT,PRIMARY_COLL_FACTOR,PCF_CODE_OF_VIOL,PCF_VIOL_CATEGORY,PCF_VIOLATION,PCF_VIOL_SUBSECTION,HIT_AND_RUN,TYPE_OF_COLLISION,MVIW,PED_ACTION,ROAD_SURFACE,ROAD_COND_1,ROAD_COND_2,LIGHTING,CONTROL_DEVICE,CHP_ROAD_TYPE,PEDESTRIAN_ACCIDENT,BICYCLE_ACCIDENT,MOTORCYCLE_ACCIDENT,TRUCK_ACCIDENT,NOT_PRIVATE_PROPERTY,ALCOHOL_INVOLVED,STWD_VEHTYPE_AT_FAULT,CHP_VEHTYPE_AT_FAULT,COUNT_SEVERE_INJ,COUNT_VISIBLE_INJ,COUNT_COMPLAINT_PAIN,COUNT_PED_KILLED,COUNT_PED_INJURED,COUNT_BICYCLIST_KILLED,COUNT_BICYCLIST_INJURED,COUNT_MC_KILLED,COUNT_MC_INJURED,PRIMARY_RAMP,SECONDARY_RAMP,LATITUDE,LONGITUDE,COUNTY,CITY,POINT_X,POINT_Y
9733136,2024,2024-09-13,5407,2024-07-29,"530 ",A395,480,1,5,5,5407,0,0,0,,0,034,COURT,CALDWELL,0.00,,Y,A,-,N,,,,,,,,,,N,3,0,1,2,A,-,10,21954,B,F,G,B,B,A,H,-,B,A,0,Y,,,,Y,,A,01,0,1,0,0,1,0,0,0,0,"- ","- ",,,TULARE,VISALIA,-119.29154205322266,36.298141479492188
9733252,2024,2024-09-30,5407,2024-08-14,1255,12452,480,3,5,5,5407,0,0,0,,0,M11,"N AKERS ST","W HURLEY AV",0.00,,Y,A,-,N,,,,,,,,,,Y,4,0,1,2,A,-,12,21453,A,N,D,C,A,A,H,-,A,A,0,,,,,Y,,-,"- ",0,0,1,0,0,0,0,0,0,"- ","- ",36.334499359130859,-119.34969329833984,TULARE,VISALIA,-119.34986114501953,36.334495544433594
9733283,2024,2025-01-07,5407,2024-08-24,"41  ",M186,480,6,5,5,5407,0,0,0,,0,012,CALDWELL,CHINOWTH,295.00,E,N,A,-,N,,,,,,,,,,Y,1,1,1,1,A,-,01,23152,A,N,E,I,A,A,H,-,C,D,0,,,,,Y,Y,A,01,1,0,0,0,0,0,0,0,0,"- ","- ",,,TULARE,VISALIA,-119.33502960205078,36.29833984375
9734571,2024,2024-09-26,5403,2024-08-11,1807,837,VISAL,7,5,2,5403,0,0,0,,0,,"WEST KIRSTEN ST","N HARTLEY",61.00,W,N,A,-,N,,,,,,,,,,N,3,0,1,2,A,-,09,21804,A,N,D,G,A,A,H,-,A,D,0,,Y,,,Y,,L,04,0,1,0,0,0,0,1,0,0,"- ","- ",,,TULARE,FARMERSVILLE,-119.20892333984375,36.315101623535156
9735107,2024,2024-10-30,5405,2024-10-04,"820 ",CS046,SEC4,5,5,4,5405,0,0,0,,0,,"OLIVE AV","CLOVERLEAF ST",138.00,W,N,A,-,Y,TUL,6,65,-,-,18.934,R,4,N,Y,3,0,2,3,A,-,03,22350,,N,D,C,A,A,H,-,A,D,0,,,,,Y,,D,22,0,1,1,0,0,0,0,0,0,"- ","- ",,,TULARE,PORTERVILLE,-119.03924560546875,36.062778472900391
9738615,2024,2024-10-03,5405,2024-09-13,"759 ",CSO46,SEC1,5,5,4,5405,0,0,0,,0,,"BRIAN LN","LOTAS WY",91.00,W,N,A,-,N,,,,,,,,,,Y,3,0,1,2,A,-,05,21651,B,N,A,C,A,A,H,-,A,D,0,,,,,Y,,A,01,0,1,0,0,0,0,0,0,0,"- ","- ",36.092758178710938,-119.05078887939453,TULARE,PORTERVILLE,-119.05165863037109,36.092769622802734
9742573,2024,2024-10-31,5405,2024-10-09,"837 ",236,SEC4,3,5,4,5405,0,0,0,,0,,"OLIVE AV","BEVERLY ST",12.00,E,N,A,-,N,,,,,,,,,,Y,4,0,3,3,A,-,03,22350,,N,C,C,A,A,H,-,A,A,0,,,,,Y,,A,07,0,0,3,0,0,0,0,0,0,"- ","- ",36.065021514892578,-119.04918670654297,TULARE,PORTERVILLE,-119.04852294921875,36.065879821777344
9742574,2024,2024-10-31,5405,2024-10-04,1611,307,SEC4,5,5,4,5405,0,0,0,,0,,"OLIVE AV","DAMERON ST",0.00,,Y,A,-,N,,,,,,,,,,Y,3,0,2,2,A,-,09,21804,A,N,D,C,A,A,H,-,A,A,0,,,,,Y,,A,01,0,1,1,0,0,0,0,0,0,"- ","- ",36.065841674804688,-119.044677734375,TULARE,PORTERVILLE,-119.044677734375,36.065906524658203
9742575,2024,2024-10-31,5405,2024-10-01,1607,319,SEC4,2,5,4,5405,0,0,0,,0,,"W ORANGE AV","ARGYLE ST",99.00,E,N,A,-,N,,,,,,,,,,Y,3,0,1,2,A,-,08,22107,,N,A,C,A,A,H,-,A,D,0,,,,,Y,,A,01,0,1,0,0,0,0,0,0,0,"- ","- ",36.061431884765625,-119.06427764892578,TULARE,PORTERVILLE,-119.06441497802734,36.061187744140625
9746123,2024,2024-11-04,5405,2024-10-11,"19  ",309,SEC4,5,5,4,5405,0,0,0,,0,,"WESTWOOD ST","SCRANTON AV",0.00,,Y,A,-,N,,,,,,,,,,Y,3,0,2,2,A,-,03,22350,,N,C,C,A,A,H,-,D,A,0,,,,,Y,Y,A,01,0,1,1,0,0,0,0,0,0,"- ","- ",36.036811828613281,-119.07084655761719,TULARE,PORTERVILLE,-119.07086181640625,36.036800384521484
9746124,2024,2024-10-29,5405,2024-10-11,1946,309,SEC2,5,5,4,5405,0,0,0,,0,,"MORTON AV","2ND ST",0.00,,Y,A,-,N,,,,,,,,,,Y,4,0,1,2,A,-,12,21453,A,N,B,C,A,A,H,-,C,A,0,,,,,Y,,A,01,0,0,1,0,0,0,0,0,0,"- ","- ",36.073040008544922,-119.01509857177734,TULARE,PORTERVILLE,-119.01515197753906,36.073078155517578
9747947,2024,2025-02-14,5407,2024-11-26,2306,A413,480,2,5,5,5407,0,0,0,,0,025,"DINUBA BL","RIGGIN AV",0.00,,Y,A,-,Y,TUL,6,63,-,-,10.110,I,5,N,Y,3,0,1,2,A,-,12,22450,,N,D,C,A,B,H,-,C,A,0,,,,,Y,,A,01,0,1,0,0,0,0,0,0,0,"- ","- ",,,TULARE,VISALIA,-119.29698944091797,36.356239318847656
9747951,2024,2025-01-29,5407,2024-12-03,1718,A356,480,2,5,5,5407,0,0,0,,0,034,"RT 63","AVE 164",0.00,,Y,A,-,Y,TUL,6,63,-,-,4.010,I,5,N,Y,3,0,8,2,A,-,09,21801,A,N,A,C,A,A,H,-,C,A,0,,,,,Y,,A,01,0,3,5,0,0,0,0,0,0,"- ","- ",,,TULARE,VISALIA,-119.31324005126953,36.269435882568359
9750561,2024,2024-12-20,5405,2024-11-05,1245,282,"SEC 3",2,5,4,5405,0,0,0,,0,,"OLIVE AV","D ST",0.00,,Y,A,-,N,,,,,,,,,,Y,4,0,1,2,A,-,09,21801,A,N,D,C,A,A,H,-,A,A,0,,,,,Y,,A,01,0,0,1,0,0,0,0,0,0,"- ","- ",36.06597900390625,-119.01766967773438,TULARE,PORTERVILLE,-119.01846313476562,36.06512451171875
9751840,2024,2024-11-25,5404,2024-10-18,1948,676,20L,5,5,2,5404,0,0,0,,0,002,"LINDMORE ST","LINDSAY BL",15.00,E,N,A,-,N,,,,,,,,,,N,4,0,5,2,A,-,12,22450,A,N,D,C,A,A,H,-,C,A,0,,,,,Y,,D,22,0,0,5,0,0,0,0,0,0,"- ","- ",,,TULARE,LINDSAY,-119.09115600585938,36.196121215820312
9757363,2024,2024-12-12,5404,2024-11-08,1502,688,,5,5,2,5404,0,0,0,,0,20L,"ALAMEDA ST","HOMASSEL AV",0.00,,Y,A,-,N,,,,,,,,,,N,3,0,4,2,A,-,09,21800,A,N,D,C,A,A,H,-,A,D,0,,,,,Y,,A,07,0,3,1,0,0,0,0,0,0,"- ","- ",,,TULARE,LINDSAY,-119.08818817138672,36.212543487548828
9758182,2024,2024-12-02,5405,2024-11-11,1506,321,"SEC 3",1,5,4,5405,0,0,0,,0,,"OLIVE AV","PLANO ST",292.00,W,N,A,-,N,,,,,,,,,,Y,4,0,2,2,A,-,09,21804,A,N,D,C,A,A,H,-,A,D,0,,,,,Y,,A,01,0,0,2,0,0,0,0,0,0,"- ","- ",36.065128326416016,-119.00830841064453,TULARE,PORTERVILLE,-119.00930786132812,36.065101623535156
9761458,2024,2025-01-03,5405,2024-12-04,1546,282,SEC1,3,5,4,5405,0,0,0,,0,,"HENDERSON AV","PROSPECT ST",6.00,W,N,A,-,N,,,,,,,,,,N,4,0,1,2,A,-,09,21800,A,N,D,G,A,A,H,-,A,A,0,,Y,,,Y,,D,22,0,0,1,0,0,0,1,0,0,"- ","- ",36.080421447753906,-119.04393005371094,TULARE,PORTERVILLE,-119.04399108886719,36.080421447753906
9761459,2024,2025-01-10,5405,2024-12-03,2026,312,SEC4,2,5,4,5405,0,0,0,,0,,"SPRINGVILLE AV","OAK VIEW ST",15.00,S,N,A,-,N,,,,,,,,,,Y,2,0,1,2,A,-,08,22107,,N,D,C,A,A,H,-,C,A,0,,,,,Y,,D,22,1,0,0,0,0,0,0,0,0,"- ","- ",36.055160522460938,-119.03137969970703,TULARE,PORTERVILLE,-119.03109741210938,36.054981231689453
9761514,2024,2024-12-31,5407,2024-09-13,1654,A378,480,5,5,5,5407,0,0,0,,0,012,"S ROVA ST","W NELLIS AV",0.00,,Y,A,-,N,,,,,,,,,,Y,2,0,1,3,A,-,01,23152,F,F,E,E,A,A,H,-,A,A,0,,,,,Y,,D,22,1,0,0,0,0,0,0,0,0,"- ","- ",36.293460845947266,-119.34111022949219,TULARE,VISALIA,-119.34104156494141,36.293498992919922
9761659,2024,2025-01-03,5407,2024-09-28,1136,C56,480,6,5,5,5407,0,0,0,,0,N25,"N DIVISADERO ST","W SEDONA AV",0.00,,Y,A,-,N,,,,,,,,,,Y,3,0,2,2,A,-,09,21800,A,N,D,C,A,A,H,-,A,B,0,,,,,Y,,A,08,0,2,0,0,0,0,0,0,0,"- ","- ",36.359088897705078,-119.31047058105469,TULARE,VISALIA,,
9761851,2024,2024-12-11,5401,2024-10-29,1051,2111,5401,2,5,3,5401,0,0,0,,0,00A,"ALTA AV","DAVIS DR",221.00,N,N,A,-,N,,,,,,,,,,Y,4,0,2,2,A,-,05,21650,,N,A,I,A,A,H,-,A,D,0,,,,,Y,,A,01,0,0,2,0,0,0,0,0,0,"- ","- ",,,TULARE,DINUBA,-119.39514923095703,36.557296752929688
9763153,2024,2025-01-17,5407,2024-11-09,"319 ",12648,480,6,5,5,5407,0,0,0,,0,026,"N SANTA FE ST","E ROOSEVELT AV",210.00,S,N,A,-,N,,,,,,,,,,Y,2,0,1,2,A,-,01,23152,A,N,B,E,A,A,H,-,C,D,0,,,,,Y,Y,A,01,1,0,0,0,0,0,0,0,0,"- ","- ",,,TULARE,VISALIA,-119.28777313232422,36.339435577392578
9763154,2024,2025-01-17,5407,2024-11-10,1746,C62,480,7,5,5,5407,0,0,0,,0,011,"N AKERS ST","W GOSHEN AV",0.00,,N,A,-,N,,,,,,,,,,Y,3,0,1,2,A,-,12,21453,A,N,D,C,A,A,H,-,C,A,0,,,,,Y,,A,01,0,1,0,0,0,0,0,0,0,"- ","- ",36.341770172119141,-119.34974670410156,TULARE,VISALIA,-119.34993743896484,36.341758728027344
9766326,2025,2025-03-06,5405,2025-02-12,1003,324,SEC3,3,5,4,5405,0,0,0,,0,,"MAIN ST","GIBBONS AV",21.00,W,N,A,-,N,,,,,,,,,,Y,3,0,4,2,A,-,12,22450,A,N,D,C,A,A,H,-,A,A,0,,,,,Y,,A,01,0,3,1,0,0,0,0,0,0,"- ","- ",36.040370941162109,-119.01757049560547,TULARE,PORTERVILLE,-119.01757049560547,36.040378570556641
9766416,2025,2025-03-04,5401,2025-01-27,1729,2125,5401,1,5,3,5401,0,0,0,,0,,"ELMONTE WAY","RANDLE AV",26.00,N,N,A,-,N,,,,,,,,,,Y,4,0,2,2,A,-,09,21804,A,N,D,C,A,A,H,-,C,A,0,,,,,Y,,A,01,0,0,2,0,0,0,0,0,0,"- ","- ",,,TULARE,DINUBA,-119.37227630615234,36.545490264892578
9766640,2025,2025-04-01,5407,2025-02-14,1816,12531,480,5,5,5,5407,0,0,0,,0,025,"N MOONEY BL",SUNNYVIEW,0.00,,Y,A,-,N,,,,,,,,,,Y,2,0,1,2,A,-,08,22107,,N,D,C,A,A,C,H,C,D,0,,,Y,,Y,,A,01,1,0,0,0,0,0,0,0,1,"- ","- ",,,TULARE,VISALIA,,
9769114,2025,2025-02-03,5405,2025-01-21,2013,312,SEC3,2,5,4,5405,0,0,0,,0,,"OLIVE AV","PLANO ST",273.00,W,N,A,-,N,,,,,,,,,,N,2,0,1,2,A,-,10,21952,,F,G,B,C,A,H,-,C,A,0,Y,,,,Y,Y,A,01,1,0,0,0,1,0,0,0,0,"- ","- ",36.064098358154297,-119.00952911376953,TULARE,PORTERVILLE,-119.00923919677734,36.065101623535156
9770344,2024,2024-12-31,5401,2024-12-06,1122,2125,5401,5,5,3,5401,0,0,0,,0,,"ELMONTE WY","EATON AV",9.00,W,N,A,-,N,,,,,,,,,,N,4,0,1,2,A,-,09,21801,A,N,D,C,A,A,H,-,A,D,0,,,,,Y,,A,01,0,0,1,0,0,0,0,0,0,"- ","- ",,,TULARE,DINUBA,-119.39051818847656,36.545768737792969
9770541,2024,2025-01-10,5405,2024-12-17,1142,321,SEC1,2,5,4,5405,0,0,0,,0,,"HENDERSON AV","PROSEPECT ST",280.00,W,N,A,-,N,,,,,,,,,,Y,3,0,1,4,A,-,03,22350,,N,C,C,A,A,H,-,A,A,0,,,,,Y,,A,07,0,1,0,0,0,0,0,0,0,"- ","- ",36.080421447753906,-119.04393005371094,TULARE,PORTERVILLE,-119.04491424560547,36.080410003662109
9770869,2024,2025-01-07,5404,2024-12-21,1449,671,20L,6,5,2,5404,0,0,0,,0,010,"TULARE RD","ELMWOOD AV",0.00,,Y,A,-,N,,,,,,,,,,Y,2,0,1,1,A,-,08,22107,,N,E,I,A,A,H,-,A,A,0,,,Y,,Y,,C,02,1,0,0,0,0,0,0,0,1,"- ","- ",,,TULARE,LINDSAY,-119.09249114990234,36.210563659667969
9770901,2024,2025-01-08,5407,2024-11-05,1305,M292,480,2,5,5,5407,0,0,0,,0,M11,"N PLAZA DR","W NICHOLAS AV",410.00,S,N,A,-,N,,,,,,,,,,Y,3,0,1,2,A,-,00,23136,,N,B,C,A,A,H,-,A,A,0,,,,,Y,Y,A,01,0,1,0,0,0,0,0,0,0,"- ","- ",36.335468292236328,-119.39438629150391,TULARE,VISALIA,-119.39456176757812,36.335514068603516
9770911,2024,2025-01-07,5407,2024-10-29,"732 ",A372,480,2,5,5,5407,0,0,0,,0,N25,"N COURT ST","NE 5TH AV",3.00,S,N,A,-,N,,,,,,,,,,N,3,0,1,2,A,-,10,21950,A,N,A,B,D,A,H,-,A,A,0,Y,,,,Y,,A,01,0,1,0,0,1,0,0,0,0,"- ","- ",36.340129852294922,-119.29241943359375,TULARE,VISALIA,-119.29239654541016,36.340740203857422
9770919,2024,2025-01-10,5407,2024-10-26,1044,C56,480,6,5,5,5407,0,0,0,,0,P33,"S GIDDINGS ST","W MYRTLE AV",0.00,,Y,A,-,N,,,,,,,,,,Y,4,0,1,2,A,-,09,21804,A,N,D,C,A,A,H,-,A,A,0,,,,,Y,,A,07,0,0,1,0,0,0,0,0,0,"- ","- ",36.324691772460938,-119.305419921875,TULARE,VISALIA,-119.30544281005859,36.324703216552734
9770920,2024,2025-01-10,5407,2024-10-23,1128,C68,580,3,5,5,5407,0,0,0,,0,025,"N MOONEY BL","W SUNNYVIEW AV",0.00,,Y,A,-,N,,,,,,,,,,Y,4,0,1,2,A,-,09,21801,A,N,D,C,A,A,H,-,A,D,0,,,,,Y,,A,01,0,0,1,0,0,0,0,0,0,"- ","- ",36.351341247558594,-119.31427001953125,TULARE,VISALIA,,
9773103,2024,2025-01-06,5407,2024-09-13,1838,C68,480,5,5,5,5407,0,0,0,,0,R12,"W WALNUT AV","S LINWOOD ST",0.00,,Y,A,-,N,,,,,,,,,,Y,4,0,1,2,A,-,12,21453,A,N,D,C,A,A,H,-,B,A,0,,,,,Y,,A,01,0,0,1,0,0,0,0,0,0,"- ","- ",36.312789916992188,-119.34063720703125,TULARE,VISALIA,-119.34063720703125,36.312786102294922
9773607,2024,2025-01-09,5407,2024-09-22,1401,C62,480,7,5,5,5407,0,0,0,,0,011,"MINERAL KING AV","CHINOWTH ST",0.00,,Y,A,-,N,,,,,,,,,,Y,3,0,1,3,A,-,12,21453,A,N,D,C,A,A,H,-,A,A,0,,,,,Y,,A,01,0,1,0,0,0,0,0,0,0,"- ","- ",36.326999664306641,-119.33599853515625,TULARE,VISALIA,-119.33625030517578,36.327850341796875
9774766,2024,2025-01-31,5405,2024-11-19,"956 ",321,SEC3,2,5,4,5405,0,0,0,,0,,"OLIVE AV","2ND ST",6.00,E,N,A,-,N,,,,,,,,,,N,3,0,1,2,A,-,10,21950,A,N,G,B,B,A,H,-,A,A,0,Y,,,,Y,,A,07,0,1,0,0,1,0,0,0,0,"- ","- ",36.064781188964844,-119.01531219482422,TULARE,PORTERVILLE,-119.01522827148438,36.065128326416016
9774806,2024,2025-01-28,5405,2024-12-27,1729,322,"SEC 1",5,5,4,5405,0,0,0,,0,001,"MORTON AV","PROSPECT ST",0.00,,Y,A,-,N,,,,,,,,,,N,4,0,1,3,A,-,10,21950,A,N,G,B,B,A,H,-,C,A,0,Y,,,,Y,,A,07,0,0,1,0,1,0,0,0,0,"- ","- ",,,TULARE,PORTERVILLE,-119.04391479492188,36.073276519775391
9774953,2024,2025-01-29,5407,2024-12-29,"750 ",A418,480,7,5,5,5407,0,0,0,,0,012,"WHITENDALE AV","DEMAREE ST",0.00,,Y,A,-,N,,,,,,,,,,Y,4,0,2,3,A,-,12,21453,A,N,D,C,A,A,H,-,A,A,0,,,,,Y,,A,01,0,0,2,0,0,0,0,0,0,"- ","- ",36.305538177490234,-119.33158111572266,TULARE,VISALIA,-119.33158111572266,36.3055419921875
9774960,2024,2025-01-29,5407,2024-12-09,1051,C60,480,1,5,5,5407,0,0,0,,0,034,"S LOVERS LN","E CALDWELL AV",0.00,,Y,B,-,N,,,,,,,,,,Y,2,0,1,2,A,-,12,21453,A,F,D,C,A,A,H,-,A,A,0,,,,,Y,,A,01,1,0,0,0,0,0,0,0,0,"- ","- ",36.297279357910156,-119.26088714599609,TULARE,VISALIA,-119.26097106933594,36.298351287841797
9778594,2025,2025-02-13,5405,2025-01-15,1814,324,"SEC 1",3,5,4,5405,0,0,0,,0,,"RT 65","NORTH GRAND AV",250.00,S,N,A,-,Y,TUL,6,65,-,-,21.330,H,-,N,Y,3,0,1,3,A,-,01,23153,B,F,C,C,A,A,H,-,D,A,0,,,,,Y,Y,A,01,0,1,0,0,0,0,0,0,0,"- ","- ",,,TULARE,PORTERVILLE,-119.03982543945312,36.097606658935547
9781412,2024,2025-02-12,5407,2024-11-26,1845,M369,480,2,5,5,5407,0,0,0,,0,Q34,"W CAMERON AV","S WEST ST",0.00,,Y,A,-,N,,,,,,,,,,Y,4,0,2,2,A,-,08,22107,,N,D,C,A,B,H,-,C,D,0,,,,,Y,,D,22,0,0,2,0,0,0,0,0,0,"- ","- ",36.293750762939453,-119.29621887207031,TULARE,VISALIA,-119.29618835449219,36.293743133544922
9781670,2025,2025-02-14,5407,2025-01-17,1756,C68,480,5,5,5,5407,0,0,0,,0,N25,"WILLIS ST","MAIN ST",0.00,,Y,A,-,N,,,,,,,,,,N,3,0,1,2,A,-,09,21801,A,N,A,C,A,A,H,-,B,A,0,,,,,Y,,A,01,0,1,0,0,0,0,0,0,0,"- ","- ",36.330131530761719,-119.29770660400391,TULARE,VISALIA,-119.29771423339844,36.330154418945312
9781671,2025,2025-02-14,5407,2025-01-11,1424,A414,480,6,5,5,5407,0,0,0,,0,N25,"RIGGIN AV","DINUBA BL",613.00,W,N,A,-,N,,,,,,,,,,Y,2,0,1,2,A,-,09,21801,A,N,D,C,A,A,H,-,A,D,0,,,Y,,Y,,-,,1,0,0,0,0,0,0,0,0,"- ","- ",36.356201171875,-119.29696655273438,TULARE,VISALIA,-119.29911041259766,36.356292724609375
9781889,2024,2025-03-28,5406,2024-12-09,1104,FNVWJ,DIST3,1,5,4,5406,0,0,0,,0,EAST,BARDSLEY,"O ST",419.00,W,N,B,-,N,,,,,,,,,,Y,3,0,1,5,A,-,08,22107,,N,C,C,A,A,H,-,A,D,0,,,,,Y,,A,01,0,1,0,0,0,0,0,0,0,"- ","- ",36.196590423583984,-119.33979034423828,TULARE,TULARE,-119.34120941162109,36.19659423828125
9782610,2024,2025-02-24,5407,2024-12-14,1731,A410,480,6,5,5,5407,0,0,0,,0,033,"NOBLE AV","MOONEY BL",0.00,,Y,A,-,N,,,,,,,,,,Y,4,0,1,2,A,-,12,21453,A,N,D,C,A,A,H,-,C,A,0,,,,,Y,,A,01,0,0,1,0,0,0,0,0,0,"- ","- ",36.326541900634766,-119.31400299072266,TULARE,VISALIA,-119.31409454345703,36.326545715332031
9782611,2024,2025-02-24,5407,2024-12-02,2037,12291,480,1,5,5,5407,0,0,0,,0,025,"LOCUST ST","WILLOW AV",0.00,,Y,A,-,N,,,,,,,,,,N,3,0,1,2,A,-,05,21650,1,N,H,G,A,A,H,-,D,A,0,,Y,,,Y,,L,04,0,1,0,0,0,0,1,0,0,"- ","- ",36.327480316162109,-119.29486083984375,TULARE,VISALIA,-119.29342651367188,36.328311920166016
9782861,2025,2025-03-13,5407,2025-01-10,"732 ",A410,480,5,5,5,5407,0,0,0,,0,012,"RT 63","W KAWEAH AV",0.00,,Y,A,-,Y,TUL,6,63,-,L,7.949,I,5,S,Y,4,0,2,2,A,-,12,21453,A,N,D,C,A,A,H,-,A,A,0,,,,,Y,,A,07,0,0,2,0,0,0,0,0,0,"- ","- ",36.326541900634766,-119.31400299072266,TULARE,VISALIA,-119.31411743164062,36.326541900634766
9784286,2024,2025-02-19,5407,2024-10-19,2051,A387,480,6,5,5,5407,0,0,0,,0,O26,"BEN MADDOX WY","E DOUGLAS AV",0.00,,Y,A,-,N,,,,,,,,,,Y,3,0,1,2,A,-,12,21453,A,M,D,C,A,A,H,-,C,A,0,,,,,Y,,A,01,0,1,0,0,0,0,0,0,0,"- ","- ",,,TULARE,VISALIA,-119.27881622314453,36.338218688964844
9787970,2025,2025-04-22,5403,2025-03-01,1224,127,,6,5,2,5403,0,0,0,,0,,"W WALNUT AVE","N VENTURA AVE",0.00,,Y,A,-,N,,,,,,,,,,Y,3,0,5,2,A,-,09,21800,,N,D,C,A,A,H,-,A,A,0,,,,,Y,,A,07,0,2,3,0,0,0,0,0,0,"- ","- ",,,TULARE,FARMERSVILLE,-119.21143341064453,36.312335968017578
9792467,2025,2025-03-21,5403,2025-02-18,"755 ",124,,2,5,2,5403,0,0,0,,0,,"FARMERSVILLE BL",CITRUS,15.00,N,N,A,-,N,,,,,,,,,,Y,4,0,1,2,A,-,09,21800,,N,D,C,A,A,H,-,A,D,0,,,,,Y,,A,01,0,0,1,0,0,0,0,0,0,"- ","- ",,,TULARE,FARMERSVILLE,-119.20706176757812,36.307632446289062
9793633,2025,2025-03-17,5407,2025-01-28,1504,A424,480,2,5,5,5407,0,0,0,,0,033,"MEADOW AV","MOONEY BL",0.00,,Y,A,-,N,,,,,,,,,,N,3,0,1,2,A,-,05,21650,,N,D,G,A,A,H,-,A,A,0,,Y,,,Y,,L,04,0,1,0,0,0,0,1,0,0,"- ","- ",,,TULARE,VISALIA,-119.31404876708984,36.322029113769531
9794489,2025,2025-04-09,5405,2025-03-06,1341,177,SEC2,4,5,4,5405,0,0,0,,0,,"JAYE ST","OAK AVE",0.00,,Y,A,-,N,,,,,,,,,,Y,4,0,1,3,A,-,09,21801,A,N,D,C,A,A,H,-,A,A,0,,,,,Y,,D,22,0,0,1,0,0,0,0,0,0,"- ","- ",,,TULARE,PORTERVILLE,-119.02610015869141,36.06793212890625
9794490,2025,2025-04-04,5405,2025-03-11,1612,322,SEC1,2,5,4,5405,0,0,0,,0,001,"MORTON AV","VILLA ST",0.00,,Y,A,-,N,,,,,,,,,,N,4,0,2,2,A,-,12,21453,A,N,D,C,A,A,H,-,A,A,0,,,,,Y,,D,22,0,0,2,0,0,0,0,0,0,"- ","- ",36.073310852050781,-119.03058624267578,TULARE,PORTERVILLE,-119.0306396484375,36.073268890380859
9794709,2025,2025-04-07,5405,2025-03-17,1404,322,"SEC 3",1,5,4,5405,0,0,0,,0,,"OLIVE AV","MAIN ST",27.00,E,N,B,-,N,,,,,,,,,,N,3,0,2,2,A,-,03,22350,,N,C,C,A,A,H,-,A,A,0,,,,,Y,,A,07,0,1,1,0,0,0,0,0,0,"- ","- ",36.065208435058594,-119.01618957519531,TULARE,PORTERVILLE,-119.01638793945312,36.065128326416016
9794998,2024,2025-03-27,5407,2024-11-26,1627,12452,480,2,5,5,5407,0,0,0,,0,R12,"S SHIRK RD","RT 198",230.00,S,N,C,-,N,,,,,,,,,,Y,2,0,5,2,A,-,05,21650,,N,A,C,A,B,H,-,A,A,0,,,,,Y,,A,01,1,1,3,0,0,0,0,0,0,"- ",EF,36.325878143310547,-119.36763000488281,TULARE,VISALIA,-119.36765289306641,36.326709747314453
9796362,2025,2025-04-18,5401,2025-03-12,1116,2128,5401,3,5,3,5401,0,0,0,,0,00B,"E ELMONTE WY","N CRAWFORD AV",0.00,,Y,A,-,N,,,,,,,,,,N,4,0,1,2,A,-,12,21453,A,N,D,C,A,A,H,-,A,A,0,,,,,Y,,A,01,0,0,1,0,0,0,0,0,0,"- ","- ",,,TULARE,DINUBA,-119.37688446044922,36.545425415039062
9798653,2025,2025-06-12,5405,2025-05-22,1843,321,SEC4,4,5,4,5405,0,0,0,,0,,"ROBY AV","COBB ST",0.00,,Y,A,-,N,,,,,,,,,,Y,3,0,1,2,A,-,09,21802,A,N,D,C,A,A,H,-,A,A,0,,,Y,,Y,,A,07,0,1,0,0,0,0,0,0,1,"- ","- ",36.06317138671875,-119.04010772705078,TULARE,PORTERVILLE,-119.04035186767578,36.062946319580078
9798655,2025,2025-06-12,5405,2025-05-15,"556 ",282,SEC3,4,5,4,5405,0,0,0,,0,,"OLIVE AV","G ST",15.00,E,N,A,-,N,,,,,,,,,,Y,4,0,1,1,A,-,08,22107,,N,E,J,A,A,H,-,A,A,0,,,,,Y,,A,01,0,0,1,0,0,0,0,0,0,"- ","- ",36.065250396728516,-119.02300262451172,TULARE,PORTERVILLE,-119.02291107177734,36.065189361572266
9799594,2025,2025-04-03,5407,2025-02-22,1857,A413,480,6,5,5,5407,0,0,0,,0,025,"COURT ST","W MINERAL KING AV",0.00,,Y,A,-,N,,,,,,,,,,N,3,0,1,2,A,-,07,21658,A,N,B,C,A,A,H,-,C,D,0,,,Y,,Y,,A,01,0,1,0,0,0,0,0,0,1,"- ","- ",,,TULARE,VISALIA,-119.29231262207031,36.327438354492188
9802866,2025,2025-05-01,5407,2025-03-19,1628,C61,480,3,5,5,5407,0,0,0,,0,Q34,"WALNUT AV","BEN MADDOX AV",290.00,W,N,A,-,N,,,,,,,,,,N,4,0,1,2,A,-,03,22350,,N,C,C,A,A,H,-,A,D,0,,,,,Y,,A,07,0,0,1,0,0,0,0,0,0,"- ","- ",36.312599182128906,-119.27500915527344,TULARE,VISALIA,-119.27498626708984,36.312641143798828