CASE_ID,ACCIDENT_YEAR,PROC_DATE,JURIS,COLLISION_DATE,COLLISION_TIME,OFFICER_ID,REPORTING_DISTRICT,DAY_OF_WEEK,CHP_SHIFT,POPULATION,CNTY_CITY_LOC,SPECIAL_COND,BEAT_TYPE,CHP_BEAT_TYPE,CITY_DIVISION_LAPD,CHP_BEAT_CLASS,BEAT_NUMBER,PRIMARY_RD,SECONDARY_RD,DISTANCE,DIRECTION,INTERSECTION,WEATHER_1,WEATHER_2,STATE_HWY_IND,CALTRANS_COUNTY,CALTRANS_DISTRICT,STATE_ROUTE,ROUTE_SUFFIX,POSTMILE_PREFIX,POSTMILE,LOCATION_TYPE,RAMP_INTERSECTION,SIDE_OF_HWY,TOW_AWAY,COLLISION_SEVERITY,NUMBER_KILLED,NUMBER_INJURED,PARTY_COUNT,PRIMARY_COLL_FACTOR,PCF_CODE_OF_VIOL,PCF_VIOL_CATEGORY,PCF_VIOLATION,PCF_VIOL_SUBSECTION,HIT_AND_RUN,TYPE_OF_COLLISION,MVIW,PED_ACTION,ROAD_SURFACE,ROAD_COND_1,ROAD_COND_2,LIGHTING,CONTROL_DEVICE,CHP_ROAD_TYPE,PEDESTRIAN_ACCIDENT,BICYCLE_ACCIDENT,MOTORCYCLE_ACCIDENT,TRUCK_ACCIDENT,NOT_PRIVATE_PROPERTY,ALCOHOL_INVOLVED,STWD_VEHTYPE_AT_FAULT,CHP_VEHTYPE_AT_FAULT,COUNT_SEVERE_INJ,COUNT_VISIBLE_INJ,COUNT_COMPLAINT_PAIN,COUNT_PED_KILLED,COUNT_PED_INJURED,COUNT_BICYCLIST_KILLED,COUNT_BICYCLIST_INJURED,COUNT_MC_KILLED,COUNT_MC_INJURED,PRIMARY_RAMP,SECONDARY_RAMP,LATITUDE,LONGITUDE,COUNTY,CITY,POINT_X,POINT_Y
6363385,2014,2014-06-11,5407,2014-01-22,1817,A66,480,3,5,5,5407,0,0,0,,0,026,"BEN MADDOX",GOSHEN,480.00,S,N,B,-,N,,,,,,,,,,N,2,0,1,2,A,-,11,21956,A,N,G,B,E,A,H,-,D,D,0,Y,,,,Y,Y,N,,1,0,0,0,1,0,0,0,0,"- ","- ",,,TULARE,VISALIA,-119.27875749,36.333302940000003
6363389,2014,2014-06-11,5407,2014-01-28,0250,A252,480,2,5,5,5407,0,0,0,,0,034,"COURT ST","BEECH AV",219.00,N,N,A,-,N,,,,,,,,,,Y,4,0,1,2,A,-,01,23152,E,N,C,E,A,A,H,-,C,D,0,,,,,Y,,A,01,0,0,1,0,0,0,0,0,0,"- ","- ",,,TULARE,VISALIA,-119.29189857,36.309838399999997
6363401,2014,2014-06-17,5407,2014-01-23,1628,M234,480,4,5,5,5407,0,0,0,,0,011,"RD 80","AVE 320",360.00,S,N,A,-,N,,,,,,,,,,Y,3,0,2,2,A,-,07,21658,A,N,B,C,A,A,H,-,A,D,0,,,,Y,Y,,F,26,0,2,0,0,0,0,0,0,0,"- ","- ",,,TULARE,VISALIA,-119.39471465,36.369862040000001
6363602,2014,2014-06-09,5407,2014-01-23,1416,M218,480,4,5,5,5407,0,0,0,,0,012,WALNUT,DEMAREE,69.00,W,N,A,-,N,,,,,,,,,,Y,4,0,1,3,A,-,03,22350,,N,C,C,A,A,H,-,A,A,0,,,,,Y,,-,"- ",0,0,1,0,0,0,0,0,0,"- ","- ",,,TULARE,VISALIA,-119.33190396000001,36.312809479999999
6363606,2014,2014-06-10,5407,2014-01-16,1747,A247,480,4,5,5,5407,0,0,0,,0,026,HOUSTON,CAIN,0.00,,Y,A,-,N,,,,,,,,,,N,2,0,1,2,A,-,05,21650,,N,H,G,A,A,H,-,C,A,0,,Y,,,Y,Y,L,04,1,0,0,0,0,0,1,0,0,"- ","- ",,,TULARE,VISALIA,-119.27438998,36.34188005
6363669,2014,2014-06-10,5407,2014-01-02,1207,A13,480,4,5,5,5407,0,0,0,,0,025,RIGGIN,"COUNTY CENTER",57.00,W,N,A,-,N,,,,,,,,,,N,4,0,1,2,A,-,03,22350,,N,C,C,A,A,H,-,A,A,0,,,,,Y,,A,01,0,0,1,0,0,0,0,0,0,"- ","- ",,,TULARE,VISALIA,-119.32252338000001,36.356500820000001
6363673,2014,2014-06-10,5407,2014-01-08,1830,A66,480,3,5,5,5407,0,0,0,,0,026,"ST JOHNS PKWY",LARK,687.00,N,N,A,-,N,,,,,,,,,,Y,4,0,2,1,A,-,03,22350,,N,E,I,A,A,H,-,C,D,0,,,,,Y,,A,01,0,0,2,0,0,0,0,0,0,"- ","- ",,,TULARE,VISALIA,-119.28698106,36.356633670000001
6365701,2014,2015-10-24,5406,2014-01-18,1312,42,B4,6,5,4,5406,0,0,0,,0,0ES,"TULARE AV","CANBY ST",0.00,,Y,A,-,Y,TUL,6,137,-,-,16.910,I,5,E,Y,2,0,1,2,A,-,09,21801,A,N,D,C,A,A,H,-,A,D,0,,,Y,,Y,,D,22,1,0,0,0,0,0,0,0,1,"- ","- ",,,TULARE,TULARE,-119.32361435,36.21111509
6365895,2014,2016-01-15,9480,2014-02-01,1815,015689,,6,2,9,5400,0,1,3,,1,044,"RT 198","ROAD 217",85.00,W,N,A,-,Y,TUL,6,198,-,-,21.370,H,-,W,Y,2,0,1,2,A,-,05,21460,A,N,B,C,A,A,H,-,D,D,0,,,Y,,Y,,C,02,1,0,0,0,0,0,0,0,1,"- ","- ",36.325429999999997,-119.08888,TULARE,UNINCORPORATED,-119.0886888,36.32549496
6365899,2014,2014-06-18,9480,2014-02-02,1130,016856,,7,1,9,5400,0,3,5,,2,003,"AVENUE 260","ROAD 68",0.00,,Y,A,-,N,,,,,,,,,,Y,4,0,2,2,A,-,12,22450,A,N,D,C,A,A,H,-,A,D,0,,,,,Y,,D,22,0,0,2,0,0,0,0,0,0,"- ","- ",36.261620000000001,-119.42116,TULARE,UNINCORPORATED,-119.42118993,36.261640020000002
6370417,2014,2014-06-16,5405,2014-02-04,1535,186,,2,5,4,5405,0,0,0,,0,001,"MULBERRY AV","WESTSIDE ST",8.00,E,N,A,-,N,,,,,,,,,,N,4,0,1,3,A,-,03,22350,,N,C,C,A,A,H,-,A,A,0,,,,,Y,,A,01,0,0,1,0,0,0,0,0,0,"- ","- ",,,TULARE,PORTERVILLE,-119.04503299,36.084001059999999
6385798,2014,2014-06-06,9480,2014-01-31,1500,020612,,5,2,9,5400,0,3,5,,2,001,"AVE 304","CAMP DR",0.00,,Y,A,-,N,,,,,,,,,,Y,3,0,1,2,A,-,09,21801,A,N,A,G,A,A,H,-,A,D,0,,Y,,,Y,,L,04,0,1,0,0,0,0,1,0,0,"- ","- ",36.341650000000001,-119.41426,TULARE,UNINCORPORATED,-119.41439994,36.341720080000002
6385956,2014,2014-06-18,9480,2014-02-01,1800,017709,,6,2,9,5400,0,3,5,,2,002,"ROAD 128","AVENUE 472",525.00,S,N,A,-,N,,,,,,,,,,Y,4,0,1,1,C,-,18,,,N,E,I,A,A,G,-,D,D,0,,,,,Y,,-,"- ",0,0,1,0,0,0,0,0,0,"- ","- ",,,TULARE,UNINCORPORATED,-119.28644586999999,36.644369670000003
6386734,2014,2014-06-17,9480,2014-02-22,1711,018403,,6,2,9,5400,0,3,5,,2,003,"ADAMS RD","WOODS AV",0.00,,Y,A,-,N,,,,,,,,,,N,3,0,1,2,A,-,05,21202,A,N,H,G,A,A,H,-,A,D,0,,Y,,,Y,,L,04,0,1,0,0,0,0,1,0,0,"- ","- ",36.061169999999997,-119.30871999999999,TULARE,UNINCORPORATED,-119.30876997,36.061260079999997
6386782,2014,2016-01-26,9480,2014-02-25,0130,019186,,2,3,9,5400,0,1,3,,1,045,"RT 245","AVENUE 312",0.00,,Y,A,-,Y,TUL,6,245,-,-,2.240,H,-,N,Y,4,0,1,1,A,-,08,22107,,N,F,A,A,A,H,-,D,D,0,,,,,Y,,A,01,0,0,1,0,0,0,0,0,0,"- ","- ",,,TULARE,UNINCORPORATED,-119.11607592,36.358600490000001
6386786,2014,2015-11-17,9480,2014-02-26,2248,019258,,3,3,9,5400,0,1,3,,2,093,"RT 99","RT 198",681.00,S,N,C,-,Y,TUL,6,99,-,R,38.032,R,2,N,Y,3,0,1,1,A,-,03,22350,,N,F,I,A,B,H,-,D,D,1,,,,,Y,,A,01,0,1,0,0,0,0,0,0,0,TO,"- ",36.32432,-119.40266,TULARE,UNINCORPORATED,-119.39841144,36.319318989999999
6387216,2014,2016-01-15,9480,2014-01-30,1807,17497,,4,2,5,5407,0,1,3,,1,064,"RT 198",WATSON,1056.00,W,N,B,-,Y,TUL,6,198,-,R,9.530,R,1,E,Y,4,0,2,3,A,-,03,22350,,N,C,C,A,A,H,-,C,D,1,,,,,Y,,A,07,0,0,2,0,0,0,0,0,0,TO,"- ",,,TULARE,VISALIA,-119.30012159,36.326920770000001
6394442,2014,2014-06-13,5407,2014-02-07,0846,M203,480,5,5,5,5407,0,0,0,,0,025,HOUSTON,WILLIS,57.00,E,N,B,-,N,,,,,,,,,,N,3,0,1,2,A,-,11,21954,A,F,G,B,D,A,H,-,A,A,0,Y,,,,Y,,N,60,0,1,0,0,1,0,0,0,0,"- ","- ",,,TULARE,VISALIA,-119.29743666,36.341839999999998
6394450,2014,2014-06-20,5407,2014-02-09,1856,A256,480,7,5,5,5407,0,0,0,,0,025,FERGUSON,JACOB,495.00,E,N,B,-,N,,,,,,,,,,N,2,0,1,2,A,-,05,21650,,F,G,B,E,A,H,-,C,D,0,Y,,,,Y,Y,N,,1,0,0,0,1,0,0,0,0,"- ","- ",,,TULARE,VISALIA,-119.30021343,36.34942349
6394462,2014,2014-06-13,5407,2014-02-01,1149,M214,480,6,5,5,5407,0,0,0,,0,025,"GOSHEN AV","STEVENSON ST",0.00,,Y,A,-,N,,,,,,,,,,Y,3,0,2,2,A,-,09,21802,A,N,D,C,A,A,H,-,A,A,0,,,,,Y,,A,01,0,2,0,0,0,0,0,0,0,"- ","- ",,,TULARE,VISALIA,-119.29998988,36.334540019999999
6394470,2014,2014-06-13,5407,2014-02-22,1247,M214,480,6,5,5,5407,0,0,0,,0,012,"DEMAREE ST","PARADISE AV",0.00,,Y,A,-,N,,,,,,,,,,N,3,0,1,2,A,-,08,22100,B,N,A,G,A,A,H,-,A,A,0,,Y,,,Y,,L,04,0,1,0,0,0,0,1,0,0,"- ","- ",,,TULARE,VISALIA,-119.33171992,36.316450070000002
6395074,2014,2014-06-24,5407,2014-02-19,1802,VANGA261,480,3,5,5,5407,0,0,0,,0,012,DEMAREE,"VISALIA PKWY",48.00,S,N,A,-,N,,,,,,,,,,Y,4,0,1,2,A,-,03,22350,,N,C,C,A,A,H,-,C,A,0,,,,,Y,,D,,0,0,1,0,0,0,0,0,0,"- ","- ",,,TULARE,VISALIA,-119.33141999999999,36.291138279999998
6395099,2014,2015-11-20,5407,2014-02-11,2222,A128,480,2,5,5,5407,0,0,0,,0,025,"RT 63","MINERAL KING",0.00,,Y,A,-,Y,TUL,6,63,-,-,8.013,I,5,S,Y,4,0,3,2,A,-,12,21453,A,N,D,C,A,A,H,-,C,A,0,,,,,Y,,-,,0,0,3,0,0,0,0,0,0,"- ","- ",,,TULARE,VISALIA,-119.29341957,36.327436030000001
6395106,2014,2014-06-25,5407,2014-02-24,1638,A255,480,1,5,5,5407,0,0,0,,0,025,MURRAY,JOHNSON,75.00,W,N,A,-,N,,,,,,,,,,N,4,0,1,2,A,-,04,21703,,N,C,C,A,A,H,-,A,D,0,,,,,Y,,D,22,0,0,1,0,0,0,0,0,0,"- ","- ",,,TULARE,VISALIA,-119.29912437,36.333730000000003
6395119,2014,2014-06-04,5407,2014-01-30,1156,A108,480,4,5,5,5407,0,0,0,,0,,"BEN MADDOX","BUENA VISTA",120.00,S,N,B,C,N,,,,,,,,,,Y,3,0,1,1,A,-,03,22350,,N,E,I,A,B,H,-,A,D,0,,,,,Y,,D,22,0,1,0,0,0,0,0,0,0,"- ","- ",,,TULARE,VISALIA,-119.27884671,36.345300719999997
6396823,2014,2014-06-06,5403,2014-02-14,0807,844,,5,5,2,5403,0,0,0,,0,,"WALNUT AV","FREEDOM DR",0.00,,Y,A,-,N,,,,,,,,,,N,3,0,1,2,A,-,08,22107,,N,D,C,A,A,H,-,A,D,0,,,,,Y,,A,01,0,1,0,0,0,0,0,0,0,"- ","- ",,,TULARE,FARMERSVILLE,-119.20265999999999,36.312246000000002
6397285,2014,2014-07-28,5406,2014-01-12,0016,74,5406,7,5,4,5406,0,0,0,,0,0SW,"PAIGE AV","WEST ST",4.00,W,N,A,-,N,,,,,,,,,,Y,2,0,2,1,A,-,01,23153,A,N,F,J,A,A,H,-,C,A,0,,,,,Y,Y,A,01,1,0,1,0,0,0,0,0,0,"- ","- ",,,TULARE,TULARE,-119.36637354,36.181919899999997
6397431,2014,2016-03-23,5406,2014-01-13,1413,42,B5,1,5,4,5406,0,0,0,,0,0ES,"M ST",KERN,0.00,,Y,A,-,Y,TUL,6,137,-,R,15.600,I,5,W,Y,4,0,1,2,A,-,09,21802,A,N,H,C,A,A,H,-,A,-,0,,,,,Y,,-,,0,0,1,0,0,0,0,0,0,"- ","- ",,,TULARE,TULARE,-119.34307071000001,36.205974339999997
6398166,2014,2014-06-17,5407,2014-02-20,1712,A263,480,4,5,5,5407,0,0,0,,0,034,"CALDWELL AV","SANTA FE",423.00,E,N,A,-,N,,,,,,,,,,Y,4,0,1,3,A,-,03,22350,,N,C,C,A,A,H,-,A,A,0,,,,,Y,,A,,0,0,1,0,0,0,0,0,0,"- ","- ",,,TULARE,VISALIA,-119.28573616,36.298143150000001
6398174,2014,2015-11-19,5407,2014-02-13,1253,M205,480,4,5,5,5407,0,0,0,,0,033,MYRTLE,"RT 63",3.00,E,N,A,-,Y,TUL,6,63,-,-,7.820,I,6,N,N,4,0,1,2,A,-,10,21950,A,N,G,B,B,A,H,-,A,A,0,Y,,,,Y,,A,07,0,0,1,0,1,0,0,0,0,"- ","- ",,,TULARE,VISALIA,-119.31393702,36.324764530000003
6398230,2014,2014-06-17,5407,2014-02-28,1723,A257,480,5,5,5,5407,0,0,0,,0,034,"WALNUT AV",ENCINA,0.00,,Y,C,-,N,,,,,,,,,,Y,4,0,1,2,A,-,09,21801,A,N,D,C,A,B,H,-,B,A,0,,,,,Y,,A,,0,0,1,0,0,0,0,0,0,"- ","- ",,,TULARE,VISALIA,-119.2947999,36.312870009999997
6398770,2014,2014-06-09,5407,2014-01-30,0830,M214,480,4,5,5,5407,0,0,0,,0,034,"COURT ST","WALNUT AV",180.00,N,N,B,-,N,,,,,,,,,,N,3,0,1,2,A,-,03,22350,,N,C,C,A,A,H,-,A,D,0,,,,,Y,,A,01,0,1,0,0,0,0,0,0,0,"- ","- ",,,TULARE,VISALIA,-119.29201684,36.313353919999997
6401587,2014,2014-06-06,9481,2014-01-24,1225,016147,,5,1,9,5400,0,2,4,,1,051,"SPRINGVILLE DR","S CONNER ST",0.00,,Y,A,-,N,,,,,,,,,,Y,4,0,2,2,A,-,09,21804,A,N,D,C,A,A,H,-,A,A,0,,,,,Y,,A,01,0,0,2,0,0,0,0,0,0,"- ","- ",36.057130000000001,-118.98618,TULARE,UNINCORPORATED,-118.98608007999999,36.054970089999998
6404764,2014,2014-06-23,9480,2014-03-03,0750,015047,,1,1,9,5400,0,3,5,,2,002,"ROAD 124","AVE 414",0.00,,Y,F,-,N,,,,,,,,,,N,4,0,1,3,A,-,03,22350,,N,C,C,A,A,H,-,A,D,0,,,,,Y,,A,01,0,0,1,0,0,0,0,0,0,"- ","- ",,,TULARE,UNINCORPORATED,-119.29586995,36.54113006
6404780,2014,2015-07-22,9480,2014-02-28,0555,017108,,5,3,9,5400,0,3,5,,2,005,"AVE 120","RD 80",12.00,W,N,C,-,N,,,,,,,,,,Y,2,0,1,2,A,-,12,22450,A,N,D,C,A,B,H,-,D,A,0,,,,Y,Y,,A,01,1,0,0,0,0,0,0,0,0,"- ","- ",,,TULARE,UNINCORPORATED,-119.39341053,36.007560120000001
6404788,2014,2014-06-05,9480,2014-02-21,1220,15689,,5,1,9,5400,0,3,5,,2,004,"AVENUE 328","ROAD 140",310.00,E,N,A,-,N,,,,,,,,,,Y,3,0,2,2,A,-,09,21801,A,N,D,C,A,A,H,-,A,D,0,,,,,Y,,A,07,0,1,1,0,0,0,0,0,0,"- ","- ",,,TULARE,UNINCORPORATED,-119.25983796,36.385422990000002
6411186,2014,2014-06-28,9480,2014-03-01,1640,016615,,6,2,9,5400,0,3,5,,2,002,"LEWIS ST","CAMPBELL AV",105.00,W,N,A,-,N,,,,,,,,,,N,4,0,1,2,A,-,03,22350,,N,D,C,A,A,H,-,A,D,0,,,,,Y,,D,22,0,0,1,0,0,0,0,0,0,"- ","- ",,,TULARE,UNINCORPORATED,-119.33611019,36.492742800000002
6412485,2014,2014-06-26,5405,2014-03-07,1135,186,,5,5,4,5405,0,0,0,,0,003,"OAK AV","PLANO ST",73.00,E,N,A,-,N,,,,,,,,,,N,4,0,1,2,A,-,21,22106,,N,D,C,A,A,H,-,A,A,0,,,,,Y,,D,22,0,0,1,0,0,0,0,0,0,"- ","- ",,,TULARE,PORTERVILLE,-119.0080734,36.067705599999996
6412545,2014,2016-01-26,9481,2014-03-11,0850,015218,,2,1,9,5400,0,1,3,,1,037,"RT 65","AVENUE 95",0.00,,Y,A,-,Y,TUL,6,65,-,R,11.860,I,5,N,Y,3,0,1,2,A,-,12,21453,A,N,D,D,A,A,H,-,A,A,0,,,,,Y,,D,22,0,1,0,0,0,0,0,0,0,"- ","- ",35.962380000000003,-119.05359,TULARE,UNINCORPORATED,-119.05355675,35.962425420000002
6414575,2014,2014-06-20,5405,2014-02-26,1723,106,,3,5,4,5405,0,0,0,,0,,"WESTFIELD AV","JUBILEE LN",0.00,,Y,B,-,N,,,,,,,,,,N,4,0,1,2,A,-,03,22350,,N,C,C,A,A,H,-,B,D,0,,,,,Y,,-,,0,0,1,0,0,0,0,0,0,"- ","- ",,,TULARE,PORTERVILLE,-119.03728049999999,36.087587999999997
6415205,2014,2016-01-20,5405,2014-03-15,1639,207,,6,5,4,5405,0,0,0,,0,004,"JAYE ST","RT 190",80.00,S,N,A,-,Y,TUL,6,190,-,-,15.950,I,6,W,N,3,0,2,2,A,-,03,22350,,N,C,C,A,A,H,-,A,A,0,,,,,Y,,-,,0,1,1,0,0,0,0,0,0,"- ","- ",,,TULARE,PORTERVILLE,-119.02625548,36.051594229999999
6416980,2014,2014-07-02,9481,2014-03-09,1400,017957,,7,2,9,5400,0,2,4,,2,052,"MOUNTAIN ROAD 137","CHIMNEY RD",4752.00,W,N,B,-,N,,,,,,,,,,Y,2,0,3,1,A,-,08,22107,,N,E,I,A,A,H,-,A,D,0,,,,,Y,,A,01,2,1,0,0,0,0,0,0,0,"- ","- ",36.022849999999998,-118.83659,TULARE,UNINCORPORATED,-118.83659,36.022849999999998
6417008,2014,2014-07-02,5405,2014-03-12,1400,186,,3,5,4,5405,0,0,0,,0,003,"OLIVE AV","E ST",0.00,,Y,A,-,N,,,,,,,,,,N,4,0,1,2,A,-,09,21453,B,N,D,G,A,A,H,-,A,A,0,,Y,,,Y,,A,08,0,0,1,0,0,0,1,0,0,"- ","- ",,,TULARE,PORTERVILLE,-119.02000013,36.065150099999997
6417214,2014,2015-11-17,9480,2014-03-11,0555,16210,,2,3,9,5400,0,1,3,,2,091,"RT 99","MENDOCINO AV",3696.00,S,N,A,-,Y,TUL,6,99,-,-,53.120,H,-,N,Y,4,0,1,1,A,-,08,22107,,N,E,I,A,A,D,-,D,D,1,,,,,Y,,A,01,0,0,1,0,0,0,0,0,0,"- ","- ",36.497579999999999,-119.53301,TULARE,UNINCORPORATED,-119.53828257000001,36.50034548
6417242,2014,2015-11-17,9480,2014-03-06,1024,16233,,4,1,9,5400,0,1,3,,2,093,"RT 99","CALDWELL AV",327.00,N,N,B,-,Y,TUL,6,99,-,-,36.470,H,-,S,Y,4,0,1,1,A,-,07,21658,A,N,E,I,A,A,H,-,A,D,1,,,,,Y,,A,01,0,0,1,0,0,0,0,0,0,"- ","- ",36.329799999999999,-119.38509999999999,TULARE,UNINCORPORATED,-119.38526357000001,36.298896120000002
6417292,2014,2014-06-24,9481,2014-03-07,1925,18815,,5,2,9,5400,0,3,5,,2,010,"AVENUE 168","ROAD 152",0.00,,Y,A,-,N,,,,,,,,,,Y,4,0,1,2,A,-,12,22450,A,N,D,C,A,A,H,-,D,A,0,,,,,Y,,A,01,0,0,1,0,0,0,0,0,0,"- ","- ",36.094900000000003,-119.23244,TULARE,UNINCORPORATED,-119.23230995,36.094710110000001
6418572,2014,2015-11-17,9480,2014-03-18,0725,16046,,2,1,9,5400,0,1,3,,2,095,"RT 99","AVENUE 120",447.00,S,N,A,-,Y,TUL,6,99,-,-,15.280,H,-,S,Y,3,0,1,2,A,-,08,22107,,N,B,E,A,A,H,-,A,D,1,,,,Y,Y,,F,27,0,1,0,0,0,0,0,0,0,"- ","- ",36.007019999999997,-119.30231999999999,TULARE,UNINCORPORATED,-119.30182430000001,36.00640284
6418576,2014,2016-01-20,9480,2014-03-17,0825,012568,,1,1,9,5400,0,1,3,,1,064,"RT 198","RT 65",1780.00,W,N,A,-,Y,TUL,6,198,-,R,18.420,H,-,E,Y,3,0,2,4,A,-,08,22107,,N,F,I,A,A,H,-,A,D,0,,,,,Y,,A,07,0,1,1,0,0,0,0,0,0,"- ","- ",36.326309999999999,-119.14067,TULARE,UNINCORPORATED,-119.14101255999999,36.326129109999997
6418584,2014,2015-11-17,9480,2014-03-08,1507,016233,,6,2,9,5400,0,1,3,,2,095,"RT 99","AVE 120",7920.00,S,N,A,-,Y,TUL,6,99,-,-,13.870,H,-,N,Y,3,0,2,1,A,-,08,22107,,N,F,A,A,A,H,-,A,D,1,,,,,Y,,D,22,0,2,0,0,0,0,0,0,0,"- ","- ",35.986069999999998,-119.29738999999999,TULARE,UNINCORPORATED,-119.29753101999999,35.986128549999997
6418624,2014,2014-07-07,9480,2014-03-13,1600,016615,,4,2,9,5400,0,3,5,,2,002,"RD 92","AVE 320",0.00,,Y,A,-,N,,,,,,,,,,Y,4,0,1,2,A,-,09,21802,A,N,D,C,A,A,H,-,A,A,0,,,,Y,Y,,F,26,0,0,1,0,0,0,0,0,0,"- ","- ",,,TULARE,UNINCORPORATED,-119.36793986000001,36.370910019999997
6420356,2014,2014-06-23,9480,2014-03-15,0505,018861,,6,3,9,5400,0,3,5,,2,001,"AVE 424","ROAD 72",716.00,W,N,A,-,N,,,,,,,,,,Y,4,0,1,1,A,-,03,22350,,N,H,F,A,A,H,-,D,D,0,,,,,Y,,A,01,0,0,1,0,0,0,0,0,0,"- ","- ",36.560630000000003,-119.41551,TULARE,UNINCORPORATED,-119.41537497,36.560618120000001
6422572,2014,2014-11-14,9480,2014-04-11,0802,14351,480,5,1,5,5407,0,1,3,,1,064,"RT 198",WILLIS,144.00,W,N,A,-,Y,TUL,6,198,-,R,9.710,H,-,E,N,4,0,1,2,A,-,07,21658,A,N,B,C,A,A,H,-,A,A,1,,,,,Y,,J,41,0,0,1,0,0,0,0,0,0,EF,"- ",,,TULARE,VISALIA,-119.29689784,36.326902490000002
6428002,2014,2014-05-30,5407,2014-03-14,0802,C39,480,5,5,5,5407,0,0,0,,0,011,SHIAK,DOE,306.00,S,N,A,-,N,,,,,,,,,,Y,4,0,1,3,A,-,03,22350,,N,C,C,A,A,H,-,A,-,0,,,,,Y,,-,,0,0,1,0,0,0,0,0,0,"- ","- ",,,TULARE,VISALIA,-119.36773181,36.34511895
6428058,2014,2014-06-25,5407,2014-03-20,1653,A14,480,4,5,5,5407,0,0,0,,0,025,"GOSHEN AV","MOONEY BL",0.00,,Y,A,-,N,,,,,,,,,,Y,4,0,2,2,A,-,09,21802,A,N,D,C,A,A,H,-,A,A,0,,,,,Y,,D,22,0,0,2,0,0,0,0,0,0,"- ","- ",,,TULARE,VISALIA,-119.31417,36.335709000000001
6428203,2014,2014-06-26,5407,2014-03-21,0902,C39,480,5,5,5,5407,0,0,0,,0,011,"MAIN ST",RANCH,39.00,W,N,A,-,N,,,,,,,,,,N,4,0,1,2,A,-,03,22350,,N,C,C,A,A,H,-,A,D,0,,,,,Y,,A,,0,0,1,0,0,0,0,0,0,"- ","- ",,,TULARE,VISALIA,-119.32151227,36.329560000000001
6428207,2014,2014-06-26,5407,2014-03-21,1715,A256,480,5,5,5,5407,0,0,0,,0,025,WILLIS,"MAIN ST",0.00,,Y,A,-,N,,,,,,,,,,Y,3,0,2,2,A,-,09,21801,A,N,D,C,A,A,H,-,A,D,0,,,,,Y,,A,,0,2,0,0,0,0,0,0,0,"- ","- ",,,TULARE,VISALIA,-119.29771992000001,36.330160100000001
6428211,2014,2014-06-25,5407,2014-03-23,1103,A252,480,7,5,5,5407,0,0,0,,0,011,"MILL CREEK","NORTH DEMAREE ST",0.00,,Y,A,-,N,,,,,,,,,,N,3,0,1,2,A,-,10,21950,A,F,G,G,A,A,H,-,A,A,0,,Y,,,Y,,A,01,0,1,0,0,0,0,1,0,0,"- ","- ",,,TULARE,VISALIA,-119.33186990999999,36.3331801
6428215,2014,2014-07-07,5407,2014-03-08,1250,M218,480,6,5,5,5407,0,0,0,,0,034,WALNUT,GARDEN,96.00,W,N,A,-,N,,,,,,,,,,Y,4,0,2,2,A,-,03,22350,,N,C,C,A,A,H,-,A,A,0,,,,,Y,,-,"- ",0,0,2,0,0,0,0,0,0,"- ","- ",,,TULARE,VISALIA,-119.28999551,36.312869999999997
6428219,2014,2014-06-25,5407,2014-03-25,1403,M160,480,2,5,5,5407,0,0,0,,0,033,WALNUT,CENTRAL,0.00,,Y,A,-,N,,,,,,,,,,N,3,0,1,2,A,-,12,21453,A,N,D,G,A,A,H,-,A,A,0,,Y,,,Y,,L,04,0,1,0,0,0,0,1,0,0,"- ","- ",,,TULARE,VISALIA,-119.31206989,36.312960099999998
6428227,2014,2014-06-25,5407,2014-03-05,1104,M205,480,3,5,5,5407,0,0,0,,0,025,JACOB,GOSHEN,6.00,N,N,B,-,N,,,,,,,,,,Y,4,0,4,2,A,-,05,21650,,N,A,C,A,A,H,-,A,D,0,,,,,Y,,A,01,0,0,4,0,0,0,0,0,0,"- ","- ",,,TULARE,VISALIA,-119.30224013,36.334546459999999
6428290,2014,2014-06-27,5405,2014-03-02,1309,214,PORTE,7,5,4,5405,0,0,0,,0,,"YORK ST","SCHOOL AV",0.00,,Y,A,-,N,,,,,,,,,,N,3,0,2,2,A,-,09,21801,A,N,A,C,A,A,H,-,A,D,0,,,,,Y,,-,,0,1,1,0,0,0,0,0,0,"- ","- ",,,TULARE,PORTERVILLE,-119.05393003,36.074100049999998
6428318,2014,2014-06-27,5405,2014-03-06,1020,186,,4,5,4,5405,0,0,0,,0,002,"MORTON AV","MAIN ST",0.00,,Y,A,-,N,,,,,,,,,,Y,4,0,1,2,A,-,12,21453,A,F,D,C,A,A,H,-,A,A,0,,,,,Y,,A,07,0,0,1,0,0,0,0,0,0,"- ","- ",,,TULARE,PORTERVILLE,-119.01616000999999,36.073050010000003
6428339,2014,2015-11-17,9480,2014-03-06,0150,017311,,4,3,9,5400,0,1,3,,2,091,"RT 99","AVE 284",4330.00,N,N,A,-,Y,TUL,6,99,-,-,52.632,H,-,N,Y,3,0,1,1,A,-,08,22107,,N,E,I,A,A,D,-,D,D,1,,,,,Y,,A,01,0,1,0,0,0,0,0,0,0,"- ","- ",36.496859999999998,-119.53085,TULARE,UNINCORPORATED,-119.53080717,36.49670665
6428343,2014,2016-01-20,9480,2014-03-02,1300,015047,,7,1,9,5400,0,1,3,,1,064,"RT 198","RD 196",175.00,E,N,B,-,Y,TUL,6,198,-,R,18.790,H,-,W,Y,4,0,2,2,A,-,03,22350,,N,C,C,A,A,H,-,A,A,0,,,,,Y,,A,01,0,0,2,0,0,0,0,0,0,"- ","- ",36.326140000000002,-119.13324,TULARE,UNINCORPORATED,-119.13436929,36.326287970000003
6428530,2014,2014-06-28,5406,2014-02-25,1230,68,5406,2,5,4,5406,0,0,0,,0,0ES,"CORVINA AV","PASEO DEL LAGO",26.00,W,N,A,-,N,,,,,,,,,,N,3,0,1,2,A,-,10,21950,A,N,G,B,B,A,H,-,A,A,0,Y,,,,Y,,A,01,0,1,0,0,1,0,0,0,0,"- ","- ",,,TULARE,TULARE,-119.32907806,36.23309914
6428621,2014,2014-06-25,9420,2014-02-22,1620,19206,,6,2,9,5400,0,3,5,,2,020,"MOUNTAIN 99","CAMPGROUND #3",5808.00,N,N,A,-,N,,,,,,,,,,Y,3,0,5,1,A,-,08,22107,,N,F,A,A,A,H,-,A,D,0,,,,,Y,,A,07,0,3,2,0,0,0,0,0,0,"- ","- ",35.826639999999998,-118.46274,TULARE,UNINCORPORATED,-118.46006602,35.822573269999999