CASE_ID,ACCIDENT_YEAR,PROC_DATE,JURIS,COLLISION_DATE,COLLISION_TIME,OFFICER_ID,REPORTING_DISTRICT,DAY_OF_WEEK,CHP_SHIFT,POPULATION,CNTY_CITY_LOC,SPECIAL_COND,BEAT_TYPE,CHP_BEAT_TYPE,CITY_DIVISION_LAPD,CHP_BEAT_CLASS,BEAT_NUMBER,PRIMARY_RD,SECONDARY_RD,DISTANCE,DIRECTION,INTERSECTION,WEATHER_1,WEATHER_2,STATE_HWY_IND,CALTRANS_COUNTY,CALTRANS_DISTRICT,STATE_ROUTE,ROUTE_SUFFIX,POSTMILE_PREFIX,POSTMILE,LOCATION_TYPE,RAMP_INTERSECTION,SIDE_OF_HWY,TOW_AWAY,COLLISION_SEVERITY,NUMBER_KILLED,NUMBER_INJURED,PARTY_COUNT,PRIMARY_COLL_FACTOR,PCF_CODE_OF_VIOL,PCF_VIOL_CATEGORY,PCF_VIOLATION,PCF_VIOL_SUBSECTION,HIT_AND_RUN,TYPE_OF_COLLISION,MVIW,PED_ACTION,ROAD_SURFACE,ROAD_COND_1,ROAD_COND_2,LIGHTING,CONTROL_DEVICE,CHP_ROAD_TYPE,PEDESTRIAN_ACCIDENT,BICYCLE_ACCIDENT,MOTORCYCLE_ACCIDENT,TRUCK_ACCIDENT,NOT_PRIVATE_PROPERTY,ALCOHOL_INVOLVED,STWD_VEHTYPE_AT_FAULT,CHP_VEHTYPE_AT_FAULT,COUNT_SEVERE_INJ,COUNT_VISIBLE_INJ,COUNT_COMPLAINT_PAIN,COUNT_PED_KILLED,COUNT_PED_INJURED,COUNT_BICYCLIST_KILLED,COUNT_BICYCLIST_INJURED,COUNT_MC_KILLED,COUNT_MC_INJURED,PRIMARY_RAMP,SECONDARY_RAMP,LATITUDE,LONGITUDE,COUNTY,CITY,POINT_X,POINT_Y
6428664,2014,2014-06-30,5405,2014-02-25,1827,105,,2,5,4,5405,0,0,0,,0,003,"DATE AV","PARK ST",0.00,,Y,A,-,N,,,,,,,,,,N,3,0,1,2,A,-,11,21954,A,N,G,B,D,A,H,-,C,D,0,Y,,,,Y,,N,60,0,1,0,0,1,0,0,0,0,"- ","- ",,,TULARE,PORTERVILLE,-119.00382999999999,36.058480019999998
6429450,2014,2014-06-20,9480,2014-02-08,0400,018861,,6,3,9,5400,0,3,5,,2,001,"ROAD 80","AVE 376",1206.00,S,N,B,-,N,,,,,,,,,,Y,4,0,1,1,A,-,01,23152,A,N,F,A,A,A,H,-,D,D,0,,,,,Y,Y,A,01,0,0,1,0,0,0,0,0,0,"- ","- ",36.468580000000003,-119.39418999999999,TULARE,UNINCORPORATED,-119.39424455,36.468575850000001
6429452,2014,2015-11-20,9480,2014-02-08,0800,020612,,6,1,9,5400,0,1,3,,1,021,"RT 63","AVE 284",0.00,,Y,C,-,Y,TUL,6,63,-,R,19.187,I,5,S,Y,4,0,2,2,A,-,12,21453,A,N,D,C,A,B,H,-,A,A,0,,,,,Y,,A,01,0,0,2,0,0,0,0,0,0,"- ","- ",36.48283,-119.28747,TULARE,UNINCORPORATED,-119.28719993,36.486718930000002
6433702,2014,2014-07-07,9480,2014-03-28,1348,013914,,5,1,9,5400,0,3,5,,2,006,"ROAD 204","AVENUE 240",40.00,N,N,A,-,N,,,,,,,,,,N,4,0,1,2,A,-,03,22350,,N,C,C,A,A,H,-,A,D,0,,,,,Y,,D,22,0,0,1,0,0,0,0,0,0,"- ","- ",36.224440000000001,-119.11848000000001,TULARE,UNINCORPORATED,-119.11852125,36.22449975
6433714,2014,2014-07-15,9480,2014-04-02,1900,17778,,3,2,9,5400,0,3,5,,2,004,"ROAD 158","AVENUE 296",0.00,,Y,A,-,N,,,,,,,,,,Y,4,0,1,2,A,-,09,21802,A,N,D,C,A,A,H,-,B,D,0,,,,,Y,,A,08,0,0,1,0,0,0,0,0,0,"- ","- ",36.327120000000001,-119.22028,TULARE,UNINCORPORATED,-119.22028985,36.327060099999997
6433729,2014,2014-07-07,9480,2014-03-29,2228,018861,,6,3,9,5400,0,3,5,,2,006,"ROAD 156","AVENUE 296",1609.00,S,N,B,F,N,,,,,,,,,,Y,4,0,1,3,A,-,08,22107,,N,F,E,A,A,H,-,D,D,0,,,,,Y,,D,22,0,0,1,0,0,0,0,0,0,"- ","- ",36.32159,-119.22458,TULARE,UNINCORPORATED,-119.22471,36.326590000000003
6433858,2014,2014-07-17,9480,2014-04-06,0510,17452,,7,3,4,5406,0,3,5,,2,006,"AVENUE 256","ROAD 188",528.00,E,N,A,-,N,,,,,,,,,,Y,3,0,1,1,A,-,08,22107,,N,E,I,A,A,H,-,D,D,0,,,,,Y,,A,01,0,1,0,0,0,0,0,0,0,"- ","- ",36.253819999999997,-119.15012,TULARE,TULARE,-119.15244158,36.253756459999998
6433862,2014,2016-04-12,9480,2014-04-10,0604,15875,,4,1,9,5400,0,1,3,,1,051,"RT 43","AVENUE 84",0.00,,Y,A,-,Y,TUL,6,43,-,R,11.854,I,5,S,Y,4,0,2,3,A,-,09,21801,A,N,D,C,A,A,H,-,B,D,0,,,,,Y,,A,01,0,0,2,0,0,0,0,0,0,"- ","- ",,,TULARE,UNINCORPORATED,-119.44222225999999,35.941933089999999
6434799,2014,2014-06-26,5403,2014-03-05,1909,840,,3,5,2,5403,0,0,0,,0,,"FARMERSVILLE BL","PEPPER ST",123.00,S,N,A,-,N,,,,,,,,,,Y,4,0,1,2,D,-,00,,,N,E,I,A,A,H,-,C,D,0,,,,,Y,,-,"- ",0,0,1,0,0,0,0,0,0,"- ","- ",,,TULARE,FARMERSVILLE,-119.20711,36.302852489999999
6435917,2014,2014-07-22,9481,2014-04-02,1700,018148,,3,2,9,5400,0,3,5,,2,050,"WORTH AV","PLANO ST",0.00,,Y,B,-,N,,,,,,,,,,Y,4,0,1,2,A,-,09,21802,A,N,D,C,A,A,H,-,-,A,0,,,,,Y,,A,01,0,0,1,0,0,0,0,0,0,"- ","- ",36.043999999999997,-119.00846,TULARE,UNINCORPORATED,-119.008494,36.04401
6440805,2014,2015-11-17,9480,2014-03-29,0148,018204,,6,3,9,5400,0,1,3,,2,093,"RT 99","AVE 184",5808.00,S,N,B,-,Y,TUL,6,99,-,-,22.390,H,-,N,Y,3,0,1,2,A,-,01,23152,A,M,C,C,A,A,H,-,D,D,1,,,,,Y,Y,A,01,0,1,0,0,0,0,0,0,0,"- ","- ",36.109050000000003,-119.32333,TULARE,UNINCORPORATED,-119.32325917999999,36.107582260000001
6440809,2014,2015-11-17,9480,2014-03-22,1105,015689,,6,1,9,5400,0,1,3,,2,091,"RT 99","RT 198",575.00,N,N,A,-,Y,TUL,6,99,-,R,39.090,H,-,N,Y,4,0,1,3,A,-,03,22350,,N,C,C,A,A,D,-,A,D,1,,,,,Y,,A,01,0,0,1,0,0,0,0,0,0,"- ","- ",,,TULARE,UNINCORPORATED,-119.41014325,36.330388910000003
6444290,2014,2014-07-08,9480,2014-03-30,1455,16210,,7,2,9,5400,0,3,5,,2,001,"ROAD 80","AVENUE 360",0.00,,Y,A,-,N,,,,,,,,,,N,3,0,1,1,A,-,03,22350,,N,F,A,A,A,H,-,A,A,0,,,Y,,Y,,C,02,0,1,0,0,0,0,0,0,1,"- ","- ",,,TULARE,UNINCORPORATED,-119.39469606,36.443957849999997
6444793,2014,2014-07-08,9481,2014-03-29,2020,018742,,6,2,9,5400,0,3,5,,2,020,"AVENUE 224","ROAD 228",2640.00,E,N,B,-,N,,,,,,,,,,N,3,0,1,1,A,-,01,23152,A,N,H,A,A,A,H,-,D,D,0,,,Y,,Y,Y,C,06,0,1,0,0,0,0,0,0,1,"- ","- ",36.196309999999997,-119.0552,TULARE,UNINCORPORATED,-119.05519366,36.196276990000001
6444987,2014,2014-07-21,9481,2014-04-02,2030,018314,,3,2,9,5400,0,3,5,,2,020,"BRUCE DR","GUTHRIE DR",0.00,,Y,A,-,N,,,,,,,,,,N,3,0,2,2,A,-,09,21802,A,F,D,C,A,A,H,-,D,A,0,,,Y,,Y,,C,06,0,2,0,0,0,0,0,0,2,"- ","- ",36.147190000000002,-119.03901,TULARE,UNINCORPORATED,-119.05902012999999,36.147190019999996
6446265,2014,2014-07-11,5405,2014-03-21,1510,207,,5,5,4,5405,0,0,0,,0,002,"MORTON AV","VILLA ST",0.00,,Y,A,-,N,,,,,,,,,,Y,4,0,2,2,A,-,09,21801,A,N,A,-,A,A,H,-,A,A,0,,,,,Y,,-,,0,0,2,0,0,0,0,0,0,"- ","- ",,,TULARE,PORTERVILLE,-119.03064012999999,36.073270039999997
6446273,2014,2014-07-02,5405,2014-03-30,1323,107,,7,5,4,5405,0,0,0,,0,001,"VILLA ST","GRAND AV",0.00,,Y,A,-,N,,,,,,,,,,Y,4,0,1,2,A,-,09,21802,A,N,D,C,A,A,H,-,A,A,0,,,,,Y,,A,01,0,0,1,0,0,0,0,0,0,"- ","- ",,,TULARE,PORTERVILLE,-119.03053009,36.076830059999999
6446516,2014,2016-04-08,5405,2014-04-02,1644,106,,3,5,4,5405,0,0,0,,0,,"RT 65","NORTH GRAND AV",0.00,,Y,B,-,Y,TUL,6,65,-,-,21.380,I,5,S,N,4,0,1,2,A,-,03,22350,,N,C,C,A,A,H,-,A,A,0,,,,,Y,,-,,0,0,1,0,0,0,0,0,0,"- ","- ",,,TULARE,PORTERVILLE,-119.0402285,36.098247020000002
6458076,2014,2016-04-12,9480,2014-04-11,1507,015689,,5,2,9,5400,0,1,3,,2,091,"RT 99","BETTY DR",561.00,S,N,A,-,Y,TUL,6,99,-,-,40.680,H,-,N,Y,4,0,1,2,A,-,08,22107,,N,B,C,A,A,D,-,A,D,1,,,,,Y,,A,07,0,0,1,0,0,0,0,0,0,"- ","- ",,,TULARE,UNINCORPORATED,-119.42530815000001,36.348364099999998
6460241,2014,2015-11-19,5407,2014-03-22,0955,C39,480,6,5,5,5407,0,0,0,,0,012,"RT 63",NOBLE,0.00,,Y,A,-,Y,TUL,6,63,-,L,7.949,I,5,S,Y,3,0,1,1,A,-,08,22107,,N,H,A,A,A,H,-,A,A,0,,,Y,,Y,,C,,0,1,0,0,0,0,0,0,1,"- ","- ",,,TULARE,VISALIA,-119.31411715,36.326516779999999
6461283,2014,2014-07-11,5407,2014-04-06,1604,M234,480,7,5,5,5407,0,0,0,,0,026,3RD,GRAPE,42.00,N,N,A,-,N,,,,,,,,,,Y,3,0,1,3,A,-,09,21801,A,N,D,C,A,A,H,-,A,D,0,,,,,Y,,A,01,0,1,0,0,0,0,0,0,0,"- ","- ",,,TULARE,VISALIA,-119.2896707,36.340372639999998
6461287,2014,2016-05-11,5407,2014-04-14,1355,M160,480,1,5,5,5407,0,0,0,,0,026,"MINERAL KING","LOVERS LN",0.00,,Y,A,-,Y,TUL,6,216,-,R,0.038,I,5,E,,4,0,1,2,A,-,03,22350,,N,C,C,A,A,H,-,A,A,0,,,,,Y,,D,22,0,0,1,0,0,0,0,0,0,"- ","- ",,,TULARE,VISALIA,-119.26078009,36.328172520000003
6461294,2014,2014-07-11,5407,2014-04-29,0716,M222,480,2,5,5,5407,0,0,0,,0,011,"PLAZA DR",HURLEY,48.00,N,N,A,-,N,,,,,,,,,,Y,4,0,1,2,A,-,03,22350,,N,C,C,A,A,H,-,A,A,0,,,,,Y,,A,07,0,0,1,0,0,0,0,0,0,"- ","- ",,,TULARE,VISALIA,-119.3935,36.333570000000002
6461303,2014,2014-07-11,5407,2014-04-03,1244,M222,480,4,5,5,5407,0,0,0,,0,033,NOBLE,PINKHAM,0.00,,Y,A,-,N,,,,,,,,,,Y,3,0,1,2,A,-,03,22350,,N,C,C,A,A,H,-,A,D,0,,,,,Y,,D,22,0,1,0,0,0,0,0,0,0,"- ","- ",,,TULARE,VISALIA,-119.26963992,36.32645007
6463729,2014,2014-07-23,9480,2014-04-02,0925,012316,,3,1,9,5400,0,3,5,,2,003,"AVE 144","RD 80",2112.00,E,N,B,-,N,,,,,,,,,,Y,3,0,1,2,A,-,03,22350,,N,C,C,A,A,H,-,A,D,0,,,,,Y,,A,01,0,1,0,0,0,0,0,0,0,"- ","- ",36.051380000000002,-119.38652,TULARE,UNINCORPORATED,-119.38623272,36.051126490000001
6464092,2014,2015-11-17,9480,2014-03-27,1222,12316,,4,1,9,5400,0,1,3,,2,093,"RT 99","AVENUE 152",2640.00,N,N,B,-,Y,TUL,6,99,-,-,19.960,H,-,N,Y,2,0,1,1,A,-,07,21658,A,N,F,I,A,A,H,-,A,D,1,,,,,Y,,A,07,1,0,0,0,0,0,0,0,0,"- ","- ",,,TULARE,UNINCORPORATED,-119.31715603000001,36.07263863
6465284,2014,2016-04-08,5405,2014-04-12,0631,107,,6,5,4,5405,0,0,0,,0,004,"OLIVE AV","RT 65",0.00,,Y,A,-,Y,TUL,6,65,-,-,18.934,R,4,N,Y,4,0,1,2,A,-,12,21453,A,N,D,C,A,A,H,-,A,A,0,,,,,Y,,A,07,0,0,1,0,0,0,0,0,0,"- ",NF,,,TULARE,PORTERVILLE,-119.03921013999999,36.06271177
6465386,2014,2014-07-28,5405,2014-04-16,1030,5152,CITY,3,5,4,5405,0,0,0,,0,004,"OLIVE AV","VILLA ST",12.00,E,N,A,-,N,,,,,,,,,,Y,3,0,1,1,A,-,08,22107,,N,A,I,A,A,H,-,A,A,0,,,,,Y,,-,,0,1,0,0,0,0,0,0,0,"- ","- ",,,TULARE,PORTERVILLE,-119.03058944999999,36.066039670000002
6469154,2014,2014-07-17,9481,2014-04-09,1550,15218,,3,2,9,5400,0,2,4,,1,035,"RICHGROVE DR","CHANEY DR",0.00,,Y,A,-,N,,,,,,,,,,Y,4,0,1,2,A,-,03,22350,,N,C,C,A,A,H,-,A,D,0,,,,,Y,,A,08,0,0,1,0,0,0,0,0,0,"- ","- ",35.796770000000002,-119.11085,TULARE,UNINCORPORATED,-119.11085011,35.796590029999997
6471298,2014,2016-04-12,9480,2014-04-20,1610,12568,,7,2,9,5400,0,1,3,,1,045,"RT 245","AVE 368",1050.00,N,N,A,-,Y,TUL,6,245,-,-,11.160,H,-,S,N,3,0,1,1,A,-,08,22107,,N,E,I,A,-,A,H,A,D,0,,,,,Y,,D,22,0,1,0,0,0,0,0,0,0,"- ","- ",36.460079999999998,-119.12582,TULARE,UNINCORPORATED,-119.12570332999999,36.459678969999999
6471307,2014,2016-04-12,9480,2014-04-25,1648,17311,,5,2,9,5400,0,1,3,,2,091,"RT 99","RT 198",15.00,N,N,C,-,Y,TUL,6,99,-,R,39.010,H,-,S,Y,4,0,2,2,A,-,03,22350,,N,D,C,A,B,H,-,A,D,1,,,,,Y,,D,22,0,0,2,0,0,0,0,0,0,"- ","- ",36.327109999999998,-119.40781,TULARE,UNINCORPORATED,-119.40980860000001,36.329430430000002
6477496,2014,2016-04-08,9481,2014-04-25,0520,18707,,5,3,9,5400,0,1,3,,1,032,"RT 190","S CRYSTAL ST",292.00,W,N,A,-,Y,TUL,6,190,-,R,14.900,H,-,E,N,4,0,1,1,A,-,08,22107,,N,E,I,A,A,H,-,C,D,0,,,,,Y,,A,01,0,0,1,0,0,0,0,0,0,"- ","- ",36.051380000000002,-119.04629,TULARE,UNINCORPORATED,-119.04493451,36.051503060000002
6477504,2014,2014-07-25,9481,2014-04-25,2033,18742,,5,2,9,5400,0,2,4,,2,052,"MTN 137","ROAD 296",4752.00,W,N,C,-,N,,,,,,,,,,Y,4,0,1,1,A,-,08,22107,,N,E,I,A,B,H,-,D,D,0,,,,,Y,,A,07,0,0,1,0,0,0,0,0,0,"- ","- ",36.026359999999997,-118.92546,TULARE,UNINCORPORATED,-118.92546,36.026359999999997
6478245,2014,2016-04-08,5407,2014-04-05,1250,C39,480,6,5,5,5407,0,0,0,,0,025,"RT 63",SCHOOL,0.00,,Y,A,-,Y,TUL,6,63,-,-,8.392,H,-,N,Y,3,0,3,2,A,-,08,22107,,N,B,C,A,A,H,-,A,A,0,,,,,Y,,A,07,0,2,1,0,0,0,0,0,0,"- ","- ",,,TULARE,VISALIA,-119.29236057,36.332876030000001
6478297,2014,2014-07-11,5407,2014-04-02,0057,A108,480,3,5,5,5407,0,0,0,,0,012,DEMAREE,NOBLE,0.00,,Y,B,C,N,,,,,,,,,,Y,2,0,1,1,A,-,01,23152,A,N,E,I,A,B,H,-,C,A,0,,,,,Y,Y,A,,1,0,0,0,0,0,0,0,0,"- ","- ",,,TULARE,VISALIA,-119.33176989,36.326630039999998
6478301,2014,2014-07-14,5407,2014-04-19,1736,M234,480,6,5,5,5407,0,0,0,,0,025,SWEET,CONYER,0.00,,Y,A,-,N,,,,,,,,,,Y,3,0,1,2,A,-,12,22450,A,N,D,C,A,A,H,-,A,A,0,,,,,Y,,A,01,0,1,0,0,0,0,0,0,0,"- ","- ",,,TULARE,VISALIA,-119.30119985,36.34306007
6478317,2014,2014-07-14,5407,2014-04-30,2053,A14,480,3,5,5,5407,0,0,0,,0,033,"S CONYER","W NOBLE",0.00,,Y,A,-,N,,,,,,,,,,Y,4,0,2,4,A,-,12,21453,A,F,D,C,A,A,H,-,C,A,0,,,,,Y,,A,07,0,0,2,0,0,0,0,0,0,"- ","- ",,,TULARE,VISALIA,-119.30105987,36.326460089999998
6479286,2014,2016-04-08,9481,2014-05-03,1145,18148,,6,1,9,5400,0,1,3,,1,012,"RT 65","SPRUCE RD",500.00,E,N,A,-,Y,TUL,6,65,-,-,30.450,H,-,N,Y,4,0,2,2,A,-,03,22350,,N,C,C,A,A,H,-,A,A,0,,,,,Y,,D,22,0,0,2,0,0,0,0,0,0,"- ","- ",36.721600000000002,-119.7676,TULARE,UNINCORPORATED,-119.11663916000001,36.21075518
6479922,2014,2016-04-12,9480,2014-04-19,1935,018563,,6,2,9,5400,0,1,3,,2,093,"RT 99","RT 198",725.00,S,N,A,-,Y,TUL,6,99,-,R,38.506,R,3,N,Y,3,0,1,1,A,-,01,23152,A,N,F,A,A,A,H,-,C,D,1,,,,,Y,Y,-,,0,1,0,0,0,0,0,0,0,TO,"- ",36.32432,-119.40456,TULARE,UNINCORPORATED,-119.40430843,36.323519539999999
6479929,2014,2014-07-10,5405,2014-04-17,0750,186,,4,5,4,5405,0,0,0,,0,001,"HENDERSON AV","NEWCOMB ST",982.00,E,N,A,-,N,,,,,,,,,,N,2,0,1,2,A,-,01,23152,E,N,G,B,F,A,H,-,A,A,0,Y,,,,Y,,A,07,1,0,0,0,1,0,0,0,0,"- ","- ",,,TULARE,PORTERVILLE,-119.04955090999999,36.080370129999999
6484147,2014,2014-08-04,5404,2014-05-11,1420,L10,PSC20,7,5,2,5404,0,0,0,,0,20L,OLIVE,HERMOSA,7.00,S,N,A,-,N,,,,,,,,,,N,4,0,1,2,A,-,"- ",,,N,G,B,B,A,H,-,A,D,0,Y,,,,Y,,D,22,0,0,1,0,1,0,0,0,0,"- ","- ",,,TULARE,LINDSAY,-119.0959311,36.203362200000001
6485685,2014,2016-04-08,9480,2014-05-07,1625,016723,,3,2,9,5400,0,1,3,,1,060,"RT 137","ROAD 140",2640.00,E,N,A,-,Y,TUL,6,137,-,-,20.960,H,-,E,Y,3,0,2,2,A,-,08,22107,,N,E,I,A,A,H,-,A,D,0,,,,,Y,,D,22,0,2,0,0,0,0,0,0,0,"- ","- ",36.211100000000002,-119.25103,TULARE,UNINCORPORATED,-119.25138918,36.210920799999997
6485705,2014,2014-07-26,9480,2014-05-09,1857,18861,,5,2,9,5400,0,3,5,,2,005,"AVENUE 84","ROAD 128",676.00,E,N,A,-,N,,,,,,,,,,N,4,0,1,1,A,-,08,22107,,N,E,I,A,A,H,-,A,D,0,,,,,Y,,D,22,0,0,1,0,0,0,0,0,0,"- ","- ",35.942450000000001,-119.28361,TULARE,UNINCORPORATED,-119.28361683999999,35.942511760000002
6492061,2014,2014-07-29,9481,2014-05-18,0855,14265,,7,1,9,5400,0,3,5,,2,020,"ROAD 256","AVE 196",12144.00,S,N,A,-,N,,,,,,,,,,Y,3,0,1,1,A,-,01,23152,A,M,E,I,A,A,H,-,A,D,0,,,,,Y,Y,A,01,0,1,0,0,0,0,0,0,0,"- ","- ",36.112259999999999,-118.99988999999999,TULARE,UNINCORPORATED,-118.99990407,36.112187480000003
6493313,2014,2016-04-12,9480,2014-05-21,2050,017311,,3,2,9,5400,0,1,3,,2,095,"RT 99","AVE 96",1780.00,S,N,A,-,Y,TUL,6,99,-,-,11.960,H,-,N,Y,3,0,1,1,A,-,08,22107,,N,E,I,A,A,H,-,D,D,1,,,,,Y,,D,22,0,1,0,0,0,0,0,0,0,"- ","- ",35.960590000000003,-119.2906,TULARE,UNINCORPORATED,-119.29091381000001,35.959489329999997
6493359,2014,2014-08-08,9480,2014-05-23,2228,019048,,5,3,9,5400,0,3,5,,2,003,"ROAD 68","AVE 248",684.00,N,N,A,-,N,,,,,,,,,,Y,3,0,1,2,A,-,08,22107,,N,F,A,A,A,H,-,D,D,0,,,Y,,Y,,D,22,0,1,0,0,0,0,0,0,1,"- ","- ",36.24183,-119.42122000000001,TULARE,UNINCORPORATED,-119.42113102,36.241737180000001
6493945,2014,2016-04-08,9480,2014-05-24,1015,013914,,6,1,9,5400,0,1,3,,1,060,"RT 137","RD 132",1525.00,E,N,A,-,Y,TUL,6,137,-,-,19.750,H,-,E,Y,4,0,1,3,A,-,03,22350,,N,C,C,A,A,H,-,A,D,0,,,,,Y,,D,22,0,0,1,0,0,0,0,0,0,"- ","- ",36.210889999999999,-119.27240999999999,TULARE,UNINCORPORATED,-119.27307155,36.210930019999999
6498494,2014,2014-07-18,5406,2014-04-21,1042,42,A2,1,5,4,5406,0,0,0,,0,0WS,CROSS,"E ST",0.00,,Y,A,-,N,,,,,,,,,,Y,3,0,2,3,A,-,12,21453,A,M,D,C,A,A,H,-,A,A,0,,,,,Y,,A,01,0,2,0,0,0,0,0,0,0,"- ","- ",,,TULARE,TULARE,-119.35569997,36.212030059999996
6498498,2014,2014-07-18,5406,2014-04-16,1912,75,5406,3,5,4,5406,0,0,0,,0,0WS,"TULARE AV",WEST,0.00,,Y,A,-,N,,,,,,,,,,Y,3,0,3,2,A,-,08,22107,,N,A,C,A,A,H,-,B,A,0,,,,,Y,,A,01,0,3,0,0,0,0,0,0,0,"- ","- ",,,TULARE,TULARE,-119.36684987,36.206270109999998
6498507,2014,2014-08-04,5406,2014-04-05,1842,80,5406,6,5,4,5406,0,0,0,,0,0WS,"YELLOWSTONE ST","DELAWARE ST",365.00,N,N,A,-,N,,,,,,,,,,N,4,0,1,2,A,-,03,22350,,N,A,C,A,A,H,-,A,D,0,,,Y,,Y,,C,02,0,0,1,0,0,0,0,0,1,"- ","- ",,,TULARE,TULARE,-119.37014904999999,36.205147820000001
6498739,2014,2016-04-08,5405,2014-05-02,1835,207,,5,5,4,5405,0,0,0,,0,001,"HENDERSON AV","RT 65",0.00,,Y,A,-,Y,TUL,6,65,-,R,19.945,R,4,S,N,4,0,1,2,A,-,01,23152,A,N,C,C,A,A,H,-,A,A,0,,,,,Y,Y,-,,0,0,1,0,0,0,0,0,0,"- ","- ",,,TULARE,PORTERVILLE,-119.03959965999999,36.077457440000003
6498896,2014,2015-04-24,5404,2014-06-06,2229,L15,,5,5,2,5404,0,0,0,,0,20L,"RT 65","MARIPOSA ST",0.00,,Y,A,-,Y,TUL,6,65,-,-,29.780,I,5,N,Y,2,0,2,2,A,-,09,21802,A,N,D,C,A,A,H,-,D,A,0,,,,Y,Y,Y,A,07,1,1,0,0,0,0,0,0,0,"- ","- ",,,TULARE,LINDSAY,-119.10689309,36.206994860000002
6500423,2014,2014-07-29,9480,2014-05-08,0640,015282,,4,1,9,5400,0,3,5,,2,002,"ROAD 88","AVE 392",571.00,N,N,A,-,N,,,,,,,,,,Y,4,0,1,1,A,-,08,22107,,N,E,I,A,A,H,-,A,D,0,,,,,Y,,A,01,0,0,1,0,0,0,0,0,0,"- ","- ",36.503480000000003,-119.37669,TULARE,UNINCORPORATED,-119.37674435,36.50369697
6500479,2014,2016-04-08,9480,2014-05-03,0453,017854,,6,3,9,5400,0,1,3,,1,030,"RT 137","AVE 199",3168.00,N,N,A,-,Y,TUL,6,137,-,-,4.140,H,-,W,Y,4,0,1,1,A,-,08,22107,,N,E,I,A,A,H,-,B,D,0,,,,,Y,,A,07,0,0,1,0,0,0,0,0,0,"- ","- ",36.156059999999997,-119.49308000000001,TULARE,UNINCORPORATED,-119.49309529,36.159099740000002
6500772,2014,2014-08-05,5405,2014-05-07,1157,106,,3,5,4,5405,0,0,0,,0,,"MILL AV","MAIN ST",25.00,E,N,A,-,N,,,,,,,,,,N,4,0,1,2,A,-,03,22350,,N,C,C,A,A,H,-,A,A,0,,,,,Y,,-,,0,0,1,0,0,0,0,0,0,"- ","- ",,,TULARE,PORTERVILLE,-119.01624,36.068809999999999
6500776,2014,2014-07-29,5405,2014-05-23,1308,207,,5,5,4,5405,0,0,0,,0,004,"ORANGE AV","MAIN ST",25.00,E,N,A,-,N,,,,,,,,,,N,4,0,1,2,A,-,03,22350,,N,C,C,A,A,H,-,A,A,0,,,,,Y,,-,,0,0,1,0,0,0,0,0,0,"- ","- ",,,TULARE,PORTERVILLE,-119.01655,36.061219999999999
6500800,2014,2014-08-05,5405,2014-05-07,1940,106,,3,5,4,5405,0,0,0,,0,,"MAIN ST","DATE AV",0.00,,Y,A,-,N,,,,,,,,,,Y,3,0,4,2,A,-,09,21801,A,N,A,C,A,A,H,-,A,D,0,,,,,Y,,-,,0,2,2,0,0,0,0,0,0,"- ","- ",,,TULARE,PORTERVILLE,-119.01659008,36.058600040000002
6501237,2014,2015-12-21,9480,2014-05-02,1942,17854,,5,2,9,5400,0,3,5,,2,004,"ROAD 172","AVENUE 384",2640.00,S,N,A,-,N,,,,,,,,,,Y,3,0,1,1,A,-,01,23152,A,N,D,I,A,A,H,-,B,D,0,,,,,Y,Y,A,01,0,1,0,0,0,0,0,0,0,"- ","- ",36.477139999999999,-119.18819000000001,TULARE,UNINCORPORATED,-119.18738,36.485590000000002
6501245,2014,2016-04-08,9481,2014-05-06,0940,15218,,2,1,4,5405,0,1,3,,1,037,"RT 65","RT 190",24.00,N,N,B,C,Y,TUL,6,65,-,-,18.041,R,1,N,N,4,0,1,1,A,-,08,22107,,N,E,I,A,B,H,-,A,D,1,,,,,Y,,D,22,0,0,1,0,0,0,0,0,0,TO,"- ",36.051780000000001,-119.03855,TULARE,PORTERVILLE,-119.03893397,36.049895569999997
6501249,2014,2016-04-08,9481,2014-05-05,1535,16065,,1,2,9,5400,0,1,3,,1,032,"RT 190","ROAD 224",0.00,,Y,A,-,Y,TUL,6,190,-,-,13.450,I,6,W,N,4,0,1,2,A,-,21,22106,,N,C,C,A,A,H,-,A,A,0,,,,,Y,,D,22,0,0,1,0,0,0,0,0,0,"- ","- ",36.051340000000003,-119.07118,TULARE,UNINCORPORATED,-119.07086425,36.051261179999997
6501257,2014,2016-04-08,9481,2014-05-05,1705,17957,,1,2,9,5400,0,1,3,,1,037,"RT 65","AVENUE 112",40.00,N,N,A,-,Y,TUL,6,65,-,R,14.080,H,-,S,Y,4,0,1,2,A,-,03,22350,,N,C,C,A,A,H,-,A,D,0,,,Y,,Y,,C,02,0,0,1,0,0,0,0,0,1,"- ","- ",35.993279999999999,-119.04607,TULARE,UNINCORPORATED,-119.04603048,35.993337510000003
6501277,2014,2014-07-28,9481,2014-05-06,1705,18029,,2,2,9,5400,0,3,5,,2,030,"COUNTY LINE RD","ROAD 168",600.00,W,N,B,-,N,,,,,,,,,,Y,4,0,1,1,A,-,08,22107,,N,E,I,A,A,H,-,A,D,0,,,,,Y,,A,01,0,0,1,0,0,0,0,0,0,"- ","- ",35.790819999999997,-119.19814,TULARE,UNINCORPORATED,-119.19879555999999,35.790525840000001
6502335,2014,2016-04-08,9480,2014-04-27,1440,012568,,7,2,9,5400,0,1,3,,1,064,"RT 198","BRIDGE ST",192.00,E,N,A,-,Y,TUL,6,198,-,R,10.190,H,-,W,N,3,0,1,1,A,-,03,22350,,N,E,J,A,A,H,-,A,D,1,,,Y,,Y,,C,02,0,1,0,0,0,0,0,0,1,"- ","- ",36.326790000000003,-119.28798999999999,TULARE,UNINCORPORATED,-119.28830515,36.326908029999998