CASE_ID,ACCIDENT_YEAR,PROC_DATE,JURIS,COLLISION_DATE,COLLISION_TIME,OFFICER_ID,REPORTING_DISTRICT,DAY_OF_WEEK,CHP_SHIFT,POPULATION,CNTY_CITY_LOC,SPECIAL_COND,BEAT_TYPE,CHP_BEAT_TYPE,CITY_DIVISION_LAPD,CHP_BEAT_CLASS,BEAT_NUMBER,PRIMARY_RD,SECONDARY_RD,DISTANCE,DIRECTION,INTERSECTION,WEATHER_1,WEATHER_2,STATE_HWY_IND,CALTRANS_COUNTY,CALTRANS_DISTRICT,STATE_ROUTE,ROUTE_SUFFIX,POSTMILE_PREFIX,POSTMILE,LOCATION_TYPE,RAMP_INTERSECTION,SIDE_OF_HWY,TOW_AWAY,COLLISION_SEVERITY,NUMBER_KILLED,NUMBER_INJURED,PARTY_COUNT,PRIMARY_COLL_FACTOR,PCF_CODE_OF_VIOL,PCF_VIOL_CATEGORY,PCF_VIOLATION,PCF_VIOL_SUBSECTION,HIT_AND_RUN,TYPE_OF_COLLISION,MVIW,PED_ACTION,ROAD_SURFACE,ROAD_COND_1,ROAD_COND_2,LIGHTING,CONTROL_DEVICE,CHP_ROAD_TYPE,PEDESTRIAN_ACCIDENT,BICYCLE_ACCIDENT,MOTORCYCLE_ACCIDENT,TRUCK_ACCIDENT,NOT_PRIVATE_PROPERTY,ALCOHOL_INVOLVED,STWD_VEHTYPE_AT_FAULT,CHP_VEHTYPE_AT_FAULT,COUNT_SEVERE_INJ,COUNT_VISIBLE_INJ,COUNT_COMPLAINT_PAIN,COUNT_PED_KILLED,COUNT_PED_INJURED,COUNT_BICYCLIST_KILLED,COUNT_BICYCLIST_INJURED,COUNT_MC_KILLED,COUNT_MC_INJURED,PRIMARY_RAMP,SECONDARY_RAMP,LATITUDE,LONGITUDE,COUNTY,CITY,POINT_X,POINT_Y
8190771,2016,2016-12-20,5406,2016-11-17,1335,31,4B,4,5,4,5406,0,0,0,,0,0ES,"M ST",GANNON,96.00,N,N,A,-,N,,,,,,,,,,Y,2,0,1,1,A,-,05,21650,,N,E,I,A,A,H,-,A,D,0,,,,,Y,,D,22,1,0,0,0,0,0,0,0,0,"- ","- ",,,TULARE,TULARE,-119.34429697,36.223053440000001
8190841,2016,2016-12-20,5406,2016-11-15,1508,41,SC,2,5,4,5406,0,0,0,,0,0ES,ALPINE,"NELDER GROVE",242.00,W,N,A,-,N,,,,,,,,,,Y,3,0,4,1,A,-,01,23152,E,N,E,I,A,A,H,-,A,D,0,,,,,Y,,A,01,0,1,3,0,0,0,0,0,0,"- ","- ",,,TULARE,TULARE,-119.31053931,36.202150060000001
8191776,2016,2016-12-21,5405,2016-12-13,1713,107,,2,5,4,5405,0,0,0,,0,001,"HENDERSON AV","PROSPECT ST",324.00,W,N,B,-,N,,,,,,,,,,Y,4,0,3,5,A,-,03,22350,,N,C,C,A,A,H,-,B,D,0,,,,,Y,,-,,0,0,3,0,0,0,0,0,0,"- ","- ",,,TULARE,PORTERVILLE,-119.04506503,36.080407889999996
8191816,2016,2016-12-21,5405,2016-12-02,1424,3,,5,5,4,5405,0,0,0,,0,004,"HENDERSON AV","PROSPECT ST",417.00,E,N,A,-,N,,,,,,,,,,N,4,0,2,2,A,-,03,22350,,N,C,C,A,A,H,-,A,D,0,,,,,Y,,-,,0,0,2,0,0,0,0,0,0,"- ","- ",,,TULARE,PORTERVILLE,-119.04256058,36.080429090000003
8193420,2016,2017-01-19,5407,2016-09-21,1026,M222,480,3,5,5,5407,0,0,0,,0,00N,"NORTH DEMAREE","FERGUSON AV",0.00,,Y,A,-,N,,,,,,,,,,Y,3,0,2,3,A,-,09,21453,C,N,A,C,A,A,H,-,A,A,0,,,,,Y,,A,01,0,2,0,0,0,0,0,0,0,"- ","- ",36.349139999999998,-119.33194,TULARE,VISALIA,-119.33197991999999,36.349220109999997
8193600,2016,2017-03-03,5407,2016-09-11,0810,M226,480,7,5,5,5407,0,0,0,,0,,"RT 63",WHITEDALE,0.00,,Y,A,-,Y,TUL,6,63,-,-,6.520,I,5,N,Y,4,0,2,2,A,-,09,21453,,N,D,C,A,A,H,-,A,A,0,,,,,Y,,-,"- ",0,0,2,0,0,0,0,0,0,"- ","- ",,,TULARE,VISALIA,-119.31369764999999,36.305775300000001
8200925,2017,2017-03-17,5405,2017-02-21,1344,145,,2,5,4,5405,0,0,0,,0,004,"NEWCOMB ST","TOMAH AV",8.00,S,N,B,-,N,,,,,,,,,,N,3,0,1,2,A,-,10,21950,A,N,G,B,B,A,H,-,A,A,0,Y,,,,Y,,D,22,0,1,0,0,1,0,0,0,0,"- ","- ",,,TULARE,PORTERVILLE,-119.05297023999999,36.067658049999999
8200933,2017,2017-03-17,5405,2017-02-15,0826,207,,3,5,4,5405,0,0,0,,0,004,"OLIVE AV","DAMRON ST",39.00,W,N,A,-,N,,,,,,,,,,N,4,0,1,2,A,-,03,22350,,N,C,C,A,A,H,-,A,D,0,,,,,Y,,-,,0,0,1,0,0,0,0,0,0,"- ","- ",,,TULARE,PORTERVILLE,-119.04481179,36.065908970000002
8200941,2017,2017-03-17,5405,2017-02-13,1015,207,,1,5,4,5405,0,0,0,,0,,"BELMONT ST","PUNAM AV",66.00,S,N,A,-,N,,,,,,,,,,,4,0,1,2,A,-,08,22107,,N,A,C,A,A,H,-,A,D,0,,,,,Y,,-,,0,0,1,0,0,0,0,0,0,"- ","- ",,,TULARE,PORTERVILLE,-119.05794774,36.069258920000003
8201570,2017,2017-03-29,5405,2017-03-13,1919,236,,1,5,4,5405,0,0,0,,0,0S2,"MORTON AV","MAIN ST",0.00,,Y,A,-,N,,,,,,,,,,Y,4,0,3,3,A,-,12,21453,A,N,A,C,A,A,H,-,B,A,0,,,,,Y,,-,,0,0,3,0,0,0,0,0,0,"- ","- ",,,TULARE,PORTERVILLE,-119.01616000999999,36.073050010000003
8201577,2017,2017-03-29,5405,2017-03-07,1811,145,,2,5,4,5405,0,0,0,,0,001,"PROSPECT ST","MORTON AV",0.00,,Y,A,-,N,,,,,,,,,,N,4,0,3,2,A,-,17,21451,A,N,A,C,A,A,H,-,B,A,0,,,,,Y,,A,01,0,0,3,0,0,0,0,0,0,"- ","- ",,,TULARE,PORTERVILLE,-119.04392014,36.073280009999998
8201581,2017,2017-03-29,5405,2017-03-04,1409,207,,6,5,4,5405,0,0,0,,0,001,"NEWCOMB ST","MEMORY LN",0.00,,Y,A,-,N,,,,,,,,,,Y,2,0,1,2,A,-,09,21802,A,N,D,C,A,A,H,-,A,A,0,,,Y,,Y,,-,,1,0,0,0,0,0,0,0,1,"- ","- ",,,TULARE,PORTERVILLE,-119.0528001,36.077610110000002
8201678,2017,2017-03-29,5405,2017-03-10,2115,203,,5,5,4,5405,0,0,0,,0,003,"UNION AV","VILLA ST",27.00,E,N,A,-,N,,,,,,,,,,N,3,0,1,1,A,-,03,22350,,N,E,I,A,B,H,-,D,A,0,,,,,Y,,A,01,0,1,0,0,0,0,0,0,0,"- ","- ",,,TULARE,PORTERVILLE,-119.03057878,36.060488820000003
8202168,2016,2017-01-04,5405,2016-12-16,1542,3,,5,5,4,5405,0,0,0,,0,004,"2ND ST","MILL AV",129.00,S,N,B,-,N,,,,,,,,,,Y,4,0,2,2,A,-,09,21804,A,N,D,C,A,B,H,-,A,D,0,,,,,Y,,-,,0,0,2,0,0,0,0,0,0,"- ","- ",,,TULARE,PORTERVILLE,-119.01520778,36.06847612
8202196,2016,2017-01-04,5405,2016-12-15,1322,949,PPD,4,5,4,5405,0,0,0,,0,002,"MORTON AV","2ND ST",0.00,,Y,C,-,N,,,,,,,,,,Y,4,0,1,3,A,-,12,21453,A,N,D,C,A,B,H,-,A,A,0,,,,,Y,,-,,0,0,1,0,0,0,0,0,0,"- ","- ",,,TULARE,PORTERVILLE,-119.0151501,36.07308012
8202200,2016,2017-01-04,5405,2016-12-15,1845,163,,4,5,4,5405,0,0,0,,0,004,"HENDERSON AV","PLANO ST",4.00,W,N,C,-,N,,,,,,,,,,N,4,0,1,2,A,-,10,21950,A,N,G,B,B,B,H,-,C,A,0,Y,,,,Y,,-,,0,0,1,0,1,0,0,0,0,"- ","- ",,,TULARE,PORTERVILLE,-119.00869351999999,36.080210000000001
8202416,2016,2017-01-06,5407,2016-11-11,0646,M186,480,5,5,5,5407,0,0,0,,0,00Q,"BEN MADDOX WY",WALNUT,0.00,,Y,A,-,N,,,,,,,,,,Y,4,0,2,3,A,-,12,21453,A,N,D,C,A,A,H,-,A,A,0,,,,,Y,,A,07,0,0,2,0,0,0,0,0,0,"- ","- ",36.312660000000001,-119.274,TULARE,VISALIA,-119.27399995,36.312640029999997
8202888,2016,2017-01-09,5407,2016-11-12,1500,A261,480,6,5,5,5407,0,0,0,,0,012,CAMERON,MOONEY,0.00,,Y,A,-,N,,,,,,,,,,N,4,0,1,2,A,-,04,21703,,N,C,C,A,A,H,-,A,A,0,,,,,Y,,-,,0,0,1,0,0,0,0,0,0,"- ","- ",,,TULARE,VISALIA,-119.31371999,36.294550049999998
8202900,2016,2017-01-09,5407,2016-11-18,0834,M214,480,5,5,5,5407,0,0,0,,0,,"E ST JOHNS","BUENA VISTA",283.00,W,N,A,-,N,,,,,,,,,,Y,4,0,3,1,A,-,03,22350,,N,E,C,A,A,H,-,A,D,0,,,,,Y,,A,01,0,0,3,0,0,0,0,0,0,"- ","- ",36.34778,-119.27079000000001,TULARE,VISALIA,-119.27140602999999,36.348359879999997
8202912,2016,2017-01-09,5407,2016-11-22,1537,M201,480,2,5,5,5407,0,0,0,,0,,CONYER,"W SWEET AV",0.00,,Y,A,-,N,,,,,,,,,,N,4,0,3,2,A,-,12,22450,A,N,D,C,A,A,H,-,A,A,0,,,,,Y,,A,01,0,0,3,0,0,0,0,0,0,"- ","- ",36.34308,-119.30117,TULARE,VISALIA,-119.30119985,36.34306007
8202947,2016,2017-01-09,5407,2016-11-29,1221,M201,480,2,5,5,5407,0,0,0,,0,00N,"W MINERAL KING AV","CENTRAL ST",249.00,E,N,A,-,N,,,,,,,,,,N,4,0,1,2,A,-,08,22107,,N,D,G,A,A,H,-,A,A,0,,Y,,,Y,,A,01,0,0,1,0,0,0,1,0,0,"- ","- ",36.3277,-119.31077000000001,TULARE,VISALIA,-119.31084557,36.327455209999997
8203064,2016,2017-01-09,5407,2016-12-05,1838,M256,480,1,5,5,5407,0,0,0,,0,M11,AKERS,RIGGIN,0.00,,Y,A,-,N,,,,,,,,,,Y,4,0,1,2,A,-,09,21802,A,N,D,C,A,A,H,-,C,A,0,,,,,Y,,A,01,0,0,1,0,0,0,0,0,0,"- ","- ",,,TULARE,VISALIA,-119.34997998999999,36.356520089999997
8203188,2016,2017-01-05,5407,2016-09-24,0200,A260,480,6,5,5,5407,0,0,0,,0,00Q,"SUNNYSIDE AV","SUNNYSIDE AV 1838",0.00,,Y,A,-,N,,,,,,,,,,N,3,0,1,1,A,-,01,23152,A,M,E,I,A,A,H,-,A,-,0,,,,,Y,Y,A,01,0,1,0,0,0,0,0,0,0,"- ","- ",36.303699999999999,-119.31122000000001,TULARE,VISALIA,-119.31118816,36.303427589999998
8206980,2016,2017-01-10,5406,2016-12-08,1155,31,,4,5,4,5406,0,0,0,,0,0DT,"TULARE AV","J ST",0.00,,Y,B,C,N,,,,,,,,,,Y,4,0,1,2,A,-,09,21801,A,N,A,C,A,B,H,-,A,A,0,,,,,Y,,A,01,0,0,1,0,0,0,0,0,0,"- ","- ",,,TULARE,TULARE,-119.34754985000001,36.207840040000001
8206984,2016,2017-01-10,5406,2016-12-10,1751,77,,6,5,4,5406,0,0,0,,0,0WS,"N SACRAMENTO ST","W MAPLE",224.00,S,N,A,-,N,,,,,,,,,,Y,3,0,1,2,A,-,01,23152,A,N,B,C,A,A,H,-,C,D,0,,,Y,,Y,Y,C,02,0,1,0,0,0,0,0,0,1,"- ","- ",,,TULARE,TULARE,-119.36288999999999,36.21402527
8280447,2016,2017-01-13,5405,2016-12-23,1944,163,,5,5,4,5405,0,0,0,,0,001,"PROSPECT ST","HENDERSON AV",711.00,N,N,C,-,N,,,,,,,,,,Y,4,0,2,2,A,-,09,21801,A,N,D,C,A,B,H,-,C,D,0,,,,,Y,,-,,0,0,2,0,0,0,0,0,0,"- ","- ",,,TULARE,PORTERVILLE,-119.04400579,36.082370570000002
8280455,2016,2017-01-13,5405,2016-12-28,1559,207,,3,5,4,5405,0,0,0,,0,001,"MORTON AV","PROSPECT ST",289.00,E,N,A,-,N,,,,,,,,,,N,4,0,1,2,A,-,09,21801,A,N,D,G,A,A,H,-,A,D,0,,Y,,,Y,,-,,0,0,1,0,0,0,1,0,0,"- ","- ",,,TULARE,PORTERVILLE,-119.0429434,36.073266930000003
8284524,2016,2017-03-01,5407,2016-12-14,1204,M243,480,3,5,5,5407,0,0,0,,0,,"NW 2ND AV",PEARL,0.00,,Y,A,-,Y,TUL,6,63,-,R,8.889,I,5,S,Y,4,0,1,2,A,-,08,22100,B,N,D,C,A,A,H,-,A,A,0,,,,,Y,,A,01,0,0,1,0,0,0,0,0,0,"- ","- ",36.33849,-119.29443999999999,TULARE,VISALIA,-119.29561765,36.339419339999999
8286592,2016,2017-03-02,5401,2016-08-16,1146,2122,5401,2,5,3,5401,0,0,0,,0,003,"W SIERRA WY","RD 74",0.00,,Y,A,-,N,,,,,,,,,,Y,4,0,1,2,B,-,22,,,N,D,C,A,A,H,-,A,D,0,,,,,Y,,D,22,0,0,1,0,0,0,0,0,0,"- ","- ",,,TULARE,DINUBA,-119.40839099999999,36.538794000000003
8286596,2016,2017-01-30,5401,2016-08-12,2351,2133,5401,5,5,3,5401,0,0,0,,0,003,"SURABIAN CT","N ALTA AV",433.00,W,N,A,-,N,,,,,,,,,,Y,2,0,1,2,A,-,00,23104,A,N,A,E,A,A,H,-,A,A,0,,,,Y,Y,,A,01,1,0,0,0,0,0,0,0,0,"- ","- ",,,TULARE,DINUBA,-119.39632546,36.541746320000001
8286632,2016,2017-02-13,5401,2016-11-07,1237,2117,DINU,1,5,3,5401,0,0,0,,0,00B,"W EL MONTE E WY","MONTE VISTA DR",70.00,W,N,A,-,N,,,,,,,,,,Y,4,0,1,2,A,-,03,22350,,N,C,C,A,A,H,-,A,A,0,,,,Y,Y,,A,07,0,0,1,0,0,0,0,0,0,"- ","- ",,,TULARE,DINUBA,-119.40431791,36.545997280000002
8286845,2016,2017-01-25,5401,2016-12-04,1743,2133,5401,7,5,3,5401,0,0,0,,0,001,"AVENUE 416","ROAD 64",31.00,W,N,A,-,N,,,,,,,,,,Y,4,0,1,2,A,-,03,22350,,N,C,C,A,A,D,-,E,D,0,,,Y,,Y,,A,01,0,0,1,0,0,0,0,0,1,"- ","- ",,,TULARE,DINUBA,-119.43053304999999,36.546333570000002
8289863,2016,2017-02-06,5407,2016-12-15,1517,M222,480,4,5,5,5407,0,0,0,,0,011,"N PLAZA","RIGGIN AV",0.00,N,N,C,-,N,,,,,,,,,,Y,3,0,1,2,A,-,07,21658,A,N,C,C,A,B,H,-,A,A,0,,,,Y,Y,,A,01,0,1,0,0,0,0,0,0,0,"- ","- ",36.356349999999999,-119.39464,TULARE,VISALIA,-119.39474989,36.356400039999997
8289958,2016,2017-02-01,5407,2016-12-27,2202,A276,480,2,5,5,5407,0,0,0,,0,026,"S LOVERS LN","E MINERAL KING",0.00,,Y,A,-,N,,,,,,,,,,Y,4,0,2,2,A,-,12,21453,A,N,D,C,A,A,H,-,C,A,0,,,,,Y,,A,07,0,0,2,0,0,0,0,0,0,"- ","- ",,,TULARE,VISALIA,-119.26084991,36.32810001
8289978,2016,2017-02-01,5407,2016-12-24,1913,A266,480,6,5,5,5407,0,0,0,,0,026,"ST JOHNS PKWY","EDISON ST",147.00,N,N,A,-,N,,,,,,,,,,Y,4,0,1,1,A,-,01,23153,A,N,A,I,A,A,H,-,B,D,0,,,,,Y,Y,A,01,0,0,1,0,0,0,0,0,0,"- ","- ",,,TULARE,VISALIA,-119.28044,36.350349999999999
8295095,2017,2017-02-03,5405,2017-01-12,1706,C23,PORT,4,5,4,5405,0,0,0,,0,001,"WESTFIELD AV","JUBILEE LN",21.00,E,N,C,-,N,,,,,,,,,,N,4,0,1,2,A,-,03,22350,A,N,C,C,A,B,H,-,A,A,0,,,,,Y,,-,,0,0,1,0,0,0,0,0,0,"- ","- ",,,TULARE,PORTERVILLE,-119.03721124,36.087593050000002
8295106,2017,2017-02-07,5405,2017-01-12,1552,207,,4,5,4,5405,0,0,0,,0,001,"HENDERSON AV","JAYE ST",0.00,,Y,B,-,N,,,,,,,,,,Y,3,0,1,2,A,-,09,21802,A,N,D,C,A,B,H,-,A,A,0,,,,,Y,,-,,0,1,0,0,0,0,0,0,0,"- ","- ",,,TULARE,PORTERVILLE,-119.02632009,36.080550100000004
8295110,2017,2017-02-07,5405,2017-01-09,1326,C25,PORT,1,5,4,5405,0,0,0,,0,001,"NEWCOMB ST","HENDERSON AV",735.00,S,N,A,-,N,,,,,,,,,,Y,4,0,1,2,A,-,03,22350,,N,C,C,A,B,H,-,A,D,0,,,,,Y,,-,,0,0,1,0,0,0,0,0,0,"- ","- ",,,TULARE,PORTERVILLE,-119.05280713000001,36.078337679999997
8295223,2016,2017-02-06,5407,2016-12-20,0849,M201,480,2,5,5,5407,0,0,0,,0,,"S LOVERS LN","S SUNNYSIDE AV",0.00,,Y,E,-,N,,,,,,,,,,Y,4,0,1,2,A,-,09,21802,A,N,D,C,A,B,H,-,A,A,0,,,,,Y,,A,01,0,0,1,0,0,0,0,0,0,"- ","- ",36.302039999999998,-119.26067,TULARE,VISALIA,-119.26075994,36.302030070000001
8295300,2017,2017-02-13,5407,2017-01-04,1057,M222,480,3,5,5,5407,0,0,0,,0,025,"MINERAL KING",LOCUST,0.00,,N,B,C,N,,,,,,,,,,N,3,0,1,2,A,-,10,21952,,N,G,B,E,B,H,-,A,A,0,Y,,,,Y,,-,,0,1,0,0,1,0,0,0,0,"- ","- ",36.32788,-119.29491,TULARE,VISALIA,-119.29340993,36.327449999999999
8295315,2017,2017-03-07,5407,2017-01-19,1855,A282,480,4,5,5,5407,0,0,0,,0,012,"OAKHURST ST","CALDWELL AV",7.00,N,N,C,-,N,,,,,,,,,,Y,4,0,3,2,A,-,08,22107,,N,D,-,A,B,H,-,C,A,0,,,,,Y,,-,,0,0,3,0,0,0,0,0,0,"- ","- ",36.298430000000003,-119.31862,TULARE,VISALIA,-119.31862,36.298430000000003
8295327,2017,2017-02-07,5407,2017-01-14,0036,A285,480,6,5,5,5407,0,0,0,,0,R25,GOSHEN,DEMAREE,0.00,,Y,A,-,N,,,,,,,,,,Y,3,0,1,2,A,-,01,23153,A,F,D,C,A,A,H,-,C,A,0,,,,,Y,Y,A,01,0,1,0,0,0,0,0,0,0,"- ","- ",,,TULARE,VISALIA,-119.33194949999999,36.338822999999998
8312127,2017,2017-02-27,5405,2017-02-04,1538,3,,6,5,4,5405,0,0,0,,0,,"MAIN ST","REID AV",0.00,,Y,A,-,N,,,,,,,,,,Y,4,0,3,2,A,-,03,22350,,N,C,C,A,A,H,-,A,A,0,,,,,Y,,-,,0,0,3,0,0,0,0,0,0,"- ","- ",,,TULARE,PORTERVILLE,-119.03382000000001,36.096372000000002
8317593,2017,2017-03-14,5407,2017-01-08,1223,C03,SP230,7,5,5,5407,0,0,0,,0,00P,"S SANTA FE",NOBLE,6.00,N,N,A,-,N,,,,,,,,,,Y,4,0,1,2,A,-,12,21453,A,N,D,C,A,A,H,-,A,A,0,,,,,Y,,A,08,0,0,1,0,0,0,0,0,0,"- ","- ",36.326410000000003,-119.28778,TULARE,VISALIA,-119.28774,36.3264
8317638,2017,2017-03-13,5407,2017-02-11,1435,A282,480,6,5,5,5407,0,0,0,,0,033,"MCAULIFF ST","E NOBLE AV",1320.00,S,N,B,-,N,,,,,,,,,,Y,4,0,1,1,A,-,03,22349,A,N,-,A,A,B,H,-,A,A,0,,,,,Y,,D,22,0,0,1,0,0,0,0,0,0,"- ","- ",36.326830000000001,-119.25183,TULARE,VISALIA,-119.25173487000001,36.323220589999998
8317642,2017,2017-03-14,5407,2017-02-12,1932,A260,480,7,5,5,5407,0,0,0,,0,00Q,"W WALNUT AV","S GIDDINGS ST",0.00,,Y,A,-,N,,,,,,,,,,Y,3,0,2,2,A,-,12,21453,A,N,D,C,A,A,H,-,C,A,0,,,,,Y,,D,22,0,2,0,0,0,0,0,0,0,"- ","- ",36.312910000000002,-119.30534,TULARE,VISALIA,-119.30535988,36.312910049999999
8317824,2017,2017-03-07,5407,2017-02-02,2100,A160,480,4,5,5,5407,0,0,0,,0,025,RIGGIN,MOONEY,0.00,,Y,B,-,N,,,,,,,,,,Y,4,0,1,2,D,-,00,,,N,D,C,A,A,H,-,C,A,0,,,Y,,Y,,-,"- ",0,0,1,0,0,0,0,0,1,"- ","- ",36.356459999999998,-119.31431000000001,TULARE,VISALIA,-119.31429995000001,36.356460060000003
8319643,2017,2017-12-26,5404,2017-02-17,1202,671,12,5,5,2,5404,0,0,0,,0,20L,HERMOSA,"RT 65",400.00,E,N,C,-,N,,,,,,,,,,Y,4,0,1,2,A,-,09,21801,A,N,D,C,A,B,H,-,A,D,0,,,,,Y,,A,07,0,0,1,0,0,0,0,0,0,"- ","- ",,,TULARE,LINDSAY,-119.10330713,36.203252849999998
8323794,2017,2017-03-28,5405,2017-02-24,1650,201,,5,5,4,5405,0,0,0,,0,003,"MAIN ST","VANDALIA AV",845.00,N,N,A,-,N,,,,,,,,,,N,3,0,3,3,A,-,03,22350,,N,C,C,A,A,H,-,A,D,0,,,,,Y,,-,,0,1,2,0,0,0,0,0,0,"- ","- ",,,TULARE,PORTERVILLE,-119.01667127,36.055335659999997
8326249,2017,2018-03-22,5404,2017-02-08,0533,686,20L,3,5,2,5404,0,0,0,,0,012,HERMOSA,"RT 65",33.00,E,N,B,-,Y,TUL,6,65,-,-,29.491,I,5,N,Y,2,0,1,2,A,-,10,21950,A,N,G,B,B,B,H,-,C,A,0,Y,,,,Y,Y,A,07,1,0,0,0,1,0,0,0,0,"- ","- ",,,TULARE,LINDSAY,-119.10452054,36.203449339999999
8327224,2017,2017-03-21,5406,2017-02-09,1932,79,,4,5,4,5406,0,0,0,,0,0WS,"E CARTMILL AV","M ST",0.00,W,N,A,-,N,,,,,,,,,,Y,4,0,1,2,A,-,07,21658,A,N,B,A,A,A,H,-,C,D,0,,,,,Y,,A,08,0,0,1,0,0,0,0,0,0,"- ","- ",,,TULARE,TULARE,-119.34900989,36.240320109999999
8327407,2017,2018-02-17,5404,2017-02-14,0735,686,20L,2,5,2,5404,0,0,0,,0,015,"RT 65",LINDMORE,1480.00,N,N,A,-,Y,TUL,6,65,-,-,29.200,H,-,N,Y,4,0,1,2,A,-,03,22350,,N,C,C,A,A,H,-,A,D,0,,,,,Y,,-,,0,0,1,0,0,0,0,0,0,"- ","- ",,,TULARE,LINDSAY,-119.10194172,36.199678900000002
8327443,2017,2018-03-22,5407,2017-01-18,1256,M66,480,3,5,5,5407,0,0,0,,0,000,"RT 63",OAK,0.00,,Y,C,-,Y,TUL,6,63,-,-,8.330,I,5,S,N,4,0,1,2,A,-,12,22450,A,M,D,C,A,B,H,-,A,A,0,,,,,Y,,A,01,0,0,1,0,0,0,0,0,0,"- ","- ",36.330159999999999,-119.29232,TULARE,VISALIA,-119.29347131,36.331956239999997
8335610,2017,2017-04-12,5407,2017-03-17,0707,M186,480,5,5,5,5407,0,0,0,,0,,"E MINERAL KING AV",BRIDGE,0.00,,Y,A,-,N,,,,,,,,,,Y,4,0,1,2,A,-,12,21453,A,N,D,C,A,A,H,-,A,A,0,,,,,Y,,A,01,0,0,1,0,0,0,0,0,0,"- ","- ",36.327449999999999,-119.28892999999999,TULARE,VISALIA,-119.28894991,36.327440070000002
8337416,2017,2017-04-05,5405,2017-03-16,0735,172,,4,5,4,5405,0,0,0,,0,003,"MAIN ST","COLLEGE AV",63.00,S,N,A,-,N,,,,,,,,,,N,3,0,1,2,A,-,08,22107,,N,B,G,A,A,H,-,A,A,0,,Y,,,Y,,L,04,0,1,0,0,0,0,1,0,0,"- ","- ",,,TULARE,PORTERVILLE,-119.01682019,36.047979230000003
8337424,2017,2018-02-17,5405,2017-03-22,1806,163,,3,5,4,5405,0,0,0,,0,002,"RT 65","NORTH GRAND AV",210.00,S,N,C,-,Y,TUL,6,65,-,-,21.340,H,-,N,Y,4,0,2,2,A,-,03,22350,,N,C,C,A,B,H,-,B,A,0,,,,,Y,,-,,0,0,2,0,0,0,0,0,0,"- ","- ",,,TULARE,PORTERVILLE,-119.03984345000001,36.097679130000003
8337557,2017,2017-04-19,5407,2017-02-24,1525,M214,480,5,5,5,5407,0,0,0,,0,012,WHITEDALE,CRENSHAW,0.00,,Y,A,-,N,,,,,,,,,,N,4,0,1,2,A,-,11,21950,B,N,-,B,B,A,H,-,A,A,0,Y,,,,Y,,N,60,0,0,1,0,1,0,0,0,0,"- ","- ",36.306040000000003,-119.34717999999999,TULARE,VISALIA,-119.34499049999999,36.305478000000001
8337565,2017,2017-04-12,5407,2017-02-18,0810,M33,480,6,5,5,5407,0,0,0,,0,00Q,"WALNUT AV","LOVERS LN",0.00,E,N,B,-,N,,,,,,,,,,Y,4,0,1,2,A,-,03,22350,,N,C,C,A,B,H,-,A,A,0,,,,,Y,,D,22,0,0,1,0,0,0,0,0,0,"- ","- ",36.312710000000003,-119.26056,TULARE,VISALIA,-119.26064984999999,36.312710070000001
8337634,2017,2017-04-07,5407,2017-03-17,1846,C40,480,5,5,5,5407,0,0,0,,0,034,"W SEEGER AV","S GIDDINGS ST",0.00,,Y,A,-,N,,,,,,,,,,N,4,0,1,2,A,-,08,22107,,N,A,C,A,A,H,-,A,D,0,,,,,Y,,A,01,0,0,1,0,0,0,0,0,0,"- ","- ",,,TULARE,VISALIA,-119.30531990999999,36.310410009999998
8337650,2017,2017-04-07,5407,2017-03-15,1730,A284,480,3,5,5,5407,0,0,0,,0,,"S LINWOOD ST","W NOBLE AV",0.00,,Y,A,-,N,,,,,,,,,,Y,3,0,3,2,A,-,12,21453,A,N,D,C,A,A,H,-,A,A,0,,,,,Y,,A,01,0,1,2,0,0,0,0,0,0,"- ","- ",,,TULARE,VISALIA,-119.34076985,36.326960079999999
8337654,2017,2017-04-07,5407,2017-03-18,1344,M243,480,6,5,5,5407,0,0,0,,0,,"ST JOHNS PKWY","N CEDAR CT",0.00,,Y,A,-,N,,,,,,,,,,Y,4,0,1,2,A,-,04,21703,,M,D,C,A,A,H,-,A,A,0,,,,,Y,,A,01,0,0,1,0,0,0,0,0,0,"- ","- ",36.34686,-119.26362,TULARE,VISALIA,-119.26386992,36.346970069999998
8337666,2017,2017-04-07,5407,2017-03-22,1654,A253,480,3,5,5,5407,0,0,0,,0,N25,"N DEMAREE ST","RIGGIN AV",0.00,,Y,C,-,N,,,,,,,,,,Y,2,0,2,2,A,-,12,21453,A,N,D,C,A,B,F,-,A,A,0,,,,,Y,,A,01,1,1,0,0,0,0,0,0,0,"- ","- ",,,TULARE,VISALIA,-119.33202998,36.356560080000001
8337790,2017,2017-04-07,5407,2017-02-18,1202,M33,480,6,5,5,5407,0,0,0,,0,00R,AKERS,WHITEDALE,0.00,,Y,B,-,N,,,,,,,,,,Y,3,0,1,2,A,-,12,21453,A,N,D,C,A,A,H,-,A,A,0,,,,,Y,,A,01,0,1,0,0,0,0,0,0,0,"- ","- ",,,TULARE,VISALIA,-119.34936404,36.305462329999997
8337802,2017,2017-04-26,5407,2017-02-24,1038,M33,480,5,5,5,5407,0,0,0,,0,00N,DIVISADERO,GOSHEN,0.00,,Y,A,-,N,,,,,,,,,,Y,3,0,2,3,A,-,"- ",,,N,G,B,-,A,H,-,A,A,0,Y,,,,Y,,N,60,0,1,1,0,2,0,0,0,0,"- ","- ",36.334949999999999,-119.30995,TULARE,VISALIA,-119.30995,36.334949999999999
8337814,2017,2017-04-07,5407,2017-02-13,0844,M264,480,1,5,5,5407,0,0,0,,0,033,"S JEFFREY CT",CAIN,0.00,,Y,A,-,N,,,,,,,,,,Y,3,0,1,2,A,-,08,22107,,N,D,C,A,A,H,-,A,A,0,,,,,Y,,A,01,0,1,0,0,0,0,0,0,0,"- ","- ",36.320610000000002,-119.27237,TULARE,VISALIA,,
8338446,2017,2017-04-07,5405,2017-03-19,1410,223,,7,5,4,5405,0,0,0,,0,003,"DATE AV","PARK ST",6.00,E,N,A,-,N,,,,,,,,,,Y,4,0,1,2,A,-,12,22450,A,N,D,D,A,A,H,-,A,A,0,,,,,Y,,-,,0,0,1,0,0,0,0,0,0,"- ","- ",,,TULARE,PORTERVILLE,-119.00380973,36.058479859999998
8339217,2017,2018-02-17,5405,2017-03-03,1913,203,,5,5,4,5405,0,0,0,,0,003,"RT 190","JAYE ST",50.00,W,N,A,-,Y,TUL,6,190,-,-,15.930,H,-,E,N,4,0,1,2,A,-,03,22350,,N,C,C,A,A,H,-,C,A,0,,,,,Y,,-,,0,0,1,0,0,0,0,0,0,"- ","- ",,,TULARE,PORTERVILLE,-119.02661643,36.051453019999997