CASE_ID,ACCIDENT_YEAR,PROC_DATE,JURIS,COLLISION_DATE,COLLISION_TIME,OFFICER_ID,REPORTING_DISTRICT,DAY_OF_WEEK,CHP_SHIFT,POPULATION,CNTY_CITY_LOC,SPECIAL_COND,BEAT_TYPE,CHP_BEAT_TYPE,CITY_DIVISION_LAPD,CHP_BEAT_CLASS,BEAT_NUMBER,PRIMARY_RD,SECONDARY_RD,DISTANCE,DIRECTION,INTERSECTION,WEATHER_1,WEATHER_2,STATE_HWY_IND,CALTRANS_COUNTY,CALTRANS_DISTRICT,STATE_ROUTE,ROUTE_SUFFIX,POSTMILE_PREFIX,POSTMILE,LOCATION_TYPE,RAMP_INTERSECTION,SIDE_OF_HWY,TOW_AWAY,COLLISION_SEVERITY,NUMBER_KILLED,NUMBER_INJURED,PARTY_COUNT,PRIMARY_COLL_FACTOR,PCF_CODE_OF_VIOL,PCF_VIOL_CATEGORY,PCF_VIOLATION,PCF_VIOL_SUBSECTION,HIT_AND_RUN,TYPE_OF_COLLISION,MVIW,PED_ACTION,ROAD_SURFACE,ROAD_COND_1,ROAD_COND_2,LIGHTING,CONTROL_DEVICE,CHP_ROAD_TYPE,PEDESTRIAN_ACCIDENT,BICYCLE_ACCIDENT,MOTORCYCLE_ACCIDENT,TRUCK_ACCIDENT,NOT_PRIVATE_PROPERTY,ALCOHOL_INVOLVED,STWD_VEHTYPE_AT_FAULT,CHP_VEHTYPE_AT_FAULT,COUNT_SEVERE_INJ,COUNT_VISIBLE_INJ,COUNT_COMPLAINT_PAIN,COUNT_PED_KILLED,COUNT_PED_INJURED,COUNT_BICYCLIST_KILLED,COUNT_BICYCLIST_INJURED,COUNT_MC_KILLED,COUNT_MC_INJURED,PRIMARY_RAMP,SECONDARY_RAMP,LATITUDE,LONGITUDE,COUNTY,CITY,POINT_X,POINT_Y
90013611,2015,2015-10-19,9480,2015-08-28,0650,016233,,5,1,9,5400,0,3,5,,2,006,"SPRUCE RD. (RD. 204)","MYER AVE.",212.00,S,N,A,-,N,,,,,,,,,,Y,4,0,1,2,A,-,03,22350,,N,C,C,A,A,H,-,A,A,0,,,,,Y,,A,01,0,0,1,0,0,0,0,0,0,"- ","- ",36.274000000000001,-119.11805,TULARE,UNINCORPORATED,-119.11807179,36.274514080000003
90013699,2015,2015-10-19,9481,2015-08-31,1500,015218,,1,2,9,5400,0,1,3,,1,054,"BALCH PARK ROAD (MTN. 296)","BATTLE MOUNTAIN ROAD (MTN. 256)",5280.00,E,N,A,-,N,,,,,,,,,,N,4,0,1,1,A,-,03,22350,,N,F,A,A,A,H,-,A,D,0,,,Y,,Y,,C,02,0,0,1,0,0,0,0,0,1,"- ","- ",36.258870000000002,-118.77330000000001,TULARE,UNINCORPORATED,-118.77327025,36.258799959999997
90014237,2015,2015-10-19,9481,2015-08-31,0805,019422,,1,1,9,5400,0,3,5,,2,010,"STATE ROUTE 65","ROAD 2228",0.00,,Y,A,-,Y,,,65,,,,,,,N,4,0,1,2,A,-,03,22350,,N,C,C,A,A,H,-,A,A,0,,,,,Y,,A,01,0,0,1,0,0,0,0,0,0,"- ","- ",36.133890000000001,-119.06384,TULARE,UNINCORPORATED,-119.06388548,36.133853029999997
90014810,2015,2016-02-16,9480,2015-08-18,2050,016145,,2,2,9,5400,0,1,3,,2,091,"S/B SR-99","BETTY DR.",528.00,S,N,A,-,Y,,,,,,,,,,N,1,1,0,3,A,-,11,21954,A,N,G,B,D,A,D,-,C,D,0,Y,,,,Y,Y,N,60,0,0,0,1,0,0,0,0,0,"- ","- ",36.348520000000001,-119.42088,TULARE,UNINCORPORATED,,
90014920,2015,2015-10-19,9480,2015-09-01,0617,017252,,2,1,5,5407,0,1,3,,1,064,"STATE ROUTE 198, EASTBOUND","BURKE STREET",500.00,W,N,A,-,Y,,,198,,,,,,E,Y,3,0,1,1,A,-,08,22107,,N,E,I,A,A,H,-,B,D,0,,,,,Y,,A,01,0,1,0,0,0,0,0,0,0,"- ","- ",36.326810000000002,-119.28258,TULARE,VISALIA,-119.28258015999999,36.326916140000002
90015386,2015,2015-10-19,9480,2015-09-01,1440,012568,,2,2,9,5400,0,1,3,,1,065,SR-65,"AVE. 288",1107.00,N,N,A,-,Y,,,65,,,,,,,Y,4,0,1,1,A,-,08,22107,,N,E,I,A,A,H,-,A,D,0,,,,,Y,,A,01,0,0,1,0,0,0,0,0,0,"- ","- ",36.314529999999998,-119.13527000000001,TULARE,UNINCORPORATED,-119.13518532000001,36.314528119999999
90015395,2015,2015-10-19,9480,2015-09-01,0450,017778,,2,3,9,5400,0,3,5,,2,005,"AVENUE 56","ROAD 64",528.00,E,N,A,-,N,,,,,,,,,,Y,4,0,1,1,A,-,08,22107,,N,E,I,A,A,H,-,D,D,0,,,,,Y,,A,01,0,0,1,0,0,0,0,0,0,"- ","- ",35.891240000000003,-119.42494000000001,TULARE,UNINCORPORATED,-119.42736920999999,35.891166310000003
9001584,2019,2019-12-19,5402,2019-07-14,2300,807,VISAL,7,5,2,5402,0,0,0,,0,12E,BELMONT,"EDISON POLE #4802703E",10.00,W,N,A,-,N,,,,,,,,,,N,3,0,1,2,A,-,08,22107,,N,D,G,A,A,H,-,D,D,0,,Y,,,Y,,L,04,0,1,0,0,0,0,1,0,0,"- ","- ",,,TULARE,EXETER,,
90016044,2015,2015-10-19,9481,2015-08-28,1840,018982,,5,2,9,5400,0,3,5,,2,030,"ROAD 192","AVENUE 120",1000.00,N,N,A,-,N,,,,,,,,,,Y,3,0,1,2,C,-,18,,,N,E,J,A,A,H,-,A,D,0,,,,,Y,,-,"- ",0,1,0,0,0,0,0,0,0,"- ","- ",35.995199999999997,-119.14348,TULARE,UNINCORPORATED,-119.1435038,36.010773970000002
90016725,2015,2015-10-19,9481,2015-09-09,0555,017523,,3,3,9,5400,0,3,5,,2,030,"AVENUE 24","ROAD 156",0.00,,Y,A,-,N,,,,,,,,,,N,4,0,1,2,A,-,03,22350,,N,C,C,A,A,H,-,D,D,0,,,,,Y,,A,01,0,0,1,0,0,0,0,0,0,"- ","- ",35.833950000000002,-119.22369999999999,TULARE,UNINCORPORATED,-119.22359994,35.83401009
90016807,2015,2015-10-19,9481,2015-09-12,1655,018982,,6,2,9,5400,0,1,3,,1,053,"STATE ROUTE 190 (SR-190)","LOWER GLOBE DRIVE",1056.00,W,N,A,-,Y,,,190,,,,,,,Y,3,0,2,2,A,-,03,22350,,N,C,C,A,A,H,-,A,D,0,,,,,Y,,D,22,0,1,1,0,0,0,0,0,0,"- ","- ",36.100749999999998,-118.84204,TULARE,UNINCORPORATED,-118.84204087000001,36.10069678
90017170,2015,2015-10-19,9480,2015-08-30,0116,019828,,7,3,9,5400,0,1,3,,2,095,"SR-99 S/B","AVENUE 80",2112.00,S,N,B,-,Y,,,99,,,,,,S,Y,2,0,1,2,A,-,03,22350,,N,C,C,A,A,C,-,D,D,0,,,,,Y,Y,A,01,1,0,0,0,0,0,0,0,0,"- ","- ",35.929430000000004,-119.2826,TULARE,UNINCORPORATED,-119.28257494,35.929437329999999
90017194,2015,2015-10-19,9480,2015-09-12,2125,018403,,6,2,9,5400,0,3,5,,2,005,"RD. 136","DEER CREEK",0.00,,Y,A,-,N,,,,,,,,,,Y,3,0,2,1,A,-,01,23152,A,N,E,I,A,A,H,-,D,D,0,,,,,Y,Y,A,01,0,2,0,0,0,0,0,0,0,"- ","- ",35.91283,-119.26821,TULARE,UNINCORPORATED,-119.26813602,35.912833630000002
90017701,2015,2015-10-19,9481,2015-09-08,1545,015218,,2,2,9,5400,0,1,3,,1,032,"SR-190 (E/B)","WESTWOOD STREET",2112.00,W,N,A,-,Y,,,190,,,,,,,Y,2,0,4,1,A,-,08,22107,,N,F,A,A,A,H,-,A,D,0,,,,,Y,,A,07,1,1,2,0,0,0,0,0,0,"- ","- ",36.05133,-119.07818,TULARE,UNINCORPORATED,-119.07817993,36.051242240000001
90017847,2015,2015-10-19,9480,2015-08-12,1747,019543,,3,2,9,5400,0,3,5,,2,003,"PRATT ST","BEACON AVE",216.00,S,N,A,-,N,,,,,,,,,,Y,4,0,1,2,A,-,09,21802,A,N,D,C,A,A,H,-,A,A,0,,,,,Y,,A,01,0,0,1,0,0,0,0,0,0,"- ","- ",36.171810000000001,-119.35772,TULARE,UNINCORPORATED,-119.3577052,36.171787350000002
90018443,2015,2015-10-19,9480,2015-09-06,1528,017252,,7,2,9,5400,0,3,5,,2,006,"ROCKY HILL DRIVE","YOKOHL VALLEY DR",8448.00,W,N,A,-,N,,,,,,,,,,Y,3,0,1,1,A,-,08,22107,,N,F,A,A,A,H,-,A,D,0,,,Y,,Y,,C,02,0,1,0,0,0,0,0,0,1,"- ","- ",36.301229999999997,-119.09286,TULARE,UNINCORPORATED,-119.09286,36.301229999999997
90018613,2015,2015-10-19,9480,2015-09-07,1530,014628,,1,2,9,5400,0,1,3,,2,095,"SR-99 N/B","AVE. 24",2112.00,S,N,A,-,Y,,,99,,,,,,N,N,4,0,1,3,A,-,03,22350,,N,C,C,A,A,H,-,A,D,0,,,,,Y,,A,01,0,0,1,0,0,0,0,0,0,"- ","- ",35.826360000000001,-119.25882,TULARE,UNINCORPORATED,-119.25861256,35.826390279999998
90018618,2015,2015-10-19,9481,2015-09-12,1355,018595,,6,1,9,5400,0,1,3,,1,053,SR-190,"WISHON DRIVE",7920.00,E,N,A,-,Y,,,190,,,,,,,Y,4,0,1,1,A,-,08,22107,,N,F,A,A,A,H,-,A,D,0,,,,,Y,,A,07,0,0,1,0,0,0,0,0,0,"- ","- ",36.141719999999999,-118.6377,TULARE,UNINCORPORATED,-118.63773481,36.141697059999998
90018621,2015,2015-10-19,9480,2015-09-05,1940,018861,,6,2,9,5400,0,3,5,,2,005,"ROAD 136","COUNTY LINE RD",2112.00,N,N,A,-,N,,,,,,,,,,Y,3,0,3,2,A,-,08,22107,,N,D,C,A,A,H,-,D,D,0,,,,,Y,,A,01,0,1,2,0,0,0,0,0,0,"- ","- ",35.796289999999999,-119.26812,TULARE,UNINCORPORATED,-119.26811816,35.796205839999999
90019320,2015,2015-10-19,9480,2015-09-06,1320,016856,,7,1,9,5400,0,1,3,,1,060,SR-137,"ROAD 140",1056.00,E,N,A,-,Y,,,137,,,,,,,Y,4,0,2,3,A,-,03,22350,,N,C,C,A,A,H,-,A,D,0,,,,,Y,,A,07,0,0,2,0,0,0,0,0,0,"- ","- ",36.211030000000001,-119.25823,TULARE,UNINCORPORATED,-119.25823,36.210935020000001
90019431,2015,2015-10-19,9481,2015-09-12,2108,019149,,6,2,4,5405,0,3,5,,2,010,"STATE ROUTE 65","OLIVE AVENUE",528.00,N,N,A,-,Y,,,65,,,,,,,Y,4,0,1,1,A,-,08,22107,,N,F,I,A,A,H,-,D,D,0,,,,,Y,,A,01,0,0,1,0,0,0,0,0,0,"- ","- ",36.071890000000003,-119.03946000000001,TULARE,PORTERVILLE,-119.03950007,36.071890000000003
90019508,2015,2015-10-19,9480,2015-09-08,1340,014628,,2,1,9,5400,0,1,3,,2,095,"SR-99 S/B","AVE. 48",6600.00,S,N,A,-,Y,,,99,,,,,,S,Y,4,0,1,2,A,-,07,21658,A,M,B,C,A,A,H,-,A,D,0,,,,,Y,,A,01,0,0,1,0,0,0,0,0,0,"- ","- ",35.858699999999999,-119.26833000000001,TULARE,UNINCORPORATED,-119.26842332,35.858678329999996
90020908,2015,2015-10-19,9481,2015-09-19,0505,019154,,6,3,9,5400,0,3,5,,2,030,"MOUNTAIN 50","MOUNTAIN 56",10560.00,N,N,A,-,N,,,,,,,,,,Y,3,0,2,1,A,-,08,22107,,N,F,A,A,A,H,-,D,D,0,,,,,Y,,A,07,0,1,1,0,0,0,0,0,0,"- ","- ",35.902259999999998,-118.65119,TULARE,UNINCORPORATED,-118.65124226,35.902262270000001
90021120,2015,2015-10-19,9481,2015-09-11,1445,018595,,5,2,9,5400,0,1,3,,1,053,SR-190,"PIERPOINT DRIVE",1584.00,W,N,A,-,Y,,,190,,,,,,,Y,4,0,1,1,C,-,18,,,N,E,I,A,A,H,-,A,D,0,,,Y,,Y,,-,"- ",0,0,1,0,0,0,0,0,1,"- ","- ",36.141030000000001,-118.63193,TULARE,UNINCORPORATED,-118.63188451000001,36.141004729999999
90022858,2015,2015-10-19,9480,2015-09-13,1245,016210,,7,1,9,5400,0,1,3,,2,093,"SR-99 S/B","CARTMILL AVE",2640.00,N,N,A,-,Y,,,99,,,,,,S,Y,4,0,2,2,A,-,03,22350,,N,C,C,A,A,D,-,A,D,0,,,,,Y,,A,01,0,0,2,0,0,0,0,0,0,"- ","- ",36.250079999999997,-119.3531,TULARE,UNINCORPORATED,-119.35303374,36.250128760000003
90023392,2015,2015-10-19,9480,2015-09-16,2312,019048,,3,3,9,5400,0,1,3,,2,093,"SR-99 S/B","AVENUE 280",3168.00,N,N,A,-,Y,,,99,,,,,,S,Y,4,0,1,1,A,-,08,22107,,N,E,I,A,A,H,-,D,D,0,,,,,Y,,A,01,0,0,1,0,0,0,0,0,0,"- ","- ",36.305619999999998,-119.39033999999999,TULARE,UNINCORPORATED,-119.39041888,36.305568049999998
90024263,2015,2015-10-19,9480,2015-09-29,1945,016145,,2,2,9,5400,0,3,5,,2,002,"SR-63 (RD 128)","AVE 404",0.00,,Y,A,-,Y,,,,,,,,,,Y,4,0,1,2,A,-,09,21801,A,N,D,C,A,A,H,-,C,A,0,,,Y,,Y,Y,D,22,0,0,1,0,0,0,0,0,1,"- ","- ",36.522970000000001,-119.28672,TULARE,UNINCORPORATED,,
90024459,2015,2015-10-19,9480,2015-09-18,1129,016233,,5,1,9,5400,0,1,3,,2,095,"SR-99 S/B","AVE. 48",588.00,S,N,A,-,Y,,,99,,,,,,S,Y,4,0,1,1,C,-,18,,,N,F,A,A,A,H,-,A,D,0,,,,,Y,,-,"- ",0,0,1,0,0,0,0,0,0,"- ","- ",35.871229999999997,-119.27124999999999,TULARE,UNINCORPORATED,-119.27089024999999,35.871214670000001
90024520,2015,2015-10-19,9480,2015-09-18,1325,013821,,5,1,9,5400,0,1,3,,1,064,SR-198,"LOVERS LANE U/C",2112.00,E,N,A,-,Y,,,,,,,,,,Y,4,0,1,1,A,-,08,22107,,N,E,I,A,A,H,-,A,D,0,,,,,Y,,D,22,0,0,1,0,0,0,0,0,0,"- ","- ",36.327170000000002,-119.25279,TULARE,UNINCORPORATED,-119.26072000000001,36.327640000000002
90024523,2015,2015-10-19,9481,2015-09-28,1340,015218,,1,1,9,5400,0,1,3,,1,032,SR-190,"ROAD 152",0.00,,Y,A,-,Y,,,190,,,,,,,Y,2,0,2,2,A,-,09,21802,A,N,D,C,A,A,H,-,A,A,0,,,,,Y,,D,22,1,0,1,0,0,0,0,0,0,"- ","- ",36.051090000000002,-119.2323,TULARE,UNINCORPORATED,-119.2323,36.051337009999997
90025191,2015,2015-10-19,9481,2015-09-27,0045,019578,,7,3,9,5400,0,3,5,,2,010,"AVENUE 160","ROAD 168",0.00,,Y,A,-,N,,,,,,,,,,Y,4,0,1,2,A,-,12,22450,A,N,D,C,A,A,H,-,D,A,0,,,,,Y,,A,01,0,0,1,0,0,0,0,0,0,"- ","- ",36.080179999999999,-119.19676,TULARE,UNINCORPORATED,-119.19671986,36.080159999999999
90026467,2015,2015-10-19,9480,2015-09-20,0427,018403,,7,3,9,5400,0,3,5,,2,002,"RD. 108","AVE. 336",350.00,N,N,A,-,N,,,,,,,,,,Y,3,0,1,1,A,-,01,23152,A,N,E,I,A,A,H,-,D,D,0,,,,,Y,Y,A,01,0,1,0,0,0,0,0,0,0,"- ","- ",36.401350000000001,-119.33221,TULARE,UNINCORPORATED,-119.33214067999999,36.400935619999998
90026830,2015,2015-10-19,9480,2015-09-23,1455,012568,,3,2,9,5400,0,3,5,,2,006,"RD. 140","AVE. 272",0.00,,Y,A,-,N,,,,,,,,,,Y,4,0,2,2,A,-,03,22350,,N,C,C,A,A,H,-,A,D,0,,,,,Y,,A,01,0,0,2,0,0,0,0,0,0,"- ","- ",36.283569999999997,-119.26071,TULARE,UNINCORPORATED,-118.96396009,36.04377006
90028146,2015,2015-10-19,9481,2015-10-07,1440,018707,,3,2,9,5400,0,1,3,,1,032,"STATE ROUTE 190","WESTWOOD STREET",0.00,,Y,A,-,Y,,,190,,,,,,,Y,3,0,1,2,A,-,12,22450,A,N,D,C,A,A,H,-,A,A,0,,,,Y,Y,,A,01,0,1,0,0,0,0,0,0,0,"- ","- ",36.051270000000002,-119.07093,TULARE,UNINCORPORATED,-119.07092996999999,36.051261089999997
90028427,2015,2015-10-19,9480,2015-09-26,0955,017709,,6,1,9,5400,0,1,3,,1,025,"SR-245 N/B","DRUM VALLEY RD",528.00,N,N,A,-,Y,,,245,,,,,,N,Y,4,0,1,1,A,-,03,22350,,N,F,A,A,A,H,-,A,D,0,,,Y,,Y,,C,02,0,0,1,0,0,0,0,0,1,"- ","- ",36.607709999999997,-119.09756,TULARE,UNINCORPORATED,-119.09755497,36.60766933
90028432,2015,2015-10-19,9481,2015-10-07,0610,018707,,3,1,9,5400,0,3,5,,2,030,"ROAD 208",SR-190,1056.00,S,N,A,-,N,,,,,,,,,,Y,2,0,1,2,A,-,03,22350,,N,D,C,A,A,H,-,D,D,0,,,,Y,Y,,D,22,1,0,0,0,0,0,0,0,0,"- ","- ",36.047559999999997,-119.10751,TULARE,UNINCORPORATED,-118.70959999999999,36.162260000000003
90028443,2015,2015-10-19,9480,2015-10-03,0639,018563,,6,1,5,5407,0,1,3,,1,064,"STATE ROUTE 198 WESTBOUND","BURKE STREET OVERCROSSING",10.00,W,N,A,-,Y,,,198,,,,,,W,Y,2,0,1,1,A,-,03,22350,,N,E,I,A,A,H,-,B,D,0,,,,,Y,,A,01,1,0,0,0,0,0,0,0,0,"- ","- ",36.32696,-119.28331,TULARE,VISALIA,-119.28330990000001,36.326914889999998
90029998,2015,2015-10-19,9481,2015-10-09,0555,018707,,5,3,9,5400,0,2,4,,1,031,"AVENUE 152","ROAD 192",0.00,,Y,A,-,N,,,,,,,,,,N,4,0,1,2,A,-,09,21802,A,N,D,C,A,A,H,-,C,A,0,,,,,Y,,D,22,0,0,1,0,0,0,0,0,0,"- ","- ",36.065890000000003,-119.14313,TULARE,UNINCORPORATED,-119.14315986,36.065870050000001
90030132,2015,2015-10-19,9480,2015-09-28,1745,016145,,1,2,9,5400,0,3,5,,2,002,"AVE 416","RD 125",0.00,,Y,A,-,N,,,,,,,,,,Y,3,0,2,2,A,-,09,21802,A,N,D,C,A,A,H,-,A,A,0,,,,,Y,,J,48,0,1,1,0,0,0,0,0,0,"- ","- ",36.544899999999998,-119.29353,TULARE,UNINCORPORATED,-119.29367602000001,36.544817989999999
90033637,2015,2015-10-19,9480,2015-09-20,1315,018148,,7,1,9,5400,0,3,5,,2,003,"AVENUE 228","ROAD 52",250.00,W,N,A,-,N,,,,,,,,,,Y,4,0,2,2,A,-,06,21750,,N,C,C,A,A,H,-,A,D,0,,,,,Y,,A,07,0,0,2,0,0,0,0,0,0,"- ","- ",36.203209999999999,-119.4581,TULARE,UNINCORPORATED,-119.45812583,36.2031426
90034052,2015,2015-10-19,9480,2015-10-05,1435,016046,,1,2,9,5400,0,3,5,,2,003,"SOUTH I STREET (DRIVE 112)","AVENUE 196",3696.00,S,N,A,-,N,,,,,,,,,,N,3,0,1,1,A,-,08,22107,,N,E,I,A,A,H,-,A,D,0,,,,,Y,,A,01,0,1,0,0,0,0,0,0,0,"- ","- ",36.13552,-119.33225,TULARE,UNINCORPORATED,-119.33229384000001,36.13559497
90034122,2015,2015-10-19,9480,2015-10-07,1125,014628,,3,1,9,5400,0,3,5,,2,003,"E. OLIVE AVE.","THOMPSON RD.",0.00,,Y,A,-,N,,,,,,,,,,Y,4,0,1,2,A,-,09,21802,A,N,D,C,A,A,H,-,A,A,0,,,,,Y,,A,01,0,0,1,0,0,0,0,0,0,"- ","- ",36.06588,-119.31238999999999,TULARE,UNINCORPORATED,-119.31262225,36.06577446
90035192,2015,2015-10-21,9480,2015-10-03,1035,020612,,6,1,9,5400,0,3,5,,2,002,"ROAD 144","AVENUE 392",1200.00,S,N,A,-,N,,,,,,,,,,Y,4,0,1,1,A,-,01,23152,A,M,E,I,A,A,H,-,A,D,0,,,,,Y,Y,D,22,0,0,1,0,0,0,0,0,0,"- ","- ",36.497750000000003,-119.25055,TULARE,UNINCORPORATED,-119.25055295999999,36.497427260000002
90035212,2015,2015-10-21,9480,2015-10-03,0715,020612,,6,1,9,5400,0,3,5,,2,002,"AVENUE 416","ROAD 120",0.00,,Y,A,-,N,,,,,,,,,,Y,3,0,2,3,A,-,12,21453,A,N,D,C,A,A,H,-,A,A,0,,,,,Y,,A,01,0,1,1,0,0,0,0,0,0,"- ","- ",36.544969999999999,-119.30499,TULARE,UNINCORPORATED,-119.3050305,36.544913999999999
90035223,2015,2015-10-21,9480,2015-10-15,0753,013914,,4,1,5,5407,0,1,3,,1,064,"STATE ROUTE 198 (EASTBOUND)","SHIRK ROAD",1320.00,W,N,B,-,Y,,,198,,,,,,,Y,4,0,1,2,A,-,03,22350,,N,C,C,A,B,H,-,A,D,0,,,,,Y,,A,01,0,0,1,0,0,0,0,0,0,"- ","- ",36.32705,-119.37430000000001,TULARE,VISALIA,-119.37430025,36.327175189999998
90035234,2015,2015-10-21,9480,2015-10-06,1545,013656,,2,2,9,5400,0,3,5,,2,004,"ROAD 158","AVENUE 296",900.00,N,N,A,-,N,,,,,,,,,,Y,3,0,1,2,A,-,06,21750,,N,D,C,A,A,H,-,A,D,0,,,Y,,Y,,C,02,0,1,0,0,0,0,0,0,1,"- ","- ",36.330770000000001,-119.22014,TULARE,UNINCORPORATED,-119.22022002999999,36.329528959999998
90035463,2015,2015-10-21,9480,2015-10-08,1105,013656,,4,1,9,5400,0,3,5,,2,006,"ROAD 224","AVENUE 250",80.00,N,N,A,-,N,,,,,,,,,,Y,4,0,1,1,A,-,03,22350,,N,E,I,A,A,H,-,A,A,0,,,,,Y,,A,01,0,0,1,0,0,0,0,0,0,"- ","- ",36.242519999999999,-119.07351,TULARE,UNINCORPORATED,-119.07355964,36.242538269999997
90035682,2015,2015-10-21,9480,2015-10-09,1750,018861,,5,2,9,5400,0,3,5,,2,005,"AVENUE 104","ROAD 136",1062.00,E,N,A,-,N,,,,,,,,,,Y,4,0,1,1,A,-,08,22107,,N,E,I,A,A,H,-,A,D,0,,,,,Y,,A,01,0,0,1,0,0,0,0,0,0,"- ","- ",35.978789999999996,-119.26553,TULARE,UNINCORPORATED,-119.33978999999999,36.03669
90036209,2015,2015-10-22,9480,2015-10-13,1755,015283,,2,2,9,5400,0,1,3,,1,044,SR-198,"MINERAL KING RD",4224.00,E,N,A,-,Y,,,,,,,,,,Y,4,0,1,1,A,-,08,22107,,N,E,I,A,A,H,-,A,D,0,,,,,Y,,A,01,0,0,1,0,0,0,0,0,0,"- ","- ",36.28293,-118.51683,TULARE,UNINCORPORATED,-118.85194142,36.474820010000002
90036362,2015,2015-10-22,9480,2015-10-17,0047,017452,,6,3,9,5400,0,1,3,,2,091,"SR-99 S/B","AVENUE 384",615.00,S,N,A,-,Y,,,99,,,,,,S,Y,4,0,1,2,A,-,03,22350,,N,C,C,A,A,D,H,D,D,0,,,,,Y,,A,01,0,0,1,0,0,0,0,0,0,"- ","- ",36.487740000000002,-119.51506999999999,TULARE,UNINCORPORATED,-119.51504441,36.487782940000002
90038472,2015,2015-10-26,9480,2015-10-11,1815,017311,,7,2,9,5400,0,1,3,,1,020,SR-201,"RD 156",335.00,E,N,A,-,Y,,,201,,,,,,,N,4,0,3,2,A,-,09,21801,A,N,A,C,A,A,H,-,B,D,0,,,,,Y,,A,01,0,0,3,0,0,0,0,0,0,"- ","- ",36.486020000000003,-119.22199000000001,TULARE,UNINCORPORATED,-119.22199062999999,36.485961469999999
90040407,2015,2015-10-29,9480,2015-10-22,0658,018403,,4,1,5,5407,0,1,3,,1,064,"SR-198 W/B","BURKE ST",350.00,W,N,A,-,Y,,,198,,,,,,W,N,4,0,1,2,A,-,03,22350,,N,C,C,A,A,H,-,A,D,0,,,,,Y,,A,01,0,0,1,0,0,0,0,0,0,"- ","- ",36.326830000000001,-119.28404,TULARE,VISALIA,-119.28404012999999,36.326913509999997
90040517,2015,2015-10-29,9481,2015-10-22,1505,017523,,4,2,9,5400,0,1,3,,1,012,"SR-65 NORTHBOUND","LINDA VISTA AVENUE",0.00,,Y,A,-,Y,,,65,,,,,,N,Y,4,0,1,2,A,-,07,21658,A,N,D,C,A,A,H,-,A,D,0,,,,,Y,,A,01,0,0,1,0,0,0,0,0,0,"- ","- ",36.104790000000001,-119.04283,TULARE,UNINCORPORATED,-119.04311644000001,36.10459788
90040531,2015,2015-10-29,9480,2015-10-23,2008,018521,,5,2,9,5400,0,3,5,,2,002,"ROAD 124","AVENUE 416",150.00,S,N,A,-,N,,,,,,,,,,N,3,0,1,2,A,-,11,21954,A,N,G,B,D,A,H,-,D,D,0,Y,,,,Y,,N,60,0,1,0,0,1,0,0,0,0,"- ","- ",36.544350000000001,-119.29598,TULARE,UNINCORPORATED,-119.29592460000001,36.544453099999998
90040775,2015,2015-10-29,9480,2015-10-14,2315,019543,,3,3,9,5400,0,3,5,,2,006,"MARINETTE AVE","ANDERSON RD",0.00,,Y,B,-,N,,,,,,,,,,N,4,0,2,2,A,-,01,23152,A,N,D,C,A,A,H,-,C,A,0,,,,,Y,Y,A,01,0,0,2,0,0,0,0,0,0,"- ","- ",36.311259999999997,-119.17113000000001,TULARE,UNINCORPORATED,-119.17109997999999,36.311959999999999
90040811,2015,2015-10-29,9480,2015-10-15,0550,013821,,4,3,9,5400,0,3,5,,2,001,"ROAD 80","AVENUE 336",2112.00,N,N,B,C,N,,,,,,,,,,Y,4,0,1,1,A,-,08,22107,,N,E,I,A,B,H,-,D,D,0,,,,,Y,,D,22,0,0,1,0,0,0,0,0,0,"- ","- ",36.406149999999997,-119.3946,TULARE,UNINCORPORATED,-119.39463078999999,36.40615991
90041052,2015,2015-10-29,9480,2015-10-22,1545,013914,,4,2,9,5400,0,1,3,,1,021,"STATE ROUTE 63","AVENUE 408",0.00,,Y,A,-,Y,,,63,,,,,,,N,4,0,1,2,A,-,12,21453,,N,D,C,A,A,H,-,A,A,0,,,,,Y,,A,01,0,0,1,0,0,0,0,0,0,"- ","- ",36.530189999999997,-119.28648,TULARE,UNINCORPORATED,-119.28686774000001,36.530190679999997
90041059,2015,2015-10-29,9480,2015-10-10,1920,019258,,6,2,9,5400,0,3,5,,2,006,"AVENUE 256","ROAD 156",20.00,W,N,A,-,N,,,,,,,,,,Y,2,0,2,3,A,-,03,22350,,N,C,C,A,A,H,-,D,D,0,,,Y,,Y,,A,01,1,0,1,0,0,0,0,0,2,"- ","- ",36.254519999999999,-119.22479,TULARE,UNINCORPORATED,-119.22481775999999,36.254380529999999
90041874,2015,2015-10-30,9481,2015-10-29,0750,018815,,4,1,9,5400,0,1,3,,1,053,"STATE ROUTE 190 EASTBOUND","JAYE STREET",2112.00,E,N,B,-,Y,,,,,,,,,,Y,4,0,2,2,A,-,03,22350,,N,C,C,A,A,H,-,A,D,0,,,,,Y,,A,01,0,0,2,0,0,0,0,0,0,"- ","- ",36.050899999999999,-119.01773,TULARE,UNINCORPORATED,-119.01915952,36.050939999999997
90042144,2015,2015-11-02,9481,2015-10-26,1210,018830,,1,1,9,5400,0,2,4,,2,052,"MOUNTAIN 137","SUCCESS VALLEY DRIVE",6336.00,E,N,A,-,N,,,,,,,,,,Y,4,0,1,1,A,-,08,22107,,N,E,I,A,A,H,-,A,D,0,,,,,Y,,A,07,0,0,1,0,0,0,0,0,0,"- ","- ",36.024630000000002,-118.84049,TULARE,UNINCORPORATED,-118.84049177,36.024578390000002