CASE_ID,ACCIDENT_YEAR,PROC_DATE,JURIS,COLLISION_DATE,COLLISION_TIME,OFFICER_ID,REPORTING_DISTRICT,DAY_OF_WEEK,CHP_SHIFT,POPULATION,CNTY_CITY_LOC,SPECIAL_COND,BEAT_TYPE,CHP_BEAT_TYPE,CITY_DIVISION_LAPD,CHP_BEAT_CLASS,BEAT_NUMBER,PRIMARY_RD,SECONDARY_RD,DISTANCE,DIRECTION,INTERSECTION,WEATHER_1,WEATHER_2,STATE_HWY_IND,CALTRANS_COUNTY,CALTRANS_DISTRICT,STATE_ROUTE,ROUTE_SUFFIX,POSTMILE_PREFIX,POSTMILE,LOCATION_TYPE,RAMP_INTERSECTION,SIDE_OF_HWY,TOW_AWAY,COLLISION_SEVERITY,NUMBER_KILLED,NUMBER_INJURED,PARTY_COUNT,PRIMARY_COLL_FACTOR,PCF_CODE_OF_VIOL,PCF_VIOL_CATEGORY,PCF_VIOLATION,PCF_VIOL_SUBSECTION,HIT_AND_RUN,TYPE_OF_COLLISION,MVIW,PED_ACTION,ROAD_SURFACE,ROAD_COND_1,ROAD_COND_2,LIGHTING,CONTROL_DEVICE,CHP_ROAD_TYPE,PEDESTRIAN_ACCIDENT,BICYCLE_ACCIDENT,MOTORCYCLE_ACCIDENT,TRUCK_ACCIDENT,NOT_PRIVATE_PROPERTY,ALCOHOL_INVOLVED,STWD_VEHTYPE_AT_FAULT,CHP_VEHTYPE_AT_FAULT,COUNT_SEVERE_INJ,COUNT_VISIBLE_INJ,COUNT_COMPLAINT_PAIN,COUNT_PED_KILLED,COUNT_PED_INJURED,COUNT_BICYCLIST_KILLED,COUNT_BICYCLIST_INJURED,COUNT_MC_KILLED,COUNT_MC_INJURED,PRIMARY_RAMP,SECONDARY_RAMP,LATITUDE,LONGITUDE,COUNTY,CITY,POINT_X,POINT_Y
9018875,2020,2020-08-06,5405,2020-01-10,2249,259,,5,5,4,5405,0,0,0,,0,003,"MAIN ST","GIBBONS AV",0.00,,Y,A,-,N,,,,,,,,,,Y,1,1,3,2,A,-,01,23153,A,N,D,C,A,A,H,-,D,A,0,,,,,Y,Y,-,,0,3,0,0,0,0,0,0,0,"- ","- ",,,TULARE,PORTERVILLE,-119.01757000000001,36.040379999999999
90189857,2016,2016-05-31,9481,2016-05-19,1620,018595,,4,2,9,5400,0,1,3,,1,012,"SR-65 S/B","ROAD 203",0.00,,Y,A,-,Y,,,65,,,,,,S,Y,4,0,2,3,A,-,03,22350,,N,C,C,A,A,H,-,A,D,0,,,,,Y,,A,01,0,0,2,0,0,0,0,0,0,"- ","- ",36.210749999999997,-119.12047,TULARE,UNINCORPORATED,-119.12046974,36.210790969999998
90189864,2016,2016-05-31,9481,2016-05-19,1315,018595,,4,1,9,5400,0,3,5,,2,010,"ROAD 196","AVENUE 218",19.00,S,N,A,-,N,,,,,,,,,,Y,3,0,3,2,A,-,08,22107,,N,B,C,A,A,H,-,A,D,0,,,,,Y,,D,22,0,2,1,0,0,0,0,0,0,"- ","- ",36.185290000000002,-119.13544,TULARE,UNINCORPORATED,-119.13545827999999,36.185347880000002
90189937,2016,2016-05-31,9481,2016-05-20,0547,018742,,5,3,9,5400,0,3,5,,2,030,"ROAD 168","AVENUE 152",0.00,,Y,A,-,N,,,,,,,,,,Y,4,0,2,2,A,-,12,22450,A,N,D,C,A,A,H,-,B,A,0,,,,,Y,,A,01,0,0,2,0,0,0,0,0,0,"- ","- ",36.065750000000001,-119.19674999999999,TULARE,UNINCORPORATED,-119.19673991000001,36.065710029999998
90191007,2016,2016-05-31,9480,2016-03-01,2114,017291,,2,2,9,5400,0,1,3,,2,093,"STATE ROUTE 99 (NORTHBOUND)","AVENUE 264",6336.00,N,N,A,-,Y,,,,,,,,,,Y,1,1,0,2,A,-,01,23152,F,F,C,C,A,A,H,-,D,D,0,,,Y,,Y,Y,C,02,0,0,0,0,0,0,0,1,0,"- ","- ",36.252090000000003,-119.37427,TULARE,UNINCORPORATED,,
90192171,2016,2016-06-01,9480,2016-05-19,1640,018148,,4,2,9,5400,0,3,5,,2,002,"AVENUE 376","ROAD 40",0.00,,Y,A,-,Y,,,,,,,,,,Y,4,0,1,2,A,-,12,22450,A,N,D,C,A,A,H,-,A,A,0,,,,,Y,,M,46,0,0,1,0,0,0,0,0,0,"- ","- ",36.47372,-119.4833,TULARE,UNINCORPORATED,-119.48330985,36.473710079999996
90192234,2016,2016-06-01,9480,2016-05-20,0950,013656,,5,1,5,5407,0,1,3,,1,064,"SR-198 TO COURT ST","BRIDGE ST",75.00,E,N,A,-,Y,,,198,,,,R,,,Y,4,0,2,2,A,-,03,22350,,N,C,C,A,A,H,-,A,D,0,,,,,Y,,A,01,0,0,2,0,0,0,0,0,0,"- ","- ",36.327159999999999,-119.28839000000001,TULARE,VISALIA,-119.28839000000001,36.327159999999999
90192637,2016,2016-06-01,9481,2016-05-25,0610,019280,,3,1,9,5400,0,1,3,,1,037,"STATE ROUTE 65","AVENUE 24",37.00,N,N,A,-,Y,,,65,,,,,,,Y,4,0,1,3,A,-,03,22350,,N,C,C,A,A,H,-,A,D,0,,,,,Y,,A,01,0,0,1,0,0,0,0,0,0,"- ","- ",35.834130000000002,-119.05401000000001,TULARE,UNINCORPORATED,-119.05367436,35.834130989999998
90192700,2016,2016-06-08,9481,2016-05-26,1510,018982,,4,2,9,5400,0,2,4,,1,051,"MAIN STREET (DIAGONAL 238)","AVENUE 112",0.00,,Y,A,-,N,,,,,,,,,,Y,4,0,2,2,A,-,05,21752,D,N,B,C,A,A,H,-,A,D,0,,,,,Y,,D,22,0,0,2,0,0,0,0,0,0,"- ","- ",35.99324,-119.04325,TULARE,UNINCORPORATED,-119.04325,35.99324
90193563,2016,2016-06-02,9480,2016-05-26,1143,013914,,4,1,9,5400,0,3,5,,2,001,"ROAD 80","AVENUE 400",1100.00,N,N,A,-,N,,,,,,,,,,Y,3,0,2,2,A,-,03,22350,,N,C,C,A,A,H,-,A,D,0,,,,,Y,,D,22,0,2,0,0,0,0,0,0,0,"- ","- ",36.518450000000001,-119.39466,TULARE,UNINCORPORATED,-119.39480782,36.51985131
90194234,2016,2016-06-03,9480,2016-05-21,1705,019048,,6,2,9,5400,0,1,3,,1,065,SR-65,"AVENUE 256",0.00,,Y,A,-,Y,,,,,,,,,,Y,3,0,1,2,A,-,09,21802,A,N,D,C,A,A,H,-,A,A,0,,,,,Y,,A,01,0,1,0,0,0,0,0,0,0,"- ","- ",36.252029999999998,-119.13507,TULARE,UNINCORPORATED,-119.13634992,36.253570109999998
90194590,2016,2017-08-14,9480,2016-06-01,0415,018657,,3,3,9,5400,0,3,5,,2,006,"ROAD 216","AVENUE 254",75.00,S,N,A,-,N,,,,,,,,,,N,1,1,0,2,A,-,11,21954,A,N,G,B,D,A,H,-,D,D,0,Y,,,,Y,,N,60,0,0,0,1,0,0,0,0,0,"- ","- ",36.249569999999999,-119.09121,TULARE,UNINCORPORATED,-119.00552,36.181730000000002
90196096,2016,2016-06-07,9480,2016-06-03,1437,019048,,5,2,9,5400,0,3,5,,2,001,"ROAD 80","AVENUE 400",60.00,S,N,A,-,N,,,,,,,,,,N,4,0,1,2,A,-,03,22350,,N,C,C,A,A,H,-,A,A,0,,,,,Y,,A,01,0,0,1,0,0,0,0,0,0,"- ","- ",36.517749999999999,-119.39547,TULARE,UNINCORPORATED,-119.39470052999999,36.516670359999999
90196425,2016,2016-06-07,9480,2016-05-29,1806,018403,,7,2,9,5400,0,1,3,,2,095,"SR-99 S/B","AVE. 16",1584.00,N,N,A,-,Y,,,99,,,,,,S,Y,4,0,2,1,A,-,08,22107,,N,E,I,A,A,H,-,A,D,0,,,,,Y,,D,22,0,0,2,0,0,0,0,0,0,"- ","- ",35.824550000000002,-119.25879,TULARE,UNINCORPORATED,-119.25871619999999,35.824551530000001
90199294,2016,2016-06-10,9480,2016-05-28,1505,020612,,6,2,9,5400,0,3,5,,2,003,"ADAMS ROAD","SPENCER AVENUE",60.00,S,N,A,-,N,,,,,,,,,,N,4,0,1,2,A,-,21,22106,,N,D,C,A,A,H,-,A,D,0,,,,,Y,,A,01,0,0,1,0,0,0,0,0,0,"- ","- ",36.058480000000003,-119.30813000000001,TULARE,UNINCORPORATED,-119.30811756,36.058428990000003
90200074,2016,2016-06-13,9481,2016-06-05,1500,017957,,7,2,9,5400,0,1,3,,1,054,"BALCH PARK CAMPGROUND #27","BEAR CREEK ROAD",1056.00,E,N,A,-,N,,,,,,,,,,N,3,0,1,2,B,-,22,,,N,G,B,F,A,H,-,A,D,0,Y,,,,Y,,D,22,0,1,0,0,1,0,0,0,0,"- ","- ",36.222450000000002,-118.67777,TULARE,UNINCORPORATED,,
90201952,2016,2016-06-15,9481,2016-06-10,0905,018707,,5,1,9,5400,0,3,5,,2,030,"ROAD 152","AVENUE 152",0.00,,Y,A,-,N,,,,,,,,,,Y,4,0,1,2,A,-,09,21802,A,N,D,C,A,A,H,-,A,A,0,,,,,Y,,D,22,0,0,1,0,0,0,0,0,0,"- ","- ",36.065899999999999,-119.23236,TULARE,UNINCORPORATED,-119.23233992999999,36.065750080000001
90203239,2016,2016-06-16,9480,2016-05-28,1050,015282,,6,1,9,5400,0,1,3,,2,093,"STATE ROUTE 99 SOUTHBOUND TO DRIVE 92B","DRIVE 92B",350.00,S,N,A,-,Y,,,99,,,,R,,S,Y,3,0,2,1,C,-,18,,,N,H,A,A,A,H,-,A,D,0,,,,,Y,,-,"- ",0,2,0,0,0,0,0,0,0,"- ","- ",36.267029999999998,-119.36479,TULARE,UNINCORPORATED,-119.36479,36.267029999999998
90203263,2016,2016-06-16,9481,2016-06-12,1400,018707,,7,2,9,5400,0,3,5,,2,030,"MOUNTAIN 56 (MTN. 56)","MOUNTAIN 109 (MTN. 109)",31680.00,E,N,A,-,N,,,,,,,,,,Y,3,0,1,1,A,-,08,22107,,N,F,A,A,A,H,-,A,D,0,,,,,Y,,D,22,0,1,0,0,0,0,0,0,0,"- ","- ",35.878889999999998,-118.82585,TULARE,UNINCORPORATED,-118.82583796999999,35.878834140000002
90204219,2016,2016-06-17,9480,2016-06-08,1845,020871,,3,2,9,5400,0,1,3,,2,093,"SR-99 S/B","CALDWELL AVE",750.00,S,N,A,-,Y,,,99,,,,,,S,Y,3,0,2,1,A,-,08,22107,,N,F,A,A,A,D,-,A,D,0,,,,,Y,,A,01,0,1,1,0,0,0,0,0,0,"- ","- ",36.287480000000002,-119.37862,TULARE,UNINCORPORATED,-119.37857441,36.287509710000002
90205368,2016,2016-06-20,9480,2016-06-03,0620,016210,,5,1,9,5400,0,3,5,,2,004,"AVENUE 296","SR-198 W/B OFF RAMP",0.00,,Y,A,-,N,,,,,,,,,,Y,3,0,1,2,A,-,09,21802,A,N,D,C,A,A,H,-,A,A,0,,,,,Y,,D,22,0,1,0,0,0,0,0,0,0,"- ","- ",36.328040000000001,-119.20809,TULARE,UNINCORPORATED,-119.20814215999999,36.32799936
90205698,2016,2016-06-20,9480,2016-06-09,2055,020871,,4,2,9,5400,0,3,5,,2,001,"AVENUE 308","RD. 72",0.00,,Y,A,-,N,,,,,,,,,,Y,2,0,2,2,A,-,09,21801,A,N,A,C,A,A,H,-,C,A,0,,,,,Y,Y,D,22,1,1,0,0,0,0,0,0,0,"- ","- ",36.349020000000003,-119.41248,TULARE,UNINCORPORATED,-119.41249987,36.349000089999997
90206042,2016,2016-06-21,9480,2016-06-11,1515,013656,,6,2,9,5400,0,3,5,,2,006,"AVENUE 295 (NOBLE AVE.)","ROAD 156",1320.00,E,N,A,-,N,,,,,,,,,,Y,4,0,1,2,A,-,08,22107,,N,D,C,A,A,H,-,A,D,0,,,,,Y,,A,07,0,0,1,0,0,0,0,0,0,"- ","- ",36.326540000000001,-119.21926000000001,TULARE,UNINCORPORATED,-119.21927869,36.326643750000002
90207203,2016,2016-06-22,9480,2016-06-20,0600,012401,,1,1,9,5400,0,1,3,,2,091,"SR-99 N/B","AVE 284",5280.00,S,N,A,-,Y,,,,,,,,,,Y,3,0,1,2,A,-,03,22350,,N,C,C,A,A,H,-,B,D,0,,,,Y,Y,,A,01,0,1,0,0,0,0,0,0,0,"- ","- ",36.4833,-119.5073,TULARE,UNINCORPORATED,,
90207267,2016,2016-06-22,9480,2016-06-17,1520,016210,,5,2,9,5400,0,1,3,,2,095,"SR-99 N/B","COUNTY LINE RD",3480.00,N,N,A,-,Y,,,99,,,,,,N,Y,4,0,1,3,A,-,03,22350,,M,C,C,A,A,H,-,A,D,0,,,,,Y,,-,99,0,0,1,0,0,0,0,0,0,"- ","- ",35.799810000000001,-119.25436000000001,TULARE,UNINCORPORATED,-119.25448249999999,35.799781750000001
90207913,2016,2016-06-23,9480,2016-05-21,2100,019186,,6,2,9,5400,0,1,3,,1,040,SR-216,"AVENUE 336",0.00,,Y,B,G,Y,,,216,,,,,,,Y,2,0,5,2,A,-,01,23152,A,N,D,C,A,A,H,-,D,A,0,,,,,Y,Y,A,01,1,1,3,0,0,0,0,0,0,"- ","- ",36.399360000000001,-119.16942,TULARE,UNINCORPORATED,-119.16942809,36.399376949999997
90208069,2016,2016-06-23,9481,2016-06-19,1530,019578,,7,2,4,5405,0,1,3,,1,012,"STATE ROUTE 65","W. HENDERSON AVENUE",2640.00,N,N,A,-,Y,,,65,,,,,,,N,3,0,1,1,A,-,01,23152,A,M,E,I,A,A,H,-,A,D,0,,,,,Y,Y,A,01,0,1,0,0,0,0,0,0,0,"- ","- ",36.086039999999997,-119.03910999999999,TULARE,PORTERVILLE,-119.03916624,36.08603694
90208431,2016,2016-06-23,9481,2016-06-18,0845,018982,,6,1,9,5400,0,1,3,,1,037,SR-65,"AVENUE 24",675.00,N,N,A,-,Y,,,65,,,,,,,Y,3,0,3,2,A,-,08,22107,,N,A,C,A,A,H,-,A,D,0,,,,,Y,,A,01,0,2,1,0,0,0,0,0,0,"- ","- ",35.835940000000001,-119.0536,TULARE,UNINCORPORATED,-119.05366595,35.835940030000003
90208581,2016,2016-06-23,9481,2016-06-18,1400,018982,,6,2,9,5400,0,1,3,,1,032,SR-190,"ROAD 208",0.00,,Y,A,-,Y,,,190,,,,,,,Y,3,0,2,2,A,-,09,21802,A,N,D,C,A,A,H,-,A,A,0,,,,,Y,,D,22,0,1,1,0,0,0,0,0,0,"- ","- ",36.051220000000001,-119.10751,TULARE,UNINCORPORATED,-119.10751001,36.051209020000002
90209830,2016,2016-06-27,9480,2016-05-21,2151,018204,,6,2,9,5400,0,3,5,,2,001,"AVE 284","RD 56",442.00,W,N,B,-,N,,,,,,,,,,Y,3,0,2,2,A,-,05,21650,,F,A,C,A,A,H,-,D,D,0,,,,,Y,,A,01,0,2,0,0,0,0,0,0,0,"- ","- ",36.488460000000003,-119.45032,TULARE,UNINCORPORATED,-119.45032,36.488460000000003
90211106,2016,2016-06-28,9480,2016-06-18,1428,013656,,6,2,9,5400,0,3,5,,2,001,"DRIVE 60","AVENUE 352",2640.00,S,N,A,-,N,,,,,,,,,,Y,3,0,2,1,A,-,08,22107,,N,F,A,A,A,H,-,A,D,0,,,,,Y,,D,22,0,1,1,0,0,0,0,0,0,"- ","- ",36.424140000000001,-119.46975999999999,TULARE,UNINCORPORATED,-119.46986674999999,36.424034229999997
90211261,2016,2016-06-28,9480,2016-06-22,0610,012251,,3,1,9,5400,0,1,3,,2,093,"SR-99 NB","AVENUE 200",5280.00,S,N,A,-,Y,,,99,,,,,,N,Y,2,0,1,1,A,-,03,22350,,N,E,I,A,A,H,-,B,D,0,,,,,Y,,A,01,1,0,0,0,0,0,0,0,0,"- ","- ",36.138289999999998,-119.327,TULARE,UNINCORPORATED,-119.32706951999999,36.138269170000001
90212117,2016,2016-06-29,9481,2016-06-27,1615,017957,,1,2,9,5400,0,3,5,,2,030,"ROAD 208",SR-190,0.00,,Y,A,-,N,,,,,,,,,,Y,3,0,2,2,A,-,09,21802,A,N,D,C,A,A,H,-,A,A,0,,,,,Y,,A,07,0,1,1,0,0,0,0,0,0,"- ","- ",36.051229999999997,-119.10747000000001,TULARE,UNINCORPORATED,-118.70960003,36.162260099999997
90213247,2016,2016-06-30,9481,2016-06-24,2135,019422,,5,2,9,5400,0,3,5,,2,050,"SUCCESS DRIVE","RUTH STREET",300.00,W,N,A,-,N,,,,,,,,,,N,3,0,1,2,A,-,11,21956,,F,G,B,E,A,H,-,D,D,0,Y,,,,Y,,N,60,0,1,0,0,1,0,0,0,0,"- ","- ",35.058230000000002,-118.99431,TULARE,UNINCORPORATED,-118.99429679000001,36.058268720000001
90214894,2016,2016-07-01,9481,2016-06-25,0145,019422,,6,3,9,5400,0,2,4,,1,021,"AVENUE 196","ROAD 256",50.00,W,N,A,-,N,,,,,,,,,,Y,4,0,1,1,A,-,08,22107,,N,E,I,A,A,H,-,C,D,0,,,,,Y,,D,22,0,0,1,0,0,0,0,0,0,"- ","- ",36.145600000000002,-119.00172000000001,TULARE,UNINCORPORATED,-119.00033913,36.145500390000002
90218537,2016,2016-07-07,9480,2016-06-23,0855,013914,,4,1,9,5400,0,1,3,,1,044,"STATE ROUTE 198","PIERCE DRIVE",1300.00,W,N,A,-,Y,,,,,,,,,,Y,3,0,2,2,A,-,09,21804,A,N,D,C,A,A,H,-,A,D,0,,,,,Y,,A,01,0,1,1,0,0,0,0,0,0,"- ","- ",36.411999999999999,-119.92912,TULARE,UNINCORPORATED,-118.93240252,36.411719130000002
90218542,2016,2016-07-07,9480,2016-06-23,1430,013914,,4,2,9,5400,0,1,3,,1,021,"STATE ROUTE 63","AVENUE 403",0.00,,Y,A,-,Y,,,63,,,,,,,Y,4,0,1,2,A,-,09,21802,A,N,D,C,A,A,H,-,A,A,0,,,,,Y,,A,08,0,0,1,0,0,0,0,0,0,"- ","- ",36.52176,-119.2863,TULARE,UNINCORPORATED,-119.28672601,36.521740919999999
90218565,2016,2016-07-08,9480,2016-06-24,0648,013914,,5,1,9,5400,0,1,3,,2,091,"STATE ROUTE 99 (SOUTHBOUND)","AVENUE 384",3840.00,S,N,A,-,Y,,,99,,,,,,,Y,3,0,2,2,A,-,08,22107,,N,B,C,A,A,H,-,A,D,0,,,,,Y,,A,07,0,1,1,0,0,0,0,0,0,"- ","- ",36.482700000000001,-119.50847,TULARE,UNINCORPORATED,-119.50853947,36.482640089999997
90218933,2016,2016-07-08,9481,2016-06-30,1810,019422,,4,2,9,5400,0,2,4,,1,021,"ORANGE BELT DRIVE","AVENUE 208",0.00,,Y,A,-,N,,,,,,,,,,Y,4,0,1,2,A,-,09,21802,A,N,D,C,A,A,H,-,A,A,0,,,,,Y,,A,01,0,0,1,0,0,0,0,0,0,"- ","- ",36.16724,-119.0729,TULARE,UNINCORPORATED,-119.07283012000001,36.167300019999999
90219209,2016,2016-07-08,9481,2016-07-01,1510,018707,,5,2,9,5400,0,3,5,,2,030,"AVENUE 8","ROAD 180",1056.00,E,N,A,-,N,,,,,,,,,,Y,2,0,1,1,A,-,01,23152,A,N,E,I,A,A,H,-,A,D,0,,,,,Y,Y,A,01,1,0,0,0,0,0,0,0,0,"- ","- ",35.80509,-119.16686,TULARE,UNINCORPORATED,-119.16641275000001,35.805130009999999
90219223,2016,2016-07-08,9480,2016-06-03,2045,019697,,5,2,9,5400,0,3,5,,2,004,SR-245,"AVENUE 322",202.00,S,N,A,-,Y,,,245,,,,,,,Y,3,0,1,2,A,-,03,22350,,F,G,B,A,A,H,-,B,D,0,,,,,Y,,A,01,0,1,0,0,0,0,0,0,0,"- ","- ",36.372280000000003,-119.09818,TULARE,UNINCORPORATED,-119.09821823,36.372279769999999
90220990,2016,2016-07-12,9480,2016-06-19,1125,013821,,7,1,9,5400,0,3,5,,2,002,"AVENUE 408","ROAD 104",0.00,,Y,A,-,N,,,,,,,,,,Y,3,0,3,2,A,-,12,22450,A,N,D,C,A,A,H,-,A,A,0,,,,,Y,,A,01,0,1,2,0,0,0,0,0,0,"- ","- ",36.314999999999998,-119.2025,TULARE,UNINCORPORATED,-119.34052989,36.530700039999999
90221211,2016,2016-07-12,9480,2016-06-26,1310,014628,,7,1,9,5400,0,1,3,,2,093,"SR-99 N/B","AVE. 280",3168.00,S,N,A,-,Y,,,99,,,,,,N,Y,3,0,2,1,A,-,08,22107,,N,E,I,A,A,H,-,A,D,0,,,,,Y,,A,07,0,1,1,0,0,0,0,0,0,"- ","- ",36.289960000000001,-119.37958999999999,TULARE,UNINCORPORATED,-119.37979813,36.28983015
90221815,2016,2016-07-13,9480,2016-06-28,0125,017452,,2,3,9,5400,0,1,3,,2,093,"SR-99 S/B","AVENUE 200",0.00,,N,A,-,Y,,,,,,,,,,Y,3,0,1,1,A,-,08,22107,,N,F,A,A,A,H,-,D,D,0,,,,Y,Y,,G,25,0,1,0,0,0,0,0,0,0,"- ","- ",36.162649999999999,-119.33256,TULARE,UNINCORPORATED,,
90222289,2016,2016-07-13,9480,2016-07-04,1300,017108,,1,1,9,5400,0,3,5,,2,006,"ROAD 92","AVENUE 280",370.00,N,N,A,-,N,,,,,,,,,,N,4,0,1,2,A,-,03,22350,,N,C,C,A,A,H,-,A,D,0,,,,,Y,,A,01,0,0,1,0,0,0,0,0,0,"- ","- ",36.301479999999998,-119.36739,TULARE,UNINCORPORATED,-119.36738149,36.299155349999999
90222324,2016,2016-07-13,9481,2016-07-03,0720,018815,,7,1,9,5400,0,2,4,,2,052,"MTN 137 (RESERVATION ROAD)","ROAD 284",4752.00,E,N,A,-,N,,,,,,,,,,Y,2,0,1,1,A,-,01,23152,A,N,F,A,A,A,H,-,A,D,0,,,,,Y,Y,A,01,1,0,0,0,0,0,0,0,0,"- ","- ",36.027819999999998,-118.91716,TULARE,UNINCORPORATED,-118.91687751000001,36.026753419999999
90223684,2016,2016-07-15,9480,2016-07-01,1558,015282,,5,2,9,5400,0,1,3,,1,021,"STATE ROUTE 63 (ROAD 128)  SOUTHBOUND","RISLEY AVENUE",40.00,S,N,A,-,Y,,,63,,,,,,S,N,3,0,1,2,A,-,07,21658,A,N,H,G,A,A,H,-,A,D,0,,Y,,,Y,,L,04,0,1,0,0,0,0,1,0,0,"- ","- ",36.54195,-119.28686,TULARE,UNINCORPORATED,-119.2868816,36.541949750000001
90226457,2016,2016-07-20,9481,2016-07-04,2215,017957,,1,3,9,5400,0,3,5,,2,010,"ROAD 224","AVENUE 184",1056.00,N,N,A,-,N,,,,,,,,,,Y,3,0,3,1,A,-,08,22107,,N,E,I,A,A,H,-,A,D,0,,,,,Y,,A,01,0,3,0,0,0,0,0,0,0,"- ","- ",36.126579999999997,-119.07186,TULARE,UNINCORPORATED,-119.0717983,36.126397359999999
90227263,2016,2016-07-21,9480,2016-07-06,1315,020871,,3,1,9,5400,0,3,5,,2,002,"ROAD 88","AVENUE 384",0.00,,Y,A,-,N,,,,,,,,,,Y,4,0,1,2,A,-,12,22450,A,N,D,C,A,A,H,-,A,A,0,,,,,Y,,A,01,0,0,1,0,0,0,0,0,0,"- ","- ",36.487830000000002,-119.37661,TULARE,UNINCORPORATED,-119.37668997,36.487670110000003
90227456,2016,2016-07-21,9480,2016-07-06,1243,014351,,3,1,9,5400,0,3,5,,2,002,"ROAD 120","AVE 448",0.00,,Y,A,-,N,,,,,,,,,,Y,4,0,2,2,A,-,12,22450,A,N,D,C,A,A,H,-,A,A,0,,,,,Y,,A,08,0,0,2,0,0,0,0,0,0,"- ","- ",36.602710000000002,-119.30475,TULARE,UNINCORPORATED,-119.30484921,36.602693180000003
90227563,2016,2016-07-21,9481,2016-07-09,1010,019104,,6,1,9,5400,0,3,5,,2,050,"ROAD 248","AVENUE 108",880.00,N,N,A,-,N,,,,,,,,,,Y,4,0,2,2,A,-,09,21804,A,N,D,C,A,A,H,-,A,D,0,,,,,Y,,D,22,0,0,2,0,0,0,0,0,0,"- ","- ",35.988169999999997,-119.01784000000001,TULARE,UNINCORPORATED,-119.01789279,35.988414419999998
90227795,2016,2016-07-21,9481,2016-07-15,1000,018707,,5,1,9,5400,0,1,3,,1,037,SR-65,"AVENUE 112",1584.00,S,N,A,-,Y,,,65,,,,,,,Y,3,0,1,2,C,-,18,,,N,A,C,A,A,H,-,A,D,0,,,,,Y,,-,"- ",0,1,0,0,0,0,0,0,0,"- ","- ",35.987990000000003,-119.04913000000001,TULARE,UNINCORPORATED,-119.04920357,35.988034820000003
90230441,2016,2016-07-26,9480,2016-07-18,1318,018204,,1,1,9,5400,0,3,5,,2,001,"RD 80","AVE 328",0.00,,Y,A,-,N,,,,,,,,,,Y,4,0,3,2,D,-,00,,,N,D,C,A,A,H,-,A,A,0,,,,,Y,,-,"- ",0,0,3,0,0,0,0,0,0,"- ","- ",36.385300000000001,-119.39436000000001,TULARE,UNINCORPORATED,-119.39459144999999,36.385367189999997
90230705,2016,2016-07-26,9480,2016-07-09,1320,015282,,6,1,9,5400,0,3,5,,2,002,"ROAD 88","AVENUE 392",120.00,N,N,A,-,N,,,,,,,,,,Y,3,0,3,1,A,-,08,22107,,N,E,I,A,A,H,-,A,D,0,,,,,Y,,A,01,0,3,0,0,0,0,0,0,0,"- ","- ",36.50224,-119.37667999999999,TULARE,UNINCORPORATED,-119.37674091,36.502459309999999
90232516,2016,2016-07-28,9481,2016-07-26,2310,019578,,2,3,9,5400,0,2,4,,1,021,"ORANGE BELT DRIVE","AVENUE 190",462.00,S,N,A,-,N,,,,,,,,,,Y,4,0,1,1,A,-,08,22107,,N,E,I,A,A,H,-,D,D,0,,,,,Y,,A,01,0,0,1,0,0,0,0,0,0,"- ","- ",36.133470000000003,-119.05457,TULARE,UNINCORPORATED,-119.05454627,36.13341131
90232567,2016,2016-07-28,9480,2016-07-10,0120,019828,,7,3,9,5400,0,1,3,,1,010,SR-201,"ROAD 56",2640.00,E,N,A,-,Y,,,201,,,,,,,Y,2,0,1,1,A,-,08,22107,,N,E,I,A,A,H,-,D,D,0,,,,,Y,,A,01,1,0,0,0,0,0,0,0,0,"- ","- ",36.517299999999999,-119.44070000000001,TULARE,UNINCORPORATED,-119.44069985,36.517350749999999
90233593,2016,2016-07-29,9480,2016-07-19,0535,017252,,2,3,9,5400,0,1,3,,1,020,"STATE ROUTE 201","ROAD 96",320.00,W,N,A,-,Y,,,201,,,,,,,Y,3,0,1,1,A,-,08,22107,,N,F,A,A,A,H,-,B,D,0,,,,,Y,,A,07,0,1,0,0,0,0,0,0,0,"- ","- ",36.516509999999997,-119.35955,TULARE,UNINCORPORATED,-119.35955011999999,36.516500999999998
90233752,2016,2016-08-01,9480,2016-05-22,1315,013821,,7,1,9,5400,0,1,3,,1,060,SR-137,"ROAD 140",600.00,E,N,A,-,N,,,137,,,,,,,Y,4,0,1,3,A,-,03,22350,,N,C,C,A,A,H,-,A,A,0,,,,,Y,,A,01,0,0,1,0,0,0,0,0,0,"- ","- ",36.210929999999998,-119.26025,TULARE,UNINCORPORATED,-119.26025041,36.210910429999998
90234743,2016,2016-08-01,9481,2016-07-24,1840,019578,,7,2,9,5400,0,2,4,,1,021,"ORANGE BELT DRIVE","AVENUE 184",0.00,,Y,A,-,N,,,,,,,,,,Y,3,0,2,2,A,-,09,21802,A,N,D,C,A,A,H,-,A,A,0,,,,,Y,,A,01,0,1,1,0,0,0,0,0,0,"- ","- ",36.12359,-119.04962,TULARE,UNINCORPORATED,-119.04960149999999,36.123606000000002
90237018,2016,2016-08-03,9480,2016-07-25,2500,018403,,1,4,9,5400,0,1,3,,1,021,SR-63,"AVE. 424",1115.00,N,N,A,-,Y,,,63,,,,,,,Y,3,0,1,1,A,-,08,22107,,N,E,I,A,A,H,-,D,D,0,,,,,Y,Y,A,01,0,1,0,0,0,0,0,0,0,"- ","- ",36.56232,-119.28722999999999,TULARE,UNINCORPORATED,-119.28706124999999,36.562321330000003