CASE_ID,ACCIDENT_YEAR,PROC_DATE,JURIS,COLLISION_DATE,COLLISION_TIME,OFFICER_ID,REPORTING_DISTRICT,DAY_OF_WEEK,CHP_SHIFT,POPULATION,CNTY_CITY_LOC,SPECIAL_COND,BEAT_TYPE,CHP_BEAT_TYPE,CITY_DIVISION_LAPD,CHP_BEAT_CLASS,BEAT_NUMBER,PRIMARY_RD,SECONDARY_RD,DISTANCE,DIRECTION,INTERSECTION,WEATHER_1,WEATHER_2,STATE_HWY_IND,CALTRANS_COUNTY,CALTRANS_DISTRICT,STATE_ROUTE,ROUTE_SUFFIX,POSTMILE_PREFIX,POSTMILE,LOCATION_TYPE,RAMP_INTERSECTION,SIDE_OF_HWY,TOW_AWAY,COLLISION_SEVERITY,NUMBER_KILLED,NUMBER_INJURED,PARTY_COUNT,PRIMARY_COLL_FACTOR,PCF_CODE_OF_VIOL,PCF_VIOL_CATEGORY,PCF_VIOLATION,PCF_VIOL_SUBSECTION,HIT_AND_RUN,TYPE_OF_COLLISION,MVIW,PED_ACTION,ROAD_SURFACE,ROAD_COND_1,ROAD_COND_2,LIGHTING,CONTROL_DEVICE,CHP_ROAD_TYPE,PEDESTRIAN_ACCIDENT,BICYCLE_ACCIDENT,MOTORCYCLE_ACCIDENT,TRUCK_ACCIDENT,NOT_PRIVATE_PROPERTY,ALCOHOL_INVOLVED,STWD_VEHTYPE_AT_FAULT,CHP_VEHTYPE_AT_FAULT,COUNT_SEVERE_INJ,COUNT_VISIBLE_INJ,COUNT_COMPLAINT_PAIN,COUNT_PED_KILLED,COUNT_PED_INJURED,COUNT_BICYCLIST_KILLED,COUNT_BICYCLIST_INJURED,COUNT_MC_KILLED,COUNT_MC_INJURED,PRIMARY_RAMP,SECONDARY_RAMP,LATITUDE,LONGITUDE,COUNTY,CITY,POINT_X,POINT_Y
90543019,2017,2017-09-07,9480,2017-09-06,1503,019048,,3,2,5,5407,0,1,3,,1,064,"SR-198 W/B","PLAZA DR",1709.00,E,N,A,-,Y,,,198,,,,,,W,Y,3,0,1,2,A,-,03,22350,,F,C,C,A,A,H,-,A,D,0,,,,,Y,,D,22,0,1,0,0,0,0,0,0,0,"- ","- ",36.32732,-119.38402000000001,TULARE,VISALIA,-119.38402164999999,36.327139780000003
90543794,2017,2017-09-08,9481,2017-09-07,1350,017523,,4,1,9,5400,0,3,5,,2,010,"AVENUE 194","ROAD 196",300.00,E,N,A,-,N,,,,,,,,,,N,4,0,1,2,A,-,21,22106,,N,D,C,A,A,H,-,A,D,0,,,,,Y,,A,08,0,0,1,0,0,0,0,0,0,"- ","- ",36.141919999999999,-119.13330999999999,TULARE,UNINCORPORATED,-119.13318517,36.141977799999999
90545661,2017,2017-09-12,9480,2017-09-03,0757,016210,,7,1,9,5400,0,1,3,,2,093,"SR-99 N/B","DRIVE 92B",5544.00,N,N,B,F,Y,,,99,,,,,,N,Y,3,0,2,2,A,-,03,22350,,N,C,C,A,A,H,-,A,D,0,,,,,Y,,D,22,0,1,1,0,0,0,0,0,0,"- ","- ",36.279850000000003,-119.37317,TULARE,UNINCORPORATED,-119.37322885,36.279811420000001
90545821,2017,2017-10-04,9481,2017-09-07,1530,018707,,4,2,9,5400,0,1,3,,1,037,SR-65,"AVENUE 95",100.00,S,N,A,-,Y,,,65,,,,,,,N,4,0,1,2,A,-,03,22350,,N,C,C,A,A,D,-,A,D,0,,,,,Y,,A,01,0,0,1,0,0,0,0,0,0,"- ","- ",35.961689999999997,-119.05351,TULARE,UNINCORPORATED,-119.05357985000001,35.961691629999997
90550294,2017,2017-09-18,9495,2017-09-11,1515,019111,,1,2,9,5400,0,1,S,,2,095,"SR-99 (N/B)","AVENUE 56 (SIERRA AVENUE)",300.00,S,N,B,-,Y,,,99,,,,,,,Y,4,0,1,2,A,-,04,21703,,N,C,C,A,B,H,-,A,D,0,,,,,Y,,A,01,0,0,1,0,0,0,0,0,0,"- ","- ",35.890509999999999,-119.27334,TULARE,UNINCORPORATED,-119.27336768000001,35.890503539999997
90550327,2017,2017-09-18,9481,2017-09-06,1420,019149,,3,2,9,5400,0,3,5,,2,010,"AVENUE 196","ROAD 196",0.00,,Y,A,-,N,,,,,,,,,,Y,4,0,1,3,A,-,09,21802,A,N,D,C,A,A,H,-,A,D,0,,,,,Y,,D,22,0,0,1,0,0,0,0,0,0,"- ","- ",36.145560000000003,-119.13458,TULARE,UNINCORPORATED,-119.13432994999999,36.145560080000003
90552537,2017,2017-09-20,9480,2017-09-16,1015,015047,,6,1,9,5400,0,3,5,,2,002,"ROAD 124","AVENUE 416",0.00,,Y,A,-,N,,,,,,,,,,N,3,0,1,2,A,-,12,21453,A,N,D,C,A,A,H,-,A,A,0,,,,,Y,,D,22,0,1,0,0,0,0,0,0,0,"- ","- ",36.544829999999997,-119.29593,TULARE,UNINCORPORATED,-119.29593149999999,36.544868999999998
90552571,2017,2017-09-20,9481,2017-09-19,0115,019154,,2,3,9,5400,0,3,5,,2,050,"ROAD 236","AVENUE 100",1056.00,S,N,A,-,N,,,,,,,,,,Y,3,0,2,1,A,-,08,22107,,N,F,A,A,A,H,-,D,D,0,,,,,Y,,A,07,0,2,0,0,0,0,0,0,0,"- ","- ",35.967210000000001,-119.04455,TULARE,UNINCORPORATED,-119.04459804,35.967207639999998
90552941,2017,2017-09-21,9480,2017-09-09,0610,014351,,6,1,9,5400,0,3,5,,2,004,"AVENUE 344","ROAD 182",525.00,E,N,A,-,N,,,,,,,,,,Y,4,0,1,2,A,-,03,22350,,N,C,C,A,A,H,-,D,D,0,,,,,Y,,D,22,0,0,1,0,0,0,0,0,0,"- ","- ",36.413800000000002,-119.16889999999999,TULARE,UNINCORPORATED,-119.16446777,36.41381792
90552974,2017,2017-09-21,9480,2017-09-12,1845,019349,,2,2,9,5400,0,3,5,,2,005,"AVENUE 56","HOWARD ROAD",0.00,,Y,A,-,N,,,,,,,,,,Y,2,0,3,2,A,-,09,21801,A,N,A,C,A,A,H,-,A,A,0,,,,,Y,,D,22,1,1,1,0,0,0,0,0,0,"- ","- ",35.89161,-119.28586,TULARE,UNINCORPORATED,-119.28587985999999,35.891890060000001
90553107,2017,2017-09-21,9480,2017-09-15,0800,014351,,5,1,5,5407,0,1,3,,1,064,"SR 198 (WESTBOUND)","BRIDGE ST",150.00,E,N,A,-,Y,,,198,,,,,,,N,4,0,1,2,A,-,03,22350,,N,C,C,A,A,H,-,A,D,0,,,,,Y,,A,01,0,0,1,0,0,0,0,0,0,"- ","- ",36.326999999999998,-119.28870000000001,TULARE,VISALIA,-119.28870000000001,36.326908029999998
90553402,2017,2017-09-21,9481,2017-09-20,0755,017523,,3,1,9,5400,0,3,5,,2,020,"AVENUE 196","ROAD 230",0.00,,Y,A,-,N,,,,,,,,,,N,4,0,1,2,A,-,09,21802,A,N,D,C,A,A,H,-,A,A,0,,,,,Y,,A,01,0,0,1,0,0,0,0,0,0,"- ","- ",36.145560000000003,-119.0583,TULARE,UNINCORPORATED,-119.05830002,36.145550049999997
90555249,2017,2017-09-25,9480,2017-09-17,0935,015047,,7,1,9,5400,0,1,3,,1,021,"RT 63","RAILROAD DRIVE",0.00,,Y,A,-,Y,,,63,,,,,,,Y,4,0,3,3,A,-,09,21801,A,N,D,C,A,A,H,-,A,D,0,,,,,Y,,A,01,0,0,3,0,0,0,0,0,0,"- ","- ",36.521990000000002,-119.28691999999999,TULARE,UNINCORPORATED,-119.28674095,36.522000609999999
90555849,2017,2017-09-26,9481,2017-09-09,0720,018595,,6,1,9,5400,0,1,3,,1,054,"STATE ROUTE 190","WILD TURKEY WAY",6336.00,E,N,A,-,Y,,,190,,,,,,,Y,4,0,1,1,A,-,08,22107,,N,F,A,A,A,H,-,A,D,0,,,,Y,Y,,F,24,0,0,1,0,0,0,0,0,0,"- ","- ",36.132739999999998,-118.78506,TULARE,UNINCORPORATED,-118.78506813,36.132728
90555966,2017,2017-09-26,9480,2017-09-19,1105,014351,,2,1,9,5400,0,3,5,,2,004,"DRY CREEK DRIVE","STAGE COACH DR",528.00,N,N,A,-,N,,,,,,,,,,Y,4,0,1,2,A,-,05,21650,,N,A,C,A,A,H,-,A,D,0,,,,,Y,,D,22,0,0,1,0,0,0,0,0,0,"- ","- ",36.610900000000001,-119.01649999999999,TULARE,UNINCORPORATED,-119.01383131999999,36.60989618
90559684,2017,2017-09-29,9481,2017-09-21,0820,018742,,4,1,4,5405,0,1,3,,1,053,"STATE ROUTE 190 (SR-190)","PLANO STREET",2112.00,W,N,B,C,Y,,,190,,,,,,,Y,4,0,1,3,A,-,08,22107,,N,D,C,A,B,H,-,A,D,0,,,,,Y,,A,07,0,0,1,0,0,0,0,0,0,"- ","- ",36.05104,-119.01597,TULARE,PORTERVILLE,-119.01597013,36.051101150000001
90559823,2017,2017-09-29,9481,2017-09-22,1043,017523,,5,1,9,5400,0,2,4,,1,021,"AVENUE 208","ORANGE BELT DRIVE",0.00,,Y,A,-,N,,,,,,,,,,Y,3,0,1,2,A,-,09,21804,A,N,D,C,A,A,H,-,A,A,0,,,,,Y,,D,22,0,1,0,0,0,0,0,0,0,"- ","- ",36.16713,-119.07284,TULARE,UNINCORPORATED,-119.07283012000001,36.167300019999999
90560101,2017,2017-09-29,9480,2017-09-19,1320,016210,,2,1,9,5400,0,1,3,,1,034,"SR-198 W/B","ROAD 64",290.00,W,N,A,-,Y,,,198,,,,,,W,Y,3,0,1,2,A,-,03,22350,,N,C,C,A,A,H,-,A,A,0,,,,Y,Y,,A,07,0,1,0,0,0,0,0,0,0,"- ","- ",36.327570000000001,-119.43235,TULARE,UNINCORPORATED,-119.43235404000001,36.327175959999998
90560248,2017,2017-09-29,9480,2017-09-21,1345,013656,,4,1,9,5400,0,3,5,,2,006,"AVENUE 280","ROAD 92",0.00,,Y,A,-,N,,,,,,,,,,Y,4,0,1,2,A,-,12,22450,A,N,D,C,A,A,D,H,A,A,0,,,,,Y,,A,07,0,0,1,0,0,0,0,0,0,"- ","- ",36.298220000000001,-119.36741000000001,TULARE,UNINCORPORATED,-119.36736989000001,36.298140019999998
90561257,2017,2017-10-02,9481,2017-09-20,1830,020252,,3,2,9,5400,0,3,5,,2,050,"TEAPOT DOME AVENUE","MAIN STREET",0.00,,Y,A,-,N,,,,,,,,,,Y,4,0,1,2,A,-,12,22450,A,N,D,C,A,A,H,-,A,A,0,,,,,Y,,D,22,0,0,1,0,0,0,0,0,0,"- ","- ",36.022219999999997,-119.026,TULARE,UNINCORPORATED,-119.026,36.022219999999997
90561975,2017,2017-10-03,9481,2017-09-29,1115,017523,,5,1,9,5400,0,3,5,,2,010,"AVENUE 196","ROAD 216",1584.00,W,N,A,-,N,,,,,,,,,,Y,3,0,3,2,A,-,09,21801,A,N,D,C,A,A,H,-,A,D,0,,,,Y,Y,,A,01,0,1,2,0,0,0,0,0,0,"- ","- ",36.455399999999997,-119.09383,TULARE,UNINCORPORATED,-119.09502847,36.145460640000003
90562063,2017,2017-10-03,9481,2017-09-27,1240,018982,,3,1,9,5400,0,1,3,,1,037,"STATE ROUTE 65 (SR-65)","AVENUE 12",0.00,,Y,A,-,Y,,,65,,,,,,,Y,4,0,1,2,A,-,09,21802,A,N,D,C,A,A,H,-,A,A,0,,,,,Y,,A,01,0,0,1,0,0,0,0,0,0,"- ","- ",35.812449999999998,-119.05368,TULARE,UNINCORPORATED,-119.05356049,35.812449729999997
90562203,2017,2017-10-03,9480,2017-09-26,1835,019111,,2,2,9,5400,0,3,5,,2,005,"AVENUE 144","ROAD 104",0.00,,Y,A,-,N,,,,,,,,,,Y,4,0,2,2,A,-,08,22107,,N,B,C,A,A,H,-,A,D,0,,,,Y,Y,,F,26,0,0,2,0,0,0,0,0,0,"- ","- ",36.051200000000001,-119.33975,TULARE,UNINCORPORATED,-119.33975999,36.051200020000003
90562356,2017,2017-10-03,9480,2017-09-26,1430,013656,,2,2,9,5400,0,3,5,,2,006,"ROAD 164","AVENUE 256",40.00,S,N,A,-,N,,,,,,,,,,Y,4,0,2,2,A,-,03,22350,,N,C,C,A,A,H,-,A,A,0,,,,,Y,,D,22,0,0,2,0,0,0,0,0,0,"- ","- ",36.254049999999999,-119.20688,TULARE,UNINCORPORATED,-119.20692265,36.254063270000003
90562662,2017,2017-10-04,9481,2017-09-30,1535,019104,,6,2,9,5400,0,3,5,,2,050,"ROAD 236","AVENUE 80",1584.00,S,N,A,-,N,,,,,,,,,,Y,4,0,1,1,A,-,08,22107,,N,E,J,A,A,H,-,A,D,0,,,,,Y,,D,22,0,0,1,0,0,0,0,0,0,"- ","- ",35.929949999999998,-119.04501,TULARE,UNINCORPORATED,-119.04493302,35.930813989999997
90562804,2017,2017-10-05,9480,2017-09-27,1340,019048,,3,1,9,5400,0,1,3,,2,091,"SR-99 N/B","BETTY DR",137.00,N,N,A,-,Y,,,99,,,,,,N,Y,3,0,2,4,C,-,18,,,N,F,I,A,A,B,D,A,D,0,,,,Y,Y,,-,"- ",0,1,1,0,0,0,0,0,0,"- ","- ",36.350340000000003,-119.42658,TULARE,UNINCORPORATED,-119.42662821,36.350313800000002
90563671,2017,2017-10-05,9480,2017-09-22,1955,016723,,5,2,9,5400,0,1,3,,1,025,SR-245,"DRIVE 152 (DRUM VALLEY ROAD)",1056.00,N,N,A,-,Y,,,245,,,,,,,Y,3,0,1,1,A,-,01,23152,A,N,F,A,A,A,H,-,D,D,0,,,,,Y,Y,D,22,0,1,0,0,0,0,0,0,0,"- ","- ",36.606969999999997,-119.09845,TULARE,UNINCORPORATED,-119.09826074999999,36.60714626
90564059,2017,2017-10-05,9480,2017-09-29,2005,017778,,5,2,9,5400,0,3,5,,2,002,"AVENUE 384","SIMPSON DRIVE",1584.00,W,N,A,-,N,,,,,,,,,,N,4,0,1,1,A,-,13,22515,A,N,H,B,A,A,H,-,A,D,0,,,,,Y,,A,01,0,0,1,0,0,0,0,0,0,"- ","- ",36.487369999999999,-119.34444000000001,TULARE,UNINCORPORATED,-119.34475242000001,36.487289500000003
90564314,2017,2017-10-05,9481,2017-09-26,0610,018815,,2,1,9,5400,0,3,5,,2,030,"AVENUE 4","ROAD 200",2112.00,E,N,A,-,N,,,,,,,,,,Y,3,0,6,2,A,-,03,22350,,N,C,C,A,A,H,-,B,D,0,,,,,Y,,A,01,0,1,5,0,0,0,0,0,0,"- ","- ",35.797919999999998,-119.11814,TULARE,UNINCORPORATED,-119.12528,35.79813
90564562,2017,2017-10-06,9480,2017-10-04,1640,018204,,3,2,9,5400,0,3,5,,2,003,"AVE 280","RT 99",2359.00,W,N,A,-,N,,,,,,,,,,Y,4,0,1,2,A,-,03,22350,,N,C,C,A,A,C,D,A,D,0,,,,,Y,,A,01,0,0,1,0,0,0,0,0,0,"- ","- ",36.297960000000003,-119.39283,TULARE,UNINCORPORATED,-119.39271088,36.298044619999999
90565005,2017,2017-10-06,9480,2017-09-29,2010,013656,,5,2,9,5400,0,3,5,,2,006,"AVENUE 256","ROAD 124",0.00,,Y,A,-,N,,,,,,,,,,Y,4,0,2,2,A,-,09,21802,A,N,D,C,A,A,H,-,D,A,0,,,,,Y,,A,01,0,0,2,0,0,0,0,0,0,"- ","- ",36.255859999999998,-119.29631000000001,TULARE,UNINCORPORATED,-119.29632989,36.255850000000002
9056566,2020,2020-03-23,5405,2020-03-05,1140,243,,4,5,4,5405,0,0,0,,0,003,"TULE RIVER WALKWAY","MAIN ST",0.00,,N,A,-,N,,,,,,,,,,N,3,0,2,1,B,-,22,,,N,F,A,A,A,G,-,A,D,0,,,Y,,Y,,C,06,0,1,1,0,0,0,0,0,2,"- ","- ",,,TULARE,PORTERVILLE,,
9056570,2020,2020-03-23,5405,2020-03-09,1710,243,,1,5,4,5405,0,0,0,,0,003,"GRAND AV","HENRAHAN ST",354.00,E,N,A,-,N,,,,,,,,,,N,4,0,1,2,A,-,09,21804,A,N,D,C,A,A,H,-,A,D,0,,,,,Y,,A,01,0,0,1,0,0,0,0,0,0,"- ","- ",,,TULARE,PORTERVILLE,-119.01078033447266,36.076610565185547
9056582,2020,2020-03-23,5405,2020-03-10,1258,264,,2,5,4,5405,0,0,0,,0,004,"MORTON AV","INDIANA ST",132.00,W,N,A,-,N,,,,,,,,,,N,4,0,1,2,A,-,08,22107,,N,D,G,A,A,H,-,A,D,0,,Y,,,Y,,D,22,0,0,1,0,0,0,1,0,0,"- ","- ",,,TULARE,PORTERVILLE,-119.0355224609375,36.073280334472656
90567846,2017,2018-01-03,9481,2017-09-14,2217,019104,,4,3,9,5400,0,3,5,,2,020,"BALCH PARK ROAD","YOKOHL VALLEY DRIVE",1584.00,S,N,A,-,N,,,,,,,,,,Y,1,1,0,1,A,-,01,23152,A,N,F,A,A,A,H,-,D,D,0,,,,,Y,Y,D,22,0,0,0,0,0,0,0,0,0,"- ","- ",36.225140000000003,-118.81126,TULARE,UNINCORPORATED,-118.81118773999999,36.225029769999999
90568443,2017,2017-10-11,9480,2017-10-02,1915,013656,,1,2,9,5400,0,3,5,,2,006,"TURNER DR","ELK BAYOU DITCH",250.00,N,N,A,-,N,,,,,,,,,,Y,4,0,1,2,A,-,08,22107,,N,F,A,A,A,H,-,D,D,0,,,,Y,Y,,G,25,0,0,1,0,0,0,0,0,0,"- ","- ",36.167740000000002,-119.29606,TULARE,UNINCORPORATED,-119.29609984,36.167720070000001
90569262,2017,2017-10-12,9480,2017-10-09,1605,017108,,1,2,9,5400,0,3,5,,2,001,"ROAD 12","AVENUE 392",4.00,N,N,A,-,N,,,,,,,,,,Y,4,0,1,2,A,-,09,21802,A,N,D,C,A,A,H,-,A,A,0,,,,,Y,,A,08,0,0,1,0,0,0,0,0,0,"- ","- ",36.503439999999998,-119.54799,TULARE,UNINCORPORATED,-119.54792988,36.503390979999999
90569931,2017,2017-10-13,9480,2017-10-08,1040,013821,,7,1,5,5407,0,3,5,,2,004,"ROAD 132","AVENUE 320",0.00,,Y,A,-,N,,,,,,,,,,Y,4,0,1,2,A,-,03,22350,,N,C,C,A,A,H,-,A,D,0,,,,,Y,,A,01,0,0,1,0,0,0,0,0,0,"- ","- ",36.370989999999999,-119.27878,TULARE,VISALIA,-119.2787685,36.370970999999997
90570868,2017,2017-12-21,9480,2017-08-18,2005,019647,,5,2,9,5400,0,3,5,,2,004,"NORTH FORK DRIVE","STATE ROUTE 198",1768.00,N,N,A,-,N,,,,,,,,,,Y,1,1,4,1,A,-,01,23152,G,N,E,I,A,A,H,-,B,A,0,,,,,Y,Y,A,01,2,0,2,0,0,0,0,0,0,"- ","- ",36.442259999999997,-118.90732,TULARE,UNINCORPORATED,-118.9072895,36.44222594
90570956,2017,2017-10-16,9480,2017-10-09,1555,019111,,1,2,9,5400,0,1,3,,1,051,"SR-43 (CENTRAL VALLEY HWY)","AVENUE 56",0.00,,Y,A,-,Y,,,43,,,,,,,Y,3,0,1,2,A,-,09,21802,A,N,D,C,A,A,H,-,A,A,0,,,,,Y,,A,01,0,1,0,0,0,0,0,0,0,"- ","- ",35.89143,-119.40532,TULARE,UNINCORPORATED,-119.40536831,35.89139454
90571102,2017,2017-10-16,9480,2017-10-13,0530,017452,,5,3,9,5400,0,1,3,,2,095,"SR-99 N/B","AVENUE 96",4224.00,S,N,A,-,Y,,,99,,,,,,N,Y,3,0,2,3,A,-,03,22350,,N,C,C,A,A,H,-,D,D,0,,,,Y,Y,,A,01,0,2,0,0,0,0,0,0,0,"- ","- ",35.954810000000002,-119.29024,TULARE,UNINCORPORATED,-119.29028782,35.954799190000003
90571455,2017,2017-10-16,9480,2017-10-04,1605,016723,,3,2,9,5400,0,3,5,,2,006,"AVENUE 296 (NOBLE AVENUE)","ROAD 152",833.00,W,N,A,-,N,,,,,,,,,,Y,4,0,1,2,A,-,08,22107,,F,D,C,A,A,H,-,A,D,0,,,,,Y,,A,01,0,0,1,0,0,0,0,0,0,"- ","- ",36.326799999999999,-119.23662,TULARE,UNINCORPORATED,-119.23665462,36.32713098
90571972,2017,2017-10-18,9480,2017-10-11,0920,012401,,3,1,9,5400,0,1,3,,2,095,"SR-99 (SOUTHBOUND)","AVE 48 O/C",5280.00,S,N,A,-,Y,,,,,,,,,,Y,3,0,1,2,A,-,08,22107,,N,E,I,A,A,H,-,A,D,0,,,,Y,Y,,A,01,0,1,0,0,0,0,0,0,0,"- ","- ",36.838500000000003,-119.34757999999999,TULARE,UNINCORPORATED,,
90572129,2017,2018-01-04,9481,2017-10-12,0355,019149,,4,3,9,5400,0,3,5,,2,030,"AVENUE 152","ROAD 152",1056.00,E,N,A,-,N,,,,,,,,,,Y,3,0,1,1,A,-,08,22107,,N,E,I,A,A,H,-,D,D,0,,,,,Y,,A,01,0,1,0,0,0,0,0,0,0,"- ","- ",36.065710000000003,-119.22651999999999,TULARE,UNINCORPORATED,-119.22877085,36.065754220000002
90574420,2017,2017-10-19,9480,2017-10-14,1030,013643,,6,1,4,5406,0,1,3,,2,093,"STATE ROUTE 99 (NORTHBOUND)","BARDSLEY AVE",175.00,S,N,A,-,Y,,,99,,,,,,,N,3,0,1,2,A,-,03,22350,,N,C,C,A,A,H,-,A,D,0,,,,,Y,,A,01,0,1,0,0,0,0,0,0,0,"- ","- ",36.19341,-119.32850999999999,TULARE,TULARE,-119.32843896,36.19341026
90574799,2017,2017-10-20,9480,2017-10-11,0745,016210,,3,1,9,5400,0,3,5,,2,006,"ROAD 100","AVENUE 272",0.00,,Y,A,-,N,,,,,,,,,,Y,3,0,2,2,A,-,09,21802,A,N,D,C,A,A,H,-,A,A,0,,,,,Y,,A,01,0,1,1,0,0,0,0,0,0,"- ","- ",36.283700000000003,-119.34929,TULARE,UNINCORPORATED,-119.34928993,36.283710059999997
90574945,2017,2017-10-20,9480,2017-10-17,1925,017108,,2,2,9,5400,0,1,3,,1,040,"STATE ROUTE 216 (MILLWOOD DRIVE)","ROAD 172",1450.00,E,N,A,-,Y,,,216,,,,,,,Y,4,0,1,1,A,-,08,22107,,N,E,J,A,A,H,-,D,D,0,,,,,Y,,A,01,0,0,1,0,0,0,0,0,0,"- ","- ",36.392049999999998,-119.18458,TULARE,UNINCORPORATED,-119.1845667,36.392021870000001
90575890,2017,2017-10-23,9480,2017-10-16,1650,019111,,1,2,9,5400,0,3,5,,2,005,"ROAD 128","AVENUE 88",0.00,,Y,A,-,N,,,,,,,,,,Y,3,0,3,2,A,-,09,21802,A,N,D,C,A,A,H,-,A,A,0,,,,,Y,,A,01,0,2,1,0,0,0,0,0,0,"- ","- ",35.949759999999998,-119.28592999999999,TULARE,UNINCORPORATED,-119.37552993,36.022140020000002
90576039,2017,2017-10-23,9481,2017-10-07,2500,020612,,6,4,9,5400,0,3,5,,2,010,"AVENUE 196","ROAD 276",300.00,W,N,A,-,N,,,,,,,,,,Y,3,0,1,1,A,-,08,22107,,N,E,I,A,A,H,-,D,D,0,,,,,Y,,A,07,0,1,0,0,0,0,0,0,0,"- ","- ",36.142519999999998,-118.95569999999999,TULARE,UNINCORPORATED,-118.95969769,36.144874299999998
90576506,2017,2017-10-23,9480,2017-10-16,1835,013656,,1,2,9,5400,0,1,3,,1,060,SR-137,"ROAD 152",0.00,,Y,A,-,Y,,,137,,,,,,,Y,4,0,1,2,A,-,12,21453,A,N,D,C,A,A,H,-,C,A,0,,,,,Y,,A,07,0,0,1,0,0,0,0,0,0,"- ","- ",36.210830000000001,-119.23335,TULARE,UNINCORPORATED,-119.23335,36.210825020000001
90576571,2017,2017-10-23,9480,2017-10-17,1726,017252,,2,2,9,5400,0,3,5,,2,006,"ROAD 188","MYER AVENUE",10.00,S,N,A,-,N,,,,,,,,,,Y,4,0,1,1,A,-,01,23152,A,N,E,I,A,A,H,-,B,D,0,,,,,Y,Y,A,01,0,0,1,0,0,0,0,0,0,"- ","- ",36.275509999999997,-119.15428,TULARE,UNINCORPORATED,-119.15415004,36.275522559999999
90578223,2017,2017-10-25,9480,2017-10-19,1645,017108,,4,2,9,5400,0,3,5,,2,002,"AVENUE 416","ROAD 124",28.00,W,N,A,-,N,,,,,,,,,,Y,4,0,2,2,A,-,09,21804,A,N,D,C,A,A,H,-,A,D,0,,,,,Y,,A,08,0,0,2,0,0,0,0,0,0,"- ","- ",36.544849999999997,-119.2961,TULARE,UNINCORPORATED,-119.29602027,36.544863249999999
90578380,2017,2017-10-25,9480,2017-10-08,0205,018521,,7,3,9,5400,0,3,5,,2,005,"PARK DR","HOWARD AVE",1584.00,N,N,A,-,N,,,,,,,,,,N,3,0,1,1,A,-,01,23152,A,M,E,I,A,A,H,-,A,D,0,,,,,Y,Y,A,01,0,1,0,0,0,0,0,0,0,"- ","- ",35.976709999999997,-119.29509,TULARE,UNINCORPORATED,-119.29507653,35.976988609999999
90579494,2017,2017-10-26,9480,2017-10-24,2355,017347,,2,3,9,5400,0,1,3,,2,091,"STATE ROUTE 99 S/B","AVENUE 328",400.00,N,N,A,-,Y,,,99,,,,,,S,Y,4,0,1,1,A,-,08,22107,,N,E,I,A,A,H,-,D,D,0,,,,,Y,,A,01,0,0,1,0,0,0,0,0,0,"- ","- ",36.386499999999998,-119.4448,TULARE,UNINCORPORATED,-119.44485075999999,36.38646644
90580921,2017,2017-10-27,9480,2017-10-18,2210,019828,,3,3,9,5400,0,1,3,,1,030,SR-137,"AVENUE 199",40.00,S,N,A,-,Y,,,137,,,,,,,Y,4,0,1,1,A,-,03,22350,,N,E,I,A,A,H,-,D,A,0,,,,,Y,,A,01,0,0,1,0,0,0,0,0,0,"- ","- ",36.150289999999998,-119.50502,TULARE,UNINCORPORATED,-119.50457138,36.150078579999999
90580991,2017,2017-10-27,9481,2017-10-13,2135,021234,,5,2,9,5400,0,3,5,,2,050,"AVENUE 95","ROAD 256",188.00,W,N,A,-,N,,,,,,,,,,Y,3,0,1,1,A,-,01,23152,A,N,F,A,A,A,H,-,D,D,0,,,,,Y,Y,D,22,0,1,0,0,0,0,0,0,0,"- ","- ",35.962339999999998,-119.00075,TULARE,UNINCORPORATED,-119.00049447000001,35.96237
90581424,2017,2017-10-27,9480,2017-10-21,1239,013643,,6,1,9,5400,0,3,5,,2,005,"ROAD 128","AVENUE 24",0.00,,Y,A,-,N,,,,,,,,,,Y,3,0,2,2,A,-,09,21802,A,N,D,C,A,A,H,-,A,A,0,,,,,Y,,A,01,0,2,0,0,0,0,0,0,0,"- ","- ",35.833759999999998,-119.28598,TULARE,UNINCORPORATED,-119.28597999,35.833760009999999
90581609,2017,2017-10-30,9481,2017-10-20,0650,018595,,5,1,9,5400,0,3,5,,2,030,"ROAD 232 (RICHGROVE DRIVE)","AVENUE 56",2640.00,S,N,B,C,N,,,,,,,,,,Y,4,0,1,2,A,-,21,22106,,N,D,C,A,B,H,-,B,D,0,,,,,Y,,A,07,0,0,1,0,0,0,0,0,0,"- ","- ",35.886519999999997,-119.05378,TULARE,UNINCORPORATED,-119.44815,36.210410000000003
90583047,2017,2017-10-30,9480,2017-10-27,1800,019647,,5,2,4,5406,0,1,3,,2,093,"SR-99 N/B","PAIGE AVE",10.00,N,N,A,-,Y,,,99,,,,,,N,Y,4,0,1,2,A,-,03,22350,,N,B,C,A,A,H,-,B,D,0,,,,,Y,,A,01,0,0,1,0,0,0,0,0,0,"- ","- ",36.182499999999997,-119.32850000000001,TULARE,TULARE,-119.32848891,36.182499999999997
90583642,2017,2017-10-31,9480,2017-10-25,0745,013821,,3,1,9,5400,0,1,3,,1,044,"SR-198 E/B","OLD THREE RIVERS ROAD",2290.00,E,N,A,-,Y,,,198,,,,,,E,Y,3,0,1,2,A,-,03,22350,,N,C,C,A,A,H,-,A,D,0,,,,,Y,,D,22,0,1,0,0,0,0,0,0,0,"- ","- ",36.427610000000001,-118.91423,TULARE,UNINCORPORATED,-118.91416218000001,36.42754695