CASE_ID,ACCIDENT_YEAR,PROC_DATE,JURIS,COLLISION_DATE,COLLISION_TIME,OFFICER_ID,REPORTING_DISTRICT,DAY_OF_WEEK,CHP_SHIFT,POPULATION,CNTY_CITY_LOC,SPECIAL_COND,BEAT_TYPE,CHP_BEAT_TYPE,CITY_DIVISION_LAPD,CHP_BEAT_CLASS,BEAT_NUMBER,PRIMARY_RD,SECONDARY_RD,DISTANCE,DIRECTION,INTERSECTION,WEATHER_1,WEATHER_2,STATE_HWY_IND,CALTRANS_COUNTY,CALTRANS_DISTRICT,STATE_ROUTE,ROUTE_SUFFIX,POSTMILE_PREFIX,POSTMILE,LOCATION_TYPE,RAMP_INTERSECTION,SIDE_OF_HWY,TOW_AWAY,COLLISION_SEVERITY,NUMBER_KILLED,NUMBER_INJURED,PARTY_COUNT,PRIMARY_COLL_FACTOR,PCF_CODE_OF_VIOL,PCF_VIOL_CATEGORY,PCF_VIOLATION,PCF_VIOL_SUBSECTION,HIT_AND_RUN,TYPE_OF_COLLISION,MVIW,PED_ACTION,ROAD_SURFACE,ROAD_COND_1,ROAD_COND_2,LIGHTING,CONTROL_DEVICE,CHP_ROAD_TYPE,PEDESTRIAN_ACCIDENT,BICYCLE_ACCIDENT,MOTORCYCLE_ACCIDENT,TRUCK_ACCIDENT,NOT_PRIVATE_PROPERTY,ALCOHOL_INVOLVED,STWD_VEHTYPE_AT_FAULT,CHP_VEHTYPE_AT_FAULT,COUNT_SEVERE_INJ,COUNT_VISIBLE_INJ,COUNT_COMPLAINT_PAIN,COUNT_PED_KILLED,COUNT_PED_INJURED,COUNT_BICYCLIST_KILLED,COUNT_BICYCLIST_INJURED,COUNT_MC_KILLED,COUNT_MC_INJURED,PRIMARY_RAMP,SECONDARY_RAMP,LATITUDE,LONGITUDE,COUNTY,CITY,POINT_X,POINT_Y
91008814,2019,2019-06-12,9480,2019-06-02,1505,016240,,7,2,9,5400,0,3,5,,2,001,"ROAD 56","AVENUE 408",0.00,,Y,A,-,N,,,,,,,,,,Y,4,0,4,3,A,-,12,22450,A,N,D,C,A,A,H,-,A,A,0,,,,,Y,,A,07,0,0,4,0,0,0,0,0,0,"- ","- ",36.531711578369141,-119.44869995117188,TULARE,UNINCORPORATED,-119.44863891601562,36.5318603515625
91008899,2019,2019-06-12,9481,2019-06-06,1455,015290,,4,2,9,5400,0,3,5,,2,030,"ROAD 192","STATE ROUTE 190",1075.00,S,N,A,-,N,,,,,,,,,,Y,3,0,2,1,A,-,08,22107,,N,E,I,A,A,H,-,A,D,0,,,,,Y,,A,07,0,2,0,0,0,0,0,0,0,"- ","- ",36.048099517822266,-119.14340209960938,TULARE,UNINCORPORATED,-119.14319610595703,36.048099517822266
91012235,2019,2019-06-18,9480,2019-06-10,2013,016240,,1,2,9,5400,0,1,3,,2,091,"SR-99 N/B","MERRITT DRIVE",3499.00,N,N,A,-,Y,,,99,,,,,,N,Y,3,0,1,1,A,-,08,22107,,N,F,A,A,A,H,-,B,D,0,,,,,Y,,A,07,0,1,0,0,0,0,0,0,0,"- ","- ",36.462020874023438,-119.49420166015625,TULARE,UNINCORPORATED,-119.49427032470703,36.46197509765625
91014520,2019,2019-06-20,9480,2019-06-13,1715,018204,,4,2,9,5400,0,1,3,,2,093,"SR 99 S/B","DRIVE 92B",2353.00,N,N,B,-,Y,,,,,,,,,,Y,4,0,1,3,A,-,07,21658,A,N,B,C,A,A,H,-,A,D,0,,,,,Y,,A,01,0,0,1,0,0,0,0,0,0,"- ","- ",36.163261413574219,-119.22091674804688,TULARE,UNINCORPORATED,,
91014901,2019,2019-06-21,9480,2019-06-08,2500,020612,,6,4,9,5400,0,1,3,,1,051,"STATE ROUTE 43","PALMER AVENUE",5280.00,S,N,A,-,Y,,,43,,,,,,,Y,2,0,1,1,A,-,01,23152,A,N,F,I,A,A,H,-,D,D,0,,,,,Y,,A,01,1,0,0,0,0,0,0,0,0,"- ","- ",35.852218627929688,-119.37690734863281,TULARE,UNINCORPORATED,-119.37689208984375,35.852230072021484
91015071,2019,2019-06-21,9480,2019-06-16,1313,017452,,7,1,9,5400,0,3,5,,2,001,"ROAD 56","AVENUE 416",272.00,S,N,A,-,N,,,,,,,,,,Y,3,0,3,2,A,-,08,22107,,N,D,C,A,A,H,-,A,D,0,,,,,Y,,D,22,0,2,1,0,0,0,0,0,0,"- ","- ",36.545539855957031,-119.44857025146484,TULARE,UNINCORPORATED,-119.44863128662109,36.545543670654297
91016851,2019,2019-06-25,9480,2019-06-16,0420,021249,,7,3,9,5400,0,3,5,,2,001,"ROAD 80","AVENUE 360",3168.00,S,N,A,-,N,,,,,,,,,,Y,3,0,1,1,A,-,08,22107,,N,E,I,A,A,H,-,D,D,0,,,,Y,Y,,G,25,0,1,0,0,0,0,0,0,0,"- ","- ",36.435981750488281,-119.39467620849609,TULARE,UNINCORPORATED,-119.39467620849609,36.435981750488281
91017747,2019,2019-06-26,9481,2019-06-18,1420,015290,,2,2,9,5400,0,2,4,,1,035,"AVENUE 8","ROAD 152",0.00,,Y,A,-,N,,,,,,,,,,Y,4,0,1,2,A,-,09,21801,A,F,A,C,A,A,H,-,A,A,0,,,,,Y,,A,07,0,0,1,0,0,0,0,0,0,"- ","- ",35.804859161376953,-119.232421875,TULARE,UNINCORPORATED,-119.23242950439453,35.804950714111328
91017886,2019,2019-06-26,9480,2019-06-21,1719,018204,,5,2,9,5400,0,1,3,,2,091,"SR 99 S/B","AVENUE 352",2112.00,S,N,A,-,Y,,,99,,,,,,S,Y,4,0,1,2,A,-,07,21658,A,N,B,C,A,A,H,-,A,D,0,,,,,Y,,A,01,0,0,1,0,0,0,0,0,0,"- ","- ",36.428718566894531,-119.47270202636719,TULARE,UNINCORPORATED,-119.47270202636719,36.428722381591797
91018305,2019,2019-06-26,9480,2019-06-22,0955,017108,,6,1,9,5400,0,1,3,,1,051,"STATE ROUTE 43","AVENUE 120",0.00,,Y,A,-,Y,,,43,,,,,,,Y,3,0,2,2,A,-,09,21802,A,N,D,C,A,A,H,-,A,D,0,,,,Y,Y,,G,25,0,1,1,0,0,0,0,0,0,"- ","- ",36.007289886474609,-119.48993682861328,TULARE,UNINCORPORATED,-119.48992919921875,36.007297515869141
91018717,2019,2019-06-27,9481,2019-06-24,1300,018113,,1,1,9,5400,0,3,5,,2,050,"E TYLER AVENUE","S CONNER STREET",594.00,E,N,A,-,N,,,,,,,,,,N,3,0,1,2,A,-,03,22350,,N,D,C,A,A,H,-,A,D,0,,,,,Y,,A,01,0,1,0,0,0,0,0,0,0,"- ","- ",36.059799194335938,-118.98419952392578,TULARE,UNINCORPORATED,-118.98410034179688,36.059818267822266
91018836,2019,2019-06-27,9480,2019-06-14,1645,018861,,5,2,9,5400,0,3,5,,2,002,"AVENUE 408","ROAD 116",193.00,W,N,A,-,N,,,,,,,,,,Y,3,0,2,2,A,-,06,21750,A,N,D,C,A,A,H,-,A,D,0,,,,,Y,,A,07,0,1,1,0,0,0,0,0,0,"- ","- ",36.530490875244141,-119.314453125,TULARE,UNINCORPORATED,-119.31434631347656,36.530487060546875
91020662,2019,2019-06-28,9480,2019-06-21,0529,015282,,5,3,9,5400,0,3,5,,2,001,"ROAD 80","AVENUE 430",0.00,,Y,A,-,N,,,,,,,,,,Y,4,0,3,3,A,-,03,22350,,N,C,C,A,A,H,-,B,A,0,,,,,Y,,A,01,0,0,3,0,0,0,0,0,0,"- ","- ",36.571239471435547,-119.39507293701172,TULARE,UNINCORPORATED,-119.395073,36.571238999999998
91022916,2019,2019-07-02,9480,2019-06-24,1945,019111,,1,2,9,5400,0,3,5,,2,006,"DRIVE 92B","AVENUE 264",0.00,,Y,A,-,N,,,,,,,,,,Y,3,0,1,1,A,-,01,23152,A,N,E,I,A,A,H,-,A,D,0,,,,,Y,Y,D,22,0,1,0,0,0,0,0,0,0,"- ","- ",36.268791198730469,-119.36173248291016,TULARE,UNINCORPORATED,-119.36152648925781,36.268669128417969
91024927,2019,2019-07-05,9480,2019-06-22,2500,015282,,6,4,9,5400,0,3,5,,2,003,"AVENUE 248 (WEST CARTMILL AVENUE)","NORTH WEST STREET",1320.00,W,N,A,-,N,,,,,,,,,,Y,2,0,1,1,A,-,08,22107,,N,F,A,A,A,H,-,B,D,0,,,,,Y,,A,07,1,0,0,0,0,0,0,0,0,"- ","- ",36.240200042724609,-119.37220001220703,TULARE,UNINCORPORATED,-119.37220001220703,36.240131378173828
91025151,2019,2019-07-05,9481,2019-06-23,0510,019280,,7,3,9,5400,0,3,5,,2,010,"AVENUE 160","ROAD 208",0.00,,Y,A,-,N,,,,,,,,,,Y,3,0,1,1,A,-,01,23152,A,N,E,I,A,A,H,-,A,A,0,,,,,Y,Y,D,22,0,1,0,0,0,0,0,0,0,"- ","- ",36.080299377441406,-119.10759735107422,TULARE,UNINCORPORATED,-119.10749816894531,36.080318450927734
91025811,2019,2019-07-08,9480,2019-03-10,2108,018861,,7,2,9,5400,0,1,3,,2,095,"STATE ROUTE 99 (NORTHBOUND)","AVENUE 24",929.00,S,N,A,-,Y,,,99,,,,,,,N,1,1,0,2,A,-,11,21954,A,N,G,B,D,A,H,-,D,D,0,Y,,,,Y,,N,60,0,0,0,1,0,0,0,0,0,"- ","- ",35.833209991455078,-119.26020050048828,TULARE,UNINCORPORATED,-119.26016998291016,35.833217620849609
91025871,2019,2019-07-08,9481,2019-07-02,1650,019149,,2,2,4,5405,0,3,5,,2,050,"STATE ROUTE 190","S. COTTAGE STREET",60.00,E,N,A,-,Y,,,190,,,,,,,Y,3,0,1,1,A,-,08,22107,,N,E,I,A,A,H,-,D,D,0,,,,,Y,,D,22,0,1,0,0,0,0,0,0,0,"- ","- ",36.051551818847656,-119.03185272216797,TULARE,PORTERVILLE,-119.03185272216797,36.051517486572266
91025984,2019,2019-07-08,9480,2019-06-25,1545,019111,,2,2,9,5400,0,1,3,,2,095,"SR-99 S/B","COURT AVE",1584.00,N,N,A,-,Y,,,99,,,,,,S,Y,2,0,3,1,A,-,08,22107,,N,E,I,A,A,H,-,A,D,0,,,,,Y,,A,07,1,2,0,0,0,0,0,0,0,"- ","- ",35.975830078125,-119.29534149169922,TULARE,UNINCORPORATED,-119.29523468017578,35.975883483886719
91026039,2019,2019-07-08,9480,2019-06-26,1458,016240,,3,2,9,5400,0,1,3,,2,091,"SR-99 S/B","MERRITT DR",937.00,S,N,A,-,Y,,,99,,,,,,S,Y,4,0,1,2,A,-,08,22107,,N,B,C,A,A,H,-,A,D,0,,,,Y,Y,,A,01,0,0,1,0,0,0,0,0,0,"- ","- ",36.449031829833984,-119.48808288574219,TULARE,UNINCORPORATED,-119.48805999755859,36.449054718017578
91026332,2019,2019-07-08,9480,2019-06-30,0505,020078,,7,3,9,5400,0,1,3,,2,091,"SR-99 N/B","AVENUE 384",5808.00,S,N,A,-,Y,,,99,,,,,,N,Y,3,0,1,2,A,-,01,23152,A,N,C,C,A,A,H,-,B,D,0,,,,,Y,Y,A,01,0,1,0,0,0,0,0,0,0,"- ","- ",36.479389190673828,-119.50586700439453,TULARE,UNINCORPORATED,-119.50576782226562,36.479454040527344
91026850,2019,2019-07-09,9480,2019-07-04,2130,016145,,4,2,5,5407,0,1,3,,1,064,"SR-198 E/B","BEN MADDOX WAY",1584.00,W,N,A,-,Y,,,198,,,,,,E,Y,4,0,1,1,C,-,18,,,N,H,H,A,A,H,-,C,D,0,,,Y,,Y,,-,"- ",0,0,1,0,0,0,0,0,1,"- ","- ",36.326889038085938,-119.2838134765625,TULARE,VISALIA,-119.2838134765625,36.326915740966797
91027958,2019,2019-07-10,9480,2019-06-27,0010,019828,,4,3,9,5400,0,3,5,,2,004,"RD. 196","AVE. 324",1056.00,S,N,A,-,N,,,,,,,,,,Y,3,0,2,2,A,-,01,23152,A,N,C,C,A,A,H,-,D,D,0,,,,,Y,Y,A,01,0,1,1,0,0,0,0,0,0,"- ","- ",36.373508453369141,-119.1351318359375,TULARE,UNINCORPORATED,-119.1351318359375,36.373985290527344
91028162,2019,2019-07-10,9480,2019-07-08,2003,016240,,1,2,4,5406,0,3,5,,2,001,"AVENUE 352","ROAD 20",2641.00,E,N,A,-,N,,,,,,,,,,Y,4,0,2,1,A,-,08,22107,,N,E,I,A,A,H,-,B,D,0,,,,,Y,,A,01,0,0,2,0,0,0,0,0,0,"- ","- ",36.430450439453125,-119.51963806152344,TULARE,TULARE,-119.51963806152344,36.4305419921875
91028300,2019,2019-07-10,9480,2019-07-09,1142,017452,,2,1,9,5400,0,3,5,,2,003,"AVENUE 232","ROAD 68",0.00,,Y,A,-,N,,,,,,,,,,Y,4,0,2,2,A,-,09,21801,A,N,D,C,A,A,H,-,A,A,0,,,,,Y,,A,01,0,0,2,0,0,0,0,0,0,"- ","- ",36.210758209228516,-119.42080688476562,TULARE,UNINCORPORATED,-119.42111206054688,36.210819244384766
91029470,2019,2019-07-12,9481,2019-07-05,0458,019578,,5,3,9,5400,0,3,5,,2,010,"ROAD 188","AVENUE 224",1056.00,S,N,A,-,N,,,,,,,,,,Y,2,0,1,3,A,-,01,23152,A,N,A,E,A,A,H,-,D,D,0,,,,Y,Y,Y,A,01,1,0,0,0,0,0,0,0,0,"- ","- ",36.192478179931641,-119.15355682373047,TULARE,UNINCORPORATED,-119.07176208496094,36.13079833984375
91030902,2019,2019-07-15,9480,2019-07-04,1330,020273,,4,1,9,5400,0,1,3,,2,095,"SR-99 S/B","AVE 72",7920.00,S,N,A,-,Y,,,,,,,,,,Y,3,0,1,1,A,-,08,22107,,N,E,J,A,A,H,-,A,D,0,,,,,Y,,A,01,0,1,0,0,0,0,0,0,0,"- ","- ",36.915409088134766,-119.28160858154297,TULARE,UNINCORPORATED,,
91031072,2019,2019-07-15,9480,2019-07-06,2015,019932,,6,2,9,5400,0,3,5,,2,004,"CHARTER OAK DRIVE","ROAD 180",528.00,W,N,A,-,N,,,,,,,,,,Y,4,0,2,1,A,-,08,22107,,N,E,I,A,A,H,-,A,D,0,,,,,Y,,D,22,0,0,2,0,0,0,0,0,0,"- ","- ",36.360908508300781,-119.17314910888672,TULARE,UNINCORPORATED,-119.17295074462891,36.361057281494141
91031407,2019,2019-07-16,9480,2019-07-04,2240,020612,,4,3,9,5400,0,3,5,,2,006,"ROAD 156","AVENUE 280",1700.00,N,N,A,-,N,,,,,,,,,,Y,4,0,1,2,A,-,05,21650,,N,B,C,A,A,H,-,D,D,0,,,,,Y,Y,A,01,0,0,1,0,0,0,0,0,0,"- ","- ",36.302631378173828,-119.22489166259766,TULARE,UNINCORPORATED,-119.22483825683594,36.302639007568359
91031459,2019,2019-07-16,9480,2019-07-04,2200,020890,,4,3,9,5400,0,1,3,,1,065,"STATE ROUTE 65 (ROAD 196)","STATE ROUTE 198",2112.00,S,N,A,-,Y,,,65,,,,,,,Y,3,0,2,2,A,-,01,23152,A,N,C,C,A,A,H,-,D,D,0,,,,,Y,Y,A,01,0,1,1,0,0,0,0,0,0,"- ","- ",36.320308685302734,-119.135009765625,TULARE,UNINCORPORATED,-119.13504791259766,36.3203125
91031488,2019,2019-07-16,9480,2019-07-08,0545,013821,,1,3,9,5400,0,3,5,,2,003,"AVENUE 216","ROAD 68",1985.00,E,N,A,-,Y,,,,,,,,,,N,4,0,1,2,A,-,03,22350,,N,C,C,A,A,H,-,A,D,0,,,,,Y,,A,01,0,0,1,0,0,0,0,0,0,"- ","- ",36.18157958984375,-119.40702819824219,TULARE,UNINCORPORATED,-119.41464233398438,36.181743621826172
91031540,2019,2019-07-16,9480,2019-07-09,1545,017778,,2,2,9,5400,0,1,3,,1,020,"STATE ROUTE 201 (AVENUE 400)","ROAD 104",2112.00,W,N,A,-,Y,,,,,,,,,,Y,3,0,1,2,A,-,05,21650,,N,D,C,A,A,H,-,A,D,0,,,,,Y,,D,22,0,1,0,0,0,0,0,0,0,"- ","- ",36.516380310058594,-119.34784698486328,TULARE,UNINCORPORATED,,
91031648,2019,2019-07-16,9480,2019-07-09,1005,015047,,2,1,9,5400,0,3,5,,2,002,"AVENUE 416","ROAD 103",0.00,,Y,A,-,N,,,,,,,,,,Y,4,0,2,2,A,-,09,21801,A,N,F,C,A,A,H,-,A,D,0,,,,,Y,,D,22,0,0,2,0,0,0,0,0,0,"- ","- ",36.545398712158203,-119.34297180175781,TULARE,UNINCORPORATED,-119.34303,36.545319999999997
91031826,2019,2019-07-16,9480,2019-07-13,1225,017108,,6,1,5,5407,0,1,3,,1,064,"STATE ROUTE 198 EASTBOUND","SANTA FE",528.00,E,N,A,-,Y,,,198,,,,,,E,Y,4,0,1,1,A,-,08,22107,,N,E,I,A,A,H,-,A,D,0,,,,,Y,,A,01,0,0,1,0,0,0,0,0,0,"- ","- ",36.326789855957031,-119.28571319580078,TULARE,VISALIA,-119.28571319580078,36.326911926269531
91032574,2019,2019-07-17,9480,2019-03-13,0002,019828,,3,3,9,5400,0,1,3,,2,095,"STATE ROUTE 99 (NORTHBOUND)","AVENUE 76",2640.00,S,N,A,-,Y,,,99,,,,,,,Y,1,1,0,2,A,-,11,21954,A,N,G,B,D,A,H,-,D,D,0,Y,,,,Y,,N,60,0,0,0,1,0,0,0,0,0,"- ","- ",35.921268463134766,-119.28186798095703,TULARE,UNINCORPORATED,-119.28194427490234,35.921276092529297
91033850,2019,2019-07-19,9481,2019-07-07,1420,019280,,7,2,9,5400,0,3,5,,2,010,"AVENUE 196","ROAD 196",35.00,E,N,A,-,N,,,,,,,,,,N,4,0,1,2,A,-,01,23152,A,N,C,C,A,A,H,-,A,A,0,,,,,Y,Y,D,22,0,0,1,0,0,0,0,0,0,"- ","- ",36.145538330078125,-119.13437652587891,TULARE,UNINCORPORATED,-119.13420867919922,36.145561218261719
91033959,2019,2019-07-19,9480,2019-07-14,1840,019932,,7,2,9,5400,0,1,3,,1,025,"SR-245 (MILLWOOD DRIVE)","AVENUE 404",5280.00,N,N,A,-,Y,,,245,,,,,,,Y,3,0,1,1,A,-,08,22107,,N,E,I,A,A,H,-,A,D,0,,,,,Y,,A,01,0,1,0,0,0,0,0,0,0,"- ","- ",36.538299560546875,-119.12776947021484,TULARE,UNINCORPORATED,-119.12783813476562,36.538322448730469
91033999,2019,2019-09-16,9480,2019-07-15,0517,021249,,1,3,9,5400,0,3,5,,2,002,"AVENUE 328","ROAD 108",1690.00,W,N,A,-,N,,,,,,,,,,Y,2,0,3,2,A,-,05,21650,,N,A,C,A,A,H,-,A,D,0,,,,,Y,,D,22,1,2,0,0,0,0,0,0,0,"- ","- ",36.385448455810547,-119.34504699707031,TULARE,UNINCORPORATED,-119.33794403076172,36.385421752929688
91034386,2019,2019-07-19,9481,2019-07-18,1840,020238,,4,2,9,5400,0,3,5,,2,050,"AVENUE 96","ROAD 234",300.00,E,N,A,-,N,,,,,,,,,,N,3,0,1,2,A,-,08,22107,,F,B,E,A,A,H,-,A,D,0,,,Y,,Y,,D,22,0,1,0,0,0,0,0,0,1,"- ","- ",35.964298248291016,-119.04884338378906,TULARE,UNINCORPORATED,-119.04835510253906,35.964244842529297
91035343,2019,2019-07-22,9480,2019-07-11,1832,019932,,4,2,9,5400,0,1,3,,1,034,"SR-198 E/B","SR-65 (ROAD 196)",3696.00,W,N,A,-,Y,,,198,,,,,,E,Y,3,0,5,2,A,-,01,23152,A,N,C,C,A,A,H,-,A,D,0,,,,,Y,Y,A,01,0,2,3,0,0,0,0,0,0,"- ","- ",36.326198577880859,-119.14785003662109,TULARE,UNINCORPORATED,-119.14785003662109,36.326175689697266
91035376,2019,2019-07-22,9480,2019-07-20,0730,017108,,6,1,9,5400,0,3,5,,2,004,"AVENUE 336","ROAD 188",1056.00,E,N,A,-,N,,,,,,,,,,Y,4,0,1,1,A,-,08,22107,,N,E,I,A,A,H,-,A,D,0,,,,,Y,,A,01,0,0,1,0,0,0,0,0,0,"- ","- ",36.399299621582031,-119.14859008789062,TULARE,UNINCORPORATED,-119.14914703369141,36.399330139160156
91035801,2019,2019-07-23,9480,2019-07-10,1922,018861,,3,2,9,5400,0,1,3,,1,044,"STATE ROUTE 198 (SIERRA DRIVE)","HORSE CREEK ROAD",4224.00,W,N,A,-,Y,,,198,,,,,,,Y,3,0,1,1,A,-,01,23152,,N,E,I,A,A,H,-,A,D,0,,,,,Y,Y,A,07,0,1,0,0,0,0,0,0,0,"- ","- ",36.390380859375,-118.95984649658203,TULARE,UNINCORPORATED,-118.95986175537109,36.390350341796875
91035823,2019,2019-07-23,9480,2019-07-11,1130,013821,,4,1,9,5400,0,3,5,,2,005,"ROAD 144","AVENUE 8",330.00,S,N,A,-,N,,,,,,,,,,Y,4,0,1,1,A,-,08,22107,,N,E,I,A,A,H,-,A,A,0,,,,,Y,,D,22,0,0,1,0,0,0,0,0,0,"- ","- ",35.804008483886719,-119.15013122558594,TULARE,UNINCORPORATED,-119.25027465820312,35.80401611328125
91036906,2019,2019-07-24,9480,2019-07-14,1710,019111,,7,2,9,5400,0,1,3,,1,044,SR-198,"HORSE CREEK ROAD",11088.00,E,N,A,-,Y,,,,,,,,,,Y,2,0,2,4,A,-,03,22350,,N,C,C,A,A,H,-,A,D,0,,,,,Y,,D,22,1,1,0,0,0,0,0,0,0,"- ","- ",36.410541534423828,-119.93920135498047,TULARE,UNINCORPORATED,-118.93971252441406,36.410442352294922
91037610,2019,2019-07-25,9480,2019-07-10,0455,018809,,3,3,9,5400,0,1,3,,1,051,"STATE ROUTE-43","AVENUE 112",457.00,N,N,A,-,Y,,,43,,,,,,,Y,4,0,1,1,A,-,08,22107,,N,F,A,A,A,H,-,D,D,0,,,,,Y,,D,22,0,0,1,0,0,0,0,0,0,"- ","- ",35.994899749755859,-119.48090362548828,TULARE,UNINCORPORATED,-119.48088836669922,35.994907379150391
91037674,2019,2019-07-25,9480,2019-07-24,2248,021249,,3,3,9,5400,0,1,3,,1,044,"SR-198 (SIERRA DRIVE)","CANYON VIEW DR",1584.00,W,N,A,-,Y,,,198,,,,,,,Y,4,0,1,1,A,-,13,22515,B,N,H,I,A,A,H,-,C,D,0,,,,,Y,,D,22,0,0,1,0,0,0,0,0,0,"- ","- ",36.479560852050781,-118.83905792236328,TULARE,UNINCORPORATED,-118.83900451660156,36.479507446289062
91040553,2019,2019-07-29,9480,2019-07-18,1748,019932,,4,2,9,5400,0,3,5,,2,001,"DRIVE 39","MERRITT DRIVE",0.00,,Y,A,-,Y,,,,,,,,,,Y,4,0,1,2,A,-,09,21802,A,N,D,C,A,A,H,-,A,A,0,,,,,Y,,A,01,0,0,1,0,0,0,0,0,0,"- ","- ",36.453041076660156,-119.48892974853516,TULARE,UNINCORPORATED,-119.48893737792969,36.453029632568359
91040635,2019,2019-07-29,9420,2019-07-18,1230,021788,,4,1,9,5400,0,3,5,,2,020,"MOUNTAIN HIGHWAY 99","JOHNSONDALE BOULEVARD",7920.00,S,N,A,-,N,,,,,,,,,,N,4,0,1,2,A,-,03,22350,,N,C,C,A,A,H,-,A,D,0,,,Y,,Y,,C,02,0,0,1,0,0,0,0,0,1,"- ","- ",35.970569610595703,-118.51023864746094,TULARE,UNINCORPORATED,-118.51026153564453,35.970607757568359
91040807,2019,2019-07-29,9481,2019-06-29,0756,019162,,6,1,9,5400,0,1,3,,1,053,"STATE ROUTE 190","UPPER GLOBE DRIVE",2112.00,W,N,A,-,Y,,,190,,,,,,,Y,1,3,0,2,A,-,05,21460,A,N,A,C,A,A,H,-,A,D,0,,,Y,,Y,,C,02,0,0,0,0,0,0,0,2,0,"- ","- ",36.103378295898438,-118.81951904296875,TULARE,UNINCORPORATED,-118.81954193115234,36.103408813476562
91040856,2019,2019-07-29,9480,2019-07-26,0515,021249,,5,3,4,5406,0,1,3,,2,093,"SR-99 S/B",SR-137,2500.00,S,N,A,-,Y,,,,,,,,,,Y,4,0,1,2,A,-,03,22350,,N,C,C,A,A,H,-,A,D,0,,,,,Y,,A,01,0,0,1,0,0,0,0,0,0,"- ","- ",36.122531890869141,-119.19432067871094,TULARE,TULARE,-119.32865142822266,36.203727722167969
91041455,2019,2019-07-30,9480,2019-07-20,2240,016995,,6,3,9,5400,0,3,5,,2,005,"BORCHARDT DRIVE","BORCHARDT DR",0.00,,N,A,-,N,,,,,,,,,,Y,2,0,1,1,A,-,08,22107,,N,F,I,A,A,H,-,D,D,0,,,,,Y,,A,01,1,0,0,0,0,0,0,0,0,"- ","- ",35.887950897216797,-119.45291137695312,TULARE,UNINCORPORATED,-119.45398712158203,35.887569427490234
91044520,2019,2019-12-27,9480,2019-05-30,0715,015282,,4,1,9,5400,0,1,3,,1,040,"STATE ROUTE 216","AVENUE 309",0.00,,Y,A,-,Y,,,216,,,,,,,Y,1,1,0,2,A,-,09,21802,A,N,A,C,A,A,H,-,A,A,0,,,Y,,Y,,D,22,0,0,0,0,0,0,0,1,0,"- ","- ",36.349971771240234,-119.21698760986328,TULARE,UNINCORPORATED,-119.21697998046875,36.349960327148438
91045143,2019,2019-08-20,9480,2019-07-24,1115,013656,,3,1,9,5400,0,3,5,,2,006,"ROAD 204","FIREBAUGH AVE",225.00,N,N,A,-,N,,,,,,,,,,Y,4,0,2,2,A,-,03,22350,,N,C,C,A,A,H,-,A,D,0,,,,,Y,,A,01,0,0,2,0,0,0,0,0,0,"- ","- ",36.290561676025391,-119.11772155761719,TULARE,UNINCORPORATED,-119.11772155761719,36.290561676025391
91045338,2019,2019-08-05,9480,2019-07-27,1933,019697,,6,2,9,5400,0,3,5,,2,002,"AVENUE 424","ROAD 104",0.00,,Y,A,-,N,,,,,,,,,,Y,2,0,3,2,A,-,01,23152,A,N,D,C,A,A,H,-,A,A,0,,,,,Y,Y,A,01,1,2,0,0,0,0,0,0,0,"- ","- ",36.559761047363281,-119.34058380126953,TULARE,UNINCORPORATED,-119.34056854248047,36.559730529785156
91045491,2019,2019-08-05,9480,2019-07-30,2150,018809,,2,2,9,5400,0,1,3,,1,034,"STATE ROUTE-198 E/B","ROAD 64",280.00,E,N,A,-,Y,,,198,,,,,,E,Y,4,0,1,2,A,-,07,21658,A,N,C,C,A,A,H,-,C,D,0,,,,Y,Y,,A,01,0,0,1,0,0,0,0,0,0,"- ","- ",36.3272705078125,-119.4288330078125,TULARE,UNINCORPORATED,-119.4288330078125,36.327144622802734
91046147,2019,2019-08-06,9480,2019-07-27,1735,019697,,6,2,9,5400,0,3,5,,2,002,"AVENUE 416","ROAD 126",0.00,,Y,A,-,N,,,,,,,,,,N,4,0,1,2,A,-,09,21802,A,N,D,G,A,A,H,-,A,A,0,,Y,,,Y,,A,01,0,0,1,0,0,0,1,0,0,"- ","- ",36.54486083984375,-119.29147338867188,TULARE,UNINCORPORATED,-119.2914,36.544800000000002
91049245,2019,2019-08-09,9480,2019-08-04,2031,019932,,7,2,9,5400,0,1,3,,1,044,"SR-198 (AVENUE 296)","ROAD 220",0.00,,Y,A,-,Y,,,198,,,,,,,N,4,0,3,2,A,-,03,22350,,N,C,C,A,A,H,-,D,D,0,,,,,Y,,A,01,0,0,3,0,0,0,0,0,0,"- ","- ",36.325408935546875,-119.08119964599609,TULARE,UNINCORPORATED,-119.08119964599609,36.325389862060547