CASE_ID,ACCIDENT_YEAR,PROC_DATE,JURIS,COLLISION_DATE,COLLISION_TIME,OFFICER_ID,REPORTING_DISTRICT,DAY_OF_WEEK,CHP_SHIFT,POPULATION,CNTY_CITY_LOC,SPECIAL_COND,BEAT_TYPE,CHP_BEAT_TYPE,CITY_DIVISION_LAPD,CHP_BEAT_CLASS,BEAT_NUMBER,PRIMARY_RD,SECONDARY_RD,DISTANCE,DIRECTION,INTERSECTION,WEATHER_1,WEATHER_2,STATE_HWY_IND,CALTRANS_COUNTY,CALTRANS_DISTRICT,STATE_ROUTE,ROUTE_SUFFIX,POSTMILE_PREFIX,POSTMILE,LOCATION_TYPE,RAMP_INTERSECTION,SIDE_OF_HWY,TOW_AWAY,COLLISION_SEVERITY,NUMBER_KILLED,NUMBER_INJURED,PARTY_COUNT,PRIMARY_COLL_FACTOR,PCF_CODE_OF_VIOL,PCF_VIOL_CATEGORY,PCF_VIOLATION,PCF_VIOL_SUBSECTION,HIT_AND_RUN,TYPE_OF_COLLISION,MVIW,PED_ACTION,ROAD_SURFACE,ROAD_COND_1,ROAD_COND_2,LIGHTING,CONTROL_DEVICE,CHP_ROAD_TYPE,PEDESTRIAN_ACCIDENT,BICYCLE_ACCIDENT,MOTORCYCLE_ACCIDENT,TRUCK_ACCIDENT,NOT_PRIVATE_PROPERTY,ALCOHOL_INVOLVED,STWD_VEHTYPE_AT_FAULT,CHP_VEHTYPE_AT_FAULT,COUNT_SEVERE_INJ,COUNT_VISIBLE_INJ,COUNT_COMPLAINT_PAIN,COUNT_PED_KILLED,COUNT_PED_INJURED,COUNT_BICYCLIST_KILLED,COUNT_BICYCLIST_INJURED,COUNT_MC_KILLED,COUNT_MC_INJURED,PRIMARY_RAMP,SECONDARY_RAMP,LATITUDE,LONGITUDE,COUNTY,CITY,POINT_X,POINT_Y
91497174,2021,2021-06-15,9480,2021-06-05,0905,019647,,6,1,4,5406,0,1,3,,2,093,"SR-99 S/B","PROSPERITY AVE",30.00,N,N,A,-,Y,,,,,,,,,,Y,3,0,1,1,A,-,08,22107,,N,F,A,A,A,H,-,A,D,0,,,Y,,Y,Y,C,02,0,1,0,0,0,0,0,0,1,"- ","- ",,,TULARE,TULARE,-119.33414459228516,36.224422454833984
91497222,2021,2021-08-03,9480,2021-06-05,2041,019543,,6,2,9,5400,0,3,5,,2,002,SR-201,"RD 144",75.00,W,N,A,-,Y,,,201,,,,,,,N,4,0,2,2,A,-,09,21804,A,N,D,C,A,A,H,-,D,D,0,,,,,Y,,D,22,0,0,2,0,0,0,0,0,0,"- ","- ",36.486270904541016,-119.25250244140625,TULARE,UNINCORPORATED,-119.25250244140625,36.486293792724609
91498167,2021,2021-06-16,9480,2021-06-08,0600,015282,,2,1,9,5400,0,3,5,,2,002,"ROAD 88","AVENUE 288",120.00,N,N,A,-,N,,,,,,,,,,N,4,0,1,1,A,-,08,22107,,N,E,I,A,A,H,-,A,D,0,,,,,Y,,A,01,0,0,1,0,0,0,0,0,0,"- ","- ",36.494449615478516,-119.37664031982422,TULARE,UNINCORPORATED,,
91498325,2021,2021-06-16,9480,2021-06-04,0350,018861,,5,3,9,5400,0,1,3,,2,091,"STATE ROUTE 99 (S/B)","18TH AVENUE",5052.00,S,N,A,-,Y,,,99,,,,,,,Y,3,0,1,2,A,-,03,22350,,N,C,C,A,A,H,-,D,D,0,,,,Y,Y,,D,22,0,1,0,0,0,0,0,0,0,"- ","- ",36.498180389404297,-119.53462982177734,TULARE,UNINCORPORATED,-119.53461456298828,36.498218536376953
9149836,2020,2020-11-09,5407,2020-06-15,1230,M201,480,1,5,5,5407,0,0,0,,0,,"RT 63","FERGUSON AV",353.00,S,N,A,-,Y,TUL,6,63,-,-,9.570,H,-,N,Y,2,0,1,1,A,-,03,22350,,N,F,I,A,A,H,-,A,A,0,,,,,Y,Y,A,01,1,0,0,0,0,0,0,0,0,"- ","- ",36.348320007324219,-119.29849243164062,TULARE,VISALIA,-119.29692840576172,36.348476409912109
9149840,2020,2020-09-15,5407,2020-06-02,1548,M282,480,2,5,5,5407,0,0,0,,0,026,"W FERGUSON AV","N DINUBA BL",0.00,,Y,A,-,N,,,,,,,,,,Y,4,0,1,2,A,-,12,21453,A,N,D,C,A,A,H,-,A,A,0,,,,,Y,,D,22,0,0,1,0,0,0,0,0,0,"- ","- ",36.349521636962891,-119.29692840576172,TULARE,VISALIA,-119.29694000000001,36.349530000000001
9149900,2020,2020-11-25,5407,2020-07-20,1401,M66,480,1,5,5,5407,0,0,0,,0,,"RT 63","VINE ST",102.00,S,N,A,-,Y,TUL,6,63,-,-,9.490,H,-,N,Y,4,0,1,2,A,-,09,21804,A,N,D,C,A,A,H,-,A,D,0,,,,,Y,,A,07,0,0,1,0,0,0,0,0,0,"- ","- ",36.347541809082031,-119.29676818847656,TULARE,VISALIA,-119.29691314697266,36.347305297851562
91499298,2021,2021-06-17,9480,2021-06-06,2313,020612,,7,3,9,5400,0,1,3,,1,063,"STATE ROUTE 63","AVENUE 256",0.00,,Y,A,-,Y,,,63,,,,,,,Y,3,0,2,2,A,-,03,22350,,N,C,C,A,A,H,-,C,A,0,,,,,Y,,D,22,0,2,0,0,0,0,0,0,0,"- ","- ",36.254978179931641,-119.31304168701172,TULARE,UNINCORPORATED,-119.31307983398438,36.254981994628906
91500699,2021,2021-06-18,9480,2021-06-03,1730,018809,,4,2,9,5400,0,1,3,,1,044,"STATE ROUTE-198 W/B","ROAD 210",30.00,E,N,A,-,Y,,,198,,,,,,W,Y,2,0,4,2,A,-,03,22350,,N,C,C,A,A,H,-,A,D,0,,,,,Y,,A,08,1,2,1,0,0,0,0,0,0,"- ","- ",36.325698852539062,-119.10340881347656,TULARE,UNINCORPORATED,-119.10340881347656,36.325668334960938
91501573,2021,2021-06-21,9480,2021-06-04,1755,016995,,5,2,9,5400,0,3,5,,2,005,"AIRPORT STREET","TERRA BELLA AVE",0.00,,Y,A,-,N,,,,,,,,,,Y,3,0,1,2,A,-,09,21802,A,N,D,C,A,A,H,-,A,A,0,,,,,Y,,A,08,0,1,0,0,0,0,0,0,0,"- ","- ",35.964309692382812,-119.30409240722656,TULARE,UNINCORPORATED,-119.30406188964844,35.964305877685547
9150244,2020,2020-10-14,5404,2020-08-03,2216,680,,1,5,2,5404,0,0,0,,0,,HERMOSA,WESTWOOD,40.00,W,N,A,-,N,,,,,,,,,,Y,4,0,1,1,A,-,08,22107,,N,E,I,A,A,H,-,C,D,0,,,,,Y,,D,22,0,0,1,0,0,0,0,0,0,"- ","- ",,,TULARE,LINDSAY,-119.10017395019531,36.203182220458984
91502948,2021,2021-06-22,9481,2021-06-20,0030,021175,,7,3,9,5400,0,3,5,,2,010,"AVENUE 168","ROAD 164",0.00,,Y,A,-,N,,,,,,,,,,Y,3,0,1,1,A,-,01,23152,A,M,E,I,A,A,H,-,D,A,0,,,,,Y,Y,A,01,0,1,0,0,0,0,0,0,0,"- ","- ",36.09490966796875,-119.20561218261719,TULARE,UNINCORPORATED,-119.20565032958984,36.094699859619141
91503137,2021,2021-06-22,9480,2021-06-12,1402,019543,,6,2,9,5400,0,3,5,,2,002,"AVE 416","ROAD 126",75.00,E,N,A,-,N,,,,,,,,,,Y,3,0,2,2,A,-,03,22350,,N,C,C,A,A,H,-,A,A,0,,,,,Y,,D,22,0,1,1,0,0,0,0,0,0,"- ","- ",36.544750213623047,-119.29106140136719,TULARE,UNINCORPORATED,-119.29114532470703,36.544795989990234
91503564,2021,2021-06-23,9481,2021-06-14,1840,018029,,1,2,9,5400,0,3,5,,2,030,"ROAD 224","AVENUE 95",0.00,,Y,A,-,N,,,,,,,,,,Y,2,0,1,2,A,-,01,23152,A,N,D,C,A,A,H,-,A,A,0,,,,Y,Y,Y,A,01,1,0,0,0,0,0,0,0,0,"- ","- ",35.962429046630859,-119.07177734375,TULARE,UNINCORPORATED,-119.07169342041016,35.962444305419922
91505132,2021,2021-06-24,9480,2021-06-17,0730,019647,,4,1,9,5400,0,3,5,,2,006,"AVENUE 256","ROAD 140",3.00,E,N,A,-,N,,,,,,,,,,Y,3,0,1,2,A,-,06,21755,A,N,B,C,A,A,H,-,A,A,0,,,Y,Y,Y,,C,02,0,1,0,0,0,0,0,0,1,"- ","- ",36.255470275878906,-119.26052856445312,TULARE,UNINCORPORATED,-119.26068115234375,36.255458831787109
91506967,2021,2021-06-25,9480,2021-06-11,1850,016995,,5,2,9,5400,0,1,3,,2,095,"STATE ROUTE 99 N/B","AVENUE 80 PED OVERCROSSING",680.00,N,N,A,-,Y,,,99,,,,,,N,Y,2,0,1,1,A,-,03,22350,,N,F,A,A,A,H,-,A,D,0,,,Y,,Y,,C,02,1,0,0,0,0,0,0,0,1,"- ","- ",35.937511444091797,-119.28633117675781,TULARE,UNINCORPORATED,-119.28626251220703,35.937538146972656
91507759,2021,2021-06-28,9480,2021-06-16,1200,019697,,3,1,9,5400,0,3,5,,2,006,"AVENUE 280","ROAD 148",0.00,,Y,A,-,N,,,,,,,,,,Y,4,0,1,2,A,-,03,22350,,N,C,C,A,A,H,-,A,D,0,,,,,Y,,A,07,0,0,1,0,0,0,0,0,0,"- ","- ",36.298191070556641,-119.24298095703125,TULARE,UNINCORPORATED,-119.24301147460938,36.298179626464844
91508193,2021,2021-06-28,9480,2021-06-17,1442,019349,,4,2,9,5400,0,3,5,,2,003,"AVENUE 232","ROAD 68",252.00,W,N,A,-,N,,,,,,,,,,Y,3,0,1,2,A,-,09,21801,A,N,F,A,A,A,H,-,A,D,0,,,,,Y,,A,01,0,1,0,0,0,0,0,0,0,"- ","- ",36.210868835449219,-119.42204284667969,TULARE,UNINCORPORATED,-119.42196655273438,36.210803985595703
91509227,2021,2021-06-29,9480,2021-06-21,1435,019543,,1,2,9,5400,0,3,5,,2,002,"ROAD 144","AVE 404",0.00,,Y,A,-,N,,,,,,,,,,Y,4,0,1,2,A,-,12,22450,A,N,D,C,A,A,H,-,A,A,0,,,Y,,Y,,C,02,0,0,1,0,0,0,0,0,1,"- ","- ",36.522518157958984,-119.250732421875,TULARE,UNINCORPORATED,-119.25076293945312,36.522514343261719
91510220,2021,2021-06-30,9480,2021-06-20,1730,019697,,7,2,4,5406,0,1,3,,2,093,"SR-99 S/B TO BLACKSTONE ST.","BLACKSTONE ST.",528.00,E,N,A,-,Y,,,99,,,,R,,S,Y,2,0,1,1,A,-,08,22107,,N,F,A,A,A,H,-,A,D,0,,,Y,,Y,,C,02,1,0,0,0,0,0,0,0,1,"- ","- ",36.183368682861328,-119.3291015625,TULARE,TULARE,-119.3291015625,36.183368682861328
91511945,2021,2021-07-02,9480,2021-06-21,1721,021249,,1,2,9,5400,0,1,3,,1,051,"SR-43 (CENTRAL VALLEY HWY)","AVENUE 56",0.00,,Y,A,-,Y,,,,,,,,,,Y,3,0,2,2,A,-,12,22450,A,N,D,C,A,A,H,-,A,A,0,,,,,Y,,A,01,0,2,0,0,0,0,0,0,0,"- ","- ",35.532890319824219,-119.24192047119141,TULARE,UNINCORPORATED,-119.40534210205078,35.891361236572266
91512167,2021,2021-07-02,9480,2021-06-26,0930,015282,,6,1,9,5400,0,3,5,,2,002,"AVENUE 388","ROAD 114",0.00,,Y,A,-,N,,,,,,,,,,Y,4,0,1,2,A,-,08,22107,,M,D,C,A,A,H,-,A,A,0,,,,,Y,,D,22,0,0,1,0,0,0,0,0,0,"- ","- ",36.494190216064453,-119.31800842285156,TULARE,UNINCORPORATED,-119.31809997558594,36.494289398193359
91513433,2021,2021-07-06,9480,2021-06-20,1905,016995,,7,2,9,5400,0,3,5,,2,002,"AVENUE 432","ROAD 80",1056.00,E,N,A,-,N,,,,,,,,,,Y,2,0,2,1,A,-,08,22107,,N,E,I,A,A,H,-,A,D,0,,,,,Y,,A,01,1,0,1,0,0,0,0,0,0,"- ","- ",36.574798583984375,-119.38636779785156,TULARE,UNINCORPORATED,-119.39145660400391,36.574878692626953
91514484,2021,2021-08-27,9480,2021-06-27,0315,020273,,7,3,9,5400,0,1,S,,2,106,"SR-99 N/B","AVENUE 184",1777.00,S,N,A,-,Y,,,99,,,,,,N,Y,2,0,2,2,A,-,01,23152,A,N,A,C,A,A,H,-,C,D,0,,,,,Y,Y,A,01,1,1,0,0,0,0,0,0,0,"- ","- ",36.118938446044922,-119.32418823242188,TULARE,UNINCORPORATED,-119.32425689697266,36.118934631347656
91514604,2021,2021-07-07,9480,2021-06-27,2216,020060,,7,3,9,5400,0,3,5,,2,002,"AVENUE 416","STATE ROUTE 63 (ROAD 128)",194.00,E,N,A,-,N,,,,,,,,,,Y,3,0,1,1,A,-,08,22107,,N,E,I,A,A,H,-,C,D,0,,,,,Y,,A,01,0,1,0,0,0,0,0,0,0,"- ","- ",36.544601440429688,-119.28611755371094,TULARE,UNINCORPORATED,-119.286222,36.544714999999997
91515054,2021,2021-07-07,9480,2021-07-01,0525,015282,,4,3,9,5400,0,3,5,,2,002,"AVENUE 384","STATE ROUTE3 63",216.00,W,N,A,-,N,,,,,,,,,,Y,4,0,2,2,A,-,03,22350,,N,C,C,A,A,H,-,B,A,0,,,,,Y,,A,01,0,0,2,0,0,0,0,0,0,"- ","- ",36.486778259277344,-119.28791809082031,TULARE,UNINCORPORATED,-119.287944,36.486719999999998
91515868,2021,2021-07-08,9481,2021-07-04,1250,021175,,7,1,9,5400,0,3,5,,2,010,"STATE ROUTE 65","ROAD 196",100.00,E,N,A,-,Y,,,65,,,,,,,Y,4,0,2,2,A,-,09,21804,A,N,D,C,A,A,H,-,A,D,0,,,,,Y,,D,22,0,0,2,0,0,0,0,0,0,"- ","- ",36.210739135742188,-119.13430786132812,TULARE,UNINCORPORATED,-119.13430786132812,36.2108154296875
91518178,2021,2021-07-12,9480,2021-07-05,2213,021249,,1,3,9,5400,0,1,3,,1,030,"SR-137 (AVENUE199)","ROAD 36",40.00,W,N,A,-,Y,,,,,,,,,,Y,3,0,1,1,A,-,03,22350,,N,F,A,A,A,H,-,C,A,0,,,,,Y,,A,01,0,1,0,0,0,0,0,0,0,"- ","- ",36.150279998779297,-119.49343872070312,TULARE,UNINCORPORATED,-119.49308776855469,36.150482177734375
91518318,2021,2021-07-12,9481,2021-07-06,1035,021175,,2,1,9,5400,0,3,5,,2,010,"ROAD 220","AVENUE 216",0.00,,Y,A,-,N,,,,,,,,,,Y,4,0,3,2,A,-,12,22450,A,N,D,C,A,A,H,-,A,A,0,,,,,Y,,D,22,0,0,3,0,0,0,0,0,0,"- ","- ",36.181781768798828,-119.08184051513672,TULARE,UNINCORPORATED,-119.081841,36.181781999999998
91518476,2021,2021-07-12,9480,2021-07-07,1720,019846,,3,2,9,5400,0,3,5,,2,005,"ALFALFA ROAD","LINCOLN AVENUE",35.00,S,N,A,-,N,,,,,,,,,,N,4,0,1,1,C,-,18,,,N,E,I,A,A,H,-,A,A,0,,,,,Y,,-,"- ",0,0,1,0,0,0,0,0,0,"- ","- ",35.883831024169922,-119.27841949462891,TULARE,UNINCORPORATED,-119.27839660644531,35.883834838867188
91518727,2021,2021-07-13,9480,2021-07-01,1305,015282,,4,1,9,5400,0,3,5,,2,002,"STATE ROUTE 201 (AVENUE 400)","ROAD 88",0.00,,Y,A,-,Y,,,201,,,,,,,Y,3,0,1,2,A,-,12,22450,A,N,A,C,A,A,H,-,A,A,0,,,,,Y,,A,07,0,1,0,0,0,0,0,0,0,"- ","- ",36.516651153564453,-119.37664794921875,TULARE,UNINCORPORATED,-119.37664794921875,36.516613006591797
91519084,2021,2021-07-13,9480,2021-05-17,2040,017311,,1,2,9,5400,0,3,5,,2,002,"AVENUE 416  (E. EL MONTE WAY)","ROAD 125",144.00,W,N,A,-,N,,,,,,,,,,N,1,1,0,2,A,-,11,21956,A,N,G,B,E,A,H,-,D,D,0,Y,,,,Y,Y,N,60,0,0,0,1,0,0,0,0,0,"- ","- ",36.544898986816406,-119.29416656494141,TULARE,UNINCORPORATED,-119.294161,36.544822000000003
91519320,2021,2021-07-13,9435,2021-07-02,0500,020890,,5,3,9,5400,0,3,5,,2,060,"HILLS VALLEY ROAD","PARK AVENUE",1056.00,N,N,A,-,N,,,,,,,,,,Y,4,0,1,2,A,-,09,21801,A,N,D,C,A,A,H,-,D,D,0,,,,,Y,,E,22,0,0,1,0,0,0,0,0,0,"- ","- ",36.627609252929688,-119.30483245849609,TULARE,UNINCORPORATED,-119.30481719970703,36.627326965332031
91521259,2021,2021-07-15,9481,2021-07-06,1125,017991,,2,1,9,5400,0,3,5,,2,030,"ROAD 192","AVENUE 80",0.00,,Y,A,-,N,,,,,,,,,,N,4,0,2,2,A,-,05,21460,B,N,C,C,A,A,H,-,A,D,0,,,,Y,Y,,G,25,0,0,2,0,0,0,0,0,0,"- ","- ",35.935379028320312,-119.14383697509766,TULARE,UNINCORPORATED,-119.14382934570312,35.935371398925781
91521318,2021,2021-07-15,9480,2021-07-09,1345,020060,,5,1,9,5400,0,3,5,,2,003,"ROAD 92 (WEST STREET)","ELSTER AVENUE",540.00,S,N,A,-,N,,,,,,,,,,N,4,0,1,2,A,-,08,22107,,N,D,C,A,A,H,-,E,D,0,,,,,Y,,A,07,0,0,1,0,0,0,0,0,0,"- ","- ",36.235061645507812,-119.36679077148438,TULARE,UNINCORPORATED,,
91522132,2021,2021-07-16,9480,2021-07-14,1920,020060,,3,2,9,5400,0,3,5,,2,003,"ROAD 68","AVENUE 260",28.00,N,N,A,-,N,,,,,,,,,,Y,4,0,1,1,A,-,03,22350,,N,E,I,A,A,H,-,A,A,0,,,,,Y,,A,01,0,0,1,0,0,0,0,0,0,"- ","- ",36.261730194091797,-119.42127990722656,TULARE,UNINCORPORATED,-119.42118835449219,36.26171875
91523328,2021,2021-07-19,9480,2021-07-10,0158,017452,,6,3,9,5400,0,1,S,,2,900,"SR-99 N/B","CROSS AVE",192.00,N,N,A,-,Y,,,,,,,,,,Y,4,0,1,1,A,-,08,22107,,N,F,J,A,A,H,-,D,D,0,,,,,Y,,A,01,0,0,1,0,0,0,0,0,0,"- ","- ",36.215900421142578,-119.32929992675781,TULARE,UNINCORPORATED,-119.32929229736328,36.215614318847656
91523590,2021,2021-07-19,9481,2021-07-14,1332,017894,,3,1,9,5400,0,1,3,,1,012,"STATE ROUTE 65","AVENUE 208",0.00,,Y,A,-,Y,,,65,,,,,,,Y,2,0,3,2,A,-,09,21801,A,N,D,C,A,A,H,-,A,A,0,,,,,Y,,A,01,1,0,2,0,0,0,0,0,0,"- ","- ",36.167221069335938,-119.08297729492188,TULARE,UNINCORPORATED,-119.08294677734375,36.167236328125
91524777,2021,2021-07-20,9481,2021-07-16,1420,021687,,5,2,9,5400,0,1,3,,1,012,"SR-65 SOUTHBOUND","AVENUE 184",528.00,S,N,A,-,Y,,,65,,,,,,S,Y,3,0,1,2,A,-,01,23152,A,N,C,C,A,A,H,-,A,D,0,,,,Y,Y,Y,D,22,0,1,0,0,0,0,0,0,0,"- ","- ",36.122509002685547,-119.05507659912109,TULARE,UNINCORPORATED,-119.0550537109375,36.122528076171875
91524797,2021,2021-07-20,9481,2021-07-13,1855,021234,,2,2,9,5400,0,2,4,,1,051,"ROAD 238","AVENUE 112",1690.00,S,N,A,-,N,,,,,,,,,,Y,3,0,1,1,A,-,08,22107,,N,F,A,A,A,H,-,A,D,0,,,,,Y,,A,01,0,1,0,0,0,0,0,0,0,"- ","- ",35.989070892333984,-119.04556274414062,TULARE,UNINCORPORATED,-119.04324340820312,35.993240356445312
91527174,2021,2021-07-23,9481,2021-07-03,0215,016776,,6,3,9,5400,0,3,5,,2,010,"ROAD 152","AVENUE 192",3462.00,N,N,A,-,N,,,,,,,,,,N,1,1,0,1,C,-,18,,,N,H,A,A,A,H,-,D,D,0,,,,,Y,Y,-,"- ",0,0,0,0,0,0,0,0,0,"- ","- ",36.147830963134766,-119.23274230957031,TULARE,UNINCORPORATED,-119.23274230957031,36.147754669189453
91528711,2021,2021-07-26,9481,2021-07-18,1035,019149,,7,1,9,5400,0,3,5,,2,010,"AVENUE 208","ROAD 152",0.00,,Y,A,-,N,,,,,,,,,,Y,4,0,1,2,A,-,09,21802,A,N,D,C,A,A,H,-,A,D,0,,,,,Y,,A,01,0,0,1,0,0,0,0,0,0,"- ","- ",36.167339324951172,-119.23287200927734,TULARE,UNINCORPORATED,-119.23287200927734,36.167346954345703
91530486,2021,2021-07-28,9480,2021-07-16,1715,016995,,5,2,9,5400,0,1,3,,1,044,"STATE ROUTE 198","HORSE CREEK",0.00,,Y,A,-,Y,,,198,,,,,,,Y,3,0,1,1,A,-,01,23152,A,N,E,I,A,A,H,-,A,D,0,,,,,Y,Y,A,01,0,1,0,0,0,0,0,0,0,"- ","- ",36.388278961181641,-118.94661712646484,TULARE,UNINCORPORATED,-118.94674682617188,36.388355255126953
91530681,2021,2021-07-28,9480,2021-07-08,1935,016615,,4,2,9,5400,0,1,3,,1,044,"ROAD 220",SR-198,0.00,,Y,A,D,N,,,,,,,,,,Y,4,0,1,1,A,-,08,22107,,N,F,A,A,A,H,-,A,D,0,,,Y,,Y,,C,02,0,0,1,0,0,0,0,0,1,"- ","- ",36.325420379638672,-119.08119201660156,TULARE,UNINCORPORATED,-119.08120727539062,36.325412750244141
91530894,2021,2021-07-28,9480,2021-07-22,1950,020060,,4,2,9,5400,0,1,3,,2,093,"STATE ROUTE 99 S/B","AVENUE 184",6864.00,S,N,A,-,Y,,,99,,,,,,S,N,4,0,1,2,A,-,03,22350,,N,C,C,A,A,H,-,B,D,0,,,,,Y,,A,01,0,0,1,0,0,0,0,0,0,"- ","- ",36.104290008544922,-119.32321166992188,TULARE,UNINCORPORATED,-119.32320404052734,36.104290008544922
91531511,2021,2021-07-29,9480,2021-07-22,1614,019846,,4,2,9,5400,0,3,5,,2,002,"ROAD 92","AVENUE 320",0.00,,Y,A,-,N,,,,,,,,,,Y,4,0,1,2,A,-,09,21802,A,N,D,C,A,A,H,-,A,A,0,,,,,Y,,I,11,0,0,1,0,0,0,0,0,0,"- ","- ",36.370918273925781,-119.36792755126953,TULARE,UNINCORPORATED,-119.36794281005859,36.370906829833984
91533696,2021,2021-07-30,9480,2021-07-26,0540,013914,,1,3,9,5400,0,3,5,,2,006,"AVENUE 248","ROAD 124 (N. OAKMORE STREET)",289.00,E,N,A,-,N,,,,,,,,,,Y,3,0,1,2,A,-,08,22107,,N,A,C,A,A,H,-,B,D,0,,,,Y,Y,,A,01,0,1,0,0,0,0,0,0,0,"- ","- ",36.240428924560547,-119.29511260986328,TULARE,UNINCORPORATED,-119.29511260986328,36.240367889404297
91533898,2021,2021-07-30,9481,2021-07-20,0530,017991,,2,3,9,5400,0,3,5,,2,030,"AVENUE 24","ROAD 184",512.00,W,N,A,-,N,,,,,,,,,,Y,2,0,1,2,A,-,03,22350,,N,C,D,A,A,H,-,D,D,0,,,,,Y,,D,22,1,0,0,0,0,0,0,0,0,"- ","- ",35.834159851074219,-119.16294860839844,TULARE,UNINCORPORATED,-119.16288757324219,35.834148406982422
91534760,2021,2021-08-02,9480,2021-07-29,0555,017108,,4,3,9,5400,0,1,3,,2,095,"STATE ROUTE 99 NORTHBOUND","COURT AVENUE",6336.00,N,N,A,-,Y,,,99,,,,,,N,Y,4,0,1,2,A,-,08,22107,,N,D,C,A,A,H,-,A,D,0,,,,Y,Y,,A,01,0,0,1,0,0,0,0,0,0,"- ","- ",35.988658905029297,-119.29805755615234,TULARE,UNINCORPORATED,-119.29811096191406,35.9886474609375
91534806,2021,2021-08-02,9480,2021-07-30,1610,020837,,5,2,9,5400,0,1,3,,2,095,"STATE ROUTE 99 NORTHBOUND","AVENUE 120",600.00,S,N,A,-,Y,,,99,,,,,,N,Y,4,0,1,2,A,-,08,22107,,N,B,C,A,A,H,-,A,D,0,,,,,Y,,A,01,0,0,1,0,0,0,0,0,0,"- ","- ",36.005958557128906,-119.30152893066406,TULARE,UNINCORPORATED,-119.30154418945312,36.005958557128906
91534946,2021,2021-08-02,9481,2021-07-22,2155,016065,,4,2,9,5400,0,3,5,,2,010,"AVENUE 176","ROAD 220",1450.00,W,N,A,-,N,,,,,,,,,,Y,2,0,2,2,A,-,06,21751,,N,A,C,A,A,H,-,D,D,0,,,,,Y,,A,01,1,1,0,0,0,0,0,0,0,"- ","- ",36.109321594238281,-119.08495330810547,TULARE,UNINCORPORATED,-119.08483123779297,36.109359741210938
91536054,2021,2021-08-03,9481,2021-07-24,0540,017991,,6,3,9,5400,0,3,5,,2,030,"AVENUE 96","ROAD 208",0.00,,Y,A,-,N,,,,,,,,,,Y,3,0,1,2,A,-,09,21801,A,N,A,C,A,A,H,-,B,D,0,,,,,Y,,D,22,0,1,0,0,0,0,0,0,0,"- ","- ",35.964279174804688,-119.10746002197266,TULARE,UNINCORPORATED,-119.107421875,35.964286804199219
91536165,2021,2021-08-03,9480,2021-07-21,1525,019697,,3,2,9,5400,0,3,5,,2,003,"AVENUE 232","ENTERPRISE AVE.",13.00,E,N,A,-,N,,,,,,,,,,Y,3,0,4,2,A,-,03,22350,,N,C,C,A,A,H,-,A,D,0,,,,,Y,,A,01,0,4,0,0,0,0,0,0,0,"- ","- ",36.210750579833984,-119.38430023193359,TULARE,UNINCORPORATED,,
91536182,2021,2021-08-03,9480,2021-07-20,1540,019349,,2,2,9,5400,0,3,5,,2,001,"ROAD 80","AVENUE 400",68.00,S,N,A,-,N,,,,,,,,,,Y,2,0,4,3,A,-,03,22350,,N,C,C,A,A,H,-,A,A,0,,,,Y,Y,,D,22,2,2,0,0,0,0,0,0,0,"- ","- ",36.516609191894531,-119.39462280273438,TULARE,UNINCORPORATED,-119.39485931396484,36.516674041748047
91536606,2021,2021-08-04,9481,2021-07-25,0245,016776,,7,3,9,5400,0,3,5,,2,010,"ROAD 224","AVENUE 188",1096.00,N,N,B,-,N,,,,,,,,,,Y,2,0,1,1,A,-,01,23152,A,N,E,I,A,A,H,-,D,D,0,,,,,Y,Y,A,01,1,0,0,0,0,0,0,0,0,"- ","- ",36.133758544921875,-119.07182312011719,TULARE,UNINCORPORATED,-119.07174682617188,36.133808135986328
91536633,2021,2021-08-04,9480,2021-07-23,2330,018861,,5,3,9,5400,0,3,5,,2,003,"WEST STREET","AVENUE 248",8.00,S,N,A,-,N,,,,,,,,,,Y,3,0,2,2,A,-,03,22350,,F,C,C,A,A,H,-,D,A,0,,,,,Y,Y,A,01,0,2,0,0,0,0,0,0,0,"- ","- ",36.240108489990234,-119.3668212890625,TULARE,UNINCORPORATED,,
91536642,2021,2021-08-04,9480,2021-08-01,2120,020612,,7,2,9,5400,0,3,5,,2,002,"ROAD 120","AVENUE 448",110.00,S,N,A,-,N,,,,,,,,,,Y,3,0,1,1,A,-,08,22107,,N,E,I,A,A,H,-,D,D,0,,,,,Y,,A,01,0,1,0,0,0,0,0,0,0,"- ","- ",36.602428436279297,-119.30471038818359,TULARE,UNINCORPORATED,-119.30488586425781,36.602397918701172