CASE_ID,ACCIDENT_YEAR,PROC_DATE,JURIS,COLLISION_DATE,COLLISION_TIME,OFFICER_ID,REPORTING_DISTRICT,DAY_OF_WEEK,CHP_SHIFT,POPULATION,CNTY_CITY_LOC,SPECIAL_COND,BEAT_TYPE,CHP_BEAT_TYPE,CITY_DIVISION_LAPD,CHP_BEAT_CLASS,BEAT_NUMBER,PRIMARY_RD,SECONDARY_RD,DISTANCE,DIRECTION,INTERSECTION,WEATHER_1,WEATHER_2,STATE_HWY_IND,CALTRANS_COUNTY,CALTRANS_DISTRICT,STATE_ROUTE,ROUTE_SUFFIX,POSTMILE_PREFIX,POSTMILE,LOCATION_TYPE,RAMP_INTERSECTION,SIDE_OF_HWY,TOW_AWAY,COLLISION_SEVERITY,NUMBER_KILLED,NUMBER_INJURED,PARTY_COUNT,PRIMARY_COLL_FACTOR,PCF_CODE_OF_VIOL,PCF_VIOL_CATEGORY,PCF_VIOLATION,PCF_VIOL_SUBSECTION,HIT_AND_RUN,TYPE_OF_COLLISION,MVIW,PED_ACTION,ROAD_SURFACE,ROAD_COND_1,ROAD_COND_2,LIGHTING,CONTROL_DEVICE,CHP_ROAD_TYPE,PEDESTRIAN_ACCIDENT,BICYCLE_ACCIDENT,MOTORCYCLE_ACCIDENT,TRUCK_ACCIDENT,NOT_PRIVATE_PROPERTY,ALCOHOL_INVOLVED,STWD_VEHTYPE_AT_FAULT,CHP_VEHTYPE_AT_FAULT,COUNT_SEVERE_INJ,COUNT_VISIBLE_INJ,COUNT_COMPLAINT_PAIN,COUNT_PED_KILLED,COUNT_PED_INJURED,COUNT_BICYCLIST_KILLED,COUNT_BICYCLIST_INJURED,COUNT_MC_KILLED,COUNT_MC_INJURED,PRIMARY_RAMP,SECONDARY_RAMP,LATITUDE,LONGITUDE,COUNTY,CITY,POINT_X,POINT_Y
91577725,2021,2021-09-23,9481,2021-09-16,2230,020784,,4,3,9,5400,0,1,3,,1,037,"SR-65 SOUTHBOUND","AVENUE 012",745.00,S,N,A,-,Y,,,65,,,,,,S,Y,3,0,2,1,A,-,08,22107,,N,F,A,A,A,H,-,D,D,0,,,,,Y,,A,08,0,1,1,0,0,0,0,0,0,"- ","- ",35.810359954833984,-119.05357360839844,TULARE,UNINCORPORATED,-119.05355834960938,35.810359954833984
91577910,2021,2021-09-23,9481,2021-09-21,0700,018830,,2,1,9,5400,0,1,3,,1,032,"STATE ROUTE 190","ROAD 184",1056.00,W,N,A,-,Y,,,190,,,,,,,Y,4,0,1,2,A,-,05,21650,,N,A,C,A,A,H,-,A,D,0,,,,,Y,,A,01,0,0,1,0,0,0,0,0,0,"- ","- ",36.051338195800781,-119.16374969482422,TULARE,UNINCORPORATED,-119.16374969482422,36.051261901855469
91577976,2021,2021-09-23,9480,2021-09-15,1900,019647,,3,2,9,5400,0,3,5,,2,006,"ROAD 140","AVENUE 220",300.00,N,N,A,-,N,,,,,,,,,,Y,3,0,1,1,C,-,18,,,N,E,I,A,A,H,-,D,D,0,,,,,Y,,-,"- ",0,1,0,0,0,0,0,0,0,"- ","- ",36.189861297607422,-119.26007843017578,TULARE,UNINCORPORATED,-119.260009765625,36.189994812011719
91580816,2021,2021-09-27,9480,2021-09-26,0740,017108,,7,1,9,5400,0,3,5,,2,005,"ROAD 130","AVENUE 76",686.00,S,N,A,-,N,,,,,,,,,,Y,4,0,1,1,A,-,08,22107,,N,E,I,A,A,H,-,A,D,0,,,,,Y,,A,01,0,0,1,0,0,0,0,0,0,"- ","- ",35.925998687744141,-119.2813720703125,TULARE,UNINCORPORATED,-119.28141784667969,35.926170349121094
91583688,2021,2021-09-30,9480,2021-09-23,0945,013914,,4,1,9,5400,0,1,3,,1,021,"STATE ROUTE 63","AVENUE 368",0.00,,Y,A,-,Y,,,63,,,,,,,Y,3,0,1,2,A,-,09,21802,A,N,D,C,A,A,H,-,A,A,0,,,,Y,Y,,A,01,0,1,0,0,0,0,0,0,0,"- ","- ",36.457721710205078,-119.29543304443359,TULARE,UNINCORPORATED,-119.29544830322266,36.457721710205078
91583718,2021,2021-09-30,9480,2021-09-24,0600,013914,,5,1,9,5400,0,1,3,,1,021,"STATE ROUTE 63","RAILROAD DRIVE",0.00,,Y,A,-,Y,,,63,,,,,,,N,3,0,1,2,A,-,09,21801,A,N,A,C,A,A,H,-,B,D,0,,,,,Y,,A,01,0,1,0,0,0,0,0,0,0,"- ","- ",36.522071838378906,-119.28675079345703,TULARE,UNINCORPORATED,-119.2867431640625,36.522071838378906
91583728,2021,2021-09-30,9480,2021-09-28,0656,017108,,2,1,9,5400,0,3,5,,2,006,"AVENUE 288 (MARINETTE AVENUE)","ROAD 204",0.00,,Y,A,-,N,,,,,,,,,,Y,4,0,1,2,A,-,09,21802,A,N,D,C,A,A,H,-,B,A,0,,,,,Y,,A,07,0,0,1,0,0,0,0,0,0,"- ","- ",36.311138153076172,-119.11724853515625,TULARE,UNINCORPORATED,-119.11719512939453,36.311374664306641
91583995,2021,2021-09-30,9481,2021-08-06,0314,018595,,5,3,4,5405,0,1,3,,1,012,"STATE ROUTE 65","MORTON AVENUE",364.00,S,N,A,-,Y,,,65,,,,,,,Y,1,1,1,2,A,-,03,22350,,N,D,C,A,D,H,-,D,D,0,,,,Y,Y,,A,01,1,0,0,0,0,0,0,0,0,"- ","- ",36.072921752929688,-119.03983306884766,TULARE,PORTERVILLE,-119.03984069824219,36.072921752929688
91585733,2021,2021-10-01,9480,2021-09-23,0659,016046,,4,1,5,5407,0,1,3,,1,064,"STATE ROUTE 198 (EASTBOUND)","SHIRK ROAD",220.00,W,N,A,-,Y,,,198,,,,,,,Y,2,0,2,2,A,-,03,22350,,N,C,C,A,A,H,-,A,D,0,,,,,Y,,A,01,1,0,1,0,0,0,0,0,0,"- ","- ",36.327140808105469,-119.36856842041016,TULARE,VISALIA,-119.36856842041016,36.327186584472656
91587051,2021,2021-10-04,9481,2021-09-24,0840,019162,,5,1,9,5400,0,1,3,,1,053,"STATE ROUTE 190","UPPER GLOBE DRIVE",1056.00,W,N,B,-,Y,,,190,,,,,,,Y,3,0,1,1,A,-,08,22107,,N,E,I,A,A,H,-,A,D,0,,,,,Y,,B,07,0,1,0,0,0,0,0,0,0,"- ","- ",36.105850219726562,-118.81855773925781,TULARE,UNINCORPORATED,-118.81864166259766,36.105842590332031
91589184,2021,2021-10-06,9480,2021-09-28,0850,018202,,2,1,9,5400,0,3,5,,2,005,"AVE 56","RD 88",3168.00,W,N,A,-,N,,,,,,,,,,Y,4,0,1,1,A,-,08,22107,,N,F,A,A,A,H,-,A,D,0,,,,Y,Y,,G,25,0,0,1,0,0,0,0,0,0,"- ","- ",35.891571044921875,-119.38567352294922,TULARE,UNINCORPORATED,-119.38627624511719,35.891567230224609
91589403,2021,2021-10-06,9480,2021-09-28,2055,017291,,2,2,9,5400,0,1,3,,2,091,"STATE ROUTE 99 (NORTHBOUND)","AVENUE 384",5808.00,S,N,A,-,Y,,,99,,,,,,,Y,4,0,1,2,A,-,03,22350,,N,C,C,A,A,H,-,D,D,0,,,,,Y,,A,01,0,0,1,0,0,0,0,0,0,"- ","- ",36.478199005126953,-119.50441741943359,TULARE,UNINCORPORATED,-119.50479888916016,36.477958679199219
91589449,2021,2021-10-06,9480,2021-09-29,1822,019349,,3,2,9,5400,0,3,5,,2,006,"AVENUE 280","ROAD 156",377.00,E,N,A,-,N,,,,,,,,,,Y,2,0,1,2,A,-,03,22350,,N,C,C,A,A,H,-,A,A,0,,,,,Y,,D,22,1,0,0,0,0,0,0,0,0,"- ","- ",36.297100067138672,-119.22354888916016,TULARE,UNINCORPORATED,-119.22360992431641,36.297870635986328
91589490,2021,2021-10-06,9480,2021-09-21,1510,019697,,2,2,9,5400,0,1,3,,1,032,SR-190,"ROAD 120 (CALLISON RD)",0.00,,Y,A,-,Y,,,190,,,,,,,Y,2,0,3,2,A,-,09,21802,A,N,D,C,A,A,H,-,A,A,0,,,,,Y,,A,07,2,0,1,0,0,0,0,0,0,"- ","- ",36.051280975341797,-119.30381011962891,TULARE,UNINCORPORATED,-119.30381011962891,36.051284790039062
91589496,2021,2021-10-06,9480,2021-09-25,1855,019697,,6,2,9,5400,0,1,3,,2,093,"SR-99 N/B","DRIVE 92B",2112.00,S,N,A,-,Y,,,99,,,,,,N,Y,2,0,1,1,A,-,01,23152,A,N,E,I,A,A,H,-,D,D,0,,,,,Y,Y,A,01,1,0,0,0,0,0,0,0,0,"- ","- ",36.260341644287109,-119.36009979248047,TULARE,UNINCORPORATED,-119.3602294921875,36.26025390625
91590791,2021,2021-10-07,9481,2021-10-01,1115,019162,,5,1,9,5400,0,1,3,,1,054,"STATE ROUTE 190","MOUNTAIN ROAD 189A (RIO VISTA DRIVE)",5808.00,E,N,B,-,Y,,,190,,,,,,,Y,2,0,1,1,A,-,03,22350,,N,E,I,A,A,H,-,A,A,0,,,Y,,Y,,C,02,1,0,0,0,0,0,0,0,1,"- ","- ",36.144748687744141,-118.76258087158203,TULARE,UNINCORPORATED,-118.76258087158203,36.144748687744141
91590858,2021,2021-10-07,9480,2021-10-04,1900,018521,,1,2,9,5400,0,1,3,,2,091,"SR-99 N/B","MERRITT DR",5808.00,S,N,A,-,Y,,,99,,,,,,N,Y,4,0,2,1,A,-,08,22107,,N,E,I,A,A,H,-,D,D,0,,,,,Y,,A,01,0,0,2,0,0,0,0,0,0,"- ","- ",36.438701629638672,-119.47905731201172,TULARE,UNINCORPORATED,-119.47899627685547,36.438747406005859
91591479,2021,2021-10-08,9481,2021-10-05,1625,020238,,2,2,9,5400,0,1,3,,1,037,"STATE ROUTE 65","AVENUE 95",40.00,S,N,A,-,Y,,,65,,,,,,,N,4,0,2,2,A,-,03,22350,,N,C,C,A,A,H,-,A,A,0,,,,,Y,,A,01,0,0,2,0,0,0,0,0,0,"- ","- ",35.962329864501953,-119.05359649658203,TULARE,UNINCORPORATED,-119.05355834960938,35.962329864501953
91591597,2021,2021-10-08,9481,2021-10-06,0945,018830,,3,1,4,5405,0,1,3,,1,053,"STATE ROUTE 190 WESTBOUND","MAIN STREET",152.00,E,N,A,-,Y,,,190,,,,,,W,Y,4,0,2,3,A,-,03,22350,,N,C,C,A,A,H,-,A,D,0,,,,Y,Y,,F,26,0,0,2,0,0,0,0,0,0,"- ","- ",36.051139831542969,-119.0164794921875,TULARE,PORTERVILLE,-119.0164794921875,36.051101684570312
91591634,2021,2021-10-08,9480,2021-09-30,2020,021175,,4,2,9,5400,0,1,3,,2,095,"STATE ROUTE 99","AVENUE 56",2640.00,S,N,A,-,Y,,,99,,,,,,,N,4,0,2,2,A,-,07,21658,A,N,B,C,A,A,H,-,D,D,0,,,,,Y,,E,22,0,0,2,0,0,0,0,0,0,"- ","- ",35.883129119873047,-119.27200317382812,TULARE,UNINCORPORATED,-119.27194976806641,35.883140563964844
91593030,2021,2021-10-11,9480,2021-09-26,0030,018521,,7,3,9,5400,0,3,5,,2,005,"AVE 120","SR-43 (CENTRAL VALLEY HWY)",5808.00,E,N,A,-,N,,,,,,,,,,Y,3,0,2,1,A,-,01,23152,A,N,E,I,A,A,H,-,D,A,0,,,,,Y,Y,A,01,0,1,1,0,0,0,0,0,0,"- ","- ",36.007419586181641,-119.46927642822266,TULARE,UNINCORPORATED,-119.47032928466797,36.007404327392578
91593220,2021,2021-10-11,9480,2021-10-08,1335,016995,,5,1,5,5407,0,1,3,,1,064,"STATE ROUTE 198 (EB) TO DEMAREE STREET","CHINOWTH ST",440.00,E,N,A,-,Y,,,198,,,,R,,,N,4,0,3,2,A,-,03,22350,,N,C,C,A,A,H,-,A,A,0,,,,,Y,,D,22,0,0,3,0,0,0,0,0,0,"- ","- ",36.327068328857422,-119.33453369140625,TULARE,VISALIA,-119.33453369140625,36.327068328857422
91593237,2021,2021-10-11,9480,2021-10-05,1235,018202,,2,1,9,5400,0,3,5,,2,005,"ELM ST","TERRA BELLA AVE",0.00,,Y,A,-,N,,,,,,,,,,Y,4,0,1,2,A,-,09,21802,A,N,D,C,A,A,H,-,A,A,0,,,,,Y,,A,08,0,0,1,0,0,0,0,0,0,"- ","- ",35.964340209960938,-119.28621673583984,TULARE,UNINCORPORATED,-119.28621699999999,35.96434
91594251,2021,2021-10-12,9481,2021-10-07,1735,019422,,4,2,9,5400,0,3,5,,2,030,"ROAD 192","AVENUE 8",0.00,,Y,A,-,N,,,,,,,,,,Y,3,0,3,2,A,-,12,22450,A,N,D,C,A,A,H,-,A,A,0,,,,,Y,,A,01,0,2,1,0,0,0,0,0,0,"- ","- ",35.805431365966797,-119.14330291748047,TULARE,UNINCORPORATED,-119.143226,35.805168999999999
91596615,2021,2021-10-14,9481,2021-10-12,0415,019149,,2,3,9,5400,0,2,S,,2,301,"RICHGROVE DR","GROVE DR",35.00,S,N,A,-,N,,,,,,,,,,Y,4,0,1,2,A,-,09,21801,A,N,D,C,A,A,H,-,D,D,0,,,,,Y,,D,22,0,0,1,0,0,0,0,0,0,"- ","- ",35.800331115722656,-119.10854339599609,TULARE,UNINCORPORATED,-119.35066986083984,36.337421417236328
91596731,2021,2021-10-14,9481,2021-10-14,0940,016776,,4,1,9,5400,0,3,5,,2,010,"AVENUE 208","ROAD 216",0.00,,Y,A,-,N,,,,,,,,,,Y,2,0,2,2,A,-,09,21802,A,N,D,D,A,A,H,-,A,A,0,,,,,Y,,A,01,1,1,0,0,0,0,0,0,0,"- ","- ",36.167198181152344,-119.09037017822266,TULARE,UNINCORPORATED,-119.09037780761719,36.167182922363281
91597463,2021,2021-10-15,9480,2021-10-08,1945,018521,,5,2,9,5400,0,1,3,,1,021,"STATE ROUTE 63 (ROAD 128)","AVE 432",0.00,,Y,A,-,Y,,,63,,,,,,,Y,3,0,3,2,A,-,09,21802,A,N,D,2,A,A,H,-,B,A,0,,,,,Y,,D,22,0,2,1,0,0,0,0,0,0,"- ","- ",36.573421478271484,-119.28713989257812,TULARE,UNINCORPORATED,-119.28717041015625,36.573421478271484
91598722,2021,2021-10-18,9481,2021-10-11,1615,021227,,1,2,9,5400,0,3,5,,2,030,"ROAD 152","AVENUE 8",0.00,,Y,A,G,N,,,,,,,,,,Y,4,0,2,2,A,-,09,21802,A,N,D,C,A,A,H,-,A,A,0,,,,,Y,,A,08,0,0,2,0,0,0,0,0,0,"- ","- ",35.804981231689453,-119.232421875,TULARE,UNINCORPORATED,-119.23242950439453,35.804950714111328
91598725,2021,2021-10-18,9481,2021-10-12,2240,019578,,2,3,9,5400,0,3,5,,2,050,"DATE AVENUE","RUTH STREET",520.00,W,N,A,-,N,,,,,,,,,,Y,3,0,1,1,A,-,01,23152,A,N,F,A,A,A,H,-,C,D,0,,,,,Y,Y,A,01,0,1,0,0,0,0,0,0,0,"- ","- ",36.058429718017578,-118.99530792236328,TULARE,UNINCORPORATED,-118.9949951171875,36.0582275390625
91598809,2021,2021-10-18,9481,2021-10-09,2025,019422,,6,2,9,5400,0,1,3,,1,054,"BEAR CREEK ROAD.","BALCH PARK RD.",13200.00,E,N,A,-,N,,,,,,,,,,Y,3,0,2,1,A,-,08,22107,,N,F,A,A,A,H,-,D,D,0,,,,,Y,,A,01,0,1,1,0,0,0,0,0,0,"- ","- ",36.208431243896484,-118.78058624267578,TULARE,UNINCORPORATED,-118.67287445068359,36.239620208740234
91599085,2021,2021-10-18,9480,2021-10-12,2500,013914,,2,4,9,5400,0,3,5,,2,002,"AVENUE 416","ROAD 108",581.00,E,N,A,-,N,,,,,,,,,,Y,3,0,1,1,A,-,08,22107,,N,E,I,A,A,H,-,B,D,0,,,,,Y,,A,01,0,1,0,0,0,0,0,0,0,"- ","- ",36.545261383056641,-119.32614135742188,TULARE,UNINCORPORATED,-119.326195,36.545119999999997
91600033,2021,2021-10-19,9480,2021-10-03,0250,019828,,7,3,9,5400,0,3,5,,2,006,"WALKING PATH","AVE. 280",1800.00,S,N,A,-,N,,,,,,,,,,Y,3,0,1,1,A,-,01,23152,A,M,E,I,A,A,H,-,D,D,0,,,,,Y,Y,A,07,0,1,0,0,0,0,0,0,0,"- ","- ",36.293079376220703,-119.28758239746094,TULARE,UNINCORPORATED,,
91601311,2021,2021-10-20,9480,2021-10-16,1541,019846,,6,2,9,5400,0,1,3,,1,032,"AVENUE 328","ROAD 92",1006.00,E,N,E,-,N,,,,,,,,,,Y,2,0,1,4,A,-,03,22350,,N,C,C,A,A,H,-,A,D,0,,,,,Y,,D,22,1,0,0,0,0,0,0,0,0,"- ","- ",36.385398864746094,-119.36448669433594,TULARE,UNINCORPORATED,-119.36458587646484,36.385395050048828
91602488,2021,2021-10-21,9480,2021-10-10,0205,018861,,7,3,9,5400,0,3,5,,2,001,"ROAD 68","AVENUE 304",528.00,N,N,A,-,N,,,,,,,,,,Y,3,0,1,1,A,-,01,23152,A,N,E,I,A,A,H,-,D,D,0,,,,,Y,Y,D,22,0,1,0,0,0,0,0,0,0,"- ","- ",36.343948364257812,-119.42223358154297,TULARE,UNINCORPORATED,-119.42140197753906,36.342151641845703
91604091,2021,2021-12-02,9480,2021-10-16,2040,019846,,6,2,9,5400,0,3,5,,2,002,"ROAD 130","AVENUE 412",0.00,,Y,A,-,N,,,,,,,,,,Y,4,0,1,2,A,-,12,22450,A,N,D,C,A,A,H,-,D,A,0,,,,,Y,,A,01,0,0,1,0,0,0,0,0,0,"- ","- ",36.537429809570312,-119.28237915039062,TULARE,UNINCORPORATED,-119.28244018554688,36.537425994873047
91604994,2021,2021-10-25,9480,2021-10-17,2150,021249,,7,2,9,5400,0,3,5,,2,002,"AVENUE 416 (E. EL MONTE WAY)",SR-63,100.00,W,N,A,-,Y,,,,,,,,,,Y,4,0,1,2,A,-,08,22107,,N,B,E,A,A,H,-,C,D,0,,,,,Y,,A,07,0,0,1,0,0,0,0,0,0,"- ","- ",36.544708251953125,-119.28739929199219,TULARE,UNINCORPORATED,,
91605398,2021,2021-10-25,9480,2021-10-16,1620,020273,,6,2,9,5400,0,3,5,,2,006,"ROAD 108","AVENUE 272",0.00,,Y,A,-,N,,,,,,,,,,N,3,0,1,2,A,-,12,21453,A,N,D,C,A,A,H,-,A,A,0,,,,,Y,,A,01,0,1,0,0,0,0,0,0,0,"- ","- ",36.283771514892578,-119.331298828125,TULARE,UNINCORPORATED,-119.33145141601562,36.283733367919922
91605418,2021,2021-10-25,9480,2021-10-17,1610,020273,,7,2,9,5400,0,1,3,,2,093,"SR-99 N/B","CARTMILL AVE",800.00,N,N,A,-,Y,,,99,,,,,,N,N,4,0,1,2,A,-,03,22350,,N,C,C,A,A,H,-,A,D,0,,,,,Y,,A,01,0,0,1,0,0,0,0,0,0,"- ","- ",36.24346923828125,-119.34779357910156,TULARE,UNINCORPORATED,-119.34784698486328,36.243427276611328
91607456,2021,2021-10-27,9480,2021-10-15,2350,020612,,5,3,9,5400,0,1,3,,2,091,"STATE ROUTE 99 NORTHBOUND","BETTY DRIVE",3995.00,N,N,A,-,Y,,,99,,,,,,N,Y,2,0,2,1,A,-,08,22107,,N,E,I,A,A,H,-,D,D,0,,,,,Y,,A,07,2,0,0,0,0,0,0,0,0,"- ","- ",36.361698150634766,-119.42874908447266,TULARE,UNINCORPORATED,-119.42890167236328,36.361656188964844
91607584,2021,2021-10-27,9480,2021-10-23,2116,018421,,6,2,9,5400,0,1,3,,1,020,"SR-201 (AVENUE 384)","ROAD 136",0.00,,Y,B,-,N,,,201,,,,,,,Y,4,0,2,2,A,-,03,22350,,N,C,C,A,A,H,-,D,D,0,,,,,Y,,A,01,0,0,2,0,0,0,0,0,0,"- ","- ",36.486469268798828,-119.26851654052734,TULARE,UNINCORPORATED,-119.26851654052734,36.486465454101562
91610906,2021,2021-10-29,9480,2021-10-27,1459,018521,,3,2,9,5400,0,1,3,,1,025,SR-245,"AVENUE 376",0.00,,Y,A,-,Y,,,245,,,,,,,Y,3,0,1,2,A,-,09,21802,A,N,D,C,A,A,H,-,A,A,0,,,,,Y,,A,01,0,1,0,0,0,0,0,0,0,"- ","- ",36.47174072265625,-119.12236022949219,TULARE,UNINCORPORATED,-119.12236022949219,36.47174072265625
91611841,2021,2022-01-10,9481,2021-09-22,0225,021687,,3,3,9,5400,0,2,4,,1,035,"ORANGE BELT DRIVE","AVENUE 112",1320.00,S,N,A,-,N,,,,,,,,,,Y,1,1,1,2,A,-,01,23152,A,F,A,C,A,A,H,-,D,D,0,,,Y,,Y,Y,A,01,0,1,0,0,0,0,0,1,0,"- ","- ",35.988178253173828,-119.04609680175781,TULARE,UNINCORPORATED,-119.04519653320312,35.989986419677734
91611852,2021,2021-11-01,9480,2021-10-22,1755,020060,,5,2,9,5400,0,3,5,,2,003,"AVENUE 232","ROAD 36",0.00,,Y,B,-,N,,,,,,,,,,Y,2,0,5,2,A,-,12,22450,A,N,D,C,A,A,H,-,A,A,0,,,,,Y,,D,22,1,4,0,0,0,0,0,0,0,"- ","- ",36.210800170898438,-119.49295043945312,TULARE,UNINCORPORATED,-119.49295043945312,36.210834503173828
91612360,2021,2021-11-01,9480,2021-10-27,1735,018484,,3,2,9,5400,0,2,S,,2,106,"AVENUE 312 (RIGGIN AVENUE)","ROAD 92 (SHIRK ROAD)",1200.00,W,N,A,-,N,,,,,,,,,,Y,4,0,4,2,A,-,03,22350,,N,C,C,A,A,H,-,B,D,0,,,,,Y,,A,01,0,0,4,0,0,0,0,0,0,"- ","- ",36.356491088867188,-119.37194061279297,TULARE,UNINCORPORATED,-119.371916,36.356459000000001
91612449,2021,2021-11-01,9481,2021-10-23,0010,019578,,6,3,9,5400,0,2,4,,1,034,"AVENUE 176","ROAD 296",695.00,W,N,A,-,N,,,,,,,,,,Y,2,0,2,1,A,-,08,22107,,N,E,I,A,A,H,-,D,D,0,,,,,Y,,D,22,1,1,0,0,0,0,0,0,0,"- ","- ",36.111228942871094,-118.91429138183594,TULARE,UNINCORPORATED,-118.914224,36.111156999999999
91614511,2021,2021-11-03,9480,2021-10-29,0700,017108,,5,1,9,5400,0,3,5,,2,002,"AVENUE 384","ROAD 88",0.00,,Y,A,-,N,,,,,,,,,,Y,3,0,1,1,A,-,01,23152,A,M,E,I,A,A,H,-,A,A,0,,,,,Y,Y,A,07,0,1,0,0,0,0,0,0,0,"- ","- ",36.487701416015625,-119.37667083740234,TULARE,UNINCORPORATED,-119.37668609619141,36.487674713134766
91614738,2021,2021-11-03,9480,2021-10-23,1340,021044,,6,1,9,5400,0,1,3,,2,093,"SR-99 N/B","PAIGE AVE",5280.00,S,N,A,-,Y,,,,,,,,,,N,3,0,1,2,A,-,08,22107,,N,C,C,A,A,H,-,A,D,0,,,,,Y,,A,01,0,1,0,0,0,0,0,0,0,"- ","- ",36.166301727294922,-119.33113861083984,TULARE,UNINCORPORATED,-119.3309326171875,36.167964935302734
91614839,2021,2021-11-03,9481,2021-10-25,1750,018113,,1,2,9,5400,0,3,5,,2,020,"E CITRUS STREET","S HARVARD AVENUE",0.00,,Y,A,-,N,,,,,,,,,,Y,4,0,2,2,A,-,12,22450,A,N,D,C,A,B,H,-,B,B,0,,,,,Y,,D,22,0,0,2,0,0,0,0,0,0,"- ","- ",36.181770324707031,-119.08184051513672,TULARE,UNINCORPORATED,-119.08184814453125,36.1817626953125
91615267,2021,2021-11-03,9480,2021-10-30,0740,019349,,6,1,9,5400,0,1,3,,2,095,"STATE ROUTE 99 N/B","WASHINGTON ST",221.00,N,N,B,-,Y,,,99,,,,,,N,Y,3,0,1,1,A,-,08,22107,,N,E,I,A,A,H,-,A,D,0,,,,Y,Y,,F,25,0,1,0,0,0,0,0,0,0,"- ","- ",35.884071350097656,-119.27184295654297,TULARE,UNINCORPORATED,-119.27188110351562,35.884059906005859
91615896,2021,2021-11-04,9480,2021-10-21,0230,018861,,4,3,9,5400,0,1,3,,2,091,"STATE ROUTE 99 (N/B)","MERRITT DRIVE",4382.00,N,N,A,-,Y,,,99,,,,,,,Y,2,0,2,2,A,-,03,22350,,F,C,C,A,A,H,-,D,D,0,,,,Y,Y,,A,01,2,0,0,0,0,0,0,0,0,"- ","- ",36.463729858398438,-119.49542999267578,TULARE,UNINCORPORATED,-119.49541473388672,36.463741302490234
91616313,2021,2021-11-04,9480,2021-10-12,1534,019048,,2,2,9,5400,0,3,5,,2,004,"ROAD 160","FREEDOM AVENUE",0.00,,Y,A,-,N,,,,,,,,,,N,1,1,0,2,A,-,21,22106,,N,G,B,D,A,H,-,A,D,0,Y,,,,Y,,D,22,0,0,0,1,0,0,0,0,0,"- ","- ",36.390228271484375,-119.21569061279297,TULARE,UNINCORPORATED,-119.21566772460938,36.390232086181641
91616459,2021,2021-11-04,9480,2021-10-24,1350,021044,,7,1,9,5400,0,3,5,,2,003,"AVENUE 184","ROAD 36",528.00,E,N,A,-,N,,,,,,,,,,N,4,0,1,2,A,-,08,22107,,N,D,C,A,A,H,-,A,D,0,,,,,Y,,A,01,0,0,1,0,0,0,0,0,0,"- ","- ",36.123420715332031,-119.48774719238281,TULARE,UNINCORPORATED,-119.48985290527344,36.123428344726562
91618427,2021,2021-11-08,9481,2021-10-23,1900,020238,,6,2,9,5400,0,2,4,,1,051,"WORTH DRIVE","ROAD 284",350.00,W,N,A,-,N,,,,,,,,,,N,2,0,2,3,C,-,18,,,N,G,B,E,A,H,-,D,D,0,Y,,,,Y,Y,-,"- ",1,0,1,0,2,0,0,0,0,"- ","- ",36.051181793212891,-118.94151306152344,TULARE,UNINCORPORATED,-118.9383544921875,36.052478790283203
91619981,2021,2021-11-09,9480,2021-11-05,2219,020060,,5,3,9,5400,0,3,5,,2,003,"PAIGE AVENUE","WEST STREET",900.00,E,N,A,-,N,,,,,,,,,,Y,2,0,2,2,A,-,01,23152,A,N,D,C,A,A,H,-,D,D,0,,,,Y,Y,Y,A,01,1,0,1,0,0,0,0,0,0,"- ","- ",36.182060241699219,-119.36263275146484,TULARE,UNINCORPORATED,-119.36309051513672,36.18194580078125
91623220,2021,2021-11-12,9481,2021-11-10,0120,018830,,3,3,9,5400,0,1,3,,1,053,SR-190,"BALCH PARK RD",150.00,E,N,A,-,Y,,,190,,,,,,,Y,3,0,1,1,A,-,01,23152,A,M,F,A,A,A,H,-,D,D,0,,,,,Y,Y,A,01,0,1,0,0,0,0,0,0,0,"- ","- ",36.139179229736328,-118.80712890625,TULARE,UNINCORPORATED,-118.80712890625,36.139152526855469
91624188,2021,2021-11-15,9481,2021-10-26,1835,020238,,2,2,9,5400,0,3,5,,2,050,"SOUTH LEGGETT STREET","EAST DATE AVENUE",86.00,S,N,A,-,N,,,,,,,,,,Y,4,0,1,3,A,-,01,23152,A,M,D,C,A,A,H,-,C,A,0,,,,,Y,Y,D,22,0,0,1,0,0,0,0,0,0,"- ","- ",36.058380126953125,-118.99952697753906,TULARE,UNINCORPORATED,-118.99958801269531,36.058212280273438
91624883,2021,2022-10-05,9480,2021-11-05,1445,016995,,5,2,9,5400,0,3,5,,2,001,"ROAD 28","AVENUE 416",0.00,,Y,A,-,N,,,,,,,,,,Y,3,0,2,2,A,-,01,23152,A,N,D,C,A,A,H,-,A,A,0,,,,,Y,Y,A,01,0,1,1,0,0,0,0,0,0,"- ","- ",36.546920776367188,-119.48986053466797,TULARE,UNINCORPORATED,-119.489923,36.546880000000002