CASE_ID,ACCIDENT_YEAR,PROC_DATE,JURIS,COLLISION_DATE,COLLISION_TIME,OFFICER_ID,REPORTING_DISTRICT,DAY_OF_WEEK,CHP_SHIFT,POPULATION,CNTY_CITY_LOC,SPECIAL_COND,BEAT_TYPE,CHP_BEAT_TYPE,CITY_DIVISION_LAPD,CHP_BEAT_CLASS,BEAT_NUMBER,PRIMARY_RD,SECONDARY_RD,DISTANCE,DIRECTION,INTERSECTION,WEATHER_1,WEATHER_2,STATE_HWY_IND,CALTRANS_COUNTY,CALTRANS_DISTRICT,STATE_ROUTE,ROUTE_SUFFIX,POSTMILE_PREFIX,POSTMILE,LOCATION_TYPE,RAMP_INTERSECTION,SIDE_OF_HWY,TOW_AWAY,COLLISION_SEVERITY,NUMBER_KILLED,NUMBER_INJURED,PARTY_COUNT,PRIMARY_COLL_FACTOR,PCF_CODE_OF_VIOL,PCF_VIOL_CATEGORY,PCF_VIOLATION,PCF_VIOL_SUBSECTION,HIT_AND_RUN,TYPE_OF_COLLISION,MVIW,PED_ACTION,ROAD_SURFACE,ROAD_COND_1,ROAD_COND_2,LIGHTING,CONTROL_DEVICE,CHP_ROAD_TYPE,PEDESTRIAN_ACCIDENT,BICYCLE_ACCIDENT,MOTORCYCLE_ACCIDENT,TRUCK_ACCIDENT,NOT_PRIVATE_PROPERTY,ALCOHOL_INVOLVED,STWD_VEHTYPE_AT_FAULT,CHP_VEHTYPE_AT_FAULT,COUNT_SEVERE_INJ,COUNT_VISIBLE_INJ,COUNT_COMPLAINT_PAIN,COUNT_PED_KILLED,COUNT_PED_INJURED,COUNT_BICYCLIST_KILLED,COUNT_BICYCLIST_INJURED,COUNT_MC_KILLED,COUNT_MC_INJURED,PRIMARY_RAMP,SECONDARY_RAMP,LATITUDE,LONGITUDE,COUNTY,CITY,POINT_X,POINT_Y
91625803,2021,2021-11-16,9480,2021-11-09,0625,016723,,2,1,9,5400,0,1,3,,2,093,"STATE ROUTE 99","DRIVE 92B OVERPASS",3900.00,N,N,C,-,Y,,,99,,,,,,,Y,3,0,1,1,A,-,08,22107,,N,E,I,A,B,H,-,B,D,0,,,,,Y,,D,22,0,1,0,0,0,0,0,0,0,"- ","- ",36.276470184326172,-119.37091827392578,TULARE,UNINCORPORATED,-119.37098693847656,36.276424407958984
91626890,2021,2021-11-17,9481,2021-11-09,0950,015218,,2,1,9,5400,0,2,4,,1,021,"ORANGEBELT DRIVE","AVENUE 216",0.00,,Y,B,-,N,,,,,,,,,,Y,4,0,1,2,A,-,09,21802,A,N,D,C,A,B,H,-,A,A,0,,,,,Y,,A,07,0,0,1,0,0,0,0,0,0,"- ","- ",36.181770324707031,-119.08064270019531,TULARE,UNINCORPORATED,-119.06369781494141,36.181827545166016
91627298,2021,2021-11-17,9481,2021-11-10,1710,019422,,3,2,9,5400,0,3,5,,2,010,"STATE ROUTE 65","LINDMORE ST.",0.00,,Y,A,-,Y,,,65,,,,,,,Y,4,0,1,2,A,-,09,21801,A,N,D,C,A,A,H,-,B,D,0,,,,,Y,Y,D,22,0,0,1,0,0,0,0,0,0,"- ","- ",36.195968627929688,-119.099853515625,TULARE,UNINCORPORATED,-119.09989166259766,36.195941925048828
91628180,2021,2021-11-18,9480,2021-11-03,0208,020890,,3,3,9,5400,0,1,3,,1,051,"STATE ROUTE 43","AVENUE 120",1056.00,S,N,A,-,Y,,,43,,,,,,,Y,2,0,3,2,A,-,03,22350,,N,D,2,A,A,H,-,D,D,0,,,,Y,Y,,A,01,1,1,1,0,0,0,0,0,0,"- ","- ",36.005050659179688,-119.48832702636719,TULARE,UNINCORPORATED,-119.48830413818359,36.005069732666016
91628319,2021,2021-11-18,9480,2021-11-13,0135,020060,,6,3,9,5400,0,1,3,,2,093,"STATE ROUTE 99 N/B","K STREET",1000.00,S,N,E,-,Y,,,,,,,,,,Y,4,0,1,2,A,-,03,22350,,F,C,2,A,A,H,-,D,A,0,,,,,Y,,D,22,0,0,1,0,0,0,0,0,0,"- ","- ",36.148700714111328,-119.33023071289062,TULARE,UNINCORPORATED,-119.33289337158203,36.156105041503906
91628615,2021,2021-11-18,9480,2021-11-13,0645,016615,,6,1,9,5400,0,3,5,,2,001,"AVENUE 384","ROAD 56",0.00,,Y,E,-,N,,,,,,,,,,Y,4,0,1,2,A,-,03,22350,,N,C,C,A,A,H,-,B,D,0,,,,,Y,,A,07,0,0,1,0,0,0,0,0,0,"- ","- ",36.488430023193359,-119.44879913330078,TULARE,UNINCORPORATED,-119.44880676269531,36.488437652587891
91630524,2021,2021-11-19,9481,2021-11-13,1650,020238,,6,2,9,5400,0,3,5,,2,010,"NORTH WESTWOOD STREET","WEST NORTH GRAND AVENUE",0.00,,Y,A,-,N,,,,,,,,,,Y,4,0,2,2,A,-,09,21801,A,N,A,C,A,A,H,-,B,D,0,,,,,Y,,A,07,0,0,2,0,0,0,0,0,0,"- ","- ",36.098529815673828,-119.07073974609375,TULARE,UNINCORPORATED,-119.07073974609375,36.098423004150391
91630539,2021,2022-02-04,9480,2021-08-26,2232,020890,,4,3,9,5400,0,1,3,,1,034,"STATE ROUTE 198 WESTBOUND","ROAD 60",1056.00,E,N,A,-,Y,,,198,,,,,,W,N,1,1,1,2,A,-,11,21954,A,F,G,B,E,A,H,-,D,D,0,Y,,,,Y,,N,60,0,1,0,1,0,0,0,0,0,"- ","- ",36.327590942382812,-119.43608856201172,TULARE,UNINCORPORATED,-119.43609619140625,36.327213287353516
91630647,2021,2021-11-19,9481,2021-10-30,1605,021227,,6,2,4,5405,0,3,5,,2,050,"HOT SPRINGS ROAD","FIRE CONTROL ROAD",12672.00,E,N,A,-,N,,,,,,,,,,Y,3,0,1,1,A,-,01,23152,A,N,E,I,A,A,H,-,A,D,0,,,,,Y,Y,D,22,0,1,0,0,0,0,0,0,0,"- ","- ",35.856609344482422,-118.76094055175781,TULARE,PORTERVILLE,-122.78414916992188,39.123508453369141
91631760,2021,2021-11-22,9481,2021-11-14,0610,017894,,7,1,9,5400,0,2,4,,1,011,"AVENUE 192","ROAD 180",726.00,E,N,E,-,N,,,,,,,,,,Y,4,0,2,2,A,-,03,22350,,N,C,C,A,B,H,-,D,D,0,,,,,Y,,A,07,0,0,2,0,0,0,0,0,0,"- ","- ",36.139350891113281,-119.16741943359375,TULARE,UNINCORPORATED,-119.16743469238281,36.138301849365234
91633053,2021,2021-11-23,9481,2021-11-19,0840,015290,,5,1,9,5400,0,3,5,,2,030,"ROAD 152","AVENUE 120",2640.00,S,N,E,-,N,,,,,,,,,,Y,4,0,1,2,A,-,03,22350,,N,D,C,A,A,H,-,A,D,0,,,,Y,Y,,A,01,0,0,1,0,0,0,0,0,0,"- ","- ",35.999549865722656,-119.23258972167969,TULARE,UNINCORPORATED,-119.23268890380859,36.000484466552734
91634088,2021,2021-11-24,9480,2021-11-22,0120,020060,,1,3,9,5400,0,1,3,,2,091,"STATE ROUTE 99 N/B","MERRITT DRIVE",3696.00,N,N,E,-,Y,,,99,,,,,,N,Y,2,0,2,1,A,-,08,22107,,N,E,I,A,B,H,-,D,D,0,,,,,Y,,A,01,1,1,0,0,0,0,0,0,0,"- ","- ",36.462268829345703,-119.49465179443359,TULARE,UNINCORPORATED,-119.4945068359375,36.462356567382812
91634362,2021,2021-11-24,9480,2021-11-19,0555,013914,,5,3,9,5400,0,3,5,,2,006,"ROAD 108","AVENUE 336",1214.00,N,N,B,E,N,,,,,,,,,,Y,3,0,1,1,A,-,03,22350,,N,E,I,A,B,H,-,D,A,0,,,,,Y,,A,01,0,1,0,0,0,0,0,0,0,"- ","- ",36.403438568115234,-119.33212280273438,TULARE,UNINCORPORATED,,
9163572,2020,2020-11-18,5405,2020-09-03,2247,234,,4,5,4,5405,0,0,0,,0,004,"W DATE AV","DATE AV",42.00,N,N,A,-,N,,,,,,,,,,Y,3,0,1,2,A,-,08,22107,,M,C,E,A,A,H,-,C,D,0,,,,,Y,,A,01,0,1,0,0,0,0,0,0,0,"- ","- ",36.058368682861328,-119.04843902587891,TULARE,PORTERVILLE,-119.05758666992188,36.058200836181641
9163573,2020,2020-11-10,5405,2020-09-28,1949,197,,1,5,4,5405,0,0,0,,0,003,"EAST DATE AV","PLANO ST",257.00,E,N,A,-,N,,,,,,,,,,N,3,0,1,2,A,-,03,22350,,F,C,C,A,A,H,-,C,A,0,,,,,Y,,A,01,0,1,0,0,0,0,0,0,0,"- ","- ",36.058498382568359,-119.00776672363281,TULARE,PORTERVILLE,-119.00691986083984,36.058490753173828
9163574,2020,2020-11-10,5405,2020-09-19,0816,216,SEC3,6,5,4,5405,0,0,0,,0,003,"PLANO ST","DATE AV",0.00,,Y,A,-,N,,,,,,,,,,Y,3,0,1,2,A,-,03,22350,,N,C,C,A,A,H,-,A,D,0,,,,,Y,,A,01,0,1,0,0,0,0,0,0,0,"- ","- ",,,TULARE,PORTERVILLE,-119.00778961181641,36.058498382568359
9163575,2020,2020-11-18,5405,2020-09-02,1021,CS032,SEC3,3,5,4,5405,0,0,0,,0,003,"EAST OLIVE AV","3RD ST",0.00,,Y,A,-,N,,,,,,,,,,Y,3,0,2,2,A,-,12,22450,A,N,D,C,A,A,H,-,A,A,0,,,,,Y,,A,01,0,2,0,0,0,0,0,0,0,"- ","- ",36.065151214599609,-119.01432800292969,TULARE,PORTERVILLE,-119.01431274414062,36.065128326416016
91636420,2021,2021-11-29,9481,2021-11-19,2200,019578,,5,3,9,5400,0,3,5,,2,030,"AVENUE 96","ROAD 192",0.00,,Y,A,-,N,,,,,,,,,,N,4,0,1,1,A,-,12,22450,A,N,E,I,A,A,H,-,D,A,0,,,,,Y,,A,07,0,0,1,0,0,0,0,0,0,"- ","- ",35.963470458984375,-119.14328002929688,TULARE,UNINCORPORATED,-119.14318084716797,35.963344573974609
91636472,2021,2021-11-29,9480,2021-11-13,0525,019427,,6,3,9,5400,0,3,5,,2,003,"ROAD 28","AVENUE 184",1056.00,S,N,E,-,N,,,,,,,,,,Y,2,0,4,2,A,-,08,22107,,N,A,C,A,B,H,-,D,D,0,,,,,Y,,A,01,1,3,0,0,0,0,0,0,0,"- ","- ",36.121341705322266,-119.50965118408203,TULARE,UNINCORPORATED,-119.50955200195312,36.120540618896484
91636902,2021,2021-11-29,9480,2021-11-21,0019,018521,,7,3,9,5400,0,1,3,,1,064,"SR-198 W/B",SR-99,2112.00,E,N,E,-,Y,,,198,,,,,,W,Y,2,0,2,1,A,-,01,23152,A,N,F,A,A,B,H,-,D,D,0,,,,,Y,Y,A,07,1,1,0,0,0,0,0,0,0,"- ","- ",36.327499389648438,-119.40293884277344,TULARE,UNINCORPORATED,-119.40293121337891,36.327537536621094
91638351,2021,2021-11-30,9480,2021-11-26,1749,021249,,5,2,9,5400,0,1,3,,1,051,"STATE ROUTE 43","AVENUE 56",0.00,,Y,A,-,Y,,,43,,,,,,,Y,3,0,2,2,A,-,12,22450,A,N,D,C,A,A,H,-,D,A,0,,,,,Y,,A,01,0,1,1,0,0,0,0,0,0,"- ","- ",35.891040802001953,-119.405029296875,TULARE,UNINCORPORATED,-119.40507507324219,35.891002655029297
91640104,2021,2021-12-01,9480,2021-11-28,1745,021249,,7,2,9,5400,0,1,3,,2,095,"STATE ROUTE 99 N/B","AVENUE 24",2640.00,S,N,A,-,Y,,,99,,,,,,N,Y,4,0,5,5,A,-,03,22350,,N,C,C,A,A,H,-,D,D,0,,,,,Y,,A,01,0,0,5,0,0,0,0,0,0,"- ","- ",35.821388244628906,-119.25852966308594,TULARE,UNINCORPORATED,-119.25846099853516,35.821392059326172
91640673,2021,2021-12-02,9480,2021-11-18,0645,016615,,4,1,9,5400,0,1,3,,1,030,SR-137,"ROAD 36",51.00,W,N,E,-,Y,,,137,,,,,,,Y,4,0,1,2,A,-,03,22350,,N,A,C,A,A,H,-,A,D,0,,,,,Y,,D,22,0,0,1,0,0,0,0,0,0,"- ","- ",36.150459289550781,-119.49311828613281,TULARE,UNINCORPORATED,-119.49311065673828,36.150447845458984
91640679,2021,2021-12-02,9480,2021-11-18,2215,016145,,4,3,9,5400,0,3,5,,2,006,"ROAD 108","AVENUE 272",520.00,S,N,A,-,N,,,,,,,,,,Y,3,0,2,1,A,-,01,23152,A,N,F,A,A,A,H,-,D,D,0,,,,,Y,Y,A,01,0,2,0,0,0,0,0,0,0,"- ","- ",36.282478332519531,-119.33110809326172,TULARE,UNINCORPORATED,-119.33145904541016,36.282302856445312
91641888,2021,2021-12-03,9480,2021-11-20,0300,021159,,6,3,9,5400,0,1,3,,2,095,"SR 99 NB","AVE 24",2640.00,S,N,E,-,Y,,,,,,,,,,N,4,0,3,2,A,-,03,22350,,N,C,C,A,A,H,-,D,D,0,,,,,Y,,A,01,0,0,3,0,0,0,0,0,0,"- ","- ",37.093070983886719,-120.21373748779297,TULARE,UNINCORPORATED,-119.25865173339844,35.826766967773438
91644302,2021,2021-12-06,9481,2021-12-03,1540,019422,,5,2,9,5400,0,2,4,,1,021,"AVENUE 196","ORANGE BELT DRIVE",40.00,W,N,A,-,N,,,,,,,,,,N,4,0,1,2,A,-,03,22350,,N,C,C,A,A,H,-,A,A,0,,,,,Y,,A,01,0,0,1,0,0,0,0,0,0,"- ","- ",36.148479461669922,-119.06147003173828,TULARE,UNINCORPORATED,-119.06108093261719,36.145603179931641
91644915,2021,2021-12-07,9480,2021-11-24,0312,018861,,3,3,9,5400,0,3,5,,2,003,"AVENUE 232","ROAD 60",580.00,E,N,E,-,N,,,,,,,,,,N,4,0,1,1,A,-,08,22107,,N,E,J,A,A,H,-,D,D,0,,,,,Y,,A,01,0,0,1,0,0,0,0,0,0,"- ","- ",36.210311889648438,-119.43708038330078,TULARE,UNINCORPORATED,-119.43710327148438,36.210365295410156
91644928,2021,2021-12-07,9481,2021-11-24,1440,021687,,3,2,9,5400,0,3,5,,2,030,"AVENUE 8","ROAD 160",0.00,,Y,A,-,N,,,,,,,,,,Y,3,0,2,2,A,-,12,22450,A,N,D,C,A,A,H,-,A,A,0,,,,,Y,,A,07,0,1,1,0,0,0,0,0,0,"- ","- ",35.804981231689453,-119.21459197998047,TULARE,UNINCORPORATED,-119.21463012695312,35.804996490478516
91646782,2021,2022-03-10,9481,2021-12-02,1750,019422,,4,2,9,5400,0,3,5,,2,010,"AVENUE 168","ROAD 152",0.00,,Y,A,-,N,,,,,,,,,,Y,4,0,2,2,A,-,09,21801,A,N,D,C,A,A,H,-,C,A,0,,,,,Y,,A,01,0,0,2,0,0,0,0,0,0,"- ","- ",36.094661712646484,-119.23262786865234,TULARE,UNINCORPORATED,-119.23230743408203,36.094707489013672
91647754,2021,2021-12-09,9480,2021-11-28,1355,019647,,7,1,9,5400,0,3,5,,2,004,"DRY CREEK DR",SR-216,62040.00,N,N,A,-,N,,,,,,,,,,Y,2,0,1,2,A,-,05,21650,,N,A,C,A,A,H,-,A,D,0,,,Y,,Y,,C,02,1,0,0,0,0,0,0,0,1,"- ","- ",36.542278289794922,-119.01083374023438,TULARE,UNINCORPORATED,-119.01992034912109,36.556140899658203
91648012,2021,2022-03-14,9480,2021-11-17,2235,017452,,3,3,9,5400,0,3,5,,2,001,"ROAD 80","AVENUE 384",126.00,S,N,A,-,N,,,,,,,,,,Y,1,1,0,2,A,-,03,22350,,N,C,C,A,A,H,-,C,A,0,,,,Y,Y,,A,01,0,0,0,0,0,0,0,0,0,"- ","- ",36.487499237060547,-119.39469909667969,TULARE,UNINCORPORATED,-119.39488983154297,36.487575531005859
91648015,2021,2021-12-09,9480,2021-12-03,0230,021159,,5,3,9,5400,0,1,3,,2,095,"SR 99 N/B","AVE 137",3168.00,S,N,A,-,Y,,,,,,,,,,Y,2,0,1,2,A,-,03,22350,,N,C,C,A,A,H,-,D,D,0,,,,Y,Y,,A,01,1,0,0,0,0,0,0,0,0,"- ","- ",36.202541351318359,-119.32843780517578,TULARE,UNINCORPORATED,,
91648116,2021,2021-12-09,9480,2021-12-05,0210,020998,,7,3,9,5400,0,1,3,,1,021,SR-63,"RIVERWAY DR",430.00,N,N,E,-,N,,,63,,,,,,,Y,3,0,1,1,A,-,08,22107,,N,E,I,A,A,H,-,D,D,0,,,,,Y,,A,01,0,1,0,0,0,0,0,0,0,"- ","- ",36.364879608154297,-119.29707336425781,TULARE,UNINCORPORATED,-119.29701232910156,36.364879608154297
91648933,2021,2021-12-10,9480,2021-12-05,0323,020332,,7,3,9,5400,0,3,5,,2,001,"ROAD 70 (30928 ROAD 70)","AVENUE 310",450.00,S,N,E,-,N,,,,,,,,,,Y,4,0,1,2,A,-,01,23152,A,N,C,E,A,B,H,-,D,D,0,,,,,Y,Y,A,01,0,0,1,0,0,0,0,0,0,"- ","- ",36.351539611816406,-119.41693115234375,TULARE,UNINCORPORATED,-119.41696166992188,36.351356506347656
91648985,2021,2021-12-10,9480,2021-12-08,2030,020890,,3,2,9,5400,0,3,5,,2,004,"ROAD 148","AVENUE 344",16.00,N,N,A,-,N,,,,,,,,,,N,4,0,1,1,A,-,03,22350,,N,E,I,A,A,H,-,D,D,0,,,,,Y,,A,01,0,0,1,0,0,0,0,0,0,"- ","- ",36.414108276367188,-119.24221038818359,TULARE,UNINCORPORATED,-119.24221801757812,36.414073944091797
91648996,2021,2021-12-10,9480,2021-12-09,2300,021249,,4,3,9,5400,0,3,5,,2,006,"AVENUE 248","ROAD 140",3802.00,E,N,A,-,N,,,,,,,,,,Y,4,0,1,1,C,-,18,,,N,H,H,A,A,H,-,D,D,0,,,,,Y,,-,"- ",0,0,1,0,0,0,0,0,0,"- ","- ",36.240108489990234,-119.24755096435547,TULARE,UNINCORPORATED,-119.24767303466797,36.240131378173828
91649008,2021,2021-12-10,9480,2021-11-22,0718,016240,,1,1,9,5400,0,3,5,,2,002,"ROAD 120","AVENUE 384",0.00,,Y,E,-,N,,,,,,,,,,Y,3,0,1,1,A,-,12,22450,A,N,E,I,A,B,H,-,A,A,0,,,,,Y,,A,01,0,1,0,0,0,0,0,0,0,"- ","- ",36.486869812011719,-119.30429840087891,TULARE,UNINCORPORATED,-119.304443359375,36.486927032470703
91650440,2021,2021-12-13,9480,2021-12-01,2125,018861,,3,2,9,5400,0,3,5,,2,003,"BEACON AVENUE","I STREET",213.00,W,N,A,-,N,,,,,,,,,,Y,3,0,2,2,A,-,01,23152,A,N,B,E,A,A,H,-,D,D,0,,,,,Y,Y,A,01,0,1,1,0,0,0,0,0,0,"- ","- ",36.172599792480469,-119.34149169921875,TULARE,UNINCORPORATED,-119.34136962890625,36.172573089599609
91651702,2021,2021-12-14,9480,2021-12-09,0535,020273,,4,3,9,5400,0,3,5,,2,005,"AVENUE 144","ROAD 80",800.00,E,N,C,-,N,,,,,,,,,,N,4,0,1,1,A,-,03,22350,,N,E,I,A,B,H,-,D,D,0,,,,,Y,,D,22,0,0,1,0,0,0,0,0,0,"- ","- ",36.051380157470703,-119.38868713378906,TULARE,UNINCORPORATED,-119.39066314697266,36.051128387451172
91651847,2021,2021-12-14,9481,2021-12-08,1655,019149,,3,2,9,5400,0,2,4,,2,013,"AVENUE 196","ROAD 248",2640.00,W,N,A,-,N,,,,,,,,,,N,3,0,1,2,A,-,06,21750,A,N,B,C,A,A,H,-,D,D,0,,,,,Y,,A,01,0,1,0,0,0,0,0,0,0,"- ","- ",36.145538330078125,-119.02014923095703,TULARE,UNINCORPORATED,-119.0269775390625,36.145660400390625
91651946,2021,2022-04-14,9480,2021-12-08,0535,018815,,3,3,9,5400,0,1,3,,2,095,"SR-99 S/B","AVENUE 48",2640.00,N,N,B,-,Y,,,99,,,,,,S,Y,4,0,2,2,D,-,00,,,N,B,C,A,A,H,-,D,D,0,,,,,Y,,-,"- ",0,0,2,0,0,0,0,0,0,"- ","- ",35.885589599609375,-119.27265930175781,TULARE,UNINCORPORATED,-119.27252960205078,35.8856201171875
91652154,2021,2021-12-14,9480,2021-12-09,1100,016046,,4,1,5,5407,0,1,3,,1,064,"STATE ROUTE 198 (WESTBOUND)","MOONEY BLVD.",1584.00,E,N,B,C,Y,,,198,,,,,,,Y,4,0,1,3,A,-,03,22350,,N,C,C,A,B,H,-,A,D,0,,,,,Y,,D,22,0,0,1,0,0,0,0,0,0,"- ","- ",36.327068328857422,-119.30845642089844,TULARE,VISALIA,-119.30846405029297,36.326969146728516
91652970,2021,2021-12-15,9481,2021-11-16,0548,015290,,2,3,9,5400,0,1,3,,1,037,"STATE ROUTE 65","AVENUE 12",3168.00,S,N,B,-,Y,,,65,,,,,,,Y,1,1,1,2,A,-,09,21801,A,N,D,C,A,B,H,-,D,D,0,,,,Y,Y,,A,07,1,0,0,0,0,0,0,0,0,"- ","- ",35.803718566894531,-119.05348205566406,TULARE,UNINCORPORATED,-119.05351257324219,35.803718566894531
91654176,2021,2021-12-16,9481,2021-12-10,1955,019162,,5,2,9,5400,0,3,5,,2,050,"PLEASANT OAK DRIVE","MUSTANG DRIVE",80.00,W,N,A,-,N,,,,,,,,,,Y,3,0,1,1,A,-,01,23152,A,N,F,A,A,A,H,-,D,D,0,,,,,Y,,A,01,0,1,0,0,0,0,0,0,0,"- ","- ",36.095298767089844,-118.84555816650391,TULARE,UNINCORPORATED,-118.845077,36.095125000000003
91654513,2021,2021-12-16,9480,2021-12-07,1419,017291,,2,2,9,5400,0,3,5,,2,003,"ROAD 92 (WEST STREET)","AVENUE 248 (CARTMILL AVE)",1760.00,N,N,A,-,N,,,,,,,,,,Y,4,0,1,1,A,-,08,22107,,N,E,I,A,A,H,-,A,A,0,,,,,Y,,A,01,0,0,1,0,0,0,0,0,0,"- ","- ",36.245140075683594,-119.36692047119141,TULARE,UNINCORPORATED,,
91656292,2021,2021-12-20,9481,2021-12-14,1110,020238,,2,1,9,5400,0,2,4,,1,021,"ORANGE BELT DRIVE","STRATHMORE AVENUE",0.00,,Y,C,-,N,,,,,,,,,,Y,4,0,2,2,A,-,09,21802,A,N,D,C,A,B,H,-,A,A,0,,,,,Y,,A,01,0,0,2,0,0,0,0,0,0,"- ","- ",36.150199890136719,-119.06298828125,TULARE,UNINCORPORATED,-119.06369781494141,36.181827545166016
91656402,2021,2021-12-20,9481,2021-12-17,1340,018830,,5,1,9,5400,0,2,4,,1,021,"ORANGE BELT DRIVE","AVENUE 208",1500.00,S,N,B,-,N,,,,,,,,,,Y,4,0,1,1,A,-,08,22107,,N,E,I,A,B,H,-,A,D,0,,,,,Y,,A,01,0,0,1,0,0,0,0,0,0,"- ","- ",36.163318634033203,-119.07057189941406,TULARE,UNINCORPORATED,-119.07079315185547,36.163532257080078
91658619,2021,2021-12-22,9480,2021-12-14,0620,016240,,2,1,9,5400,0,1,3,,2,091,"SR-99 S/B","BETTY DRIVE",5280.00,N,N,C,-,Y,,,99,,,,,,S,Y,4,0,1,1,A,-,03,22350,,N,E,I,A,B,H,-,D,D,0,,,,,Y,,A,01,0,0,1,0,0,0,0,0,0,"- ","- ",36.365348815917969,-119.43103790283203,TULARE,UNINCORPORATED,-119.43095397949219,36.365402221679688
91658731,2021,2021-12-22,9480,2021-12-11,1805,019846,,6,2,9,5400,0,3,5,,2,004,"AVENUE 328","ROAD 127",110.00,E,N,B,-,N,,,,,,,,,,Y,2,0,1,3,A,-,03,22350,,N,C,C,A,A,H,-,C,D,0,,,,,Y,,A,01,1,0,0,0,0,0,0,0,0,"- ","- ",36.385570526123047,-119.28971862792969,TULARE,UNINCORPORATED,-119.28972625732422,36.385543823242188
91658877,2021,2021-12-22,9480,2021-12-12,2320,021159,,7,3,9,5400,0,1,3,,2,095,"STATE ROUTE 137 (ROAD 36)","AVENUE 224 (BARDSLEY AVENUE)",1056.00,N,N,A,-,Y,,,,,,,,,,Y,4,0,1,1,A,-,01,23152,A,N,E,I,A,A,H,-,D,D,0,,,,,Y,Y,A,01,0,0,1,0,0,0,0,0,0,"- ","- ",36.196208953857422,-119.49308013916016,TULARE,UNINCORPORATED,-119.19442749023438,36.210739135742188
91659934,2021,2021-12-23,9480,2021-12-15,1830,017108,,3,2,5,5407,0,1,3,,1,064,"STATE ROUTE 198 EASTBOUND","MOONEY BOULEVARD",387.00,E,N,A,-,Y,,,198,,,,,,E,Y,4,0,1,3,A,-,03,22350,,N,C,C,A,A,H,-,C,D,0,,,,,Y,,A,01,0,0,1,0,0,0,0,0,0,"- ","- ",36.326908111572266,-119.31256103515625,TULARE,VISALIA,-119.31256103515625,36.326995849609375
91660005,2021,2021-12-23,9480,2021-12-15,1858,019647,,3,2,9,5400,0,1,3,,2,091,"SR-99 N/B","BETTY DR",150.00,S,N,B,-,Y,,,99,,,,,,N,Y,3,0,1,2,A,-,03,22350,,F,C,C,A,A,H,-,C,D,0,,,,,Y,,-,99,0,1,0,0,0,0,0,0,0,"- ","- ",36.348941802978516,-119.42550659179688,TULARE,UNINCORPORATED,-119.42566680908203,36.348819732666016
91660165,2021,2021-12-23,9480,2021-12-16,1720,017291,,4,2,9,5400,0,3,5,,2,001,"AVENUE 416","ROAD 28",0.00,,Y,A,-,N,,,,,,,,,,Y,2,0,1,2,A,-,09,21802,A,N,D,C,A,A,H,-,C,A,0,,,,,Y,,A,01,1,0,0,0,0,0,0,0,0,"- ","- ",36.546840667724609,-119.48993682861328,TULARE,UNINCORPORATED,-119.489937,36.546841000000001
91660188,2021,2021-12-23,9481,2021-12-21,0830,018595,,2,1,4,5405,0,1,3,,1,012,"S/B STATE ROUTE 65 TO HENDERSON AVENUE","HENDERSON AVENUE",32.00,N,N,B,-,Y,,,65,,,,R,,,N,4,0,1,2,C,-,18,,,N,C,C,A,A,H,-,A,A,0,,,,,Y,,-,"- ",0,0,1,0,0,0,0,0,0,"- ","- ",36.080680847167969,-119.03990173339844,TULARE,PORTERVILLE,-119.03990173339844,36.080680847167969
91660309,2021,2021-12-23,9481,2021-12-22,1348,018595,,3,1,9,5400,0,1,3,,1,037,"STATE ROUTE 65","AVENUE 112",0.00,,Y,B,-,Y,,,65,,,,,,,Y,4,0,1,2,A,-,03,22350,,N,C,C,A,A,H,-,A,D,0,,,,,Y,,D,22,0,0,1,0,0,0,0,0,0,"- ","- ",35.993259429931641,-119.04608917236328,TULARE,UNINCORPORATED,-119.04608154296875,35.993255615234375
91660355,2021,2021-12-23,9480,2021-12-17,2345,021175,,5,3,9,5400,0,1,3,,2,095,"STATE ROUTE 99 N/B","STATE ROUTE 190",2112.00,S,N,A,-,Y,,,99,,,,,,N,Y,3,0,1,1,A,-,01,23152,A,N,E,I,A,A,H,-,D,D,0,,,,,Y,Y,A,01,0,1,0,0,0,0,0,0,0,"- ","- ",36.0294189453125,-119.30740356445312,TULARE,UNINCORPORATED,-119.30740356445312,36.0294189453125
9166276,2020,2020-12-08,5405,2020-10-06,1947,234,,2,5,4,5405,0,0,0,,0,003,"OLIVE AV","JAYE ST",36.00,E,N,A,-,N,,,,,,,,,,N,4,0,2,2,A,-,03,22350,,F,C,C,A,A,H,-,A,A,0,,,,,Y,Y,-,,0,0,2,0,0,0,0,0,0,"- ","- ",,,TULARE,PORTERVILLE,-119.02593994140625,36.065902709960938