CASE_ID,ACCIDENT_YEAR,PROC_DATE,JURIS,COLLISION_DATE,COLLISION_TIME,OFFICER_ID,REPORTING_DISTRICT,DAY_OF_WEEK,CHP_SHIFT,POPULATION,CNTY_CITY_LOC,SPECIAL_COND,BEAT_TYPE,CHP_BEAT_TYPE,CITY_DIVISION_LAPD,CHP_BEAT_CLASS,BEAT_NUMBER,PRIMARY_RD,SECONDARY_RD,DISTANCE,DIRECTION,INTERSECTION,WEATHER_1,WEATHER_2,STATE_HWY_IND,CALTRANS_COUNTY,CALTRANS_DISTRICT,STATE_ROUTE,ROUTE_SUFFIX,POSTMILE_PREFIX,POSTMILE,LOCATION_TYPE,RAMP_INTERSECTION,SIDE_OF_HWY,TOW_AWAY,COLLISION_SEVERITY,NUMBER_KILLED,NUMBER_INJURED,PARTY_COUNT,PRIMARY_COLL_FACTOR,PCF_CODE_OF_VIOL,PCF_VIOL_CATEGORY,PCF_VIOLATION,PCF_VIOL_SUBSECTION,HIT_AND_RUN,TYPE_OF_COLLISION,MVIW,PED_ACTION,ROAD_SURFACE,ROAD_COND_1,ROAD_COND_2,LIGHTING,CONTROL_DEVICE,CHP_ROAD_TYPE,PEDESTRIAN_ACCIDENT,BICYCLE_ACCIDENT,MOTORCYCLE_ACCIDENT,TRUCK_ACCIDENT,NOT_PRIVATE_PROPERTY,ALCOHOL_INVOLVED,STWD_VEHTYPE_AT_FAULT,CHP_VEHTYPE_AT_FAULT,COUNT_SEVERE_INJ,COUNT_VISIBLE_INJ,COUNT_COMPLAINT_PAIN,COUNT_PED_KILLED,COUNT_PED_INJURED,COUNT_BICYCLIST_KILLED,COUNT_BICYCLIST_INJURED,COUNT_MC_KILLED,COUNT_MC_INJURED,PRIMARY_RAMP,SECONDARY_RAMP,LATITUDE,LONGITUDE,COUNTY,CITY,POINT_X,POINT_Y
91746443,2021,2022-04-12,9480,2021-11-19,1520,021249,,5,2,9,5400,0,3,5,,2,005,"ROAD 136","AVENUE 16",250.00,S,N,A,-,N,,,,,,,,,,Y,1,1,0,3,A,-,06,21751,,F,C,E,A,A,H,-,A,D,0,,,,,Y,Y,A,01,0,0,0,0,0,0,0,0,0,"- ","- ",35.818508148193359,-119.26808929443359,TULARE,UNINCORPORATED,-119.26816558837891,35.818653106689453
91747132,2022,2022-04-13,9481,2022-04-12,1400,020238,,2,2,9,5400,0,1,3,,1,012,"STATE ROUTE 65 (S/B)","AVENUE 196",2112.00,S,N,A,-,Y,TUL,,65,,,24.785,H,,R,Y,4,0,1,1,A,-,08,22107,,N,F,A,A,A,H,-,A,D,0,,,,,Y,,D,22,0,0,1,0,0,0,0,0,0,"- ","- ",36.141151428222656,-119.06979370117188,TULARE,UNINCORPORATED,-119.06955718994141,36.141269683837891
91747487,2022,2022-04-13,9480,2022-04-03,1850,020926,,7,2,9,5400,0,1,3,,2,095,"AVENUE 56","ROAD 112",1056.00,E,N,A,-,N,,,,,,,,,,Y,3,0,2,1,C,-,18,,,N,H,H,A,A,H,-,A,D,0,,,,,Y,,-,"- ",0,2,0,0,0,0,0,0,0,"- ","- ",35.892238616943359,-119.31838226318359,TULARE,UNINCORPORATED,-119.31861877441406,35.891891479492188
91747972,2022,2022-04-14,9480,2022-04-13,0140,020060,,3,3,9,5400,0,1,3,,1,044,"STATE ROUTE 198 (SIERRA DRIVE)","MINERAL KING RD",10560.00,E,N,A,-,Y,TUL,,198,,,43.171,H,,R,Y,4,0,1,1,A,-,08,22107,,M,E,9,A,A,H,-,D,D,0,,,,,Y,,A,01,0,0,1,0,0,0,0,0,0,"- ","- ",36.475200653076172,-118.85159301757812,TULARE,UNINCORPORATED,-118.85157775878906,36.475189208984375
91748308,2022,2022-04-15,9480,2022-04-05,1310,016240,,2,1,9,5400,0,3,5,,2,001,"6TH STREET","MERRITT DRIVE",1584.00,S,N,A,-,N,,,,,,,,,,Y,2,0,1,2,A,-,09,21804,A,N,D,C,A,A,H,-,A,D,0,,,,,Y,,A,01,1,0,0,0,0,0,0,0,0,"- ","- ",36.448070526123047,-119.48629760742188,TULARE,UNINCORPORATED,,
91748438,2022,2022-04-14,9480,2022-04-12,1205,016046,,2,1,9,5400,0,1,3,,1,040,"STATE ROUTE 216 (MILLWOOD DRIVE)","ROAD 188",0.00,,Y,A,-,Y,TUL,,216,,,10.886,H,,R,Y,3,0,1,2,A,-,12,22450,A,N,D,C,A,A,H,-,A,A,0,,,,,Y,,A,07,0,1,0,0,0,0,0,0,0,"- ","- ",36.407451629638672,-119.15277099609375,TULARE,UNINCORPORATED,-119.15276336669922,36.407440185546875
91750020,2022,2022-04-18,9480,2022-04-10,1705,020890,,7,2,9,5400,0,1,3,,1,021,"STATE ROUTE 63","MILLER AVENUE",0.00,,Y,A,-,Y,TUL,,63,,R,23.651,H,,R,N,3,0,3,2,A,-,01,23152,A,N,D,C,A,A,H,-,A,A,0,,,,,Y,Y,A,01,0,1,2,0,0,0,0,0,0,"- ","- ",36.545921325683594,-119.28695678710938,TULARE,UNINCORPORATED,-119.28696441650391,36.545921325683594
91750281,2022,2022-04-18,9480,2022-04-15,1735,020837,,5,2,9,5400,0,3,5,,2,006,"AVENUE 280","ROAD 148",500.00,E,N,A,-,N,,,,,,,,,,Y,3,0,1,2,A,-,03,22350,,N,C,C,A,A,H,-,B,D,0,,,,,Y,,A,07,0,1,0,0,0,0,0,0,0,"- ","- ",36.298198699951172,-119.24137878417969,TULARE,UNINCORPORATED,-119.24131774902344,36.298160552978516
91750961,2022,2022-04-19,9481,2022-04-14,1930,019422,,4,2,9,5400,0,3,5,,2,020,"ROAD 232","AVENUE 198",185.00,N,N,A,-,N,,,,,,,,,,N,4,0,1,3,A,-,21,22106,,N,C,E,E,A,H,-,C,D,0,Y,,,Y,Y,,G,25,0,0,1,0,1,0,0,0,0,"- ","- ",36.149848937988281,-119.05381011962891,TULARE,UNINCORPORATED,-119.05391693115234,36.149696350097656
91753425,2022,2022-04-21,9480,2022-04-08,1710,016995,,5,2,9,5400,0,3,5,,2,004,"AVENUE 328","ROAD 160",40.00,E,N,A,-,N,,,,,,,,,,N,3,0,1,2,A,-,09,21804,A,N,D,G,A,A,H,-,A,D,0,,Y,,,Y,,L,04,0,1,0,0,0,0,1,0,0,"- ","- ",36.385101318359375,-119.21640014648438,TULARE,UNINCORPORATED,-119.21548461914062,36.38507080078125
91755254,2022,2022-04-25,9481,2022-04-15,1245,015290,,5,1,9,5400,0,2,4,,2,052,"MOUNTAIN ROAD 137 (RESERVATION ROAD)","ROAD 296",9504.00,E,N,A,-,N,,,,,,,,,,Y,4,0,1,1,A,-,08,22107,,N,E,I,A,A,H,-,A,D,0,,,,,Y,,A,07,0,0,1,0,0,0,0,0,0,"- ","- ",36.030979156494141,-118.88101196289062,TULARE,UNINCORPORATED,,
91756846,2022,2022-04-26,9480,2022-04-20,0802,013914,,3,1,5,5407,0,1,3,,1,064,"STATE ROUTE 198 WESTBOUND","SANTA FE AVENUE OVERCROSSING",25.00,E,N,A,-,Y,TUL,,198,,R,10.235,H,,L,Y,3,0,1,2,A,-,03,22350,,N,C,C,A,A,H,-,A,D,0,,,,,Y,,A,01,0,1,0,0,0,0,0,0,0,"- ","- ",36.326778411865234,-119.28745269775391,TULARE,VISALIA,-119.28746032714844,36.327007293701172
91757564,2022,2022-04-27,9481,2022-04-21,1542,018029,,4,2,4,5405,0,3,5,,2,010,"ROAD 204","AVENUE 228",0.00,,Y,B,-,N,,,,,,,,,,Y,4,0,1,2,A,-,09,21802,A,N,D,C,A,A,H,-,A,A,0,,,,,Y,,A,01,0,0,1,0,0,0,0,0,0,"- ","- ",36.203498840332031,-119.11797332763672,TULARE,PORTERVILLE,-119.11791229248047,36.203544616699219
91758144,2022,2022-04-27,9480,2022-04-15,1411,018521,,5,2,9,5400,0,1,3,,1,021,SR-63,"AVE 432",0.00,,Y,A,-,Y,TUL,,63,,R,25.539,H,,R,Y,2,0,2,2,A,-,12,22450,A,N,D,C,A,A,H,-,A,A,0,,,,,Y,,D,22,1,1,0,0,0,0,0,0,0,"- ","- ",36.573280334472656,-119.28703308105469,TULARE,UNINCORPORATED,-119.28716278076172,36.573280334472656
91758200,2022,2022-04-27,9480,2022-04-20,0035,021249,,3,3,9,5400,0,1,3,,1,051,"SR-43 (CENTRAL VALLEY HWY)","AVENUE 108",3960.00,S,N,A,-,Y,TUL,,43,,R,13.818,H,,R,Y,4,0,1,2,A,-,01,23152,A,N,B,C,A,A,H,-,D,D,0,,,,,Y,Y,A,01,0,0,1,0,0,0,0,0,0,"- ","- ",35.966438293457031,-119.46002960205078,TULARE,UNINCORPORATED,-119.46009063720703,35.966411590576172
91758770,2022,2022-04-28,9481,2022-04-21,2110,018029,,4,2,9,5400,0,1,3,,1,037,"OLIVE AVENUE TO SR-65 (S/B)","OLIVE AVENUE",120.00,S,N,B,C,Y,,,,,,,,,,N,4,0,1,1,A,-,08,22107,,N,F,A,A,B,H,-,C,D,0,,,,,Y,,D,22,0,0,1,0,0,0,0,0,0,"- ","- ",36.065078735351562,-119.03980255126953,TULARE,UNINCORPORATED,,
91759358,2022,2022-04-28,9480,2022-04-18,0900,012900,,1,1,9,5400,0,3,5,,2,006,"ROAD 188","AVENUE 264",0.00,,Y,A,-,N,,,,,,,,,,N,3,0,1,2,A,-,05,21752,D,N,D,C,A,A,H,-,A,A,0,,,,,Y,,A,07,0,1,0,0,0,0,0,0,0,"- ","- ",36.268310546875,-119.15418243408203,TULARE,UNINCORPORATED,-119.15415954589844,36.268325805664062
91760906,2022,2022-04-29,9481,2022-04-20,2125,019422,,3,2,9,5400,0,2,4,,1,011,"ROAD 196","STATE ROUTE 65",53.00,S,N,A,-,N,,,,,,,,,,Y,3,0,1,2,A,-,03,22350,,F,C,C,A,A,H,-,C,A,0,,,Y,,Y,,A,01,0,1,0,0,0,0,0,0,1,"- ","- ",36.210739135742188,-119.13613891601562,TULARE,UNINCORPORATED,-119.13616943359375,36.210662841796875
91761014,2022,2022-04-29,9480,2022-04-20,0800,016723,,3,1,5,5407,0,1,3,,1,064,"STATE ROUTE 198 EASTBOUND","N. WOODLAND DRIVE",1425.00,W,N,A,-,Y,TUL,,198,,R,8.228,H,,R,Y,4,0,1,2,A,-,03,22350,,N,C,C,A,A,H,-,A,A,0,,,,,Y,,A,08,0,0,1,0,0,0,0,0,0,"- ","- ",36.327190399169922,-119.32344055175781,TULARE,VISALIA,-119.32344055175781,36.327182769775391
91761079,2022,2022-04-29,9480,2022-04-26,0815,012900,,2,1,9,5400,0,3,5,,2,006,"E FIR ST","N FOOTHILL AVE",0.00,,Y,A,-,N,,,,,,,,,,Y,3,0,1,2,A,-,09,21802,A,N,D,C,A,A,H,-,A,A,0,,,,,Y,,A,07,0,1,0,0,0,0,0,0,0,"- ","- ",36.221641540527344,-119.07379150390625,TULARE,UNINCORPORATED,-119.07379150390625,36.221652984619141
91762368,2022,2022-05-02,9481,2022-04-24,0055,021687,,7,3,9,5400,0,2,4,,1,035,"AVENUE 192","ROAD 192",250.00,E,N,A,-,N,,,,,,,,,,Y,3,0,1,1,A,-,01,23152,A,N,E,I,A,A,H,-,D,D,0,,,,,Y,Y,A,01,0,1,0,0,0,0,0,0,0,"- ","- ",36.138240814208984,-119.14217376708984,TULARE,UNINCORPORATED,-119.14232635498047,36.138290405273438
91762611,2022,2022-05-02,9480,2022-04-24,1835,020837,,7,2,9,5400,0,3,5,,2,002,"AVENUE 408","TOPEKA ROAD",450.00,E,N,A,-,N,,,,,,,,,,Y,3,0,2,2,A,-,09,21804,A,N,D,C,A,A,H,-,B,D,0,,,,,Y,,A,01,0,1,1,0,0,0,0,0,0,"- ","- ",36.530330657958984,-119.29225921630859,TULARE,UNINCORPORATED,-119.29235076904297,36.530281066894531
91763718,2022,2022-05-03,9480,2022-04-15,1825,016995,,5,2,9,5400,0,3,5,,2,001,"EAGLE STREET","AVENUE 308",25.00,S,N,A,-,N,,,,,,,,,,N,4,0,1,2,A,-,03,22350,,M,C,C,A,A,H,-,A,A,0,,,,,Y,,A,01,0,0,1,0,0,0,0,0,0,"- ","- ",36.348899841308594,-119.40898895263672,TULARE,UNINCORPORATED,-119.40904998779297,36.3489990234375
91765237,2022,2022-05-05,9480,2022-04-29,1225,016723,,5,1,9,5400,0,3,5,,2,004,"AVENUE 296","ROAD 162",255.00,E,N,A,-,N,,,,,,,,,,Y,4,0,1,1,A,-,03,22350,,N,E,I,A,A,H,-,A,D,0,,,,,Y,,A,01,0,0,1,0,0,0,0,0,0,"- ","- ",36.327930450439453,-119.21050262451172,TULARE,UNINCORPORATED,-119.21052551269531,36.327873229980469
91765800,2022,2022-05-06,9481,2022-04-24,2010,021227,,7,2,9,5400,0,3,5,,2,010,"ROAD 196","AVENUE 200",302.00,S,N,A,-,N,,,,,,,,,,Y,3,0,2,2,A,-,01,23152,A,N,B,C,A,A,H,-,D,D,0,,,,,Y,Y,A,08,0,2,0,0,0,0,0,0,0,"- ","- ",36.151851654052734,-119.13466644287109,TULARE,UNINCORPORATED,-119.13454437255859,36.151901245117188
91766213,2022,2022-05-06,9481,2022-04-26,2010,021227,,2,2,9,5400,0,3,5,,2,050,"EAST DATE AVENUE","SOUTH LEGGETT STREET",0.00,,Y,A,-,N,,,,,,,,,,Y,4,0,1,2,A,-,12,21453,A,N,D,C,A,A,H,-,C,A,0,,,,,Y,,A,01,0,0,1,0,0,0,0,0,0,"- ","- ",36.0584716796875,-118.99954223632812,TULARE,UNINCORPORATED,-118.99958801269531,36.058444976806641
91766442,2022,2022-05-06,9480,2022-04-24,0542,019427,,7,3,9,5400,0,1,3,,1,051,"STATE ROUTE 43","AVENUE 56",350.00,S,N,A,-,Y,TUL,,43,,,7.686,H,,R,Y,2,0,3,2,A,-,05,21650,,N,B,C,A,A,H,-,B,D,0,,,,Y,Y,,G,25,1,0,2,0,0,0,0,0,0,"- ","- ",35.890480041503906,-119.40470886230469,TULARE,UNINCORPORATED,-119.40469360351562,35.890487670898438
91766490,2022,2022-05-06,9480,2022-04-26,1230,019186,,2,1,9,5400,0,3,5,,2,004,"ROAD 132","AVENUE 320",15.00,S,N,A,-,N,,,,,,,,,,N,4,0,1,2,A,-,03,22350,,N,C,C,A,A,H,-,A,D,0,,,,,Y,,A,01,0,0,1,0,0,0,0,0,0,"- ","- ",36.370838165283203,-119.27874755859375,TULARE,UNINCORPORATED,-119.27877044677734,36.3709716796875
91767027,2022,2022-05-09,9480,2022-05-04,0140,021249,,3,3,9,5400,0,1,3,,2,095,"SR-99 N/B","AVENUE 72",528.00,N,N,A,-,Y,TUL,,99,,,9.557,H,,R,Y,4,0,1,1,A,-,08,22107,,N,E,I,A,A,H,-,D,D,0,,,,,Y,,A,01,0,0,1,0,0,0,0,0,0,"- ","- ",35.925640106201172,-119.281982421875,TULARE,UNINCORPORATED,-119.28166961669922,35.925647735595703
91768548,2022,2022-05-10,9480,2022-05-04,0810,019427,,3,1,9,5400,0,3,5,,2,006,"ROAD 204","AVENE 244",30.00,S,N,A,-,N,,,,,,,,,,N,4,0,1,1,A,-,08,22107,,N,E,I,A,A,H,-,A,D,0,,,,,Y,,A,01,0,0,1,0,0,0,0,0,0,"- ","- ",36.231491088867188,-119.11843872070312,TULARE,UNINCORPORATED,-119.11846160888672,36.23150634765625
91768555,2022,2022-05-10,9480,2022-05-04,0915,016240,,3,1,9,5400,0,3,5,,2,001,"ROAD 80 N/B","AVENUE 384",81.00,S,N,A,-,N,,,,,,,,,,Y,3,0,1,2,A,-,03,22350,,N,C,C,A,A,H,-,A,A,0,,,,Y,Y,,A,01,0,1,0,0,0,0,0,0,0,"- ","- ",36.488140106201172,-119.39431762695312,TULARE,UNINCORPORATED,-119.3948974609375,36.487697601318359
91770376,2022,2022-05-12,9481,2022-05-05,1150,015290,,4,1,9,5400,0,3,5,,2,030,"RICHGROVE DRIVE","AVENUE 4",60.00,N,N,A,-,N,,,,,,,,,,Y,4,0,2,2,A,-,09,21801,A,N,A,C,A,A,H,-,A,D,0,,,,,Y,,D,23,0,0,2,0,0,0,0,0,0,"- ","- ",35.798000335693359,-119.10993957519531,TULARE,UNINCORPORATED,-119.11002349853516,35.797924041748047
9177044,2020,2020-11-12,5406,2020-09-19,1835,52,5406,6,5,4,5406,0,0,0,,0,0AO,"KERN AV","J ST",0.00,,Y,A,-,N,,,,,,,,,,Y,3,0,1,2,A,-,08,22107,,N,A,C,A,A,H,-,B,D,0,,,,,Y,,A,01,0,1,0,0,0,0,0,0,0,"- ","- ",,,TULARE,TULARE,-119.34725189208984,36.206501007080078
91770638,2022,2022-05-12,9481,2022-05-11,0750,016147,,3,1,9,5400,0,3,5,,2,010,"STATE ROUTE 65","AVENUE 200",0.00,,Y,A,-,Y,TUL,,65,,,25.655,H,,R,Y,3,0,2,2,A,-,09,21801,A,N,D,2,A,A,H,-,A,D,0,,,,,Y,,A,01,0,2,0,0,0,0,0,0,0,"- ","- ",36.152778625488281,-119.07579803466797,TULARE,UNINCORPORATED,-119.0758056640625,36.152778625488281
91771632,2022,2022-05-13,9480,2022-05-04,0245,017452,,3,3,9,5400,0,3,5,,2,001,"AVENUE 352","ROAD 36",4066.00,W,N,A,-,N,,,,,,,,,,N,2,0,2,2,A,-,03,22350,,N,C,C,A,A,H,-,D,D,0,,,,,Y,,A,01,1,1,0,0,0,0,0,0,0,"- ","- ",36.430278778076172,-119.50656127929688,TULARE,UNINCORPORATED,-119.50637817382812,36.430335998535156
91772236,2022,2022-05-16,9480,2022-04-30,2237,018861,,6,3,9,5400,0,3,5,,2,001,"AVENUE 416 (EL MONTE WAY)","ROAD 40",464.00,W,N,A,-,N,,,,,,,,,,Y,3,0,1,1,A,-,01,23152,A,M,E,I,A,A,H,-,D,D,0,,,,,Y,Y,A,07,0,1,0,0,0,0,0,0,0,"- ","- ",36.546829223632812,-119.48584747314453,TULARE,UNINCORPORATED,-119.486083984375,36.546863555908203
91773088,2022,2022-05-16,9480,2022-05-10,1240,018202,,2,1,4,5406,0,1,3,,2,093,"SR-99 S/B","SR-137 (TULARE AVE.)",200.00,N,N,A,-,Y,TUL,,99,,,29.612,H,,L,N,4,0,1,2,A,-,03,22350,,N,C,C,A,A,H,-,A,D,0,,,,,Y,,D,22,0,0,1,0,0,0,0,0,0,"- ","- ",36.211189270019531,-119.32874298095703,TULARE,TULARE,-119.32872772216797,36.211189270019531
91776638,2022,2022-05-20,9480,2022-05-19,1325,021086,,4,1,9,5400,0,3,5,,2,004,"AVENUE 328","ROAD 152",610.00,E,N,A,-,N,,,,,,,,,,Y,4,0,2,2,A,-,03,22350,,N,D,C,A,A,H,-,A,A,0,,,,,Y,,A,07,0,0,2,0,0,0,0,0,0,"- ","- ",36.385219573974609,-119.23169708251953,TULARE,UNINCORPORATED,-119.23175811767578,36.385204315185547
91776995,2022,2022-06-01,9480,2022-05-12,0742,016046,,4,1,5,5407,0,1,3,,1,064,"STATE ROUTE 198 (WESTBOUND)","WATSON STREET",350.00,W,N,A,-,Y,TUL,,198,,R,9.669,H,,R,Y,2,0,4,7,A,-,03,22350,,N,C,C,A,B,H,-,A,A,0,,,,,Y,,A,01,1,0,3,0,0,0,0,0,0,"- ","- ",36.326980590820312,-119.29763793945312,TULARE,VISALIA,-119.29763793945312,36.32684326171875
91778320,2022,2022-05-23,9480,2022-05-11,2045,020890,,3,2,9,5400,0,1,3,,1,030,"STATE ROUTE 137 (AVENUE 199)","STATE ROUTE 137 (CURTI ROAD)",60.00,E,N,A,-,Y,TUL,,137,,,2.936,H,,R,Y,4,0,1,2,A,-,01,23152,A,N,B,C,A,A,H,-,D,D,0,,,,,Y,Y,A,01,0,0,1,0,0,0,0,0,0,"- ","- ",36.150291442871094,-119.50422668457031,TULARE,UNINCORPORATED,-119.50422668457031,36.150291442871094
91778848,2022,2022-05-24,9480,2022-05-13,2105,021044,,5,2,9,5400,0,3,5,,2,003,"AVENUE 240","ROAD 48",140.00,W,N,A,-,N,,,,,,,,,,Y,2,0,1,1,A,-,03,22350,,N,E,I,A,A,H,-,D,A,0,,,,,Y,,D,22,1,0,0,0,0,0,0,0,0,"- ","- ",36.225749969482422,-119.46589660644531,TULARE,UNINCORPORATED,-119.46640777587891,36.225742340087891
91779475,2022,2022-05-24,9481,2022-05-19,0850,017523,,4,1,9,5400,0,3,5,,2,020,"LINDMORE STREET","FOOTHILL AVENUE",500.00,W,N,A,-,N,,,,,,,,,,Y,4,0,1,2,A,-,08,22107,,N,D,C,A,A,H,-,A,D,0,,,,,Y,,A,01,0,0,1,0,0,0,0,0,0,"- ","- ",36.196201324462891,-119.07489776611328,TULARE,UNINCORPORATED,-119.07485961914062,36.196277618408203
91780367,2022,2022-05-25,9480,2022-05-19,1315,021299,,4,1,9,5400,0,3,5,,2,002,"AVENUE 416 (MOUNTAIN VIEW AVE)","ROAD 40",360.00,W,N,A,-,N,,,,,,,,,,Y,4,0,2,2,A,-,07,21658,A,F,E,I,A,A,H,-,A,D,0,,,,,Y,,-,99,0,0,2,0,0,0,0,0,0,"- ","- ",36.546829223632812,-119.48584747314453,TULARE,UNINCORPORATED,-119.48574829101562,36.546859741210938
91783212,2022,2022-05-27,9481,2022-05-20,1545,020273,,5,2,9,5400,0,2,4,,1,051,"SPRINGVILLE AVENUE","CONNER ROAD",0.00,,Y,A,-,N,,,,,,,,,,N,4,0,1,2,A,-,12,22450,A,M,D,C,A,A,H,-,A,A,0,,,,,Y,,D,22,0,0,1,0,0,0,0,0,0,"- ","- ",36.054969787597656,-118.98607635498047,TULARE,UNINCORPORATED,-118.98607635498047,36.054973602294922
91783519,2022,2022-05-27,9481,2022-05-21,1050,020238,,6,1,9,5400,0,3,5,,2,010,"ROAD 204","AVENUE 228",0.00,,Y,A,-,N,,,,,,,,,,Y,4,0,6,2,A,-,09,21802,A,N,D,C,A,A,H,-,A,A,0,,,,,Y,,A,01,0,0,6,0,0,0,0,0,0,"- ","- ",36.203548431396484,-119.11795043945312,TULARE,UNINCORPORATED,-119.11791229248047,36.203544616699219
91783541,2022,2022-05-27,9481,2022-05-23,0810,018595,,1,1,9,5400,0,1,3,,1,053,"STATE ROUTE 190","BOGART DRIVE",0.00,,Y,A,-,Y,TUL,,190,,R,30.445,H,,R,Y,3,0,2,3,A,-,09,21801,A,N,D,C,A,A,H,-,A,D,0,,,,,Y,,D,22,0,1,1,0,0,0,0,0,0,"- ","- ",36.114719390869141,-118.82434844970703,TULARE,UNINCORPORATED,-118.82431793212891,36.114727020263672
91783577,2022,2022-05-27,9481,2022-05-25,0945,017523,,3,1,9,5400,0,2,4,,1,021,"ORANGE BELT DRIVE","AVENUE 208",0.00,,Y,A,-,N,,,,,,,,,,N,3,0,4,2,A,-,09,21802,A,N,D,C,A,A,H,-,A,A,0,,,,,Y,,A,01,0,3,1,0,0,0,0,0,0,"- ","- ",36.167381286621094,-119.07273864746094,TULARE,UNINCORPORATED,-119.07283020019531,36.167301177978516
91784172,2022,2022-05-30,9481,2022-05-17,1815,018029,,2,2,4,5405,0,1,3,,1,012,SR-65,"MORTON AVENUE",75.00,S,N,A,-,Y,TUL,,65,,R,19.630,H,,L,Y,2,0,1,1,A,-,08,22107,,M,F,0,A,A,H,-,A,D,0,,,,,Y,,A,01,1,0,0,0,0,0,0,0,0,"- ","- ",36.072959899902344,-119.03988647460938,TULARE,PORTERVILLE,-119.03981781005859,36.072959899902344
91784201,2022,2022-05-30,9481,2022-05-22,2150,021227,,7,2,9,5400,0,3,5,,2,030,"ROAD 208","AVENUE 128",400.00,S,N,A,-,N,,,,,,,,,,N,2,0,1,1,A,-,08,22107,,N,E,I,A,A,H,-,D,D,0,,,,,Y,,A,07,1,0,0,0,0,0,0,0,0,"- ","- ",36.021190643310547,-119.10739135742188,TULARE,UNINCORPORATED,-119.10746002197266,36.021190643310547
91784256,2022,2022-05-30,9481,2022-05-24,1620,018029,,2,2,9,5400,0,2,4,,2,013,"AVENUE 160","ROAD 192",0.00,,Y,A,-,N,,,,,,,,,,Y,4,0,1,2,A,-,09,21802,A,N,D,C,A,A,H,-,A,A,0,,,,,Y,,A,07,0,0,1,0,0,0,0,0,0,"- ","- ",36.080360412597656,-119.14311981201172,TULARE,UNINCORPORATED,-119.14313507080078,36.080352783203125
91784603,2022,2022-05-31,9481,2022-05-24,1722,018113,,2,2,9,5400,0,3,5,,2,050,"WHITE RIVER ROAD","JACK RANCH ROAD",5808.00,W,N,A,-,N,,,,,,,,,,Y,4,0,1,3,A,-,08,22107,,N,D,C,A,A,H,-,A,D,0,,,,,Y,,D,22,0,0,1,0,0,0,0,0,0,"- ","- ",35.797031402587891,-118.71858215332031,TULARE,UNINCORPORATED,-118.71910095214844,35.796028137207031
91785057,2022,2022-05-31,9480,2022-05-21,1002,019427,,6,1,9,5400,0,1,3,,2,091,"STATE ROUTE 99 (SOUTHBOUND)","BETTY DRIVE",5808.00,N,N,A,-,Y,TUL,,99,,,42.078,H,,R,N,4,0,1,1,A,-,08,22107,,N,F,A,A,A,H,-,A,D,0,,,Y,,Y,,C,02,0,0,1,0,0,0,0,0,1,"- ","- ",36.368301391601562,-119.43279266357422,TULARE,UNINCORPORATED,-119.43257141113281,36.368389129638672
91785206,2022,2022-05-31,9480,2022-05-24,0125,017452,,2,3,9,5400,0,1,3,,2,091,"SR-99 N/B","AVENUE 384",2225.00,S,N,A,-,Y,TUL,,99,,,51.380,H,,R,N,2,0,4,1,A,-,08,22107,,M,E,I,A,A,H,-,D,D,0,,,,,Y,,A,07,3,1,0,0,0,0,0,0,0,"- ","- ",36.486488342285156,-119.51229095458984,TULARE,UNINCORPORATED,-119.51233673095703,36.486442565917969
91785266,2022,2022-05-31,9480,2022-05-26,0835,019427,,4,1,9,5400,0,3,5,,2,006,"ROAD 100","AVENUE 256",528.00,N,N,A,-,N,,,,,,,,,,N,4,0,1,1,A,-,08,22107,,N,E,J,A,A,H,-,A,D,0,,,,,Y,,A,01,0,0,1,0,0,0,0,0,0,"- ","- ",36.259731292724609,-119.34912109375,TULARE,UNINCORPORATED,,
91785283,2022,2022-05-31,9480,2022-05-26,1735,019846,,4,2,9,5400,0,3,5,,2,002,"AVENUE 416","SR-63 (ROAD 128)",163.00,W,N,A,-,N,,,,,,,,,,N,3,0,1,2,A,-,11,21954,A,N,G,B,D,A,H,-,A,D,0,Y,,,,Y,,N,60,0,1,0,0,1,0,0,0,0,"- ","- ",36.544731140136719,-119.28758239746094,TULARE,UNINCORPORATED,-119.28745269775391,36.544754028320312
91785304,2022,2022-05-31,9480,2022-05-27,1230,016233,,5,1,9,5400,0,3,5,,2,005,"AVE. 56","RD. 144",0.00,,Y,A,-,N,,,,,,,,,,N,4,0,2,2,A,-,09,21802,A,N,D,C,A,A,H,-,A,A,0,,,,,Y,,A,01,0,0,2,0,0,0,0,0,0,"- ","- ",35.891918182373047,-119.25039672851562,TULARE,UNINCORPORATED,-119.25041961669922,35.891910552978516