CASE_ID,ACCIDENT_YEAR,PROC_DATE,JURIS,COLLISION_DATE,COLLISION_TIME,OFFICER_ID,REPORTING_DISTRICT,DAY_OF_WEEK,CHP_SHIFT,POPULATION,CNTY_CITY_LOC,SPECIAL_COND,BEAT_TYPE,CHP_BEAT_TYPE,CITY_DIVISION_LAPD,CHP_BEAT_CLASS,BEAT_NUMBER,PRIMARY_RD,SECONDARY_RD,DISTANCE,DIRECTION,INTERSECTION,WEATHER_1,WEATHER_2,STATE_HWY_IND,CALTRANS_COUNTY,CALTRANS_DISTRICT,STATE_ROUTE,ROUTE_SUFFIX,POSTMILE_PREFIX,POSTMILE,LOCATION_TYPE,RAMP_INTERSECTION,SIDE_OF_HWY,TOW_AWAY,COLLISION_SEVERITY,NUMBER_KILLED,NUMBER_INJURED,PARTY_COUNT,PRIMARY_COLL_FACTOR,PCF_CODE_OF_VIOL,PCF_VIOL_CATEGORY,PCF_VIOLATION,PCF_VIOL_SUBSECTION,HIT_AND_RUN,TYPE_OF_COLLISION,MVIW,PED_ACTION,ROAD_SURFACE,ROAD_COND_1,ROAD_COND_2,LIGHTING,CONTROL_DEVICE,CHP_ROAD_TYPE,PEDESTRIAN_ACCIDENT,BICYCLE_ACCIDENT,MOTORCYCLE_ACCIDENT,TRUCK_ACCIDENT,NOT_PRIVATE_PROPERTY,ALCOHOL_INVOLVED,STWD_VEHTYPE_AT_FAULT,CHP_VEHTYPE_AT_FAULT,COUNT_SEVERE_INJ,COUNT_VISIBLE_INJ,COUNT_COMPLAINT_PAIN,COUNT_PED_KILLED,COUNT_PED_INJURED,COUNT_BICYCLIST_KILLED,COUNT_BICYCLIST_INJURED,COUNT_MC_KILLED,COUNT_MC_INJURED,PRIMARY_RAMP,SECONDARY_RAMP,LATITUDE,LONGITUDE,COUNTY,CITY,POINT_X,POINT_Y
9264698,2021,2021-05-26,5405,2021-05-03,1327,254,SEC4,1,5,4,5405,0,0,0,,0,004,"W MORTON AV","LOWERY ST",87.00,E,N,A,-,N,,,,,,,,,,Y,4,0,2,2,A,-,03,22350,,N,C,C,A,A,H,-,A,D,0,,,,,Y,,-,,0,0,2,0,0,0,0,0,0,"- ","- ",36.073261260986328,-119.04624176025391,TULARE,PORTERVILLE,-119.04592895507812,36.073261260986328
9265955,2021,2021-06-03,5408,2021-04-12,0201,1945,WOODL,1,5,2,5408,0,0,0,,0,,"AVENUE 344","ROAD 204",2113.00,W,N,A,-,N,,,,,,,,,,Y,4,0,1,1,A,-,08,22107,,N,A,I,A,A,H,-,D,D,0,,,,,Y,,-,"- ",0,0,1,0,0,0,0,0,0,"- ","- ",,,TULARE,WOODLAKE,-119.12400054931641,36.413787841796875
9266653,2021,2021-06-15,5405,2021-05-15,1205,CS026,2,6,5,4,5405,0,0,0,,0,,"OLIVE AV","A ST",168.00,E,N,A,-,N,,,,,,,,,,Y,3,0,1,2,A,-,03,22350,,N,C,C,A,A,H,-,A,A,0,,,,,Y,,A,01,0,1,0,0,0,0,0,0,0,"- ","- ",,,TULARE,PORTERVILLE,-119.01248931884766,36.065093994140625
9266654,2021,2021-06-15,5405,2021-05-14,1327,259,SEC3,5,5,4,5405,0,0,0,,0,,"PUTNAM AV","2ND ST",0.00,,Y,A,-,N,,,,,,,,,,Y,4,0,2,2,C,-,18,,,N,D,C,A,A,H,-,A,A,0,,,,,Y,,-,"- ",0,0,2,0,0,0,0,0,0,"- ","- ",36.069431304931641,-119.01516723632812,TULARE,PORTERVILLE,-119.01523590087891,36.069469451904297
9266655,2021,2021-06-15,5405,2021-05-21,1429,CSO3,4,5,5,4,5405,0,0,0,,0,,"OLIVE AV","SALISBURY ST",366.00,W,N,B,-,N,,,,,,,,,,Y,3,0,1,2,A,-,08,22107,,N,C,E,A,A,H,-,A,D,0,,,,,Y,,A,01,0,1,0,0,0,0,0,0,0,"- ","- ",,,TULARE,PORTERVILLE,-119.05867004394531,36.065814971923828
9267614,2021,2021-05-28,5407,2021-04-13,1259,M201,480,2,5,5,5407,0,0,0,,0,,"S BEN MADDOX WY",CALDWELL,0.00,,Y,A,-,N,,,,,,,,,,N,4,0,1,2,A,-,03,22350,,N,C,C,A,A,H,-,A,A,0,,,,,Y,,D,22,0,0,1,0,0,0,0,0,0,"- ","- ",36.298149108886719,-119.27848815917969,TULARE,VISALIA,-119.27854919433594,36.298168182373047
9267630,2021,2021-05-28,5407,2021-04-29,1523,M226,480,4,5,5,5407,0,0,0,,0,026,"E HOUSTON AV","N BURKE ST",0.00,,Y,A,-,N,,,,,,,,,,Y,4,0,1,2,A,-,12,21453,A,N,D,C,A,A,H,-,A,A,0,,,,,Y,,D,22,0,0,1,0,0,0,0,0,0,"- ","- ",36.341838836669922,-119.27880859375,TULARE,VISALIA,-119.283203125,36.341846466064453
9268163,2021,2021-05-26,5407,2021-05-08,1852,C55,480,6,5,5,5407,0,0,0,,0,Q34,"E WALNUT AV","S PINKHAM ST",0.00,,Y,A,-,N,,,,,,,,,,Y,2,0,1,2,A,-,12,21453,A,N,D,C,A,A,H,-,A,A,0,,,,,Y,,A,01,1,0,0,0,0,0,0,0,0,"- ","- ",,,TULARE,VISALIA,-119.26956176757812,36.312641143798828
9268166,2021,2021-05-26,5407,2021-05-05,0722,M302,480,3,5,5,5407,0,0,0,,0,034,"E CALDWELL AV","BEN MADDOX",294.00,E,N,A,-,N,,,,,,,,,,Y,3,0,3,2,A,-,08,22107,,N,D,D,A,A,H,-,A,D,0,,,,,Y,,D,22,0,3,0,0,0,0,0,0,0,"- ","- ",,,TULARE,VISALIA,-119.27754974365234,36.298179626464844
9270486,2021,2021-06-04,5404,2021-05-17,0757,688,20L,1,5,2,5404,0,0,0,,0,010,"N GALE HILL","3RD ST",133.00,S,N,A,-,N,,,,,,,,,,N,2,0,1,2,A,-,11,21950,B,N,G,B,D,A,H,-,A,D,0,Y,,,,Y,,N,60,1,0,0,0,1,0,0,0,0,"- ","- ",,,TULARE,LINDSAY,-119.08953857421875,36.209285736083984
9271454,2021,2021-06-18,5405,2021-05-21,0115,231,,5,5,4,5405,0,0,0,,0,,"RT 190","JAYE ST",0.00,,Y,A,-,Y,TUL,6,190,-,-,15.950,I,5,W,Y,4,0,2,2,A,-,09,21804,A,N,D,C,A,A,H,-,C,A,0,,,,,Y,,A,01,0,0,2,0,0,0,0,0,0,"- ","- ",36.051528930664062,-119.02626800537109,TULARE,PORTERVILLE,-119.02625274658203,36.051593780517578
9272427,2021,2021-06-09,5407,2021-04-22,0955,C51,480,4,5,5,5407,0,0,0,,0,N25,"N MOONEY BL","W FERGUSON AV",0.00,,Y,A,-,N,,,,,,,,,,Y,4,0,2,2,A,-,09,21804,A,N,D,C,A,A,H,-,A,A,0,,,,,Y,,A,07,0,0,2,0,0,0,0,0,0,"- ","- ",36.349300384521484,-119.31430053710938,TULARE,VISALIA,-119.31427764892578,36.348220825195312
9272430,2021,2021-06-09,5407,2021-04-26,0245,A321,480,1,5,5,5407,0,0,0,,0,012,DEMAREE,NOBLE,500.00,S,N,C,-,N,,,,,,,,,,Y,3,0,1,2,A,-,01,23152,A,N,C,E,A,B,H,-,C,D,0,,,,,Y,,A,01,0,1,0,0,0,0,0,0,0,"- ","- ",,,TULARE,VISALIA,-119.33174133300781,36.32525634765625
9272436,2021,2021-06-09,5407,2021-04-21,1319,C51,480,3,5,5,5407,0,0,0,,0,R12,"S AKERS ST","W TULARE AV",23.00,S,N,A,-,N,,,,,,,,,,N,4,0,1,2,A,-,07,21658,A,N,C,C,A,A,H,-,A,A,0,,,,,Y,,A,01,0,0,1,0,0,0,0,0,0,"- ","- ",36.320011138916016,-119.34961700439453,TULARE,VISALIA,-119.34970092773438,36.319938659667969
9272764,2021,2021-07-16,5404,2021-06-06,1205,688,20L,7,5,2,5404,0,0,0,,0,003,"N ELMWOOD AV","E ALAMEDA",70.00,S,N,A,-,N,,,,,,,,,,Y,3,0,1,2,A,-,08,22107,,N,A,C,A,A,H,-,A,D,0,,,Y,,Y,,C,02,0,1,0,0,0,0,0,0,0,"- ","- ",,,TULARE,LINDSAY,-119.09254455566406,36.212245941162109
9277601,2021,2021-07-14,5405,2021-06-02,1320,229,,3,5,4,5405,0,0,0,,0,004,"MORTON AV","INDIANA ST",174.00,W,N,A,-,N,,,,,,,,,,Y,4,0,1,2,A,-,09,21804,A,N,D,C,A,A,H,-,A,A,0,,,,,Y,,A,07,0,0,1,0,0,0,0,0,0,"- ","- ",36.073299407958984,-119.03507232666016,TULARE,PORTERVILLE,-119.03566741943359,36.073280334472656
9279024,2021,2021-07-07,5405,2021-06-10,1638,229,,4,5,4,5405,0,0,0,,0,SEC4,"PUTNAM AV","INDIANA ST",0.00,,Y,A,-,N,,,,,,,,,,N,4,0,1,2,A,-,10,21950,A,N,D,B,B,A,H,-,A,A,0,Y,,,,Y,,A,01,0,0,1,0,1,0,0,0,0,"- ","- ",36.069610595703125,-119.03511810302734,TULARE,PORTERVILLE,-119.03511047363281,36.069625854492188
9279025,2021,2021-07-07,5405,2021-06-01,1256,259,"SEC 3",2,5,4,5405,0,0,0,,0,,"A ST","OLIVE AV",27.00,S,N,A,-,N,,,,,,,,,,Y,4,0,1,2,A,-,08,22107,,N,D,C,A,A,H,-,A,D,0,,,,,Y,,A,01,0,0,1,0,0,0,0,0,0,"- ","- ",36.065128326416016,-119.01303100585938,TULARE,PORTERVILLE,-119.0130615234375,36.065036773681641
9279349,2021,2021-06-24,5406,2021-05-10,1414,70,5406,1,5,4,5406,0,0,0,,0,0AO,J,PROSPERITY,25.00,N,N,A,-,N,,,,,,,,,,N,4,0,1,2,A,-,03,22350,,N,C,C,A,A,H,-,A,A,0,,,,,Y,,A,01,0,0,1,0,0,0,0,0,0,"- ","- ",,,TULARE,TULARE,-119.35205841064453,36.225666046142578
92799770,2024,2024-07-26,9480,2024-05-23,"20  ",016995,,4,3,9,5400,0,1,3,,1,044,"STATE ROUTE 198 (SIERRA DRIVE)","SUNSET DRIVE",1584.00,W,N,A,-,Y,TUL,,198," "," ",40.162,H,,R,Y,1,1,0,1,A,-,01,23152,G,N,E,8,A,A,H,-,D,D,0,,,Y,,Y,Y,C,02,0,0,0,0,0,0,0,1,0,"- ","- ",36.454071044921875,-118.88797760009766,TULARE,UNINCORPORATED,-118.88803863525391,36.454135894775391
9280096,2021,2021-06-28,5406,2021-05-03,1525,136,5406,1,5,4,5406,0,0,0,,0,0AO,LASPINA,TULARE,0.00,,Y,A,-,Y,TUL,6,137,-,-,17.010,I,5,E,N,4,0,1,2,A,-,12,21453,A,M,D,G,A,A,H,-,A,A,0,,Y,,,Y,,-,99,0,0,1,0,0,0,1,0,0,"- ","- ",,,TULARE,TULARE,-119.32186889648438,36.211128234863281
9280356,2021,2021-07-20,5405,2021-06-03,2217,274,,4,5,4,5405,0,0,0,,0,004,"OLIVE AV","RT 65",0.00,,Y,A,-,Y,TUL,6,65,-,-,19.019,R,4,S,Y,3,0,1,2,A,-,09,21801,A,N,G,C,A,A,H,-,B,A,0,,,Y,,Y,Y,D,22,0,1,0,0,0,0,0,0,1,"- ",SO,,,TULARE,PORTERVILLE,-119.03950500488281,36.063926696777344
9280360,2021,2021-06-28,5405,2021-06-08,1705,229,,2,5,4,5405,0,0,0,,0,"SEC 4","OLIVE AV","RT 65",0.00,,Y,A,-,Y,TUL,6,65,-,R,19.300,R,4,N,Y,3,0,1,2,A,-,09,21804,A,N,D,C,A,A,H,-,A,A,0,,,,,Y,,A,07,0,1,0,0,0,0,0,0,0,"- ",NO,36.065620422363281,-119.03788757324219,TULARE,PORTERVILLE,-119.03926086425781,36.068027496337891
9281283,2021,2021-08-12,5407,2021-06-29,0808,C57,480,2,5,5,5407,0,0,0,,0,034,"E MINERAL KING AV","S BEN MADDOX WY",276.00,E,N,A,-,N,,,,,,,,,,Y,3,0,3,2,A,-,17,21753,,N,D,C,A,A,H,-,A,A,0,,,,,Y,,A,01,0,2,1,0,0,0,0,0,0,"- ","- ",36.327190399169922,-119.27719116210938,TULARE,VISALIA,-119.27762603759766,36.327350616455078
9281291,2021,2021-08-16,5407,2021-06-26,2006,C57,480,6,5,5,5407,0,0,0,,0,011,"S MOONEY BL","W CAMERON AV",300.00,S,N,A,-,N,,,,,,,,,,Y,4,0,1,2,A,-,01,23152,A,N,D,C,A,A,H,-,C,A,0,,,,,Y,Y,A,07,0,0,1,0,0,0,0,0,0,"- ","- ",36.294109344482422,-119.31417846679688,TULARE,VISALIA,-119.31371307373047,36.293727874755859
9281358,2021,2021-08-16,5407,2021-07-01,0911,A302,480,4,5,5,5407,0,0,0,,0,033,"S LOVERS LN","NOBLE AV",0.00,,Y,A,-,N,,,,,,,,,,Y,3,0,1,3,A,-,12,21453,A,N,D,C,A,A,H,-,A,A,0,,,,,Y,,A,01,0,1,0,0,0,0,0,0,0,"- ","- ",36.326641082763672,-119.26077270507812,TULARE,VISALIA,-119.26070404052734,36.326618194580078
9281678,2021,2021-06-30,5405,2021-06-10,0923,169,,4,5,4,5405,0,0,0,,0,,"RT 190","BLUE HERON",1584.00,E,N,A,-,Y,TUL,6,190,-,-,18.750,H,-,W,Y,3,0,3,2,A,-,09,21801,A,N,D,C,A,A,H,-,A,A,0,,,,,Y,,D,22,0,3,0,0,0,0,0,0,0,"- ","- ",36.051189422607422,-118.98164367675781,TULARE,PORTERVILLE,-118.97655487060547,36.05133056640625
9282633,2021,2021-07-16,5404,2021-06-18,2221,671,20L,5,5,2,5404,0,0,0,,0,013,MIRAGE,HERMOSA,0.00,,Y,A,-,N,,,,,,,,,,N,4,0,1,2,A,-,03,22350,,F,C,C,A,A,H,-,C,A,0,,,,,Y,Y,A,08,0,0,1,0,0,0,0,0,0,"- ","- ",,,TULARE,LINDSAY,-119.09012603759766,36.205432891845703
9285502,2021,2021-07-07,5405,2021-06-14,0650,259,"SEC 2",1,5,4,5405,0,0,0,,0,,"RT 65","NORTH GRAND AV",0.00,,Y,A,-,Y,TUL,6,65,-,-,21.380,I,5,N,Y,2,0,1,2,A,-,12,21453,A,N,D,C,A,A,H,-,A,A,0,,,,Y,Y,,G,27,1,0,0,0,0,0,0,0,0,"- ","- ",36.098258972167969,-119.04012298583984,TULARE,PORTERVILLE,-119.03997802734375,36.098239898681641
9285804,2021,2021-07-06,5405,2021-06-20,0756,270,,7,5,4,5405,0,0,0,,0,003,"MAIN ST","YATES AV",183.00,N,N,A,-,N,,,,,,,,,,Y,3,0,1,1,A,-,03,22350,,N,H,A,A,A,H,-,A,D,0,,,Y,,Y,,C,02,0,1,0,0,0,0,0,0,1,"- ","- ",,,TULARE,PORTERVILLE,-119.016797,36.043506000000001
9285806,2021,2021-09-07,5405,2021-06-19,1944,266,"SEC 1",6,5,4,5405,0,0,0,,0,,"NEWCOMB ST","PIONEER AV",0.00,,Y,A,-,N,,,,,,,,,,Y,4,0,2,2,A,-,00,23153,E,N,B,C,A,A,H,-,A,A,0,,,,,Y,,A,01,0,0,2,0,0,0,0,0,0,"- ","- ",36.091190338134766,-119.05287170410156,TULARE,PORTERVILLE,-119.05289459228516,36.091205596923828
9285808,2021,2021-07-06,5405,2021-06-11,1740,265,"SEC 3",5,5,4,5405,0,0,0,,0,003,"OLIVE AV","PLANO ST",262.00,W,N,A,-,N,,,,,,,,,,N,4,0,2,2,A,-,09,21804,A,F,B,C,A,A,H,-,A,A,0,,,,,Y,,-,,0,0,2,0,0,0,0,0,0,"- ","- ",36.065128326416016,-119.00830841064453,TULARE,PORTERVILLE,-119.00920867919922,36.065101623535156
9286290,2021,2021-07-19,5407,2021-05-14,1342,M282,480,5,5,5,5407,0,0,0,,0,034,"S MOONEY BL","AV 264",0.00,,Y,A,-,Y,TUL,6,63,-,-,4.010,I,5,N,Y,3,0,2,2,A,-,12,21453,A,N,A,C,A,A,H,-,A,A,0,,,,,Y,,A,07,0,1,1,0,0,0,0,0,0,"- ","- ",36.269439697265625,-119.31329345703125,TULARE,VISALIA,-119.31324005126953,36.269435882568359
9287710,2020,2021-08-06,5402,2020-09-07,1310,819,,1,5,2,5402,0,0,0,,0,12E,"KAWEAH ST","CHESTNUT AV",243.00,S,N,A,-,Y,TUL,6,65,-,-,37.400,H,-,S,Y,4,0,1,1,A,-,08,22107,,N,E,I,A,A,H,-,A,D,0,,,,,Y,,-,,0,0,1,0,0,0,0,0,0,"- ","- ",,,TULARE,EXETER,-119.13612365722656,36.2945556640625
9287714,2020,2021-08-06,5402,2020-11-19,1650,824,54021,4,5,2,5402,0,0,0,,0,02E,"KAWEAH ST","CHESTNUT AV",205.00,S,N,A,-,Y,TUL,6,65,-,-,37.410,H,-,S,Y,2,0,2,2,A,-,07,21658,A,N,A,C,A,A,H,-,B,D,0,,,,,Y,,-,,1,0,1,0,0,0,0,0,0,"- ","- ",,,TULARE,EXETER,-119.13612365722656,36.294704437255859
92877267,2024,2024-07-29,9481,2024-07-23,"700 ",018029,,2,1,9,5400,0,3,5,,2,050,"MTN 56 (HOT SPRINGS ROAD)","MTN 109 (OLD STAGE ROAD)",24288.00,E,N,A,-,N,,,,,,,,,,Y,3,0,1,1,A,-,08,22107,,N,F,I,A,A,H,-,A,D,0,,,,Y,Y,,G,25,0,1,0,0,0,0,0,0,0,"- ","- ",35.890071868896484,-118.84259796142578,TULARE,UNINCORPORATED,,
9288279,2021,2021-07-08,5407,2021-05-27,1211,M226,480,4,5,5,5407,0,0,0,,0,026,"E MINERAL KING AV","E STAPP DR",0.00,,Y,A,-,N,,,,,,,,,,N,4,0,2,3,A,-,05,21650,1,N,D,G,A,A,H,-,A,A,0,,Y,,,Y,,L,04,0,0,2,0,0,0,2,0,0,"- ","- ",36.327919006347656,-119.25855255126953,TULARE,VISALIA,-119.25874328613281,36.328392028808594
9288288,2021,2021-08-04,5407,2021-06-10,1131,C51,480,4,5,5,5407,0,0,0,,0,N25,"W MINERAL KING AV","S CONYER ST",0.00,,Y,A,-,N,,,,,,,,,,Y,3,0,1,2,A,-,12,21453,A,N,D,C,A,A,H,-,A,A,0,,,,,Y,,-,"- ",0,1,0,0,0,0,0,0,0,"- ","- ",,,TULARE,VISALIA,-119.30107116699219,36.327365875244141
9288443,2021,2021-07-07,5407,2021-05-21,2042,A346,480,5,5,5,5407,0,0,0,,0,025,"RIGGIN AV","MOONEY BL",10.00,W,N,A,-,N,,,,,,,,,,Y,3,0,4,2,A,-,03,22350,,N,C,C,A,A,H,-,C,A,0,,,,,Y,,A,01,0,4,0,0,0,0,0,0,0,"- ","- ",,,TULARE,VISALIA,-119.3143310546875,36.356468200683594
9288446,2021,2021-07-07,5407,2021-05-27,1552,M194,480,4,5,5,5407,0,0,0,,0,034,CAMERON,STONEBROOK,0.00,,Y,A,-,N,,,,,,,,,,Y,4,0,1,2,A,-,09,21801,A,N,D,C,A,A,H,-,A,D,0,,,Y,,Y,,A,01,0,0,1,0,0,0,0,0,1,"- ","- ",36.294101715087891,-119.3067626953125,TULARE,VISALIA,-119.30527496337891,36.29412841796875
9288555,2021,2021-09-07,5407,2021-06-08,1719,C51,480,2,5,5,5407,0,0,0,,0,R12,"W VISALIA PKWY","S LINWOOD ST",0.00,,Y,A,-,N,,,,,,,,,,Y,4,0,2,2,A,-,09,21801,A,N,D,C,A,A,H,-,A,A,0,,,,,Y,,A,01,0,0,2,0,0,0,0,0,0,"- ","- ",,,TULARE,VISALIA,-119.34039306640625,36.291049957275391
9288576,2021,2021-09-07,5405,2021-06-28,1701,CS026,,1,5,4,5405,0,0,0,,0,002,"SUNNYSIDE ST","LAUREL AV",120.00,N,N,A,-,N,,,,,,,,,,Y,3,0,1,1,A,-,03,22350,,N,E,I,A,A,H,-,A,D,0,,,,,Y,,A,01,0,1,0,0,0,0,0,0,0,"- ","- ",36.08087158203125,-119.01972961425781,TULARE,PORTERVILLE,-119.01966094970703,36.079418182373047
9288577,2021,2021-09-07,5405,2021-06-23,1738,CS026,,3,5,4,5405,0,0,0,,0,001,"NEWCOMB ST","LINDA VISTA AV",0.00,,Y,A,-,N,,,,,,,,,,Y,3,0,1,1,A,-,03,22350,,N,E,I,A,A,H,-,A,D,0,,,,,Y,,A,08,0,1,0,0,0,0,0,0,0,"- ","- ",36.105709075927734,-119.07012176513672,TULARE,PORTERVILLE,-119.05365753173828,36.105587005615234
9288580,2021,2021-09-07,5405,2021-06-24,2338,266,"SEC 3",4,5,4,5405,0,0,0,,0,,"JAYE ST","SPRINGVILLE AV",60.00,S,N,A,-,N,,,,,,,,,,N,4,0,1,1,A,-,01,23152,A,M,A,J,A,A,H,-,C,A,0,,,,,Y,Y,A,01,0,0,1,0,0,0,0,0,0,"- ","- ",36.053531646728516,-119.02623748779297,TULARE,PORTERVILLE,-119.02617645263672,36.054767608642578
92887535,2024,2024-07-30,9480,2024-07-21,1530,022131,,7,2,9,5400,0,3,5,,2,005,"ROAD 136","COUNTY LINE ROAD",2075.00,N,N,A,-,N,,,,,,,,,,Y,2,0,1,1,A,-,01,23152,A,N,E,8,A,A,H,-,A,D,0,,,,,Y,Y,A,07,1,0,0,0,0,0,0,0,0,"- ","- ",35.796180725097656,-119.26817321777344,TULARE,UNINCORPORATED,-119.26811981201172,35.796104431152344
9289057,2021,2021-07-23,5403,2021-06-11,0928,838,,5,5,2,5403,0,0,0,,0,,"WEST VISALIA RD","NORTH SHASTA AV",0.00,,Y,A,-,N,,,,,,,,,,N,4,0,1,2,A,-,09,21801,A,N,D,C,A,A,H,-,A,D,0,,,,,Y,,A,01,0,0,1,0,0,0,0,0,0,"- ","- ",,,TULARE,FARMERSVILLE,-119.21047973632812,36.29779052734375
92898466,2024,2024-07-30,9480,2024-07-24,1941,017452,,3,2,9,5400,0,3,5,,2,001,"AVENUE 408","ROAD 56",0.00,,Y,A,-,N,,,,,,,,,,N,3,0,1,2,A,-,09,21800,A,N,D,C,A,A,H,-,A,A,0,,,,,Y,,A,07,0,1,0,0,0,0,0,0,0,"- ","- ",36.531970977783203,-119.44864654541016,TULARE,UNINCORPORATED,-119.44863891601562,36.531864166259766
92898552,2024,2024-07-30,9480,2024-07-25,1540,016995,,4,2,9,5400,0,3,5,,2,001,"STATE ROUTE 99 FROM MERRITT DR","MERRITT DR",0.00,,Y,A,-,Y,TUL,,99," "," ",48.707,H,,L,Y,2,0,2,2,A,-,09,21801,A,N,A,C,A,A,H,-,A,D,0,,,,,Y,,D,22,2,0,0,0,0,0,0,0,0,"- ","- ",36.452110290527344,-119.49099731445312,TULARE,UNINCORPORATED,-119.49072265625,36.452224731445312
9291232,2021,2021-07-19,5405,2021-06-29,1521,CS026,,2,5,4,5405,0,0,0,,0,001,"HENDERSON AV","PROSPECT ST",15.00,E,N,A,-,N,,,,,,,,,,N,3,0,1,2,A,-,03,22350,,F,C,C,A,A,H,-,A,A,0,,,,,Y,,A,07,0,1,0,0,0,0,0,0,0,"- ","- ",36.080421447753906,-119.04393005371094,TULARE,PORTERVILLE,-119.04392242431641,36.080417633056641
9291330,2021,2021-07-26,5407,2021-04-24,1457,C57,480,6,5,5,5407,0,0,0,,0,025,"GIDDINGS ST","W MAIN ST",0.00,,Y,A,-,N,,,,,,,,,,N,3,0,1,3,A,-,12,21453,A,N,D,C,A,A,H,-,A,A,0,,,,,Y,,A,01,0,1,0,0,0,0,0,0,0,"- ","- ",,,TULARE,VISALIA,-119.30547332763672,36.330047607421875
9297781,2021,2021-08-17,5405,2021-07-29,1134,246,SEC3,4,5,4,5405,0,0,0,,0,003,"PLANO ST","CORONA DR",0.00,,Y,A,-,N,,,,,,,,,,N,3,0,1,2,A,-,09,21802,A,N,D,C,A,A,H,-,A,A,0,,,,,Y,,A,01,0,1,0,0,0,0,0,0,0,"- ","- ",36.062450408935547,-119.00771331787109,TULARE,PORTERVILLE,-119.00772857666016,36.062423706054688
9297783,2021,2021-08-17,5405,2021-07-24,0039,234,SEC2,6,5,4,5405,0,0,0,,0,002,"MORTON AV","HAWAII ST",24.00,W,N,A,-,N,,,,,,,,,,Y,3,0,1,1,A,-,01,23152,F,N,E,I,A,A,H,-,C,D,0,,,,,Y,Y,-,,0,1,0,0,0,0,0,0,0,"- ","- ",,,TULARE,PORTERVILLE,-119.02300262451172,36.073143005371094
9297788,2021,2021-08-17,5405,2021-07-20,1707,CSO26,,2,5,4,5405,0,0,0,,0,004,"OLIVE AV","MATHEW ST",0.00,,Y,A,-,N,,,,,,,,,,Y,3,0,4,2,A,-,12,21453,A,N,D,C,A,A,H,-,A,A,0,,,,,Y,,A,01,0,4,0,0,0,0,0,0,0,"- ","- ",36.065719604492188,-119.06192779541016,TULARE,PORTERVILLE,-119.06191253662109,36.065788269042969
9297789,2021,2021-08-17,5405,2021-07-20,1333,259,SEC2,2,5,4,5405,0,0,0,,0,,"MORTON AV","KESSING ST",0.00,,Y,A,-,N,,,,,,,,,,Y,3,0,2,2,A,-,08,22107,,N,B,C,A,A,H,-,A,D,0,,,,,Y,,A,01,0,1,1,0,0,0,0,0,0,"- ","- ",36.073158264160156,-119.02507019042969,TULARE,PORTERVILLE,-119.02505493164062,36.073169708251953
9297817,2021,2021-09-07,5407,2021-07-01,0846,M333,480,4,5,5,5407,0,0,0,,0,O26,"E MINERAL KING AV","S BURKE ST",0.00,,Y,A,-,N,,,,,,,,,,Y,4,0,1,2,A,-,08,22107,,N,D,C,A,A,H,-,A,A,0,,,,,Y,,A,07,0,0,1,0,0,0,0,0,0,"- ","- ",,,TULARE,VISALIA,-119.28322601318359,36.327411651611328
9297987,2021,2021-08-11,5407,2021-06-27,2133,12176,480,7,5,5,5407,0,0,0,,0,034,"E WALNUT AV","S SANTA FE ST",168.00,W,N,A,-,N,,,,,,,,,,Y,3,0,2,2,A,-,01,23153,A,N,D,C,A,A,H,-,B,A,0,,,,,Y,Y,A,01,0,2,0,0,0,0,0,0,0,"- ","- ",36.312870025634766,-119.28742218017578,TULARE,VISALIA,-119.28800201416016,36.312870025634766
9297993,2021,2021-08-11,5407,2021-06-25,1831,A337,480,5,5,5,5407,0,0,0,,0,026,"N ENCINA ST","W SWEET AV",0.00,,Y,A,-,N,,,,,,,,,,Y,4,0,1,2,A,-,12,22450,A,N,D,C,A,A,H,-,C,D,0,,,,,Y,Y,A,01,0,0,1,0,0,0,0,0,0,"- ","- ",,,TULARE,VISALIA,-119.294677734375,36.343063354492188
9297994,2021,2021-08-11,5407,2021-06-25,1743,A346,480,5,5,5,5407,0,0,0,,0,026,"LOVERS LN","MILL CREEK PKWY",0.00,,Y,A,-,N,,,,,,,,,,Y,3,0,1,3,A,-,12,21453,A,N,D,C,A,A,H,-,A,A,0,,,,,Y,,A,01,0,1,0,0,0,0,0,0,0,"- ","- ",,,TULARE,VISALIA,-119.26063537597656,36.3326416015625
9297995,2021,2021-08-11,5407,2021-06-25,1257,A302,480,5,5,5,5407,0,0,0,,0,012,"S DEMAREE ST","CHERRY AV",0.00,,Y,A,-,N,,,,,,,,,,Y,3,0,1,2,A,-,08,22107,,N,D,C,A,A,H,-,A,D,0,,,,,Y,,-,,0,1,0,0,0,0,0,0,0,"- ","- ",36.308738708496094,-119.33162689208984,TULARE,VISALIA,-119.33161926269531,36.307960510253906
9299062,2021,2021-08-31,5403,2021-07-25,0559,838,,7,5,2,5403,0,0,0,,0,,"NORTH FARMERSVILLE BL","WALNUT AV",0.00,,Y,A,-,N,,,,,,,,,,Y,3,0,1,1,A,-,03,22350,,N,E,I,A,A,H,-,A,A,0,,,,,Y,Y,D,22,0,1,0,0,0,0,0,0,0,"- ","- ",,,TULARE,FARMERSVILLE,-119.20702362060547,36.312290191650391
9299442,2021,2021-09-07,5403,2021-07-28,0901,838,,3,5,2,5403,0,0,0,,0,,"NORTH FARMERSVILLE BL","WEST NOBLE",0.00,,Y,A,-,N,,,,,,,,,,N,3,0,1,2,A,-,09,21803,A,N,C,G,A,A,H,-,A,D,0,,Y,,,Y,,A,01,0,1,0,0,0,0,1,0,0,"- ","- ",,,TULARE,FARMERSVILLE,-119.20812225341797,36.325386047363281