CASE_ID,ACCIDENT_YEAR,PROC_DATE,JURIS,COLLISION_DATE,COLLISION_TIME,OFFICER_ID,REPORTING_DISTRICT,DAY_OF_WEEK,CHP_SHIFT,POPULATION,CNTY_CITY_LOC,SPECIAL_COND,BEAT_TYPE,CHP_BEAT_TYPE,CITY_DIVISION_LAPD,CHP_BEAT_CLASS,BEAT_NUMBER,PRIMARY_RD,SECONDARY_RD,DISTANCE,DIRECTION,INTERSECTION,WEATHER_1,WEATHER_2,STATE_HWY_IND,CALTRANS_COUNTY,CALTRANS_DISTRICT,STATE_ROUTE,ROUTE_SUFFIX,POSTMILE_PREFIX,POSTMILE,LOCATION_TYPE,RAMP_INTERSECTION,SIDE_OF_HWY,TOW_AWAY,COLLISION_SEVERITY,NUMBER_KILLED,NUMBER_INJURED,PARTY_COUNT,PRIMARY_COLL_FACTOR,PCF_CODE_OF_VIOL,PCF_VIOL_CATEGORY,PCF_VIOLATION,PCF_VIOL_SUBSECTION,HIT_AND_RUN,TYPE_OF_COLLISION,MVIW,PED_ACTION,ROAD_SURFACE,ROAD_COND_1,ROAD_COND_2,LIGHTING,CONTROL_DEVICE,CHP_ROAD_TYPE,PEDESTRIAN_ACCIDENT,BICYCLE_ACCIDENT,MOTORCYCLE_ACCIDENT,TRUCK_ACCIDENT,NOT_PRIVATE_PROPERTY,ALCOHOL_INVOLVED,STWD_VEHTYPE_AT_FAULT,CHP_VEHTYPE_AT_FAULT,COUNT_SEVERE_INJ,COUNT_VISIBLE_INJ,COUNT_COMPLAINT_PAIN,COUNT_PED_KILLED,COUNT_PED_INJURED,COUNT_BICYCLIST_KILLED,COUNT_BICYCLIST_INJURED,COUNT_MC_KILLED,COUNT_MC_INJURED,PRIMARY_RAMP,SECONDARY_RAMP,LATITUDE,LONGITUDE,COUNTY,CITY,POINT_X,POINT_Y
94607929,2025,2025-03-18,9480,2025-03-13,1710,017108,,4,2,5,5407,0,1,3,,1,064,"SR-198 EASTBOUND TO LOVERS LANE ROAD","LOVERS LANE ROAD",792.00,W,N,C,-,Y,TUL,,198," ",R,11.570,H,,R,N,4,0,2,2,A,-,03,22350,,M,C,C,A,B,H,-,A,D,0,,,,,Y,,A,01,0,0,2,0,0,0,0,0,0,"- ","- ",36.327201843261719,-119.26363372802734,TULARE,VISALIA,-119.26365661621094,36.327354431152344
94609969,2025,2025-03-18,9480,2025-03-08,"30  ",021682,,6,3,9,5400,0,1,3,,1,021,"SR-63 N/B","AVENUE 416",46.00,N,N,A,-,Y,TUL,,63," ",R,23.586,H,,R,N,3,0,1,1,A,-,01,23152,A,N,E,I,A,A,H,-,D,A,0,,,,,Y,Y,A,01,0,1,0,0,0,0,0,0,0,"- ","- ",36.544960021972656,-119.28662109375,TULARE,UNINCORPORATED,-119.28693389892578,36.544952392578125
94612229,2025,2025-03-20,9480,2025-03-19,"815 ",017108,,3,1,5,5407,0,1,3,,1,064,"SR-198 E/B TO MOONEY BLVD","MOONEY BLVD",528.00,W,N,A,-,Y,TUL,,198," ",R,8.590,H,,R,N,4,0,1,2,A,-,03,22350,,N,C,C,A,A,H,-,A,D,0,,,,,Y,,D,22,0,0,1,0,0,0,0,0,0,"- ","- ",36.326900482177734,-119.3170166015625,TULARE,VISALIA,-119.31699371337891,36.327079772949219
94613741,2025,2025-03-24,9481,2025-03-15,1912,022338,,6,2,9,5400,0,1,3,,1,037,"STATE ROUTE 65","AVENUE 56",130.00,S,N,A,-,Y,TUL,,65," ",R,6.956,H,,R,N,4,0,1,2,A,-,03,22350,,N,C,C,A,A,H,-,D,A,0,,,,,Y,,A,01,0,0,1,0,0,0,0,0,0,"- ","- ",35.891311645507812,-119.05345153808594,TULARE,UNINCORPORATED,-119.05349731445312,35.891311645507812
94624615,2025,2025-03-24,9480,2025-03-15,"859 ",022387,,6,1,9,5400,0,1,3,,2,093,"SR-99 N/B","AVE 184",4752.00,N,N,E,-,Y,TUL,,99," "," ",24.375,H,,R,Y,3,0,2,3,A,-,03,22350,,N,C,C,A,B,C,-,A,D,0,,,,,Y,,A,01,0,1,1,0,0,0,0,0,0,"- ","- ",36.136260986328125,-119.32649993896484,TULARE,UNINCORPORATED,-119.32646942138672,36.136264801025391
94625965,2024,2025-03-25,9480,2024-12-06,2053,019828,,5,2,9,5400,0,1,3,,1,060,"STATE ROUTE 137","ROAD 168",3168.00,E,N,E,-,Y,TUL,,137," "," ",24.523,H,,R,Y,1,1,2,2,A,-,05,21650,,N,A,C,A,A,H,-,D,D,0,,,,,Y,,A,01,2,0,0,0,0,0,0,0,0,"- ","- ",36.210769653320312,-119.18760681152344,TULARE,UNINCORPORATED,-119.18760681152344,36.210769653320312
94631268,2025,2025-03-31,9480,2025-03-21,"205 ",018521,,5,3,9,5400,0,3,5,,2,003,"AVE 280",SR-99,1584.00,W,N,A,-,N,,,,,,,,,,Y,4,0,1,1,A,-,01,23152,A,M,E,8,A,A,H,-,D,D,0,,,,,Y,Y,A,07,0,0,1,0,0,0,0,0,0,"- ","- ",36.298019409179688,-119.39034271240234,TULARE,UNINCORPORATED,-119.38512420654297,36.298324584960938
94631742,2025,2025-03-31,9481,2025-03-24,"355 ",021227,,1,3,9,5400,0,1,3,,1,012,"STATE ROUTE 65 SOUTHBOUND","DRIVE 216",2112.00,S,N,A,-,Y,TUL,,65," "," ",27.644,H,,L,Y,2,0,3,1,A,-,01,23152,A,N,E,I,A,A,H,-,D,D,0,,,,,Y,Y,A,07,1,1,1,0,0,0,0,0,0,"- ","- ",36.179561614990234,-119.08924865722656,TULARE,UNINCORPORATED,-119.08930206298828,36.179542541503906
94632835,2025,2025-04-01,9481,2025-02-22,1828,021948,,6,2,9,5400,0,1,3,,1,032,"STATE ROUTE 190 (AVENUE 144)","ROAD 192",241.00,E,N,A,-,Y,TUL,,190," "," ",9.523,H,,R,N,1,1,0,2,A,-,11,21954,A,N,G,B,D,A,H,-,D,D,0,Y,,,,Y,,N,60,0,0,0,1,0,0,0,0,0,"- ","- ",36.05120849609375,-119.1422119140625,TULARE,UNINCORPORATED,-119.1422119140625,36.051239013671875
94632918,2025,2025-04-01,9481,2025-03-30,1516,016776,,7,2,9,5400,0,3,5,,2,020,"BALFOUR DRIVE","BRUCE DRIVE",154.00,S,N,B,-,N,,,,,,,,,,N,4,0,1,2,A,-,03,22350,,N,G,B,D,A,H,-,A,D,0,Y,,,,Y,,A,07,0,0,1,0,1,0,0,0,0,"- ","- ",36.146381378173828,-119.05986785888672,TULARE,UNINCORPORATED,-119.05991363525391,36.146415710449219
94633324,2025,2025-04-01,9480,2025-03-21,1715,022387,,5,2,9,5400,0,3,5,,2,006,SR-137,"FARMERSVILLE BLVD",0.00,,Y,A,-,Y,TUL,,137," "," ",23.901,H,,R,Y,2,0,2,3,A,-,09,21802,A,N,D,C,A,A,H,-,A,A,0,,,,,Y,,A,07,1,0,1,0,0,0,0,0,0,"- ","- ",36.210750579833984,-119.19876861572266,TULARE,UNINCORPORATED,-119.19876861572266,36.210700988769531
94633400,2025,2025-04-01,9480,2025-03-23,"153 ",022293,,7,3,9,5400,0,3,5,,2,003,"ROAD 68","AVENUE 232",500.00,S,N,A,-,N,,,,,,,,,,Y,3,0,1,1,A,-,01,23152,A,N,E,I,A,A,H,-,D,D,0,,,,,Y,Y,A,01,0,1,0,0,0,0,0,0,0,"- ","- ",36.209358215332031,-119.42121124267578,TULARE,UNINCORPORATED,-119.42111968994141,36.209445953369141
94634705,2025,2025-04-02,9480,2025-01-21,"25  ",022376,,2,3,9,5400,0,1,3,,1,032,"STATE ROUTE 190","BURNETT DRIVE",0.00,,Y,A,-,Y,,,,,,,,,,Y,1,1,0,1,A,-,01,23152,F,N,E,0,A,A,H,-,C,D,0,,,,,Y,,A,01,0,0,0,0,0,0,0,0,0,"- ","- ",36.051239013671875,-119.31260681152344,TULARE,UNINCORPORATED,-119.31268310546875,36.051273345947266
94636079,2025,2025-04-03,9480,2025-03-31,"220 ",021044,,1,3,5,5407,0,1,3,,1,064,"SR-198 E/B","MOONEY BOULEVARD",1056.00,W,N,A,-,Y,TUL,,198," ",R,8.469,H,,R,Y,3,0,1,1,A,-,08,22107,,N,E,8,A,A,H,-,D,D,0,,,,,Y,,A,01,0,1,0,0,0,0,0,0,0,"- ","- ",36.327259063720703,-119.31913757324219,TULARE,VISALIA,-119.31913757324219,36.327274322509766
94636450,2025,2025-04-03,9481,2025-04-02,1750,020917,,3,2,9,5400,0,3,5,,2,010,"AVENUE 208","ROAD 196",0.00,,Y,A,-,N,,,,,,,,,,Y,4,0,1,2,A,-,09,21802,A,N,D,C,A,A,H,-,A,A,0,,,,,Y,,D,22,0,0,1,0,0,0,0,0,0,"- ","- ",36.167259216308594,-119.13494873046875,TULARE,UNINCORPORATED,-119.13493347167969,36.167236328125
94636634,2025,2025-04-03,9480,2025-04-03,1159,019932,,4,1,9,5400,0,3,5,,2,003,"DRIVE 92B","ROAD 92",35.00,W,N,A,-,N,,,,,,,,,,N,3,0,1,1,A,-,08,22107,,N,F,A,A,A,H,-,A,D,0,,,,,Y,,A,07,0,1,0,0,0,0,0,0,0,"- ","- ",36.264110565185547,-119.36669158935547,TULARE,UNINCORPORATED,-119.36666107177734,36.264175415039062
94640124,2025,2025-04-07,9481,2025-03-29,1455,021547,,6,2,9,5400,0,3,5,,2,010,"ROAD 152","AVENUE 208",1742.00,S,N,A,-,N,,,,,,,,,,Y,3,0,1,1,A,-,01,23152,A,N,F,A,A,A,H,-,A,D,0,,,,,Y,Y,A,01,0,1,0,0,0,0,0,0,0,"- ","- ",36.163360595703125,-119.23281860351562,TULARE,UNINCORPORATED,-119.23283386230469,36.162570953369141
94641109,2025,2025-04-08,9480,2025-04-01,"554 ",017713,,2,3,9,5400,0,3,5,,2,001,"RD. 64","AVE. 416",2100.00,N,N,A,-,N,,,,,,,,,,Y,3,0,3,3,A,-,03,22350,,N,C,C,A,A,H,-,D,D,0,,,,,Y,,A,07,0,3,0,0,0,0,0,0,0,"- ","- ",36.55242919921875,-119.43045806884766,TULARE,UNINCORPORATED,,
94644178,2025,2025-04-10,9480,2025-04-06,1840,021589,,7,2,9,5400,0,1,3,,1,044,SR-198,"HORSE CREEK RD",2112.00,E,N,A,-,Y,TUL,,198," "," ",33.912,H,,R,Y,2,0,1,3,A,-,08,22107,,N,B,C,A,A,H,-,A,D,0,,,Y,,Y,,C,02,1,0,0,0,0,0,0,0,1,"- ","- ",36.394111633300781,-118.94743347167969,TULARE,UNINCORPORATED,-118.94741821289062,36.394115447998047
94644412,2025,2025-04-10,9480,2025-04-07,1413,017713,,1,2,9,5400,0,3,5,,2,006,"RD. 164","AVE. 272",330.00,S,N,A,-,N,,,,,,,,,,Y,3,0,1,1,A,-,08,22107,,N,F,A,A,A,H,-,A,D,0,,,,,Y,,A,07,0,1,0,0,0,0,0,0,0,"- ","- ",36.283088684082031,-119.20736694335938,TULARE,UNINCORPORATED,,
94644469,2025,2025-04-10,9480,2025-04-03,"910 ",016723,,4,1,9,5400,0,3,5,,2,002,"ROAD 108","AVENUE 368",0.00,,Y,A,-,N,,,,,,,,,,Y,4,0,2,2,A,-,09,21802,A,N,D,C,A,A,H,-,A,A,0,,,,Y,Y,,D,22,0,0,2,0,0,0,0,0,0,"- ","- ",36.458011627197266,-119.33142852783203,TULARE,UNINCORPORATED,-119.33148193359375,36.458000183105469
94645166,2025,2025-04-10,9480,2025-04-02,1542,020612,,3,2,9,5400,0,3,5,,2,006,"SHIRK ROAD","AVENUE 280",1620.00,N,N,A,-,N,,,,,,,,,,N,2,0,2,2,A,-,09,21801,A,N,A,C,A,A,H,-,A,D,0,,,,,Y,,D,22,1,0,1,0,0,0,0,0,0,"- ","- ",36.302738189697266,-119.36743927001953,TULARE,UNINCORPORATED,-119.36742401123047,36.302665710449219
94645195,2025,2025-04-10,9480,2025-04-08,1735,021249,,2,2,5,5407,0,1,3,,1,064,"SR-198 E/B","WOODLAND ST",415.00,W,N,A,-,Y,TUL,,198," ",R,8.427,H,,R,N,4,0,1,2,A,-,03,22350,,N,C,C,A,A,H,-,A,D,0,,,,,Y,,D,22,0,0,1,0,0,0,0,0,0,"- ","- ",36.327301025390625,-119.31989288330078,TULARE,VISALIA,-119.31989288330078,36.327293395996094
94647911,2025,2025-04-14,9480,2025-03-30,"430 ",022293,,7,3,9,5400,0,1,3,,2,091,"SR-99 S/B","AVENUE 328",1056.00,N,N,A,-,Y,TUL,,99," "," ",43.625,H,,L,Y,3,0,2,2,A,-,03,22350,,N,C,C,A,A,H,-,D,D,0,,,,,Y,,A,01,0,1,1,0,0,0,0,0,0,"- ","- ",36.388191223144531,-119.44595336914062,TULARE,UNINCORPORATED,-119.44597625732422,36.388179779052734
94648527,2025,2025-04-14,9481,2025-04-05,1700,020273,,6,2,9,5400,0,1,3,,1,012,SR-65,"AVENUE 204",150.00,W,N,A,-,Y,TUL,,65," "," ",30.574,H,,R,N,4,0,1,3,A,-,21,22106,,N,C,C,A,A,H,-,A,A,0,,,,,Y,,A,01,0,0,1,0,0,0,0,0,0,"- ","- ",36.210731506347656,-119.11876678466797,TULARE,UNINCORPORATED,-119.11876678466797,36.210781097412109
9464867,2022,2022-12-14,5405,2022-11-10,1716,293,SEC4,4,5,4,5405,0,0,0,,0,,"VILLA ST","PUTNAM AV",300.00,S,N,A,-,N,,,,,,,,,,Y,4,0,4,2,A,-,09,21804,A,N,D,C,A,A,H,-,D,D,0,,,,,Y,,A,01,0,0,4,0,0,0,0,0,0,"- ","- ",36.068920135498047,-119.03089904785156,TULARE,PORTERVILLE,-119.03069305419922,36.068775177001953
9464868,2022,2022-12-14,5405,2022-11-10,0758,259,SEC1,4,5,4,5405,0,0,0,,0,,"HENDERSON AV","MATHEW ST",0.00,,Y,A,-,N,,,,,,,,,,Y,4,0,4,2,A,-,09,21802,A,N,A,C,A,A,H,-,A,A,0,,,,,Y,,A,07,0,0,4,0,0,0,0,0,0,"- ","- ",36.080341339111328,-119.06185150146484,TULARE,PORTERVILLE,-119.061767578125,36.080333709716797
94648818,2025,2025-04-14,9480,2025-04-08,1920,019828,,2,2,9,5400,0,1,3,,1,060,SR-137,"RD 188",0.00,,Y,A,-,Y,TUL,,137," "," ",26.403,H,,R,Y,4,0,3,2,A,-,09,21802,A,N,D,C,A,A,H,-,A,A,0,,,,,Y,,D,22,0,0,3,0,0,0,0,0,0,"- ","- ",36.210758209228516,-119.154052734375,TULARE,UNINCORPORATED,-119.15404510498047,36.210769653320312
94650043,2025,2025-04-15,9480,2025-04-10,1955,022328,,4,2,9,5400,0,3,5,,2,003,"PRATT ST","PAIGE AVE",108.00,S,N,A,-,N,,,,,,,,,,Y,3,0,1,1,A,-,01,23152,A,N,E,8,A,A,H,-,D,D,0,,,,,Y,Y,A,01,0,1,0,0,0,0,0,0,0,"- ","- ",36.181629180908203,-119.35781860351562,TULARE,UNINCORPORATED,-119.35771942138672,36.181705474853516
94650682,2025,2025-04-15,9481,2025-04-08,"800 ",019149,,2,1,4,5405,0,1,3,,1,053,"STATE ROUTE 190 (EASTBOUND)","MAIN STREET",170.00,E,N,A,-,Y,TUL,,190," "," ",16.528,H,,R,Y,4,0,1,1,A,-,08,22107,,N,F,A,A,A,H,-,A,D,0,,,,,Y,,A,01,0,0,1,0,0,0,0,0,0,"- ","- ",36.050868988037109,-119.01608276367188,TULARE,PORTERVILLE,-119.01608276367188,36.050971984863281
94652178,2025,2025-04-16,9480,2025-04-14,1330,016233,,1,1,9,5400,0,3,5,,2,006,"RD. 124","AVE 164",0.00,,Y,A,-,N,,,,,,,,,,N,4,0,3,2,A,-,08,22107,,N,B,C,A,A,H,-,A,D,0,,,,,Y,,A,01,0,0,3,0,0,0,0,0,0,"- ","- ",36.270278930664062,-119.29660797119141,TULARE,UNINCORPORATED,-119.29496765136719,36.087371826171875
94652507,2025,2025-04-16,9481,2025-04-07,"710 ",018029,,1,1,9,5400,0,3,5,,2,030,"AVENUE 128","ROAD 200",1584.00,W,N,A,-,N,,,,,,,,,,Y,4,0,1,2,A,-,08,22107,,N,C,C,A,A,H,-,A,D,0,,,,,Y,,A,01,0,0,1,0,0,0,0,0,0,"- ","- ",36.022441864013672,-119.13082122802734,TULARE,UNINCORPORATED,-119.130859375,36.0224609375
94653139,2025,2025-04-17,9480,2025-04-07,1622,018861,,1,2,9,5400,0,3,5,,2,003,"THOMPSON ROAD","LIPSCOMB AVENUE",161.00,N,N,A,-,N,,,,,,,,,,Y,3,0,1,3,A,-,09,21804,A,N,B,C,A,A,H,-,A,D,0,,,,,Y,,A,01,0,1,0,0,0,0,0,0,0,"- ","- ",36.063938140869141,-119.31211853027344,TULARE,UNINCORPORATED,-119.31218719482422,36.063865661621094
94653669,2025,2025-04-17,9480,2025-04-05,2230,021628,,6,3,9,5400,0,1,3,,1,045,"STATE ROUTE 245","AVENUE 312",1056.00,N,N,A,-,Y,TUL,,245," "," ",2.270,H,,R,N,4,0,1,1,A,-,01,23152,A,N,E,I,A,A,H,-,D,A,0,,,,,Y,Y,A,01,0,0,1,0,0,0,0,0,0,"- ","- ",36.35858154296875,-119.11624908447266,TULARE,UNINCORPORATED,-119.11622619628906,36.358558654785156
94654921,2025,2025-04-18,9480,2025-04-13,"22  ",022387,,7,3,9,5400,0,1,3,,2,091,"SR-99 N/B",SR-198,2217.00,N,N,A,-,Y,TUL,,99," "," ",39.534,H,,R,Y,3,0,1,2,A,-,01,23152,A,N,C,C,A,A,H,-,D,D,0,,,,Y,Y,Y,A,07,0,1,0,0,0,0,0,0,0,"- ","- ",36.334171295166016,-119.41329956054688,TULARE,UNINCORPORATED,-119.41334533691406,36.334144592285156
94656370,2025,2025-04-21,9480,2025-04-12,1829,021589,,6,2,9,5400,0,3,5,,2,004,"RD 156","AVE 344",0.00,,Y,A,-,N,,,,,,,,,,Y,3,0,2,2,A,-,12,22450,A,N,D,C,A,A,H,-,A,A,0,,,,,Y,,A,01,0,2,0,0,0,0,0,0,0,"- ","- ",36.413970947265625,-119.22412872314453,TULARE,UNINCORPORATED,-119.22415924072266,36.413928985595703
94656407,2025,2025-04-21,9480,2025-04-09,"836 ",017713,,3,1,9,5400,0,1,3,,2,093,"SR-99 N/B","AVE. 184",1360.00,S,N,A,-,Y,TUL,,99," "," ",23.216,H,,R,Y,2,0,5,1,A,-,08,22107,,N,E,I,A,A,H,-,A,D,0,,,,,Y,,A,01,1,4,0,0,0,0,0,0,0,"- ","- ",36.119541168212891,-119.32422637939453,TULARE,UNINCORPORATED,-119.32430267333984,36.119537353515625
94656497,2025,2025-04-21,9481,2025-04-04,2250,022338,,5,3,4,5405,0,1,3,,1,053,"SR-190 (WESTBOUND)",SR-65,7656.00,E,N,A,-,Y,TUL,,190," ",R,15.524,H,,R,Y,3,0,1,1,A,-,08,22107,,M,E,8,A,A,H,-,C,D,0,,,,,Y,,A,01,0,1,0,0,0,0,0,0,0,"- ","- ",36.051601409912109,-119.03392791748047,TULARE,PORTERVILLE,-119.03392791748047,36.051528930664062
94656647,2025,2025-04-21,9480,2025-04-14,1430,016995,,1,2,9,5400,0,3,5,,2,003,"ROAD 28","AVENUE 216",2640.00,S,N,A,-,N,,,,,,,,,,Y,4,0,1,1,A,-,08,22107,,N,E,I,A,A,H,-,A,D,0,,,,,Y,,A,01,0,0,1,0,0,0,0,0,0,"- ","- ",36.174259185791016,-119.51075744628906,TULARE,UNINCORPORATED,-119.51069641113281,36.174175262451172
94656689,2025,2025-04-21,9480,2025-04-14,1450,021547,,1,2,9,5400,0,1,3,,2,095,"SR-99 NB","AVE 24",5280.00,S,N,A,-,Y,TUL,,99," "," ",1.607,H,,R,Y,4,0,1,1,A,-,08,22107,,N,E,I,A,A,H,-,A,D,0,,,,,Y,,A,01,0,0,1,0,0,0,0,0,0,"- ","- ",35.812908172607422,-119.2574462890625,TULARE,UNINCORPORATED,-119.25752258300781,35.812900543212891
94657215,2025,2025-04-21,9481,2025-04-09,1225,021227,,3,1,9,5400,0,3,5,,2,020,"AVENUE 208","ROAD 228",13200.00,E,N,A,-,N,,,,,,,,,,Y,4,0,2,1,A,-,08,22107,,N,E,I,A,A,H,-,A,D,0,,,,,Y,,A,01,0,0,2,0,0,0,0,0,0,"- ","- ",36.167331695556641,-119.05879974365234,TULARE,UNINCORPORATED,-119.01861572265625,36.167320251464844
94657416,2025,2025-04-21,9481,2025-04-08,1418,016776,,2,2,9,5400,0,1,3,,1,012,"STATE ROUTE 65","ROAD 204 (SPRUCE ROAD)",200.00,W,N,A,-,Y,TUL,,65," "," ",30.581,H,,R,N,4,0,1,2,A,-,21,22106,,N,C,C,A,A,H,-,A,A,0,,,,,Y,,A,07,0,0,1,0,0,0,0,0,0,"- ","- ",36.210731506347656,-119.11888885498047,TULARE,UNINCORPORATED,-119.11888885498047,36.210784912109375
94663288,2025,2025-04-24,9481,2025-04-22,2256,020917,,2,3,4,5405,0,1,3,,1,037,"STATE ROUTE 65 NORTHBOUND","OLIVE AVENUE",960.00,S,N,A,-,Y,TUL,,65," "," ",18.964,H,,R,Y,4,0,2,2,A,-,03,22350,,N,C,C,A,A,H,-,C,D,0,,,,,Y,,A,07,0,0,2,0,0,0,0,0,0,"- ","- ",36.063220977783203,-119.03922271728516,TULARE,PORTERVILLE,-119.03925323486328,36.063220977783203
9466411,2022,2023-01-17,5404,2022-11-29,1613,675,PSC,2,5,2,5404,0,0,0,,0,21L,"TULARE RD","SEQUOIA AV",90.00,W,N,A,-,N,,,,,,,,,,Y,4,0,1,1,C,-,18,,,N,-,I,A,A,H,-,B,D,0,,,,,Y,,-,"- ",0,0,1,0,0,0,0,0,0,"- ","- ",,,TULARE,LINDSAY,-119.09638977050781,36.21051025390625
94666100,2025,2025-04-28,9480,2025-04-19,2203,022376,,6,3,9,5400,0,1,3,,1,064,"SR-198 W/B","GIDDINGS ST",80.00,E,N,A,-,Y,TUL,,198," ",R,9.253,H,,L,N,4,0,1,1,A,-,08,22107,,N,E,8,A,A,H,-,D,D,0,,,,,Y,,A,01,0,0,1,0,0,0,0,0,0,"- ","- ",36.327129364013672,-119.30510711669922,TULARE,UNINCORPORATED,-119.30510711669922,36.327053070068359
94666345,2025,2025-04-28,9480,2025-04-21,2220,021044,,1,3,9,5400,0,1,3,,1,064,"SR-198 E/B","BEN MADDOX WAY",528.00,W,N,A,-,Y,TUL,,198," ",R,10.574,H,,R,N,3,0,1,1,A,-,08,22107,,N,E,I,A,A,H,-,D,D,0,,,,,Y,,A,01,0,1,0,0,0,0,0,0,0,"- ","- ",36.326789855957031,-119.28141784667969,TULARE,UNINCORPORATED,-119.28141784667969,36.326839447021484
94667075,2025,2025-04-28,9480,2025-04-25,2147,021682,,5,2,9,5400,0,3,5,,2,006,"AVENUE 256","ROAD 188",40.00,W,N,A,-,N,,,,,,,,,,Y,4,0,1,1,A,-,03,22350,,N,E,I,A,A,H,-,C,A,0,,,,,Y,,A,07,0,0,1,0,0,0,0,0,0,"- ","- ",36.253810882568359,-119.15440368652344,TULARE,UNINCORPORATED,-119.15436553955078,36.253761291503906
94669035,2025,2025-04-29,9480,2025-04-19,"152 ",018521,,6,3,9,5400,0,3,5,,2,001,"RD 76","AVE 308",1056.00,S,N,A,-,N,,,,,,,,,,Y,4,0,1,1,A,-,01,23152,A,N,E,8,A,A,H,-,D,D,0,,,,,Y,Y,A,07,0,0,1,0,0,0,0,0,0,"- ","- ",36.345569610595703,-119.40357971191406,TULARE,UNINCORPORATED,-119.40364074707031,36.346099853515625
94670009,2025,2025-05-14,9480,2025-04-20,"220 ",022173,,7,3,9,5400,0,3,5,,2,002,"ROAD 120","AVENUE 388",0.00,,Y,A,-,N,,,,,,,,,,N,3,0,2,2,A,-,09,21802,A,N,D,C,A,A,H,-,C,A,0,,,,,Y,,D,22,0,2,0,0,0,0,0,0,0,"- ","- ",36.494148254394531,-119.30445098876953,TULARE,UNINCORPORATED,-119.30451202392578,36.494110107421875
94671629,2025,2025-05-01,9480,2025-04-19,"320 ",022387,,6,3,9,5400,0,1,3,,2,093,"SR-99 N/B","J STREET",315.00,S,N,A,-,Y,TUL,,99," "," ",33.363,H,,R,N,4,0,2,2,A,-,03,22350,,N,C,C,A,A,H,-,D,D,0,,,,,Y,,A,01,0,0,2,0,0,0,0,0,0,"- ","- ",36.259220123291016,-119.35948181152344,TULARE,UNINCORPORATED,-119.35945892333984,36.259231567382812
94673036,2025,2025-05-02,9481,2025-04-19,1804,022423,,6,2,9,5400,0,3,5,,2,050,"AVENUE 84","ROAD 240",42.00,W,N,A,-,N,,,,,,,,,,N,2,0,1,1,A,-,08,22107,,N,H,A,A,A,H,-,A,D,0,,,Y,,Y,,C,06,1,0,0,0,0,0,0,0,1,"- ","- ",35.942401885986328,-119.03632354736328,TULARE,UNINCORPORATED,-119.03627014160156,35.942359924316406
9467367,2022,2023-02-23,5407,2022-12-04,1726,C59,480,7,5,5,5407,0,0,0,,0,012,"S MOONEY BL",SUNNYSIDE,270.00,S,N,B,-,Y,TUL,6,63,-,-,6.290,H,-,S,Y,4,0,2,5,A,-,03,22350,,N,C,C,A,B,H,-,B,A,0,,,,,Y,,D,22,0,0,2,0,0,0,0,0,0,"- ","- ",36.300281524658203,-119.31369781494141,TULARE,VISALIA,-119.31382751464844,36.302570343017578
94676817,2025,2025-05-06,9480,2025-04-26,1615,021547,,6,2,9,5400,0,3,5,,2,005,"AVE 96 (TERRA BELLA AVE)","RD 152",1742.00,E,N,A,-,N,,,,,,,,,,N,2,0,2,2,A,-,03,22350,,N,C,C,A,A,H,-,A,D,0,,,Y,,Y,,C,02,1,1,0,0,0,0,0,0,2,"- ","- ",35.964450836181641,-119.23628234863281,TULARE,UNINCORPORATED,-119.22683715820312,35.964393615722656
94676909,2025,2025-05-06,9480,2025-04-28,1020,021547,,1,1,9,5400,0,1,3,,2,093,"SR-99 NB","TEX DRIVE",80.00,W,N,A,-,Y,,,,,,,,,,Y,4,0,1,1,A,-,03,22350,,N,E,I,A,A,H,-,A,D,0,,,,,Y,,A,07,0,0,1,0,0,0,0,0,0,"- ","- ",36.153099060058594,-119.33080291748047,TULARE,UNINCORPORATED,-119.33221435546875,36.157012939453125
94677340,2025,2025-05-06,9480,2025-04-30,1752,021249,,3,2,9,5400,0,3,5,,2,002,"AVENUE 416","ROAD 144",0.00,,Y,A,-,N,,,,,,,,,,Y,3,0,1,2,A,-,09,21802,A,N,D,C,A,A,H,-,A,A,0,,,,,Y,,A,01,0,1,0,0,0,0,0,0,0,"- ","- ",35.544349670410156,-119.25089263916016,TULARE,UNINCORPORATED,-119.25088500976562,36.544330596923828
94678301,2025,2025-05-07,9480,2025-04-21,1815,022131,,1,2,9,5400,0,1,3,,2,095,"SR-99 SOUTHBOUND","AVENUE 16",500.00,N,N,A,-,Y,TUL,,99," "," ",2.149,H,,L,Y,4,0,1,3,A,-,08,22107,,M,C,C,A,A,H,-,A,D,0,,,,Y,Y,,-,99,0,0,1,0,0,0,0,0,0,"- ","- ",35.820701599121094,-119.25871276855469,TULARE,UNINCORPORATED,-119.25870513916016,35.820701599121094