CASE_ID,ACCIDENT_YEAR,PROC_DATE,JURIS,COLLISION_DATE,COLLISION_TIME,OFFICER_ID,REPORTING_DISTRICT,DAY_OF_WEEK,CHP_SHIFT,POPULATION,CNTY_CITY_LOC,SPECIAL_COND,BEAT_TYPE,CHP_BEAT_TYPE,CITY_DIVISION_LAPD,CHP_BEAT_CLASS,BEAT_NUMBER,PRIMARY_RD,SECONDARY_RD,DISTANCE,DIRECTION,INTERSECTION,WEATHER_1,WEATHER_2,STATE_HWY_IND,CALTRANS_COUNTY,CALTRANS_DISTRICT,STATE_ROUTE,ROUTE_SUFFIX,POSTMILE_PREFIX,POSTMILE,LOCATION_TYPE,RAMP_INTERSECTION,SIDE_OF_HWY,TOW_AWAY,COLLISION_SEVERITY,NUMBER_KILLED,NUMBER_INJURED,PARTY_COUNT,PRIMARY_COLL_FACTOR,PCF_CODE_OF_VIOL,PCF_VIOL_CATEGORY,PCF_VIOLATION,PCF_VIOL_SUBSECTION,HIT_AND_RUN,TYPE_OF_COLLISION,MVIW,PED_ACTION,ROAD_SURFACE,ROAD_COND_1,ROAD_COND_2,LIGHTING,CONTROL_DEVICE,CHP_ROAD_TYPE,PEDESTRIAN_ACCIDENT,BICYCLE_ACCIDENT,MOTORCYCLE_ACCIDENT,TRUCK_ACCIDENT,NOT_PRIVATE_PROPERTY,ALCOHOL_INVOLVED,STWD_VEHTYPE_AT_FAULT,CHP_VEHTYPE_AT_FAULT,COUNT_SEVERE_INJ,COUNT_VISIBLE_INJ,COUNT_COMPLAINT_PAIN,COUNT_PED_KILLED,COUNT_PED_INJURED,COUNT_BICYCLIST_KILLED,COUNT_BICYCLIST_INJURED,COUNT_MC_KILLED,COUNT_MC_INJURED,PRIMARY_RAMP,SECONDARY_RAMP,LATITUDE,LONGITUDE,COUNTY,CITY,POINT_X,POINT_Y
94868269,2025,2025-10-01,9480,2025-09-22,1755,019186,,1,2,9,5400,0,1,3,,1,021,"SR-63 (RD 124)","AVENUE 352",2354.00,S,N,A,-,Y,TUL,,63," "," ",14.606,H,,R,Y,4,0,1,2,A,-,09,21804,A,N,D,C,A,A,H,-,A,D,0,,,,,Y,,A,01,0,0,1,0,0,0,0,0,0,"- ","- ",36.421459197998047,-119.29595947265625,TULARE,UNINCORPORATED,-119.29599761962891,36.421459197998047
94868520,2025,2025-10-01,9480,2025-09-24,"717 ",016723,,3,1,9,5400,0,1,3,,1,021,"STATE ROUTE 63","AVENUE 368",0.00,,Y,A,-,Y,TUL,,63," "," ",17.110,H,,R,Y,2,0,3,2,A,-,09,21802,A,N,D,C,A,A,H,-,A,A,0,,,,,Y,,A,01,1,2,0,0,0,0,0,0,0,"- ","- ",36.457748413085938,-119.29544067382812,TULARE,UNINCORPORATED,-119.29544830322266,36.457748413085938
94869793,2025,2025-10-02,9481,2025-09-26,1446,022337,,5,2,9,5400,0,3,5,,2,030,"ROAD 168","AVENUE 128",0.00,,Y,A,-,N,,,,,,,,,,Y,4,0,1,2,A,-,09,21802,A,N,D,C,A,A,H,-,A,A,0,,,,Y,Y,,A,01,0,0,1,0,0,0,0,0,0,"- ","- ",36.022430419921875,-119.1973876953125,TULARE,UNINCORPORATED,-119.19738006591797,36.022418975830078
9487104,2022,2023-07-24,5405,2022-09-09,1638,293,,5,5,4,5405,0,0,0,,0,,"THURMAN AV","REDWOOD ST",291.00,E,N,A,-,N,,,,,,,,,,N,3,0,1,2,A,-,03,22350,,N,D,C,A,A,H,-,A,D,0,,,,,Y,,M,94,0,1,0,0,0,0,0,0,0,"- ","- ",36.072479248046875,-119.07830810546875,TULARE,PORTERVILLE,-119.07814025878906,36.071739196777344
9487106,2022,2022-09-21,5405,2022-09-05,2028,237,SEC1,1,5,4,5405,0,0,0,,0,001,"MORTON AV","PROSPECT ST",45.00,E,N,A,-,N,,,,,,,,,,N,3,0,2,2,A,-,03,22350,,F,C,C,A,A,H,-,C,A,0,,,,,Y,,A,01,0,2,0,0,0,0,0,0,0,"- ","- ",,,TULARE,PORTERVILLE,-119.04376983642578,36.073276519775391
94871528,2025,2025-10-03,9480,2025-09-26,1910,022151,,5,2,9,5400,0,3,5,,2,004,"AVENUE 296 (MINERAL KING AVE.)","RD 156",305.00,W,N,A,-,N,,,,,,,,,,Y,4,0,3,2,A,-,09,21801,A,N,A,C,A,A,H,-,C,D,0,,,,,Y,,D,22,0,0,3,0,0,0,0,0,0,"- ","- ",36.327159881591797,-119.22590637207031,TULARE,UNINCORPORATED,-119.22579193115234,36.327201843261719
94874653,2025,2025-10-06,9480,2025-08-24,"435 ",021682,,7,3,9,5400,0,3,5,,2,003,"TAGUS RD","ROAD 92B",0.00,,Y,A,-,N,,,,,,,,,,N,3,0,1,1,A,-,01,23152,A,N,F,A,A,A,H,-,D,D,0,,,,,Y,Y,A,07,0,1,0,0,0,0,0,0,0,"- ","- ",36.264640808105469,-119.36702728271484,TULARE,UNINCORPORATED,-119.36659240722656,36.264247894287109
94876769,2025,2025-10-07,9481,2025-10-04,"120 ",023401,,6,3,9,5400,0,3,5,,2,030,"AVENUE 128","ROAD 224",182.00,E,N,A,-,N,,,,,,,,,,Y,3,0,2,2,A,-,01,23152,A,N,C,2,A,A,H,-,D,D,0,,,,,Y,Y,A,07,0,2,0,0,0,0,0,0,0,"- ","- ",36.022300720214844,-119.07035827636719,TULARE,UNINCORPORATED,-119.07037353515625,36.022308349609375
94876911,2025,2025-10-07,9480,2025-09-16,1735,019186,,2,2,9,5400,0,1,3,,1,044,"SIERRA DR","EGGERS ROAD",75.00,E,N,A,-,Y,TUL,,198," "," ",38.947,H,,R,Y,4,0,1,1,A,-,01,23152,A,N,E,I,A,A,H,-,A,D,0,,,,,Y,Y,A,01,0,0,1,0,0,0,0,0,0,"- ","- ",36.44403076171875,-118.90290069580078,TULARE,UNINCORPORATED,-118.90297698974609,36.444065093994141
94879470,2025,2025-10-09,9481,2025-10-08,"648 ",016776,,3,1,9,5400,0,3,5,,2,010,"ROAD 188","AVENUE 208",0.00,,Y,A,-,N,,,,,,,,,,Y,4,0,1,2,A,-,09,21802,A,N,D,C,A,A,H,-,A,A,0,,,,,Y,,A,07,0,0,1,0,0,0,0,0,0,"- ","- ",36.167240142822266,-119.15287780761719,TULARE,UNINCORPORATED,-119.15283966064453,36.167236328125
94880218,2025,2025-10-09,9481,2025-10-09,"645 ",020917,,4,1,9,5400,0,3,5,,2,030,"ROAD 184","AVENUE 128",0.00,,Y,A,-,N,,,,,,,,,,N,4,0,1,2,A,-,09,21802,A,F,D,C,A,A,H,-,B,A,0,,,,,Y,,D,22,0,0,1,0,0,0,0,0,0,"- ","- ",36.022468566894531,-119.1614990234375,TULARE,UNINCORPORATED,-119.1614990234375,36.022438049316406
94883718,2025,2025-10-13,9480,2025-10-02,1615,021682,,4,2,9,5400,0,1,3,,2,093,"SR-99 N/B","AVENUE 184",5280.00,S,N,A,-,Y,TUL,,99," "," ",22.506,H,,R,N,4,0,1,2,A,-,07,21658,A,N,C,C,A,A,H,-,A,D,0,,,,,Y,,D,22,0,0,1,0,0,0,0,0,0,"- ","- ",36.109268188476562,-119.32337188720703,TULARE,UNINCORPORATED,-119.32341003417969,36.109268188476562
94883724,2025,2025-10-13,9481,2025-10-01,"617 ",018029,,3,1,9,5400,0,3,5,,2,030,"AVENUE 24","ROAD 152",0.00,,Y,A,-,N,,,,,,,,,,Y,3,0,1,2,A,-,09,21801,A,N,D,C,A,A,H,-,B,D,0,,,,Y,Y,,A,07,0,1,0,0,0,0,0,0,0,"- ","- ",35.833938598632812,-119.23246765136719,TULARE,UNINCORPORATED,-119.23246765136719,35.833950042724609
94883737,2025,2025-10-13,9480,2025-10-04,1340,019932,,6,1,9,5400,0,1,3,,1,064,"SR-198 E/B","SR-65 (ROAD 196)",80.00,W,N,A,-,Y,TUL,,198," ",R,18.732,H,,R,N,4,0,2,2,A,-,21,22106,,N,C,C,A,A,H,-,A,A,0,,,,,Y,,A,07,0,0,2,0,0,0,0,0,0,"- ","- ",36.326148986816406,-119.13540649414062,TULARE,UNINCORPORATED,-119.13540649414062,36.326126098632812
94885884,2025,2025-10-14,9481,2025-09-23,1625,018029,,2,2,9,5400,0,1,3,,1,032,"SR-190 (AVENUE 144)","ROAD 160",60.00,W,N,A,-,Y,TUL,,190," "," ",5.437,H,,R,Y,2,0,1,2,A,-,03,22350,,N,C,C,A,A,A,-,A,D,0,,,Y,,Y,,C,02,1,0,0,0,0,0,0,0,1,"- ","- ",36.051361083984375,-119.21482086181641,TULARE,UNINCORPORATED,-119.21482086181641,36.051311492919922
94891420,2025,2025-10-17,9480,2025-10-09,"159 ",022819,,4,3,9,5400,0,3,5,,2,004,"AVENUE 368","ROAD 132",2640.00,W,N,A,-,N,,,,,,,,,,Y,3,0,1,1,A,-,08,22107,,N,E,I,A,A,H,-,D,D,0,,,,,Y,,J,48,0,1,0,0,0,0,0,0,0,"- ","- ",36.457630157470703,-119.28701019287109,TULARE,UNINCORPORATED,-119.28656768798828,36.457637786865234
94893702,2025,2025-10-20,9480,2025-10-06,"724 ",018861,,1,1,4,5406,0,1,3,,1,020,"STATE ROUTE 201","ROAD 48",1951.00,W,N,A,-,Y,TUL,,201," "," ",3.569,H,,R,N,3,0,2,2,A,-,09,21804,A,N,D,C,A,A,H,-,A,D,0,,,,,Y,,A,07,0,2,0,0,0,0,0,0,0,"- ","- ",36.517528533935547,-119.47337341308594,TULARE,TULARE,-119.47337341308594,36.517559051513672
94893890,2025,2025-10-20,9481,2025-10-03,"10  ",022423,,5,3,9,5400,0,2,4,,2,052,"RESERVATION ROAD (MTN 137)","POTHOLE ROAD",450.00,W,N,B,C,N,,,,,,,,,,Y,2,0,1,1,A,-,03,22350,,N,E,I,A,B,H,-,D,D,0,,,,,Y,,A,07,1,0,0,0,0,0,0,0,0,"- ","- ",36.030899047851562,-118.88165283203125,TULARE,UNINCORPORATED,-118.88151550292969,36.030967712402344
94894128,2025,2025-11-13,9480,2025-10-06,2155,021370,,1,2,9,5400,0,1,3,,2,093,"STATE ROUTE 99 SOUTHBOUND","AVENUE 152",2640.00,N,N,A,-,Y,TUL,,99," "," ",20.193,H,,L,Y,3,0,1,2,A,-,01,23152,A,N,C,C,A,A,H,-,D,D,0,,,,,Y,Y,A,01,0,1,0,0,0,0,0,0,0,"- ","- ",36.076038360595703,-119.31819915771484,TULARE,UNINCORPORATED,-119.31824493408203,36.076034545898438
94894146,2025,2025-10-20,9480,2025-10-05,2350,022728,,7,3,9,5400,0,1,3,,1,034,"SR-198 W/B",SR-99,158.00,E,N,A,-,Y,TUL,,198," ",R,3.977,H,,L,N,3,0,1,1,A,-,08,22107,,N,F,A,A,A,H,-,D,D,0,,,,,Y,,A,01,0,1,0,0,0,0,0,0,0,"- ","- ",36.327930450439453,-119.4046630859375,TULARE,UNINCORPORATED,-119.40459442138672,36.328060150146484
94894706,2025,2025-10-20,9481,2025-10-15,"800 ",020917,,3,1,9,5400,0,3,5,,2,010,"AVENUE 168","ROAD 168",840.00,E,N,A,-,N,,,,,,,,,,Y,4,0,4,2,A,-,09,21804,A,N,D,C,A,A,H,-,A,D,0,,,,,Y,,A,07,0,0,4,0,0,0,0,0,0,"- ","- ",36.094669342041016,-119.19384002685547,TULARE,UNINCORPORATED,-119.19389343261719,36.094642639160156
94895782,2025,2025-10-21,9481,2025-10-07,1755,021234,,2,2,9,5400,0,1,3,,1,053,"STATE ROUTE 190","ROAD 284",274.00,W,N,A,-,Y,TUL,,190," "," ",21.023,H,,R,Y,2,0,1,1,A,-,01,23152,A,N,E,I,A,A,H,-,A,D,0,,,,,Y,Y,A,07,1,0,0,0,0,0,0,0,0,"- ","- ",36.047588348388672,-118.93860626220703,TULARE,UNINCORPORATED,-118.93860626220703,36.04754638671875
94896513,2025,2025-10-21,9480,2025-10-14,"635 ",017713,,2,1,9,5400,0,1,3,,1,064,"SR-198 W/B","RD. 156",930.00,E,N,C,-,Y,TUL,,198," ",R,13.930,H,,L,Y,3,0,1,1,A,-,03,22350,,N,F,A,A,B,H,-,D,D,0,,,,,Y,,A,01,0,1,0,0,0,0,0,0,0,"- ","- ",36.326801300048828,-119.22148895263672,TULARE,UNINCORPORATED,-119.22148132324219,36.326740264892578
94897819,2025,2025-10-22,9480,2025-10-14,1610,017713,,2,2,9,5400,0,3,5,,2,002,"RD. 144","AVE. 400",950.00,S,N,C,F,N,,,,,,,,,,Y,3,0,1,1,A,-,03,22350,,N,E,I,A,B,H,-,A,D,0,,,,,Y,,A,01,0,1,0,0,0,0,0,0,0,"- ","- ",36.512420654296875,-119.25076293945312,TULARE,UNINCORPORATED,-119.25069427490234,36.512592315673828
94899388,2025,2025-10-23,9480,2025-10-16,"716 ",019543,,4,1,9,5400,0,3,5,,2,004,"RD 196","AVE 336",0.00,,Y,A,-,N,,,,,,,,,,N,4,0,1,2,A,-,12,22450,A,N,D,C,A,B,H,-,A,A,0,,,,,Y,,D,22,0,0,1,0,0,0,0,0,0,"- ","- ",36.399349212646484,-119.13526916503906,TULARE,UNINCORPORATED,-119.13533020019531,36.399322509765625
94899393,2025,2025-10-23,9480,2025-10-16,"745 ",016240,,4,1,9,5400,0,3,5,,2,002,"AVENUE 432","ROAD 104",13.00,W,N,E,-,N,,,,,,,,,,Y,4,0,1,1,A,-,03,22350,,N,E,I,A,B,H,-,A,D,0,,,,,Y,,A,01,0,0,1,0,0,0,0,0,0,"- ","- ",36.574161529541016,-119.34111785888672,TULARE,UNINCORPORATED,,
94899407,2025,2025-10-23,9481,2025-10-12,1825,021234,,7,2,9,5400,0,1,3,,1,037,"STATE ROUTE 65","AVENUE 112",0.00,,Y,A,-,Y,TUL,,65," ",R,14.070,H,,R,Y,2,0,2,2,A,-,09,21802,A,N,D,C,A,A,H,-,C,A,0,,,,,Y,,A,01,1,0,1,0,0,0,0,0,0,"- ","- ",35.993190765380859,-119.04608154296875,TULARE,UNINCORPORATED,-119.04611206054688,35.993202209472656
94900059,2025,2025-10-24,9480,2025-09-28,2345,019186,,7,3,9,5400,0,1,3,,2,091,SR-99,"MERRITT DRIVE",2710.00,S,N,A,-,Y,TUL,,99," "," ",48.175,H,,R,Y,4,0,1,1,A,-,01,23152,A,N,E,I,A,A,H,-,D,D,0,,,,,Y,Y,D,22,0,0,1,0,0,0,0,0,0,"- ","- ",36.446151733398438,-119.48477935791016,TULARE,UNINCORPORATED,-119.48468780517578,36.446212768554688
94903989,2025,2025-10-28,9481,2025-10-18,2245,022793,,6,3,9,5400,0,3,5,,2,030,"AVENUE 88","ROAD 176",207.00,W,N,A,-,N,,,,,,,,,,Y,3,0,1,1,A,-,01,23152,A,N,E,I,A,A,H,-,D,D,0,,,,,Y,Y,A,07,0,1,0,0,0,0,0,0,0,"- ","- ",35.950019836425781,-119.18036651611328,TULARE,UNINCORPORATED,-119.18030548095703,35.949977874755859
94905436,2025,2025-10-28,9480,2025-10-11,1726,023631,,6,2,9,5400,0,1,3,,2,095,"STATE ROUTE 99","AVENUE 76",3177.00,S,N,A,-,Y,TUL,,99," "," ",9.122,H,,R,Y,4,0,1,2,A,-,08,22107,,N,B,C,A,A,H,-,A,D,0,,,,Y,Y,,A,01,0,0,1,0,0,0,0,0,0,"- ","- ",35.919330596923828,-119.2822265625,TULARE,UNINCORPORATED,-119.28196716308594,35.919338226318359
94905528,2025,2025-10-28,9480,2025-10-14,"945 ",018861,,2,1,9,5400,0,3,5,,2,001,"ROAD 80","AVENUE 328",844.00,S,N,B,C,N,,,,,,,,,,N,3,0,1,1,A,-,08,22107,,N,E,I,A,B,H,-,A,D,0,,,,,Y,,D,22,0,1,0,0,0,0,0,0,0,"- ","- ",36.383041381835938,-119.39492034912109,TULARE,UNINCORPORATED,-119.39474487304688,36.383045196533203
94906180,2025,2025-10-29,9481,2025-10-26,1723,016776,,7,2,9,5400,0,3,5,,2,030,"ROAD 216","AVENUE 136",0.00,,Y,B,-,N,,,,,,,,,,Y,4,0,3,2,A,-,12,22450,A,N,D,2,A,A,H,-,A,A,0,,,,,Y,,A,01,0,0,3,0,0,0,0,0,0,"- ","- ",36.036708831787109,-119.08902740478516,TULARE,UNINCORPORATED,-119.08901977539062,36.036693572998047
94906217,2025,2025-10-29,9481,2025-10-24,1919,022338,,5,2,9,5400,0,3,5,,2,050,"MOUNTAIN 56 (HOT SPRINGS ROAD)","MOUNTAIN 109 (OLD STAGE ROAD)",4066.00,E,N,A,-,N,,,,,,,,,,Y,4,0,1,1,A,-,08,22107,,N,F,A,A,A,H,-,D,D,0,,,,,Y,,D,22,0,0,1,0,0,0,0,0,0,"- ","- ",35.893440246582031,-118.90447235107422,TULARE,UNINCORPORATED,,
94906342,2025,2025-10-29,9481,2025-09-30,"605 ",020238,,2,1,9,5400,0,3,5,,2,010,"AVENUE 160","ELM STREET",93.00,E,N,A,-,N,,,,,,,,,,Y,1,1,1,2,A,-,09,21802,A,N,F,A,A,A,H,-,D,A,0,,,Y,,Y,,D,22,0,0,1,0,0,0,0,1,0,"- ","- ",36.080379486083984,-119.14523315429688,TULARE,UNINCORPORATED,-119.14524841308594,36.080345153808594
94907278,2025,2025-10-29,9481,2025-10-28,"410 ",020784,,2,3,9,5400,0,3,5,,2,020,"AVENUE 226","ROAD 236",200.00,W,N,A,-,N,,,,,,,,,,Y,4,0,1,1,A,-,08,22107,,N,E,I,A,A,H,-,D,D,0,,,,,Y,,A,01,0,0,1,0,0,0,0,0,0,"- ","- ",36.19989013671875,-119.047119140625,TULARE,UNINCORPORATED,-119.04637908935547,36.199939727783203
94907992,2025,2025-11-13,9480,2025-10-17,"403 ",019828,,5,3,9,5400,0,1,3,,1,010,SR-201,"RD. 48",0.00,,Y,A,-,Y,TUL,,201," "," ",3.939,H,,R,Y,4,0,1,2,A,-,09,21802,A,N,D,C,A,A,H,-,D,D,0,,,,,Y,,A,07,0,0,1,0,0,0,0,0,0,"- ","- ",36.517501831054688,-119.46672058105469,TULARE,UNINCORPORATED,-119.46672058105469,36.51751708984375
94908041,2025,2025-10-30,9481,2025-10-28,"647 ",016776,,2,1,9,5400,0,3,5,,2,030,"ROAD 192","AVENUE 96",0.00,,Y,E,-,N,,,,,,,,,,Y,4,0,1,3,A,-,03,22350,,N,C,C,A,B,H,-,B,D,0,,,,,Y,,B,01,0,0,1,0,0,0,0,0,0,"- ","- ",35.964309692382812,-119.14312744140625,TULARE,UNINCORPORATED,-119.14318084716797,35.963344573974609
94908077,2025,2025-10-30,9480,2025-10-22,"621 ",018204,,3,1,9,5400,0,3,5,,2,003,"AVE 216","RD 56",875.00,E,N,B,-,N,,,,,,,,,,N,4,0,1,2,A,-,02,22400,A,N,C,C,A,A,H,-,D,D,0,,,,,Y,,M,46,0,0,1,0,0,0,0,0,0,"- ","- ",36.181331634521484,-119.44547271728516,TULARE,UNINCORPORATED,-119.44530487060547,36.181308746337891
94909101,2025,2025-10-30,9480,2025-10-14,1628,018861,,2,2,9,5400,0,3,5,,2,002,"ROAD 96","AVENUE 412",0.00,,Y,B,C,N,,,,,,,,,,N,3,0,3,2,A,-,09,21802,A,N,D,C,A,B,H,-,A,D,0,,,,,Y,,A,07,0,2,1,0,0,0,0,0,0,"- ","- ",36.538341522216797,-119.35865020751953,TULARE,UNINCORPORATED,-119.358642578125,36.538299560546875
94909299,2025,2025-10-31,9480,2025-10-22,1150,021589,,3,1,9,5400,0,1,3,,1,021,SR-63,"AVE 392",15.00,N,N,B,-,Y,TUL,,63," "," ",20.572,H,,R,N,4,0,2,2,A,-,03,22350,,N,C,C,A,B,H,-,A,D,0,,,,,Y,,A,01,0,0,2,0,0,0,0,0,0,"- ","- ",36.501308441162109,-119.28665161132812,TULARE,UNINCORPORATED,-119.28665924072266,36.501308441162109
94911321,2025,2025-11-03,9480,2025-10-10,1500,016723,,5,2,9,5400,0,3,5,,2,002,"ACEVES AVENUE","WILMA STREET",121.00,W,N,A,-,N,,,,,,,,,,Y,2,0,1,2,C,-,18,,,N,B,C,A,A,H,-,A,D,0,,,,,Y,,-,"- ",1,0,0,0,0,0,0,0,0,"- ","- ",36.537258148193359,-119.30245208740234,TULARE,UNINCORPORATED,-119.30229949951172,36.537212371826172
94913095,2025,2025-11-05,9480,2025-10-27,1140,016995,,1,1,9,5400,0,3,5,,2,001,"CAMP DR","ELDER AVE",250.00,S,N,B,-,N,,,,,,,,,,Y,4,0,1,2,A,-,09,21801,A,N,A,C,A,A,H,-,A,D,0,,,,,Y,,A,01,0,0,1,0,0,0,0,0,0,"- ","- ",36.350849151611328,-119.41985321044922,TULARE,UNINCORPORATED,-119.41996765136719,36.350963592529297
94913138,2025,2025-11-13,9480,2025-10-27,1430,016995,,1,2,9,5400,0,1,3,,1,010,"STATE ROUTE 201 (AVE 400)","ROAD 74",0.00,,Y,B,-,Y,TUL,,201," "," ",7.190,H,,R,Y,4,0,3,2,A,-,09,21802,A,N,D,C,A,A,H,-,A,A,0,,,,,Y,,A,01,0,0,3,0,0,0,0,0,0,"- ","- ",36.517070770263672,-119.40836334228516,TULARE,UNINCORPORATED,-119.40836334228516,36.517055511474609
94913859,2025,2025-11-06,9480,2025-10-29,"555 ",020367,,3,3,9,5400,0,1,3,,2,095,"SR-99 S/B","WASHINGTON AVE.",103.00,N,N,A,-,Y,TUL,,99," "," ",6.646,H,,L,N,4,0,1,2,A,-,03,22350,,N,C,C,A,A,D,E,C,D,0,,,,,Y,,A,01,0,0,1,0,0,0,0,0,0,"- ","- ",35.884510040283203,-119.27223205566406,TULARE,UNINCORPORATED,-119.27227020263672,35.884502410888672
94914047,2025,2025-11-06,9481,2025-10-31,1555,020917,,5,2,9,5400,0,1,3,,1,012,"STATE ROUTE 65","AVENUE 208",0.00,,Y,A,-,Y,TUL,,65," "," ",26.735,H,,R,Y,4,0,1,2,A,-,09,21802,A,N,D,C,A,A,H,-,A,A,0,,,,,Y,,A,01,0,0,1,0,0,0,0,0,0,"- ","- ",36.167301177978516,-119.08302307128906,TULARE,UNINCORPORATED,-119.08298492431641,36.167308807373047
94915623,2025,2025-11-07,9480,2025-10-14,2000,022131,,2,2,9,5400,0,3,5,,2,005,"N PARK DRIVE","HOWARD AVE",600.00,N,N,B,-,N,,,,,,,,,,Y,2,0,3,2,A,-,05,21650,,N,A,C,A,B,H,-,C,D,0,,,,,Y,,A,01,1,2,0,0,0,0,0,0,0,"- ","- ",35.978679656982422,-119.29508209228516,TULARE,UNINCORPORATED,-119.29375457763672,35.974536895751953
94917226,2025,2025-11-10,9480,2025-10-29,1554,016723,,3,2,9,5400,0,1,3,,2,093,"STATE ROUTE 99 NORTHBOUND","AVENUE 280",1848.00,N,N,A,-,Y,TUL,,99," "," ",36.762,H,,R,Y,4,0,1,2,A,-,07,21658,A,N,B,C,A,A,H,-,A,D,0,,,,,Y,,A,01,0,0,1,0,0,0,0,0,0,"- ","- ",36.302410125732422,-119.38806915283203,TULARE,UNINCORPORATED,-119.38809204101562,36.302398681640625
94917227,2025,2025-11-10,9481,2025-11-03,"815 ",020238,,1,1,9,5400,0,2,4,,1,021,"ROAD 224 (FOOTHILL AVENUE)","AVENUE 224 (LINDMORE STREET)",0.00,,Y,A,-,N,,,,,,,,,,Y,4,0,1,2,A,-,12,22450,A,N,D,C,A,A,H,-,A,A,0,,,,,Y,,D,22,0,0,1,0,0,0,0,0,0,"- ","- ",36.1962890625,-119.07319641113281,TULARE,UNINCORPORATED,-119.07316589355469,36.196262359619141
94917313,2025,2025-11-10,9480,2025-10-29,2025,022173,,3,2,9,5400,0,1,3,,2,093,"SR-99 SOUTHBOUND","PROSPERITY AVE",500.00,N,N,A,-,Y,TUL,,99," "," ",30.476,H,,L,N,4,0,1,2,A,-,03,22350,,N,C,C,A,A,C,-,D,D,0,,,,,Y,,A,01,0,0,1,0,0,0,0,0,0,"- ","- ",36.223129272460938,-119.33316040039062,TULARE,UNINCORPORATED,-119.33316802978516,36.223125457763672
94917622,2025,2025-11-10,9480,2025-10-30,"620 ",021682,,4,1,9,5400,0,1,3,,1,051,"SR-43 (CENTRAL VALLEY HWY)","AVENUE 56",0.00,,Y,A,-,Y,TUL,,43," "," ",7.760,H,,R,Y,3,0,2,2,A,-,09,21802,A,N,D,C,A,A,H,-,B,D,0,,,,,Y,,A,07,0,2,0,0,0,0,0,0,0,"- ","- ",35.891361236572266,-119.40538024902344,TULARE,UNINCORPORATED,-119.40534973144531,35.891376495361328
94919383,2025,2025-11-11,9481,2025-10-18,"154 ",022338,,6,3,9,5400,0,3,5,,2,020,"MOUNTAIN 178","AVENUE 176",556.00,N,N,A,-,N,,,,,,,,,,Y,2,0,1,1,A,-,01,23152,A,M,E,I,A,A,H,-,D,D,0,,,,,Y,Y,A,01,1,0,0,0,0,0,0,0,0,"- ","- ",36.109951019287109,-118.95372009277344,TULARE,UNINCORPORATED,,
94919663,2025,2025-11-11,9480,2025-11-04,2321,018521,,2,3,9,5400,0,3,5,,2,002,"AVE 416","RD 112",697.00,W,N,A,-,N,,,,,,,,,,N,3,0,1,1,A,-,01,23152,F,N,E,I,A,A,H,-,D,D,0,,,,,Y,,A,07,0,1,0,0,0,0,0,0,0,"- ","- ",36.545211791992188,-119.32430267333984,TULARE,UNINCORPORATED,,
94920051,2025,2025-11-11,9480,2025-10-22,1840,017452,,3,2,9,5400,0,3,5,,2,001,"ROAD 56","AVENUE 392",2534.00,S,N,A,-,N,,,,,,,,,,Y,3,0,2,2,A,-,05,21650,,F,B,C,A,A,H,-,D,D,0,,,,,Y,Y,A,01,0,2,0,0,0,0,0,0,0,"- ","- ",36.495830535888672,-119.44879150390625,TULARE,UNINCORPORATED,-119.44877624511719,36.495914459228516
94922961,2025,2025-11-12,9481,2025-10-29,"605 ",020238,,3,1,9,5400,0,2,4,,1,011,"AVENUE 192","ROAD 192",0.00,,Y,A,-,N,,,,,,,,,,Y,4,0,2,2,A,-,01,23152,A,N,D,C,A,A,H,-,C,A,0,,,,,Y,Y,A,01,0,0,2,0,0,0,0,0,0,"- ","- ",36.138309478759766,-119.1431884765625,TULARE,UNINCORPORATED,-119.14317321777344,36.138294219970703
94923308,2025,2025-11-12,9480,2025-11-01,"220 ",022868,,6,3,9,5400,0,3,5,,2,006,"SPRUCE AVE","AVENUE 237",119.00,S,N,A,-,N,,,,,,,,,,Y,4,0,1,1,A,-,01,23152,A,N,E,I,A,A,H,-,D,D,0,,,,,Y,,A,07,0,0,1,0,0,0,0,0,0,"- ","- ",36.219108581542969,-119.11846160888672,TULARE,UNINCORPORATED,-119.11841583251953,36.219272613525391
94923462,2025,2025-11-12,9480,2025-10-04,"939 ",019543,,6,1,9,5400,0,3,5,,2,004,"AVENUE 320","ROAD 132",0.00,,Y,A,-,N,,,,,,,,,,Y,1,2,1,2,A,-,12,22450,A,N,D,C,A,A,H,-,A,A,0,,,,,Y,,A,01,1,0,0,0,0,0,0,0,0,"- ","- ",36.3709716796875,-119.27880096435547,TULARE,UNINCORPORATED,-119.27877044677734,36.3709716796875
94924926,2025,2025-11-12,9481,2025-11-04,"340 ",021234,,2,3,9,5400,0,1,3,,1,037,"STATE ROUTE 65","AVENUE 80",1901.00,S,N,A,-,Y,TUL,,65," ",R,9.620,H,,R,Y,3,0,1,1,A,-,08,22107,,N,F,I,A,A,H,-,D,D,0,,,,,Y,,A,01,0,1,0,0,0,0,0,0,0,"- ","- ",35.929950714111328,-119.05368804931641,TULARE,UNINCORPORATED,-119.05362701416016,35.929950714111328