CASE_ID,ACCIDENT_YEAR,PROC_DATE,JURIS,COLLISION_DATE,COLLISION_TIME,OFFICER_ID,REPORTING_DISTRICT,DAY_OF_WEEK,CHP_SHIFT,POPULATION,CNTY_CITY_LOC,SPECIAL_COND,BEAT_TYPE,CHP_BEAT_TYPE,CITY_DIVISION_LAPD,CHP_BEAT_CLASS,BEAT_NUMBER,PRIMARY_RD,SECONDARY_RD,DISTANCE,DIRECTION,INTERSECTION,WEATHER_1,WEATHER_2,STATE_HWY_IND,CALTRANS_COUNTY,CALTRANS_DISTRICT,STATE_ROUTE,ROUTE_SUFFIX,POSTMILE_PREFIX,POSTMILE,LOCATION_TYPE,RAMP_INTERSECTION,SIDE_OF_HWY,TOW_AWAY,COLLISION_SEVERITY,NUMBER_KILLED,NUMBER_INJURED,PARTY_COUNT,PRIMARY_COLL_FACTOR,PCF_CODE_OF_VIOL,PCF_VIOL_CATEGORY,PCF_VIOLATION,PCF_VIOL_SUBSECTION,HIT_AND_RUN,TYPE_OF_COLLISION,MVIW,PED_ACTION,ROAD_SURFACE,ROAD_COND_1,ROAD_COND_2,LIGHTING,CONTROL_DEVICE,CHP_ROAD_TYPE,PEDESTRIAN_ACCIDENT,BICYCLE_ACCIDENT,MOTORCYCLE_ACCIDENT,TRUCK_ACCIDENT,NOT_PRIVATE_PROPERTY,ALCOHOL_INVOLVED,STWD_VEHTYPE_AT_FAULT,CHP_VEHTYPE_AT_FAULT,COUNT_SEVERE_INJ,COUNT_VISIBLE_INJ,COUNT_COMPLAINT_PAIN,COUNT_PED_KILLED,COUNT_PED_INJURED,COUNT_BICYCLIST_KILLED,COUNT_BICYCLIST_INJURED,COUNT_MC_KILLED,COUNT_MC_INJURED,PRIMARY_RAMP,SECONDARY_RAMP,LATITUDE,LONGITUDE,COUNTY,CITY,POINT_X,POINT_Y
9560216,2023,2023-04-10,5407,2023-02-28,"833 ",12176,480,2,5,5,5407,0,0,0,,0,026,"E HOUSTON AV","N BRIDGE ST",0.00,,Y,A,-,N,,,,,,,,,,N,3,0,1,2,A,-,09,21802,A,N,H,G,A,A,H,-,A,A,0,,Y,,,Y,,A,07,0,1,0,0,0,0,1,0,0,"- ","- ",36.34490966796875,-119.25213623046875,TULARE,VISALIA,-119.28909301757812,36.3419189453125
9560488,2023,2023-03-28,5407,2023-01-31,1843,A327,480,2,5,5,5407,0,0,0,,0,026,"N COURT ST","E BUENA VISTA AV",177.00,S,N,A,-,N,,,,,,,,,,N,3,0,2,3,A,-,11,21954,A,N,G,B,D,A,H,-,C,A,0,Y,,,,Y,,N,60,0,1,1,0,2,0,0,0,0,"- ","- ",36.345981597900391,-119.29251861572266,TULARE,VISALIA,-119.29246520996094,36.34637451171875
9560489,2023,2023-03-30,5407,2023-01-30,1433,A348,480,1,5,5,5407,0,0,0,,0,034,"W CALDWELL","S WEST ST",0.00,,Y,A,-,N,,,,,,,,,,Y,3,0,2,2,A,-,12,21453,A,N,D,C,A,A,H,-,A,A,0,,,,,Y,,A,01,0,2,0,0,0,0,0,0,0,"- ","- ",36.298191070556641,-119.29596710205078,TULARE,VISALIA,-119.29598999023438,36.298160552978516
9560815,2022,2023-03-22,5407,2022-12-27,1816,A348,480,2,5,5,5407,0,0,0,,0,025,"W MINERAL KING","S CONYER",0.00,,Y,C,-,N,,,,,,,,,,N,3,0,1,2,A,-,10,21950,A,F,G,B,B,B,H,-,A,A,0,Y,,,,Y,,A,01,0,1,0,0,1,0,0,0,0,"- ","- ",36.315528869628906,-119.306640625,TULARE,VISALIA,-119.30107116699219,36.327365875244141
9564754,2023,2023-05-11,5405,2023-04-05,1337,303,SEC3,3,5,4,5405,0,0,0,,0,,"JAYE ST","VANDALIA AV",0.00,,Y,A,-,N,,,,,,,,,,Y,4,0,3,2,A,-,12,21453,A,N,D,C,A,A,H,-,A,A,0,,,,,Y,,A,07,0,0,3,0,0,0,0,0,0,"- ","- ",,,TULARE,PORTERVILLE,-119.02622985839844,36.053512573242188
9564755,2023,2023-05-11,5405,2023-04-01,1048,301,SEC1,6,5,4,5405,0,0,0,,0,001,"NEWCOMB ST","PIONEER AV",0.00,,Y,A,-,N,,,,,,,,,,Y,3,0,2,2,A,-,09,21802,A,N,D,C,A,A,H,-,A,A,0,,,,,Y,,A,01,0,2,0,0,0,0,0,0,0,"- ","- ",36.091190338134766,-119.05287170410156,TULARE,PORTERVILLE,-119.05289459228516,36.091205596923828
9565506,2023,2023-06-05,5405,2023-04-18,1515,304,SEC2,2,5,4,5405,0,0,0,,0,,"2ND ST","MORTON AV",21.00,S,N,A,-,N,,,,,,,,,,Y,4,0,1,2,A,-,12,21453,A,N,D,C,A,A,H,-,A,A,0,,,,,Y,,A,01,0,0,1,0,0,0,0,0,0,"- ","- ",36.073040008544922,-119.01509857177734,TULARE,PORTERVILLE,-119.01515197753906,36.073020935058594
9565721,2023,2023-06-01,5407,2023-04-17,2041,2451,480,1,5,5,5407,0,0,0,,0,011,"N DEMAREE ST",HOUSTON,0.00,,Y,A,-,N,,,,,,,,,,Y,2,0,1,2,A,-,01,23152,A,N,D,C,A,A,H,-,C,A,0,,,,,Y,Y,A,01,1,0,0,0,0,0,0,0,0,"- ","- ",36.341888427734375,-119.33196258544922,TULARE,VISALIA,-119.33197784423828,36.341911315917969
9566884,2023,2023-05-31,5405,2023-04-24,1440,298,SEC3,1,5,4,5405,0,0,0,,0,SEC3,"PLANO ST","DATE AV",174.00,S,N,A,-,N,,,,,,,,,,N,4,0,1,2,A,-,03,22350,,N,C,C,A,A,H,-,A,A,0,,,,,Y,,A,01,0,0,1,0,0,0,0,0,0,"- ","- ",36.057918548583984,-119.00779724121094,TULARE,PORTERVILLE,-119.00782012939453,36.058021545410156
9566885,2023,2023-05-31,5405,2023-04-25,"253 ",304,SEC4,2,5,4,5405,0,0,0,,0,,"WESTWOOD ST","SCRANTON AV",1665.00,N,N,A,-,N,,,,,,,,,,Y,3,0,1,1,A,-,07,21658,A,N,F,A,A,A,H,-,D,D,0,,,,,Y,,A,07,0,1,0,0,0,0,0,0,0,"- ","- ",36.036811828613281,-119.07084655761719,TULARE,PORTERVILLE,-119.07088470458984,36.041366577148438
9566951,2023,2023-06-08,5407,2023-04-18,"544 ",A384,480,2,5,5,5407,0,0,0,,0,011,"N PLAZA DR",CROWLEY,50.00,S,N,A,-,N,,,,,,,,,,Y,4,0,1,2,A,-,04,21703,,N,C,C,A,A,H,-,B,A,0,,,,,Y,,-,"- ",0,0,1,0,0,0,0,0,0,"- ","- ",,,TULARE,VISALIA,-119.39103698730469,36.330707550048828
9566952,2023,2023-06-08,5407,2023-04-17,1743,12451,480,1,5,5,5407,0,0,0,,0,026,"N LOCUST ST","W SWEET AV",5.00,E,N,A,-,N,,,,,,,,,,Y,4,0,3,2,A,-,12,22450,A,N,F,C,A,A,H,-,A,D,0,,,,,Y,Y,A,01,0,0,3,0,0,0,0,0,0,"- ","- ",36.34307861328125,-119.29354858398438,TULARE,VISALIA,-119.29355621337891,36.343059539794922
9566954,2023,2023-06-08,5407,2023-04-26,"838 ",12531,480,3,5,5,5407,0,0,0,,0,025,"W MAIN ST","N WEST ST",0.00,,Y,A,-,N,,,,,,,,,,Y,4,0,1,2,A,-,12,21453,A,N,D,C,A,A,H,-,A,A,0,,,,,Y,,A,01,0,0,1,0,0,0,0,0,0,"- ","- ",36.330131530761719,-119.29660034179688,TULARE,VISALIA,-119.29660797119141,36.330154418945312
9568096,2023,2023-04-27,5405,2023-04-05,2205,268,SEC4,3,5,4,5405,0,0,0,,0,,"RT 65","TEAPOT DOME AV",42.00,S,N,A,-,Y,TUL,6,65,-,-,16.130,I,5,S,Y,2,0,1,3,A,-,11,21456,B,N,G,B,B,A,H,-,C,A,0,Y,,,,Y,,N,60,1,0,0,0,1,0,0,0,0,"- ","- ",36.022239685058594,-119.03981018066406,TULARE,PORTERVILLE,-119.03966522216797,36.022251129150391
9568135,2023,2023-04-27,5405,2023-03-25,1650,301,SEC1,6,5,4,5405,0,0,0,,0,001,"RT 65","LINDA VISTA AV",0.00,,Y,A,-,Y,TUL,6,65,-,-,21.830,I,5,N,Y,3,0,1,3,A,-,09,21802,A,N,D,C,A,A,H,-,A,A,0,,,,,Y,,A,08,0,1,0,0,0,0,0,0,0,"- ","- ",,,TULARE,PORTERVILLE,-119.04294586181641,36.104347229003906
9578383,2023,2023-05-16,5406,2023-04-16,1610,35,5406,7,5,4,5406,0,0,0,,0,0WS,INYO,D,0.00,,Y,A,-,Y,TUL,6,137,-,-,14.900,I,5,W,N,2,0,1,2,A,-,09,21802,A,N,E,G,A,A,H,-,A,A,0,,Y,,,Y,,L,04,1,0,0,0,0,0,1,0,0,"- ","- ",,,TULARE,TULARE,-119.35533142089844,36.204025268554688
9578498,2023,2023-05-16,5406,2023-03-31,1347,136,5406,5,5,4,5406,0,0,0,,0,0AO,LASPINA,EASTBROOK,249.00,S,N,A,-,N,,,,,,,,,,N,3,0,1,2,A,-,05,21651,C,N,D,C,A,A,H,-,A,D,0,,,Y,,Y,,C,03,0,1,0,0,0,0,0,0,1,"- ","- ",,,TULARE,TULARE,-119.32212066650391,36.20556640625
9578805,2023,2023-05-24,5406,2023-03-30,1752,71,5406,4,5,4,5406,0,0,0,,0,0AO,BARDSLEY,BLACKSTONE,0.00,,Y,A,-,N,,,,,,,,,,N,4,0,4,2,A,-,12,21453,A,N,D,C,A,A,H,-,A,A,0,,,,,Y,,A,08,0,0,4,0,0,0,0,0,0,"- ","- ",,,TULARE,TULARE,-119.33114624023438,36.196651458740234
9579383,2023,2023-05-11,5407,2023-03-24,1320,M292,480,5,5,5,5407,0,0,0,,0,N34,"E CALDWELL AV","EDISON ST",106.00,W,N,A,-,N,,,,,,,,,,Y,3,0,2,2,A,-,00,23103,A,F,C,C,A,A,H,-,A,A,0,,,,,Y,,D,22,0,2,0,0,0,0,0,0,0,"- ","- ",36.298149108886719,-119.27848052978516,TULARE,VISALIA,,
9579384,2023,2023-05-16,5407,2023-04-11,1539,C59,480,2,5,5,5407,0,0,0,,0,,"W FEEMSTER AV","S WATSON ST",0.00,,Y,A,-,N,,,,,,,,,,N,4,0,1,2,A,-,"- ",,,N,G,B,E,A,H,-,A,A,0,Y,,,,Y,,N,60,0,0,1,0,1,0,0,0,0,"- ","- ",36.317390441894531,-119.29589080810547,TULARE,VISALIA,-119.29590606689453,36.317401885986328
9579546,2023,2023-05-16,5407,2023-03-26,1935,12517,480,7,5,5,5407,0,0,0,,0,012,"S CHINOWITH ST","W DOROTHEA AV",0.00,,Y,A,-,N,,,,,,,,,,Y,3,0,2,2,A,-,03,22350,,N,C,C,A,A,H,-,C,A,0,,,,,Y,,A,08,0,2,0,0,0,0,0,0,0,"- ","- ",,,TULARE,VISALIA,-119.33602905273438,36.302364349365234
9580490,2023,2023-06-08,5405,2023-05-20,1947,236,SEC3,6,5,4,5405,0,0,0,,0,,"ALAMO CT","RIO BONITO AV",1777.00,E,N,A,-,N,,,,,,,,,,Y,2,0,1,2,A,-,00,23136,,N,A,E,A,A,H,-,A,D,0,,,Y,,Y,Y,C,02,1,0,0,0,0,0,0,0,1,"- ","- ",36.057701110839844,-119.01178741455078,TULARE,PORTERVILLE,-119.01152038574219,36.057559967041016
9580511,2023,2023-06-13,5405,2023-05-23,1822,254,SEC1,2,5,4,5405,0,0,0,,0,,"HENDERSON AV","NEWCOMB ST",336.00,E,N,A,-,N,,,,,,,,,,Y,4,0,2,2,A,-,03,22350,,N,C,C,A,A,H,-,A,A,0,,,,,Y,,A,01,0,0,2,0,0,0,0,0,0,"- ","- ",36.080360412597656,-119.05287933349609,TULARE,PORTERVILLE,-119.05173492431641,36.080360412597656
9580513,2023,2023-06-13,5405,2023-05-19,1624,306,SEC3,5,5,4,5405,0,0,0,,0,,"PLANO ST","OLIVE AV",0.00,,Y,A,-,N,,,,,,,,,,Y,4,0,1,2,A,-,12,21453,A,N,D,C,A,A,H,-,A,A,0,,,Y,,Y,,A,01,0,0,1,0,0,0,0,0,1,"- ","- ",36.065128326416016,-119.00830841064453,TULARE,PORTERVILLE,-119.00831604003906,36.065097808837891
9580708,2023,2023-06-23,5405,2023-05-30,"829 ",254,SEC4,2,5,4,5405,0,0,0,,0,,"OLIVE AV","RT 65",0.00,,Y,A,-,Y,TUL,6,65,-,R,19.322,R,4,S,N,4,0,1,2,A,-,05,21650,1,F,D,G,A,A,H,-,A,A,0,,Y,,,Y,,L,04,0,0,1,0,0,0,1,0,0,"- ",SF,36.065959930419922,-119.03933715820312,TULARE,PORTERVILLE,-119.03957366943359,36.068454742431641
9580711,2023,2023-06-16,5405,2023-05-28,"216 ",293,SEC1,7,5,4,5405,0,0,0,,0,,"MORTON AV","WESTWOOD ST",22.00,E,N,A,-,N,,,,,,,,,,Y,4,0,1,2,A,-,01,23153,A,N,A,C,A,A,H,-,D,A,0,,,,,Y,Y,D,22,0,0,1,0,0,0,0,0,0,NO,"- ",36.072811126708984,-119.06996917724609,TULARE,PORTERVILLE,-119.07074737548828,36.073070526123047
9583623,2023,2023-07-21,5407,2023-06-21,"159 ",A3444,80,3,5,5,5407,0,0,0,,0,,"N KELSEY ST","HURLEY AV",600.00,S,N,A,-,N,,,,,,,,,,Y,4,0,1,1,A,-,05,21650,,N,F,A,A,A,G,-,D,D,0,,,,,Y,,A,01,0,0,1,0,0,0,0,0,0,"- ","- ",36.341968536376953,-119.38559722900391,TULARE,VISALIA,-119.38560485839844,36.332664489746094
9585006,2023,2023-05-25,5405,2023-04-28,1530,290,SEC1,5,5,4,5405,0,0,0,,0,SEC1,"WESTFIELD AV","PROSPECT ST",48.00,W,N,A,-,N,,,,,,,,,,Y,3,0,2,4,A,-,08,22107,,N,C,E,A,A,H,-,A,D,0,,,,,Y,,A,07,0,1,1,0,0,0,0,0,0,"- ","- ",36.087329864501953,-119.04527282714844,TULARE,PORTERVILLE,-119.04427337646484,36.087615966796875
9585521,2023,2023-06-05,5405,2023-05-16,"812 ",236,"SEC 2",2,5,4,5405,0,0,0,,0,,"MAIN ST","MULBERRY AV",384.00,N,N,A,-,N,,,,,,,,,,N,4,0,1,2,A,-,03,22350,,N,C,C,A,A,H,-,A,D,0,,,,,Y,,A,01,0,0,1,0,0,0,0,0,0,"- ","- ",36.084461212158203,-119.02413940429688,TULARE,PORTERVILLE,-119.02376556396484,36.084648132324219
9585523,2023,2023-06-05,5405,2023-05-13,"933 ",292,"SEC 4",6,5,4,5405,0,0,0,,0,,"OLIVE AV","RT 65",174.00,E,N,A,-,N,,,,,,,,,,Y,3,0,2,2,A,-,01,23153,G,N,C,C,A,A,H,-,A,A,0,,,,,Y,Y,A,07,0,2,0,0,0,0,0,0,0,"- ",SO,36.065959930419922,-119.03933715820312,TULARE,PORTERVILLE,-119.03887176513672,36.066024780273438
9587156,2023,2023-08-25,5404,2023-08-01,1414,674,,2,5,2,5404,0,0,0,,0,20L,MARIPOSA,WESTWOOD,0.00,,Y,A,-,N,,,,,,,,,,Y,4,0,4,2,A,-,09,21800,A,N,D,C,A,A,H,-,A,A,0,,,,,Y,,A,01,0,0,4,0,0,0,0,0,0,"- ","- ",,,TULARE,LINDSAY,-119.10013580322266,36.206901550292969
9588424,2023,2023-07-11,5405,2023-06-13,2147,169,,2,5,4,5405,0,0,0,,0,002,"PUTNAM AV","LARSON ST",66.00,W,N,A,-,N,,,,,,,,,,Y,4,0,1,3,A,-,01,23152,A,N,C,C,A,A,H,-,C,A,0,,,,,Y,Y,A,01,0,0,1,0,0,0,0,0,0,"- ","- ",36.069530487060547,-119.00608825683594,TULARE,PORTERVILLE,-119.00593566894531,36.069374084472656
9588625,2023,2023-06-15,5407,2023-05-18,1828,A371,480,4,5,5,5407,0,0,0,,0,033,"S COURT ST",TULARE,170.00,S,N,A,-,N,,,,,,,,,,N,4,0,1,2,A,-,03,22350,,F,C,C,A,A,H,-,A,A,0,,,,,Y,,-,,0,0,1,0,0,0,0,0,0,"- ","- ",36.320121765136719,-119.29218292236328,TULARE,VISALIA,-119.29209136962891,36.319633483886719
9588627,2023,2023-06-15,5407,2023-05-26,1305,M203,480,5,5,5,5407,0,0,0,,0,,"S WEST ST","W CALDWELL",0.00,,Y,A,-,N,,,,,,,,,,Y,3,0,2,2,A,-,09,21801,A,N,D,C,A,A,H,-,A,A,0,,,,,Y,,A,01,0,2,0,0,0,0,0,0,0,"- ","- ",36.298191070556641,-119.29596710205078,TULARE,VISALIA,-119.29598999023438,36.298160552978516
9589419,2023,2023-06-14,5404,2023-05-29,2224,680,,1,5,2,5404,0,0,0,,0,,ELMWOOD,FRAZIER,170.00,N,N,A,-,N,,,,,,,,,,Y,3,0,3,3,A,-,01,23152,A,N,H,E,A,A,H,-,C,D,0,,,,,Y,Y,-,,0,2,1,0,0,0,0,0,0,"- ","- ",,,TULARE,LINDSAY,-119.09223175048828,36.206623077392578
9589515,2023,2023-06-14,5407,2023-05-02,1507,A386,480,2,5,5,5407,0,0,0,,0,033,"S DOLLNER AV","W IRIS AV",15.00,N,N,A,-,N,,,,,,,,,,N,3,0,1,2,A,-,11,21950,B,N,G,B,D,A,H,-,A,D,0,Y,,,,Y,,A,01,0,1,0,0,1,0,0,0,0,"- ","- ",,,TULARE,VISALIA,-119.30764007568359,36.319339752197266
9589519,2023,2023-06-14,5407,2023-05-18,"813 ",M316,480,4,5,5,5407,0,0,0,,0,025,"N DINUBA BL","W ROBIN AV",540.00,S,N,A,-,N,,,,,,,,,,Y,4,0,1,2,A,-,08,22107,,N,D,C,A,A,H,-,A,A,0,,,,,Y,,A,01,0,0,1,0,0,0,0,0,0,"- ","- ",36.349521636962891,-119.29692840576172,TULARE,VISALIA,-119.29695892333984,36.35198974609375
9589520,2023,2023-06-16,5407,2023-05-17,"749 ",M222,480,3,5,5,5407,0,0,0,,0,,"S BEN MADDOX WY","K AV",0.00,,Y,A,-,N,,,,,,,,,,Y,3,0,3,2,A,-,09,21800,C,N,D,C,A,A,H,-,A,A,0,,,,,Y,,A,07,0,2,1,0,0,0,0,0,0,"- ","- ",36.307300567626953,-119.27410888671875,TULARE,VISALIA,-119.27423095703125,36.307331085205078
9589613,2023,2023-06-16,5407,2023-05-03,1457,M293,480,3,5,5,5407,0,0,0,,0,,"S CAIN CT","E MAIN ST",160.00,S,N,A,-,N,,,,,,,,,,N,4,0,1,2,A,-,09,21804,A,N,D,C,A,A,H,-,A,A,0,,,,,Y,,D,22,0,0,1,0,0,0,0,0,0,"- ","- ",,,TULARE,VISALIA,-119.27426910400391,36.329792022705078
9589618,2023,2023-06-23,5407,2023-05-05,1100,M293,480,5,5,5,5407,0,0,0,,0,,"E MINERAL KING AV","S BRIDGE ST",0.00,,Y,A,-,N,,,,,,,,,,Y,4,0,1,3,A,-,12,21453,A,N,D,C,A,A,H,-,A,A,0,,,,,Y,,D,22,0,0,1,0,0,0,0,0,0,"- ","- ",,,TULARE,VISALIA,-119.28895568847656,36.327438354492188
9589625,2022,2023-06-19,5407,2022-12-20,1513,M226,480,2,5,5,5407,0,0,0,,0,011,"E CROWLEY","N FERNE",0.00,,Y,B,-,N,,,,,,,,,,Y,4,0,1,2,A,-,09,21801,A,N,D,C,A,A,H,-,A,A,0,,,,,Y,,A,01,0,0,1,0,0,0,0,0,0,"- ","- ",36.330539703369141,-119.38922119140625,TULARE,VISALIA,,
9589634,2023,2023-06-16,5407,2023-05-11,1210,M226,480,4,5,5,5407,0,0,0,,0,033,"S BURKE ST","E CYPRESS AV",0.00,,Y,A,-,N,,,,,,,,,,Y,3,0,2,2,A,-,12,22450,A,N,D,C,A,A,H,-,A,A,0,,,,,Y,,A,07,0,2,0,0,0,0,0,0,0,"- ","- ",36.323738098144531,-119.283203125,TULARE,VISALIA,-119.28312683105469,36.323722839355469
9589653,2023,2023-06-20,5407,2023-04-28,1910,12546,480,5,5,5,5407,0,0,0,,0,012,"COUNTY CENTER",NOBLE,0.00,,Y,A,-,N,,,,,,,,,,Y,3,0,2,2,A,-,12,21453,A,N,D,C,A,A,H,-,A,A,0,,,,,Y,,-,,0,1,1,0,0,0,0,0,0,"- ","- ",,,TULARE,VISALIA,-119.32575225830078,36.326824188232422
9589669,2023,2023-06-16,5407,2023-05-25,1826,C59,480,4,5,5,5407,0,0,0,,0,025,"W PROSPECT AV","N CONYER",30.00,E,N,A,-,N,,,,,,,,,,Y,4,0,1,2,A,-,01,23152,B,M,A,C,A,A,H,-,A,A,0,,,,Y,Y,Y,F,26,0,0,1,0,0,0,0,0,0,"- ","- ",36.345199584960938,-119.30120086669922,TULARE,VISALIA,-119.30108642578125,36.345207214355469
9589864,2023,2023-07-21,5407,2023-06-01,1322,M226,480,4,5,5,5407,0,0,0,,0,025,"N JACOB ST","W GROVE AV",0.00,,Y,A,-,N,,,,,,,,,,Y,3,0,2,2,A,-,12,22450,A,N,D,C,A,A,H,-,A,A,0,,,,,Y,,A,01,0,1,1,0,0,0,0,0,0,"- ","- ",,,TULARE,VISALIA,-119.30211639404297,36.336860656738281
9591965,2023,2023-07-10,5405,2023-06-03,1412,306,SEC3,6,5,4,5405,0,0,0,,0,003,"B ST","OLIVE AV",0.00,,Y,A,-,N,,,,,,,,,,N,4,0,1,2,A,-,09,21804,A,M,D,C,A,A,H,-,A,A,0,,,,,Y,,-,"- ",0,0,1,0,0,0,0,0,0,"- ","- ",36.065181732177734,-119.01432037353516,TULARE,PORTERVILLE,-119.01430511474609,36.065132141113281
9593876,2023,2023-07-17,5406,2023-06-01,"140 ",61,5406,4,5,4,5406,0,0,0,,0,0AO,J,"CARTMILL AV",29.00,W,N,A,-,N,,,,,,,,,,Y,3,0,1,1,A,-,01,23152,A,N,E,I,A,A,H,-,C,A,0,,,,,Y,Y,A,01,0,1,0,0,0,0,0,0,0,"- ","- ",,,TULARE,TULARE,-119.35540008544922,36.240329742431641
9594358,2023,2023-06-28,5404,2023-06-03,"809 ",670,20L,6,5,2,5404,0,0,0,,0,,TULARE,WESTWOOD,0.00,,Y,A,-,N,,,,,,,,,,N,2,0,1,2,A,-,11,21954,A,N,G,B,C,A,H,-,A,D,0,Y,,,,Y,,D,22,1,0,0,0,1,0,0,0,0,"- ","- ",,,TULARE,LINDSAY,-119.10022735595703,36.210445404052734
9595263,2023,2023-07-20,5405,2023-06-26,"259 ",301,SEC3,1,5,4,5405,0,0,0,,0,,"CORONA DR","WILLIAMS DR",40.00,N,N,A,-,N,,,,,,,,,,Y,3,0,1,1,A,-,08,22107,,M,A,J,A,A,H,-,C,D,0,,,,,Y,,A,01,0,1,0,0,0,0,0,0,0,"- ","- ",36.063888549804688,-119.00424194335938,TULARE,PORTERVILLE,-119.00399780273438,36.063987731933594
9595264,2023,2023-07-20,5405,2023-06-23,1838,291,SEC2,5,5,4,5405,0,0,0,,0,,"MAIN ST","LINDA VISTA AV",0.00,,Y,A,-,N,,,,,,,,,,Y,3,0,5,2,A,-,09,21802,A,N,D,C,A,A,H,-,A,D,0,,,,,Y,,A,01,0,1,4,0,0,0,0,0,0,"- ","- ",36.10546875,-119.04038238525391,TULARE,PORTERVILLE,-119.04039764404297,36.105472564697266
9595265,2023,2023-07-20,5405,2023-06-21,1132,236,SEC4,3,5,4,5405,0,0,0,,0,,"PUTNAM AV","WAUKESHA ST",0.00,,Y,A,-,N,,,,,,,,,,Y,4,0,1,3,A,-,07,21658,A,N,C,E,A,A,H,-,A,D,0,,,,,Y,,A,01,0,0,1,0,0,0,0,0,0,"- ","- ",36.069538116455078,-119.04515838623047,TULARE,PORTERVILLE,-119.04571533203125,36.069534301757812
9595266,2023,2023-07-20,5405,2023-06-22,1622,273,SEC2,4,5,4,5405,0,0,0,,0,,"PUTNAM AV","G ST",185.00,W,N,A,-,N,,,,,,,,,,Y,3,0,1,1,A,-,01,23152,A,F,E,I,A,A,H,-,A,A,0,,,,,Y,Y,A,07,0,1,0,0,0,0,0,0,0,"- ","- ",36.069351196289062,-119.0234375,TULARE,PORTERVILLE,-119.02322387695312,36.069526672363281
9595299,2023,2023-07-24,5405,2023-06-27,1440,273,SEC4,2,5,4,5405,0,0,0,,0,,"MORTON AV","BEVERLY ST",221.00,E,N,A,-,N,,,,,,,,,,Y,3,0,1,2,A,-,08,22107,,N,E,E,A,A,H,-,A,A,0,,,,,Y,Y,A,01,0,1,0,0,0,0,0,0,0,"- ","- ",36.073150634765625,-119.05294036865234,TULARE,PORTERVILLE,-119.04829406738281,36.073215484619141
9596449,2023,2023-07-27,5406,2023-06-27,2110,66,5406,2,5,4,5406,0,0,0,,0,0AO,BARDSLEY,K,5.00,E,N,A,-,N,,,,,,,,,,N,4,0,1,2,A,-,12,21453,A,N,D,G,A,A,H,-,C,A,0,,Y,,,Y,Y,L,04,0,0,1,0,0,0,1,0,0,"- ","- ",,,TULARE,TULARE,-119.34358215332031,36.196559906005859
9596678,2023,2023-08-09,5407,2023-06-18,1813,A348,480,7,5,5,5407,0,0,0,,0,033,"E NOBLE","RT 198",0.00,,Y,A,-,Y,TUL,6,198,-,R,10.950,R,4,E,Y,3,0,3,2,A,-,12,21453,A,N,D,C,A,A,H,-,A,A,0,,,,,Y,,A,01,0,1,2,0,0,0,0,0,0,"- ",EO,36.325759887695312,-119.27655792236328,TULARE,VISALIA,-119.27464294433594,36.326286315917969
9596681,2023,2023-07-28,5407,2023-06-11,2238,A372,480,7,5,5,5407,0,0,0,,0,R12,"CALDWELL AV","DEMAREE ST",351.00,E,N,A,-,N,,,,,,,,,,Y,2,0,1,1,A,-,03,22350,,N,A,J,A,A,D,-,C,A,0,,,Y,,Y,Y,C,02,1,0,0,0,0,0,0,0,1,"- ","- ",36.299510955810547,-119.33128356933594,TULARE,VISALIA,-119.33027648925781,36.29840087890625
9596711,2023,2023-07-26,5407,2023-05-27,2259,A367,480,6,5,5,5407,0,0,0,,0,025,"W MURRAY AV","JOHNSON ST",26.00,E,N,A,-,N,,,,,,,,,,Y,3,0,4,5,A,-,01,23152,A,N,C,C,A,A,H,-,C,A,0,,,,,Y,Y,A,01,0,4,0,0,0,0,0,0,0,"- ","- ",36.333751678466797,-119.2977294921875,TULARE,VISALIA,-119.29878234863281,36.333732604980469
9596712,2023,2023-08-01,5407,2023-05-27,1726,A364,480,6,5,5,5407,0,0,0,,0,026,"E HOUSTON AV","N IRMA",0.00,,Y,A,-,N,,,,,,,,,,Y,4,0,1,2,A,-,09,21804,A,N,D,C,A,A,H,-,A,A,0,,,,,Y,,A,01,0,0,1,0,0,0,0,0,0,"- ","- ",,,TULARE,VISALIA,-119.26899719238281,36.341899871826172
9597329,2023,2023-08-01,5403,2023-06-15,1800,839,,4,5,2,5403,0,0,0,,0,,"E WALNUT AV","EDISON POLE #4141113E",141.00,W,N,A,-,N,,,,,,,,,,Y,4,0,3,2,A,-,09,21804,A,N,D,C,A,A,H,-,A,D,0,,,,,Y,,A,07,0,0,3,0,0,0,0,0,0,"- ","- ",,,TULARE,FARMERSVILLE,,
9599226,2023,2024-01-30,5407,2023-12-19,2053,12060,480,2,5,5,5407,0,0,0,,0,O26,"N BEN MADDOX WY","ST JOHNS",0.00,,Y,A,-,N,,,,,,,,,,Y,2,0,3,3,A,-,12,21453,A,F,D,D,A,B,H,-,C,A,0,,,,,Y,,A,01,1,2,0,0,0,0,0,0,0,"- ","- ",36.350288391113281,-119.27890014648438,TULARE,VISALIA,-119.27890777587891,36.350254058837891
9599231,2023,2024-01-30,5407,2023-12-09,1402,M226,480,6,5,5,5407,0,0,0,,0,026,"E HOUSTON AV","N SANTA FE ST",0.00,,Y,A,-,N,,,,,,,,,,N,2,0,1,2,A,-,05,21650,,N,B,G,A,A,H,-,A,A,0,,Y,,,Y,,A,01,1,0,0,0,0,0,1,0,0,"- ","- ",36.341598510742188,-119.28777313232422,TULARE,VISALIA,-119.28762817382812,36.341724395751953
9599245,2023,2024-01-29,5407,2023-11-13,1537,A389,480,1,5,5,5407,0,0,0,,0,012,"W COPPOLA AV","S UNIVERSITY",0.00,,Y,A,-,N,,,,,,,,,,N,2,0,1,2,A,-,12,22450,A,N,D,G,A,A,H,-,A,A,0,,Y,,,Y,,L,04,1,0,0,0,0,0,1,0,0,"- ","- ",36.310398101806641,-119.3272705078125,TULARE,VISALIA,-119.3272705078125,36.310417175292969