CASE_ID,ACCIDENT_YEAR,PROC_DATE,JURIS,COLLISION_DATE,COLLISION_TIME,OFFICER_ID,REPORTING_DISTRICT,DAY_OF_WEEK,CHP_SHIFT,POPULATION,CNTY_CITY_LOC,SPECIAL_COND,BEAT_TYPE,CHP_BEAT_TYPE,CITY_DIVISION_LAPD,CHP_BEAT_CLASS,BEAT_NUMBER,PRIMARY_RD,SECONDARY_RD,DISTANCE,DIRECTION,INTERSECTION,WEATHER_1,WEATHER_2,STATE_HWY_IND,CALTRANS_COUNTY,CALTRANS_DISTRICT,STATE_ROUTE,ROUTE_SUFFIX,POSTMILE_PREFIX,POSTMILE,LOCATION_TYPE,RAMP_INTERSECTION,SIDE_OF_HWY,TOW_AWAY,COLLISION_SEVERITY,NUMBER_KILLED,NUMBER_INJURED,PARTY_COUNT,PRIMARY_COLL_FACTOR,PCF_CODE_OF_VIOL,PCF_VIOL_CATEGORY,PCF_VIOLATION,PCF_VIOL_SUBSECTION,HIT_AND_RUN,TYPE_OF_COLLISION,MVIW,PED_ACTION,ROAD_SURFACE,ROAD_COND_1,ROAD_COND_2,LIGHTING,CONTROL_DEVICE,CHP_ROAD_TYPE,PEDESTRIAN_ACCIDENT,BICYCLE_ACCIDENT,MOTORCYCLE_ACCIDENT,TRUCK_ACCIDENT,NOT_PRIVATE_PROPERTY,ALCOHOL_INVOLVED,STWD_VEHTYPE_AT_FAULT,CHP_VEHTYPE_AT_FAULT,COUNT_SEVERE_INJ,COUNT_VISIBLE_INJ,COUNT_COMPLAINT_PAIN,COUNT_PED_KILLED,COUNT_PED_INJURED,COUNT_BICYCLIST_KILLED,COUNT_BICYCLIST_INJURED,COUNT_MC_KILLED,COUNT_MC_INJURED,PRIMARY_RAMP,SECONDARY_RAMP,LATITUDE,LONGITUDE,COUNTY,CITY,POINT_X,POINT_Y
9599246,2023,2024-05-07,5407,2023-11-11,1440,A372,480,6,5,5,5407,0,0,0,,0,A12,"S DEMAREE ST","W CAMBRIDGE AV",0.00,,Y,A,-,N,,,,,,,,,,Y,4,0,2,4,A,-,03,22350,,N,C,C,A,A,H,-,A,A,0,,,,,Y,,A,01,0,0,2,0,0,0,0,0,0,"- ","- ",36.312808990478516,-119.33167266845703,TULARE,VISALIA,-119.33168792724609,36.314640045166016
9599249,2023,2024-01-26,5407,2023-11-17,1544,A395,480,5,5,5,5407,0,0,0,,0,N25,"N DEMAREE ST","W HILLSDALE",0.00,,Y,A,-,N,,,,,,,,,,Y,3,0,2,2,D,-,00,,,N,D,C,A,A,H,-,A,A,0,,,,,Y,,-,"- ",0,2,0,0,0,0,0,0,0,"- ","- ",,,TULARE,VISALIA,-119.33179473876953,36.329246520996094
9599250,2023,2024-01-26,5407,2023-11-17,1731,A382,480,5,5,5,5407,0,0,0,,0,034,"S COURT ST",WALNUT,210.00,S,N,A,-,N,,,,,,,,,,Y,3,0,2,2,A,-,01,23152,A,N,D,C,A,A,H,-,C,A,0,,,,,Y,Y,A,01,0,2,0,0,0,0,0,0,0,"- ","- ",36.312839508056641,-119.29199981689453,TULARE,VISALIA,-119.2919921875,36.312282562255859
9601797,2023,2023-09-14,5407,2023-07-25,"922 ",A368,480,2,5,5,5407,0,0,0,,0,026,"S COURT ST","E ACEQUIA AV",0.00,,Y,A,-,N,,,,,,,,,,Y,4,0,1,2,A,-,12,21453,A,N,D,C,A,A,H,-,A,A,0,,,,,Y,,A,07,0,0,1,0,0,0,0,0,0,"- ","- ",36.329238891601562,-119.29229736328125,TULARE,VISALIA,-119.29232788085938,36.329246520996094
9602167,2023,2023-08-23,5405,2023-07-29,"835 ",300,SEC4,6,5,4,5405,0,0,0,,0,004,"OLIVE AV","BEVERLY ST",30.00,N,N,A,-,N,,,,,,,,,,Y,4,0,1,2,A,-,09,21800,A,N,B,C,A,A,H,-,A,A,0,,,,,Y,,A,08,0,0,1,0,0,0,0,0,0,"- ","- ",36.066730499267578,-119.04747772216797,TULARE,PORTERVILLE,-119.04856109619141,36.065879821777344
9604189,2023,2023-11-13,5407,2023-09-11,1317,A393,480,1,5,5,5407,0,0,0,,0,033,"S CONYER ST","W NOBLE AV",0.00,,Y,A,-,N,,,,,,,,,,Y,3,0,2,3,A,-,12,21453,A,N,D,C,A,A,H,-,A,D,0,,,,,Y,,A,07,0,2,0,0,0,0,0,0,0,"- ","- ",,,TULARE,VISALIA,-119.30106353759766,36.326457977294922
9604193,2023,2023-11-16,5407,2023-09-28,1252,M226,480,4,5,5,5407,0,0,0,,0,033,"RT 63","W NOBLE AV",0.00,,N,A,-,Y,TUL,6,198,-,R,8.953,R,4,E,Y,3,0,1,2,A,-,03,22350,,N,C,C,A,A,H,-,A,A,0,,,Y,,Y,,C,02,0,1,0,0,0,0,0,0,1,"- ","- ",36.326541900634766,-119.31400299072266,TULARE,VISALIA,-119.31050109863281,36.326908111572266
9606879,2023,2023-09-05,5405,2023-08-24,"807 ",282,SEC3,4,5,4,5405,0,0,0,,0,,"JAYE ST","DATE AV",8.00,N,N,A,-,N,,,,,,,,,,N,4,0,1,2,A,-,12,22450,A,F,D,G,A,A,H,-,A,A,0,,Y,,,Y,,L,04,0,0,1,0,0,0,1,0,0,"- ","- ",36.053268432617188,-119.02555847167969,TULARE,PORTERVILLE,-119.02626800537109,36.058692932128906
9607008,2023,2023-11-17,5405,2023-09-07,"830 ",299,SEC1,4,5,4,5405,0,0,0,,0,,"MORTON AV","F ST",300.00,E,N,A,-,N,,,,,,,,,,Y,4,0,1,4,A,-,03,22350,,N,C,C,A,A,H,-,A,D,0,,,,,Y,,A,01,0,0,1,0,0,0,0,0,0,"- ","- ",36.073051452636719,-119.01820373535156,TULARE,PORTERVILLE,-119.02018737792969,36.073169708251953
9607018,2023,2023-09-21,5405,2023-08-23,2039,307,SEC4,3,5,4,5405,0,0,0,,0,,"POPLAR AV","LONE OAK DR",195.00,E,N,A,-,N,,,,,,,,,,Y,3,0,1,2,A,-,08,22107,,F,C,C,A,A,H,-,C,D,0,,,,,Y,,D,22,0,1,0,0,0,0,0,0,0,"- ","- ",,,TULARE,PORTERVILLE,-119.02899932861328,36.051387786865234
9607615,2023,2023-09-21,5405,2023-08-30,1244,282,SEC1,3,5,4,5405,0,0,0,,0,,"MORTON AV","VILLA ST",0.00,,Y,A,-,N,,,,,,,,,,Y,4,0,1,2,A,-,12,21453,A,F,D,C,A,A,H,-,A,A,0,,,,,Y,,A,01,0,0,1,0,0,0,0,0,0,"- ","- ",36.073261260986328,-119.03060913085938,TULARE,PORTERVILLE,-119.0306396484375,36.073268890380859
9609582,2023,2023-10-26,5405,2023-09-08,"745 ",293,SEC4,5,5,4,5405,0,0,0,,0,,"NEWCOMB ST","PUTNAM AV",3.00,W,N,A,-,N,,,,,,,,,,N,3,0,1,2,A,-,10,21950,A,F,G,B,D,A,H,-,A,A,0,Y,,,,Y,,D,22,0,1,0,0,1,0,0,0,0,"- ","- ",36.069660186767578,-119.05265808105469,TULARE,PORTERVILLE,-119.05297088623047,36.069488525390625
9610970,2023,2023-09-13,5407,2023-07-02,2142,12516,480,7,5,5,5407,0,0,0,,0,034,"E WALNUT AV","S MC AULIFF ST",0.00,,Y,A,-,N,,,,,,,,,,Y,4,0,1,2,A,-,07,21658,A,N,A,C,A,A,H,-,C,A,0,,,,,Y,,-,,0,0,1,0,0,0,0,0,0,"- ","- ",36.312641143798828,-119.25160217285156,TULARE,VISALIA,-119.25164031982422,36.312660217285156
9610971,2023,2023-09-13,5407,2023-07-03,1035,12093,480,1,5,5,5407,0,0,0,,0,N25,"N MOONEY BL","W FERGUSON AV",0.00,,Y,A,-,N,,,,,,,,,,Y,4,0,1,2,A,-,12,22450,A,N,D,C,A,A,H,-,A,A,0,,,,,Y,,A,01,0,0,1,0,0,0,0,0,0,"- ","- ",,,TULARE,VISALIA,-119.31427764892578,36.348220825195312
9610976,2023,2023-09-13,5407,2023-07-10,1905,A266,480,1,5,5,5407,0,0,0,,0,025,"GOSHEN AV","DEMAREE ST",528.00,E,N,A,-,N,,,,,,,,,,Y,4,0,1,2,A,-,09,21801,A,N,D,C,A,A,H,-,A,A,0,,,,,Y,,A,01,0,0,1,0,0,0,0,0,0,"- ","- ",,,TULARE,VISALIA,-119.33034515380859,36.338489532470703
9610980,2023,2023-09-13,5407,2023-07-20,1539,M203,480,4,5,5,5407,0,0,0,,0,011,"W GOSHEN AV","N SHIRK",0.00,,Y,A,-,N,,,,,,,,,,Y,4,0,2,2,A,-,12,21453,A,N,D,C,A,A,H,-,A,A,0,,,,,Y,,-,"- ",0,0,2,0,0,0,0,0,0,"- ","- ",36.341960906982422,-119.36776733398438,TULARE,VISALIA,-119.36775207519531,36.342018127441406
9611621,2023,2023-09-05,5405,2023-08-09,1217,236,SEC2,3,5,4,5405,0,0,0,,0,,"PLANO ST","MORTON AV",21.00,N,N,A,-,N,,,,,,,,,,Y,3,0,1,2,A,-,08,22107,,N,A,C,A,A,H,-,A,A,0,,,,,Y,,D,22,0,1,0,0,0,0,0,0,0,"- ","- ",36.073001861572266,-119.00850677490234,TULARE,PORTERVILLE,-119.00850677490234,36.07305908203125
9612339,2023,2023-09-19,5407,2023-07-19,1702,12239,480,3,5,5,5407,0,0,0,,0,026,"N BURKE ST","E HOUSTON AV",0.00,,Y,A,-,N,,,,,,,,,,Y,3,0,1,2,A,-,12,21453,A,N,D,C,A,A,H,-,A,A,0,,,,,Y,,A,01,0,1,0,0,0,0,0,0,0,"- ","- ",36.341831207275391,-119.283203125,TULARE,VISALIA,-119.283203125,36.341846466064453
9612374,2023,2023-09-21,5407,2023-06-15,1726,A361,480,4,5,5,5407,0,0,0,,0,025,DEMAREE,DAMSEN,0.00,,Y,-,-,N,,,,,,,,,,Y,3,0,1,2,A,-,09,21800,A,N,D,C,A,A,H,-,A,A,0,,,,,Y,,-,,0,1,0,0,0,0,0,0,0,"- ","- ",,,TULARE,VISALIA,-119.33189392089844,36.333900451660156
9615961,2023,2024-06-04,5405,2023-09-11,1559,236,"SEC 4",1,5,4,5405,0,0,0,,0,,"OLIVE AV","RT 65",0.00,,Y,A,-,Y,TUL,6,65,-,-,19.019,R,4,S,Y,4,0,2,2,A,-,09,21801,A,N,D,C,A,A,H,-,A,A,0,,,,,Y,,-,,0,0,2,0,0,0,0,0,0,"- ","- ",36.065959930419922,-119.03933715820312,TULARE,PORTERVILLE,-119.03947448730469,36.06402587890625
9616185,2023,2023-10-10,5405,2023-09-16,1447,283,SEC1,6,5,4,5405,0,0,0,,0,,"HENDERSON AV","NEWCOMB ST",137.00,W,N,A,-,N,,,,,,,,,,N,3,0,1,4,A,-,03,22350,,N,C,C,A,A,H,-,A,A,0,,,,Y,Y,,F,21,0,1,0,0,0,0,0,0,0,"- ","- ",36.080360412597656,-119.05287933349609,TULARE,PORTERVILLE,-119.05332946777344,36.080345153808594
9616189,2023,2023-10-18,5405,2023-09-20,1632,CS039,SEC1,3,5,4,5405,0,0,0,,0,,"RT 65","LINDA VISTA AV",0.00,,Y,A,-,Y,TUL,6,65,-,-,21.830,I,5,N,Y,4,0,1,2,A,-,08,22107,,N,D,C,A,A,H,-,A,A,0,,,,,Y,,A,01,0,0,1,0,0,0,0,0,0,"- ","- ",36.10430908203125,-119.04306030273438,TULARE,PORTERVILLE,-119.04294586181641,36.104347229003906
9616801,2023,2023-10-12,5405,2023-09-15,1706,293,SEC4,5,5,4,5405,0,0,0,,0,,"SCRANTON AV","NEWCOMB ST",0.00,,Y,A,-,N,,,,,,,,,,Y,4,0,1,2,A,-,12,22450,A,N,D,C,A,A,H,-,A,A,0,,,,,Y,,A,07,0,0,1,0,0,0,0,0,0,"- ","- ",36.037120819091797,-119.05364990234375,TULARE,PORTERVILLE,-119.05329895019531,36.036781311035156
9616803,2023,2023-10-12,5405,2023-09-15,1615,283,SEC1,5,5,4,5405,0,0,0,,0,,"INDIANA ST","GRAND AV",10.00,S,N,A,-,N,,,,,,,,,,Y,3,0,3,2,A,-,09,21801,A,N,D,C,A,A,H,-,A,A,0,,,,,Y,,A,08,0,3,0,0,0,0,0,0,0,"- ","- ",36.076858520507812,-119.03501892089844,TULARE,PORTERVILLE,-119.03501892089844,36.076862335205078
9616839,2023,2023-10-13,5405,2023-09-22,1037,CSO39,SEC1,5,5,4,5405,0,0,0,,0,,"MORTON AV","PROSPECT ST",987.00,W,N,A,-,N,,,,,,,,,,N,4,0,1,2,A,-,05,21650,,N,D,G,A,A,H,-,A,D,0,,Y,,,Y,,L,04,0,0,1,0,0,0,1,0,0,"- ","- ",36.07244873046875,-119.04731750488281,TULARE,PORTERVILLE,-119.04725646972656,36.073234558105469
9616840,2023,2023-10-13,5405,2023-09-25,1620,296,SEC3,1,5,4,5405,0,0,0,,0,033,"OLIVE AV","CARMELITA ST",81.00,E,N,A,-,N,,,,,,,,,,Y,3,0,1,2,A,-,03,22350,,N,C,C,A,A,H,-,A,D,0,,,,,Y,,A,01,0,1,0,0,0,0,0,0,0,"- ","- ",36.066078186035156,-119.02863311767578,TULARE,PORTERVILLE,-119.02865600585938,36.065895080566406
9616927,2023,2023-10-25,5404,2023-09-26,1704,670,20L,2,5,2,5404,0,0,0,,0,,HONOLULU,FOOTHILL,529.00,W,N,A,-,N,,,,,,,,,,N,4,0,1,2,A,-,05,21460,A,N,B,G,A,A,A,-,A,D,0,,Y,,,Y,,A,07,0,0,1,0,0,0,1,0,0,"- ","- ",,,TULARE,LINDSAY,-119.07518005371094,36.203708648681641
9618249,2023,2023-11-15,5407,2023-09-24,"548 ",A348,480,7,5,5,5407,0,0,0,,0,026,"E MAIN","N BURKE ST",0.00,,Y,A,-,N,,,,,,,,,,Y,4,0,1,2,A,-,03,22350,,N,C,C,A,A,H,-,B,A,0,,,,,Y,,J,48,0,0,1,0,0,0,0,0,0,"- ","- ",36.330188751220703,-119.28312683105469,TULARE,VISALIA,-119.28312683105469,36.3302001953125
9620638,2023,2023-12-02,5405,2023-10-05,1605,282,"SEC 4",4,5,4,5405,0,0,0,,0,,"JAYE ST","SPRINGVILLE AV",252.00,N,N,A,-,N,,,,,,,,,,Y,4,0,1,2,A,-,03,22350,,N,C,C,A,A,H,-,A,A,0,,,,,Y,,A,01,0,0,1,0,0,0,0,0,0,"- ","- ",36.054958343505859,-119.02622985839844,TULARE,PORTERVILLE,-119.02613830566406,36.055622100830078
9620640,2023,2023-12-02,5405,2023-10-04,1410,282,"SEC 1",3,5,4,5405,0,0,0,,0,,"HENDERSON AV","MATHEW ST",21.00,W,N,A,-,N,,,,,,,,,,Y,4,0,1,2,A,-,09,21804,A,N,D,C,A,A,H,-,A,A,0,,,,,Y,,A,07,0,0,1,0,0,0,0,0,0,"- ","- ",36.080638885498047,-119.06185150146484,TULARE,PORTERVILLE,-119.06184387207031,36.080329895019531
9620787,2023,2023-10-23,5405,2023-09-14,1724,282,SEC1,4,5,4,5405,0,0,0,,0,,"PROSPECT ST","HENDERSON AV",6.00,S,N,A,-,N,,,,,,,,,,N,4,0,1,2,A,-,12,21453,A,N,D,G,A,A,H,-,A,A,0,,Y,,,Y,,L,04,0,0,1,0,0,0,1,0,0,"- ","- ",36.080421447753906,-119.04393005371094,TULARE,PORTERVILLE,-119.04396820068359,36.080402374267578
9621281,2023,2023-12-11,5406,2023-10-04,2213,SZ18A,PAT,3,5,4,5406,0,0,0,,0,A/O,KERN,ARONIAN,0.00,,Y,A,-,N,,,,,,,,,,Y,2,0,1,2,A,-,12,22450,A,N,D,C,A,A,H,-,C,A,0,,,Y,,Y,,C,02,1,0,0,0,0,0,0,0,1,"- ","- ",36.207599639892578,-119.31757354736328,TULARE,TULARE,-119.31764221191406,36.207622528076172
9621896,2023,2023-10-30,5405,2023-09-30,1511,236,"SEC 3",6,5,4,5405,0,0,0,,0,,"MAIN ST","MOUNTAIN VIEW AV",96.00,S,N,A,-,Y,TUL,6,190,-,-,16.565,R,4,W,Y,2,0,1,2,A,-,05,21651,B,N,A,G,A,A,H,-,A,A,0,,Y,,,Y,,L,04,1,0,0,0,0,0,1,0,0,"- ","- ",36.051010131835938,-119.01687622070312,TULARE,PORTERVILLE,-119.01542663574219,36.051116943359375
9621900,2023,2023-12-02,5405,2023-10-03,1532,282,"SEC 1",2,5,4,5405,0,0,0,,0,,"MORTON AV","G ST",44.00,E,N,A,-,N,,,,,,,,,,N,4,0,1,2,A,-,03,22350,,N,C,C,A,A,H,-,A,A,0,,,,,Y,,A,07,0,0,1,0,0,0,0,0,0,"- ","- ",36.073139190673828,-119.02291870117188,TULARE,PORTERVILLE,-119.02238464355469,36.073143005371094
9622003,2023,2023-12-02,5405,2023-10-01,1955,300,"SEC 1",7,5,4,5405,0,0,0,,0,,"INDIANA ST","HENDERSON AV",30.00,N,N,A,-,N,,,,,,,,,,N,3,0,1,1,A,-,03,22350,,N,H,A,A,A,H,-,C,A,0,,,Y,,Y,,C,02,0,1,0,0,0,0,0,0,1,"- ","- ",36.080501556396484,-119.03495788574219,TULARE,PORTERVILLE,-119.03494262695312,36.080593109130859
9622108,2023,2023-12-09,5405,2023-10-06,1537,236,"SEC 3",5,5,4,5405,0,0,0,,0,,"INDIANA ST","THURMAN AV",78.00,S,N,A,-,N,,,,,,,,,,Y,4,0,1,2,A,-,08,22107,,N,C,E,A,A,H,-,A,D,0,,,,,Y,,D,22,0,0,1,0,0,0,0,0,0,"- ","- ",36.069610595703125,-119.03511810302734,TULARE,PORTERVILLE,-119.03508758544922,36.071254730224609
9622112,2023,2023-12-09,5405,2023-10-03,2143,303,"SEC 4",2,5,4,5405,0,0,0,,0,,"MORTON AV","NEWCOMB ST",0.00,,Y,A,-,N,,,,,,,,,,Y,3,0,2,2,A,-,12,21453,A,N,D,C,A,A,H,-,C,A,0,,,,,Y,,D,22,0,2,0,0,0,0,0,0,0,"- ","- ",36.073150634765625,-119.05294036865234,TULARE,PORTERVILLE,-119.05294036865234,36.073116302490234
9622956,2023,2023-11-15,5406,2023-10-09,2233,1WJJZ,TPD,1,5,4,5406,0,0,0,,0,,"SAN JOAQUIN","B ST",0.00,,Y,A,-,N,,,,,,,,,,Y,4,0,1,2,A,-,12,22450,A,N,D,C,A,A,H,-,C,A,0,,,,,Y,,-,,0,0,1,0,0,0,0,0,0,"- ","- ",,,TULARE,TULARE,-119.35874938964844,36.209007263183594
9623784,2023,2024-01-06,5405,2023-11-12,1932,305,SEC1,7,5,4,5405,0,0,0,,0,,"WESTWOOD ST","HENDERSON AV",0.00,,Y,A,-,N,,,,,,,,,,Y,3,0,3,4,A,-,12,21453,A,F,D,C,A,A,H,-,C,A,0,,,,,Y,,A,01,0,2,1,0,0,0,0,0,0,"- ","- ",36.080318450927734,-119.07080078125,TULARE,PORTERVILLE,-119.07080841064453,36.080314636230469
9623963,2023,2023-12-19,5405,2023-11-08,1557,282,SEC3,3,5,4,5405,0,0,0,,0,,"MAIN ST","DATE AV",0.00,,Y,A,-,N,,,,,,,,,,N,4,0,1,2,A,-,09,21802,A,N,B,C,A,A,H,-,A,A,0,,,,,Y,,-,"- ",0,0,1,0,0,0,0,0,0,"- ","- ",36.058609008789062,-119.01657867431641,TULARE,PORTERVILLE,-119.01658630371094,36.058597564697266
9624070,2023,2023-10-19,5406,2023-09-05,"657 ",CXMPV,DIST1,2,5,4,5406,0,0,0,,0,A/0,RT-137,GEMINI,550.00,W,N,A,-,Y,TUL,6,137,-,-,13.640,H,-,E,N,1,1,0,2,A,-,11,21954,A,N,G,B,E,A,G,-,A,D,0,Y,,,,Y,,N,60,0,0,0,1,0,0,0,0,0,"- ","- ",,,TULARE,TULARE,-119.37802886962891,36.203559875488281
9624109,2023,2025-06-26,5406,2023-09-20,2303,54,,3,5,4,5406,0,0,0,,0,EAST,BLACKSTONE,LYNDALE,160.00,S,N,A,-,N,,,,,,,,,,Y,1,1,0,2,A,-,11,21954,A,N,G,B,D,A,H,-,C,D,0,Y,,,,Y,Y,N,60,0,0,0,1,0,0,0,0,0,"- ","- ",36.217441558837891,-119.33122253417969,TULARE,TULARE,-119.33094024658203,36.21759033203125
9624567,2023,2023-10-12,5407,2023-08-10,1742,A266,480,4,5,5,5407,0,0,0,,0,025,"CENTER ST","CONYER ST",0.00,,Y,A,-,N,,,,,,,,,,Y,4,0,2,2,A,-,12,22450,A,N,D,C,A,A,H,-,A,A,0,,,,,Y,,A,01,0,0,2,0,0,0,0,0,0,"- ","- ",,,TULARE,VISALIA,-119.30110931396484,36.331027984619141
9624568,2023,2023-10-06,5407,2023-08-08,2325,K245,480,2,5,5,5407,0,0,0,,0,026,"HOUSTON AV","CAIN ST",0.00,,Y,A,-,N,,,,,,,,,,Y,3,0,1,1,A,-,01,23152,A,N,E,I,A,A,H,-,C,A,0,,,,,Y,Y,A,01,0,1,0,0,0,0,0,0,0,"- ","- ",,,TULARE,VISALIA,-119.27439117431641,36.341884613037109
9624571,2023,2023-10-06,5407,2023-08-08,"846 ",M186,480,2,5,5,5407,0,0,0,,0,,"S APSEN ST","LA VIDA",0.00,,Y,-,-,N,,,,,,,,,,Y,3,0,1,2,A,-,09,21800,A,N,D,C,A,A,H,-,A,A,0,,,,,Y,,A,01,0,1,0,0,0,0,0,0,0,"- ","- ",36.303638458251953,-119.35305023193359,TULARE,VISALIA,-119.35305023193359,36.303642272949219
9625168,2023,2023-10-02,5407,2023-08-04,2006,12473,SP510,5,5,5,5407,0,0,0,,0,033,"W NOBLE AV","S CONYER ST",0.00,,Y,A,-,N,,,,,,,,,,Y,2,0,3,2,A,-,12,21453,A,N,D,C,A,A,H,-,A,A,0,,,,,Y,,A,07,1,1,1,0,0,0,0,0,0,"- ","- ",36.326461791992188,-119.30104064941406,TULARE,VISALIA,-119.30106353759766,36.326457977294922
9627586,2023,2023-10-10,5404,2023-09-21,"802 ",677,5404,4,5,2,5404,0,0,0,,0,22L,"E HERMOSA","CAMBRIDGE AV",136.00,W,N,A,-,N,,,,,,,,,,N,3,0,1,2,A,-,00,21955,A,N,G,B,D,A,H,-,A,D,0,Y,,,,Y,,N,60,0,1,0,0,1,0,0,0,0,"- ","- ",,,TULARE,LINDSAY,-119.08078002929688,36.207237243652344
9627966,2023,2023-10-17,5407,2023-08-19,2141,12516,480,6,5,5,5407,0,0,0,,0,025,"W ROBIN AV","N QUAIL DR",0.00,,Y,A,-,N,,,,,,,,,,Y,4,0,1,2,A,-,08,22107,,N,D,C,A,A,H,-,C,A,0,,,,,Y,Y,A,01,0,0,1,0,0,0,0,0,0,"- ","- ",36.353851318359375,-119.30436706542969,TULARE,VISALIA,-119.30436706542969,36.353851318359375
9627968,2023,2023-10-17,5407,2023-08-22,1827,A363,480,2,5,5,5407,0,0,0,,0,033,"W KAWEAH AV","S CENTRAL ST",0.00,,Y,A,-,N,,,,,,,,,,Y,3,0,2,2,A,-,09,21802,A,N,D,C,A,A,H,-,A,A,0,,,,,Y,,A,07,0,2,0,0,0,0,0,0,0,"- ","- ",36.325618743896484,-119.31163024902344,TULARE,VISALIA,-119.31166076660156,36.325603485107422
9628023,2023,2023-11-02,5407,2023-08-31,2045,12060,480,4,5,5,5407,0,0,0,,0,P33,"RT 198","LOVERS LN",263.00,E,Y,A,-,Y,TUL,6,198,-,R,11.550,R,4,E,Y,3,0,2,2,A,-,09,21804,A,N,B,C,A,A,H,-,C,A,0,,,,,Y,,A,01,0,2,0,0,0,0,0,0,0,"- ","- ",36.326629638671875,-119.26075744628906,TULARE,VISALIA,-119.26401519775391,36.327320098876953
9628067,2023,2023-11-03,5407,2023-09-11,"912 ",A393,480,1,5,5,5407,0,0,0,,0,025,"W SHANNON PKWY","N RANCH ST",0.00,,Y,A,-,N,,,,,,,,,,N,4,0,2,3,A,-,10,21950,A,N,G,B,B,A,H,-,A,D,0,Y,,,,Y,,A,01,0,0,2,0,2,0,0,0,0,"- ","- ",,,TULARE,VISALIA,-119.31876373291016,36.360809326171875
9628068,2023,2023-11-03,5407,2023-09-07,2138,A383,480,4,5,5,5407,0,0,0,,0,033,"W TULARE AV",CONYER,0.00,,Y,A,-,N,,,,,,,,,,Y,4,0,1,2,A,-,12,21453,A,N,G,G,A,A,H,-,C,A,0,,Y,,,Y,Y,-,"- ",0,0,1,0,0,0,1,0,0,"- ","- ",36.320049285888672,-119.30095672607422,TULARE,VISALIA,-119.30098724365234,36.320049285888672
9628251,2023,2023-10-30,5405,2023-09-24,"501 ",289,"SEC 3",7,5,4,5405,0,0,0,,0,,"RT 190","MARTIN ST",0.00,,Y,A,-,Y,TUL,6,190,-,-,17.660,I,5,W,Y,3,0,1,1,A,-,01,23152,A,N,E,I,A,A,H,-,D,D,0,,,,,Y,Y,A,01,0,1,0,0,0,0,0,0,0,"- ","- ",36.051109313964844,-118.99577331542969,TULARE,PORTERVILLE,-118.99577331542969,36.051212310791016
9628309,2023,2023-10-23,5407,2023-08-25,1809,A374,480,5,5,5,5407,0,0,0,,0,025,"W SHANNON PKWY","N CONYER ST",0.00,,-,A,-,N,,,,,,,,,,Y,3,0,1,2,A,-,09,21800,B,N,D,C,A,A,H,-,A,A,0,,,,,Y,,D,22,0,1,0,0,0,0,0,0,0,"- ","- ",36.361850738525391,-119.29721832275391,TULARE,VISALIA,-119.30129241943359,36.359676361083984
9628425,2023,2023-11-07,5404,2023-10-02,"615 ",675,20L,1,5,2,5404,0,0,0,,0,003,"RT 65",HERMOSA,0.00,,Y,A,-,Y,TUL,6,65,-,-,29.491,I,5,S,Y,4,0,3,3,A,-,09,21801,,N,D,C,A,A,H,-,C,A,0,,,,,Y,,A,07,0,0,3,0,0,0,0,0,0,"- ","- ",,,TULARE,LINDSAY,-119.10466003417969,36.20330810546875
9628851,2023,2023-12-05,5405,2023-10-14,1406,301,SEC4,6,5,4,5405,0,0,0,,0,,"ARGYLE ST","TOMAH AV",305.00,N,N,A,-,N,,,,,,,,,,Y,4,0,1,2,A,-,08,22107,,N,C,C,A,A,H,-,A,D,0,,,,,Y,,D,22,0,0,1,0,0,0,0,0,0,"- ","- ",36.069019317626953,-119.06462860107422,TULARE,PORTERVILLE,-119.06491851806641,36.069007873535156
9628859,2023,2023-12-05,5405,2023-10-17,"642 ",CS039,SEC3,2,5,4,5405,0,0,0,,0,,"PLANO ST","OAK AVE",12.00,N,N,A,-,N,,,,,,,,,,Y,4,0,1,2,A,-,03,22350,,F,C,C,A,A,A,-,A,A,0,,,,,Y,,D,22,0,0,1,0,0,0,0,0,0,"- ","- ",36.067710876464844,-119.00833129882812,TULARE,PORTERVILLE,-119.00832366943359,36.067733764648438
9630554,2023,2023-11-01,5405,2023-09-29,1550,296,"SEC 3",5,5,4,5405,0,0,0,,0,"SEC 3","OLIVE DR","CARMELITA ST",392.00,E,N,A,-,N,,,,,,,,,,N,3,0,1,2,A,-,11,21954,A,N,G,B,D,A,H,-,A,D,0,Y,,,,Y,,N,60,0,1,0,0,1,0,0,0,0,"- ","- ",36.064949035644531,-119.02790832519531,TULARE,PORTERVILLE,-119.02760314941406,36.065891265869141
9630829,2023,2023-11-17,5407,2023-10-05,1647,A360,480,4,5,5,5407,0,0,0,,0,012,"S LINWOOD ST","W VISALIA PK",0.00,,Y,A,-,N,,,,,,,,,,Y,3,0,2,2,A,-,12,22450,A,N,D,C,A,A,H,-,A,B,0,,,Y,,Y,,D,22,0,1,1,0,0,0,0,0,1,"- ","- ",,,TULARE,VISALIA,-119.34039306640625,36.291049957275391
9630832,2023,2023-11-07,5407,2023-09-25,2115,A395,480,1,5,5,5407,0,0,0,,0,N25,"W MINERAL KING AV","N GIDDINGS ST",0.00,,Y,A,-,N,,,,,,,,,,Y,3,0,2,2,A,-,12,21453,A,N,D,C,A,A,H,-,C,A,0,,,,,Y,,D,22,0,1,1,0,0,0,0,0,0,"- ","- ",,,TULARE,VISALIA,-119.30547332763672,36.327411651611328