CASE_ID,ACCIDENT_YEAR,PROC_DATE,JURIS,COLLISION_DATE,COLLISION_TIME,OFFICER_ID,REPORTING_DISTRICT,DAY_OF_WEEK,CHP_SHIFT,POPULATION,CNTY_CITY_LOC,SPECIAL_COND,BEAT_TYPE,CHP_BEAT_TYPE,CITY_DIVISION_LAPD,CHP_BEAT_CLASS,BEAT_NUMBER,PRIMARY_RD,SECONDARY_RD,DISTANCE,DIRECTION,INTERSECTION,WEATHER_1,WEATHER_2,STATE_HWY_IND,CALTRANS_COUNTY,CALTRANS_DISTRICT,STATE_ROUTE,ROUTE_SUFFIX,POSTMILE_PREFIX,POSTMILE,LOCATION_TYPE,RAMP_INTERSECTION,SIDE_OF_HWY,TOW_AWAY,COLLISION_SEVERITY,NUMBER_KILLED,NUMBER_INJURED,PARTY_COUNT,PRIMARY_COLL_FACTOR,PCF_CODE_OF_VIOL,PCF_VIOL_CATEGORY,PCF_VIOLATION,PCF_VIOL_SUBSECTION,HIT_AND_RUN,TYPE_OF_COLLISION,MVIW,PED_ACTION,ROAD_SURFACE,ROAD_COND_1,ROAD_COND_2,LIGHTING,CONTROL_DEVICE,CHP_ROAD_TYPE,PEDESTRIAN_ACCIDENT,BICYCLE_ACCIDENT,MOTORCYCLE_ACCIDENT,TRUCK_ACCIDENT,NOT_PRIVATE_PROPERTY,ALCOHOL_INVOLVED,STWD_VEHTYPE_AT_FAULT,CHP_VEHTYPE_AT_FAULT,COUNT_SEVERE_INJ,COUNT_VISIBLE_INJ,COUNT_COMPLAINT_PAIN,COUNT_PED_KILLED,COUNT_PED_INJURED,COUNT_BICYCLIST_KILLED,COUNT_BICYCLIST_INJURED,COUNT_MC_KILLED,COUNT_MC_INJURED,PRIMARY_RAMP,SECONDARY_RAMP,LATITUDE,LONGITUDE,COUNTY,CITY,POINT_X,POINT_Y
9690535,2024,2024-06-21,5407,2024-04-07,2118,12425,480,7,5,5,5407,0,0,0,,0,N25,"N LOCUST ST","W RACE AV",0.00,,Y,A,-,N,,,,,,,,,,Y,4,0,1,2,A,-,04,21703,,N,C,C,A,A,H,-,C,D,0,,,,,Y,,A,01,0,0,1,0,0,0,0,0,0,"- ","- ",36.335330963134766,-119.29350280761719,TULARE,VISALIA,-119.29350280761719,36.335330963134766
9690539,2024,2024-06-21,5407,2024-04-02,"856 ",11895,480,2,5,5,5407,0,0,0,,0,033,"W NOBLE AV","S LOCUST ST",0.00,,Y,A,-,N,,,,,,,,,,Y,4,0,1,2,A,-,12,21453,A,N,D,C,A,A,H,-,A,A,0,,,,,Y,,A,01,0,0,1,0,0,0,0,0,0,"- ","- ",36.326431274414062,-119.29338073730469,TULARE,VISALIA,-119.29341888427734,36.326419830322266
9691648,2024,2024-05-07,5407,2024-04-01,"509 ",A394,480,1,5,5,5407,0,0,0,,0,033,"S LOVERS LN","E NOBLE AV",0.00,,Y,F,-,N,,,,,,,,,,N,3,0,1,2,A,-,08,22107,,N,G,B,B,A,H,-,C,A,0,Y,,,,Y,,A,07,0,1,0,0,1,0,0,0,0,"- ","- ",36.326629638671875,-119.26075744628906,TULARE,VISALIA,-119.26070404052734,36.326618194580078
9691652,2024,2024-05-14,5407,2024-04-07,1931,A348,480,7,5,5,5407,0,0,0,,0,025,"N DINUBA BL","SHANNON PKWY",297.00,N,N,A,-,Y,TUL,6,63,-,-,10.410,H,-,N,Y,3,0,1,2,A,-,03,22350,,N,C,C,A,A,H,-,C,A,0,,,,,Y,,A,01,0,1,0,0,0,0,0,0,0,"- ","- ",36.349521636962891,-119.29692840576172,TULARE,VISALIA,-119.29701232910156,36.360599517822266
9691654,2024,2024-06-18,5405,2024-04-12,2220,307,SEC1,5,5,4,5405,0,0,0,,0,,"RT 65","LINDA VISTA AV",190.00,S,N,A,-,Y,TUL,6,65,-,-,21.790,H,-,S,Y,3,0,1,1,A,-,01,23152,B,M,F,I,A,A,H,-,C,D,0,,,,,Y,Y,A,07,0,1,0,0,0,0,0,0,0,"- ","- ",,,TULARE,PORTERVILLE,-119.04281616210938,36.103755950927734
9692886,2024,2024-07-09,5401,2024-04-07,1829,2135,5401,7,5,3,5401,0,0,0,,0,,"DAVIS DR","NEWTON DR",0.00,,Y,A,-,N,,,,,,,,,,N,3,0,1,2,A,-,17,21200,A,N,H,G,A,A,H,-,B,D,0,,Y,,,Y,,L,04,0,1,0,0,0,0,1,0,0,"- ","- ",,,TULARE,DINUBA,-119.38610076904297,36.556495666503906
9693855,2023,2024-05-21,5401,2023-05-02,1611,2115,5401,2,5,3,5401,0,0,0,,0,00A,"ALTA AV","ADELAIDE WY",119.00,S,N,B,-,N,,,,,,,,,,Y,4,0,1,2,A,-,03,22350,,N,C,C,A,A,H,-,A,D,0,,,,,Y,,A,01,0,0,1,0,0,0,0,0,0,"- ","- ",,,TULARE,DINUBA,-119.39508056640625,36.547454833984375
9693897,2023,2024-05-17,5401,2023-11-03,1653,2115,5401,5,5,3,5401,0,0,0,,0,00B,"SURABIAN DR","SAMANTHA WY",51.00,E,N,A,-,N,,,,,,,,,,N,4,0,1,3,A,-,11,21954,A,F,G,B,D,A,H,-,B,D,0,Y,,,,Y,Y,N,60,0,0,1,0,1,0,0,0,0,"- ","- ",,,TULARE,DINUBA,-119.400634765625,36.542308807373047
9693937,2024,2024-11-20,5407,2024-02-15,1928,A372,480,4,5,5,5407,0,0,0,,0,Q34,"RT 63","W WALNUT AV",498.00,S,N,A,-,Y,TUL,6,63,-,-,6.910,H,-,N,Y,3,0,1,2,A,-,09,21804,A,N,D,C,A,A,H,-,C,A,0,,,,,Y,,A,01,0,1,0,0,0,0,0,0,0,"- ","- ",36.31121826171875,-119.3134765625,TULARE,VISALIA,-119.31378173828125,36.311550140380859
9694803,2022,2024-05-07,5401,2022-04-27,2055,2118,5401,3,5,3,5401,0,0,0,,0,00A,"EL MONTE WY","WESTGATE WY",897.00,W,N,A,-,N,,,,,,,,,,Y,2,0,2,3,A,-,00,23103,,N,B,C,F,A,H,-,C,D,0,Y,,,,Y,,A,01,1,0,1,0,1,0,0,0,0,"- ","- ",,,TULARE,DINUBA,-119.41153717041016,36.546089172363281
9694804,2022,2024-05-07,5401,2022-07-31,2352,2118,5401,7,5,3,5401,0,0,0,,0,00B,"W EL MONTE WY","ALICE AV",253.00,W,N,A,-,N,,,,,,,,,,N,4,0,1,3,B,-,22,,,N,B,I,F,A,H,-,D,D,0,Y,,,,Y,,D,22,0,0,1,0,1,0,0,0,0,"- ","- ",,,TULARE,DINUBA,-119.40493774414062,36.5460205078125
9694805,2022,2024-05-07,5401,2022-10-10,1919,2123,5101,1,5,3,5401,0,0,0,,0,00F,"W EL MONTE WY","EUCLID AV",0.00,,Y,A,-,N,,,,,,,,,,Y,4,0,2,2,A,-,09,21801,A,N,D,C,A,A,H,-,C,D,0,,,,,Y,,A,01,0,0,2,0,0,0,0,0,0,"- ","- ",,,TULARE,DINUBA,-119.39840698242188,36.545940399169922
9694807,2022,2024-05-07,5401,2022-07-27,2340,2125,5401,3,5,3,5401,0,0,0,,0,001,"BELLIS AV","VISCAYA PKWY",158.00,E,N,A,-,N,,,,,,,,,,Y,3,0,1,4,A,-,01,23152,G,N,F,E,A,A,H,-,C,D,0,,,,,Y,Y,A,01,0,1,0,0,0,0,0,0,0,"- ","- ",,,TULARE,DINUBA,-119.40370178222656,36.553615570068359
9694808,2022,2024-05-07,5401,2022-11-06,2218,2117,5401,7,5,3,5401,0,0,0,,0,00A,"E EL MONTE WY","SNYDER AV",69.00,E,N,B,-,N,,,,,,,,,,N,3,0,1,1,B,-,22,,,N,E,G,A,B,H,-,C,D,0,,Y,,,Y,,L,04,0,1,0,0,0,0,1,0,0,"- ","- ",,,TULARE,DINUBA,-119.38070678710938,36.545524597167969
9694811,2022,2024-05-07,5401,2022-01-24,1514,2111,5401,1,5,3,5401,0,0,0,,0,002,"ALTA AV","E NORTH WY",22.00,W,N,A,-,N,,,,,,,,,,Y,4,0,2,3,A,-,09,21804,A,N,D,C,A,A,H,-,A,D,0,,,,,Y,,A,01,0,0,2,0,0,0,0,0,0,"- ","- ",,,TULARE,DINUBA,-119.39508819580078,36.549449920654297
9695244,2024,2024-09-09,5407,2024-03-20,1526,11895,480,3,5,5,5407,0,0,0,,0,025,"W HOUSTON AV","N JACOB ST",0.00,,Y,A,-,N,,,,,,,,,,Y,4,0,1,3,A,-,12,22450,A,N,D,C,A,A,H,-,A,A,0,,,,,Y,,D,22,0,0,1,0,0,0,0,0,0,"- ","- ",36.341850280761719,-119.30225372314453,TULARE,VISALIA,-119.30220031738281,36.341854095458984
9700185,2024,2024-06-28,5405,2024-05-20,1206,268,SEC2,1,5,4,5405,0,0,0,,0,,"NORTH MAIN ST","MULBERRY AV",320.00,N,N,A,-,N,,,,,,,,,,Y,3,0,5,2,A,-,05,21651,B,N,A,C,A,A,H,-,A,D,0,,,,,Y,,A,01,0,3,2,0,0,0,0,0,0,"- ","- ",36.084461212158203,-119.02413940429688,TULARE,PORTERVILLE,-119.02363586425781,36.084506988525391
9700513,2024,2024-10-04,5407,2024-05-11,"439 ",12546,480,6,5,5,5407,0,0,0,,0,026,"SANTA FE ST","MINERAL KING AV",131.00,S,N,A,-,N,,,,,,,,,,N,2,0,1,2,A,-,03,22350,,F,G,-,A,A,H,-,C,D,0,,Y,,,Y,,-,,1,0,0,0,0,0,1,0,0,"- ","- ",,,TULARE,VISALIA,-119.28781127929688,36.327438354492188
9700537,2024,2024-09-23,5401,2024-05-23,"903 ",2128,5401,4,5,3,5401,0,0,0,,0,,"E TULARE","COLLEGE LN",8.00,W,N,A,-,N,,,,,,,,,,N,3,0,1,2,A,-,10,21950,A,F,H,B,B,A,H,-,A,A,0,Y,,,,Y,,-,99,0,1,0,0,1,0,0,0,0,"- ","- ",,,TULARE,DINUBA,-119.38633728027344,36.5438232421875
9700567,2024,2024-06-21,5407,2024-04-19,1449,M203,480,5,5,5,5407,0,0,0,,0,011,"N PLAZA DR",NICHOLAS,50.00,S,N,A,-,N,,,,,,,,,,N,2,0,1,2,A,-,09,21804,A,N,C,C,A,A,H,-,A,A,0,,,Y,,Y,,A,07,1,0,0,0,0,0,0,0,1,"- ","- ",36.336441040039062,-119.39456176757812,TULARE,VISALIA,-119.39459228515625,36.336502075195312
9701147,2024,2024-07-10,5405,2024-05-22,"742 ",268,SEC4,3,5,4,5405,0,0,0,,0,,"JAYE ST","UNION AV",0.00,,Y,A,-,N,,,,,,,,,,Y,3,0,1,3,A,-,09,21801,A,F,D,C,A,A,H,-,A,A,0,,,,,Y,,D,22,0,1,0,0,0,0,0,0,0,"- ","- ",36.060199737548828,-119.02642822265625,TULARE,PORTERVILLE,-119.02622985839844,36.060462951660156
9701204,2024,2024-07-25,5407,2024-05-03,"323 ",11966,480,5,5,5,5407,0,0,0,,0,Q34,"S COURT ST","E WALNUT AV",32.00,N,N,A,-,N,,,,,,,,,,Y,3,0,1,2,A,-,03,22350,,N,C,C,A,A,H,-,C,A,0,,,,,Y,,-,,0,1,0,0,0,0,0,0,0,"- ","- ",36.309368133544922,-119.29773712158203,TULARE,VISALIA,-119.29201507568359,36.312946319580078
9701414,2023,2024-05-22,5401,2023-02-27,"806 ",2112,5401,1,5,3,5401,0,0,0,,0,00A,"N ALTA AVE","E NORTH WY",11.00,W,N,A,-,N,,,,,,,,,,Y,4,0,2,3,A,-,09,21804,A,N,D,C,A,B,H,-,A,D,0,,,,,Y,,A,01,0,0,2,0,0,0,0,0,0,"- ","- ",,,TULARE,DINUBA,-119.39508819580078,36.549449920654297
9701547,2023,2024-05-23,5401,2023-03-08,1532,5401,5401,3,5,3,5401,0,0,0,,0,00A,"E SAGINAW AV","NEWTON DR",0.00,,Y,A,-,N,,,,,,,,,,Y,3,0,2,2,A,-,12,22450,A,N,D,C,A,A,H,-,A,D,0,,,,,Y,,D,22,0,1,1,0,0,0,0,0,0,"- ","- ",,,TULARE,DINUBA,-119.38608551025391,36.552898406982422
9701550,2023,2024-05-23,5401,2023-10-05,"731 ",2119,5401,4,5,3,5401,0,0,0,,0,00A,"S ALTA AV","W SIERRA WY",0.00,,Y,A,-,N,,,,,,,,,,Y,4,0,1,2,A,-,03,22350,,N,C,C,A,A,H,-,A,A,0,,,,,Y,,A,01,0,0,1,0,0,0,0,0,0,"- ","- ",,,TULARE,DINUBA,-119.39502716064453,36.538597106933594
9701645,2024,2024-05-23,5401,2024-03-04,1242,2127,5401,1,5,3,5401,0,0,0,,0,,"E TULARE ST","N H ST",0.00,,-,A,-,N,,,,,,,,,,N,2,0,1,2,C,-,18,,,N,G,-,C,A,H,-,A,D,0,Y,,,,Y,,-,"- ",1,0,0,0,1,0,0,0,0,"- ","- ",,,TULARE,DINUBA,-119.38632202148438,36.543842315673828
9701649,2024,2024-05-24,5401,2024-01-20,1304,2116,5401,6,5,3,5401,0,0,0,,0,00F,"N CRAWFORD AV","MILLARD WY",8.00,N,N,B,-,N,,,,,,,,,,Y,4,0,1,2,A,-,05,21650,,N,H,G,A,A,H,-,A,D,0,,Y,,,Y,,L,04,0,0,1,0,0,0,1,0,0,"- ","- ",,,TULARE,DINUBA,-119.37689971923828,36.548141479492188
9702007,2024,2024-07-12,5407,2024-03-25,1023,12699,480,1,5,5,5407,0,0,0,,0,012,"W CALDWELL AV",MOONEY,0.00,,Y,A,-,Y,TUL,6,63,-,-,6.010,I,5,N,Y,4,0,1,3,A,-,12,21453,A,N,D,C,A,A,H,-,A,A,0,,,,,Y,,A,01,0,0,1,0,0,0,0,0,0,"- ","- ",36.298458099365234,-119.31365966796875,TULARE,VISALIA,-119.31359100341797,36.298496246337891
9702011,2024,2024-06-19,5407,2024-04-27,1411,12466,480,6,5,5,5407,0,0,0,,0,025,"N DINUBA BL","W RIGGIN AV",0.00,,Y,A,-,N,,,,,,,,,,N,3,0,1,2,A,-,10,21950,A,N,G,B,B,A,H,-,A,A,0,Y,,,,Y,,A,01,0,1,0,0,1,0,0,0,0,"- ","- ",36.356201171875,-119.29696655273438,TULARE,VISALIA,-119.29703521728516,36.356155395507812
9702056,2024,2024-06-26,5407,2024-04-27,1712,12389,480,6,5,5,5407,0,0,0,,0,034,"COURT ST","BEECH AV",0.00,,Y,A,-,N,,,,,,,,,,N,2,0,1,2,A,-,00,21508,,N,G,B,B,A,H,-,A,A,0,Y,,,,Y,Y,N,60,1,0,0,0,1,0,0,0,0,"- ","- ",,,TULARE,VISALIA,-119.29183197021484,36.309238433837891
9703036,2024,2024-09-06,5405,2024-05-31,2215,246,SEC4,5,5,4,5405,0,0,0,,0,,"SCRANTON AV","WESTWOOD ST",18.00,E,N,A,-,N,,,,,,,,,,N,3,0,1,1,A,-,08,22107,,N,H,A,A,A,G,-,D,A,0,,,Y,,Y,,C,02,0,1,0,0,0,0,0,0,1,"- ","- ",,,TULARE,PORTERVILLE,-119.07080078125,36.036800384521484
9703039,2024,2024-08-14,5405,2024-05-28,1503,236,SEC3,2,5,4,5405,0,0,0,,0,,"DATE AV","PARK ST",0.00,,Y,A,-,N,,,,,,,,,,Y,4,0,1,2,A,-,09,21801,A,N,D,C,A,A,H,-,A,A,0,,,,,Y,,A,01,0,0,1,0,0,0,0,0,0,"- ","- ",35.058479309082031,-119.00377655029297,TULARE,PORTERVILLE,-119.00382995605469,36.058483123779297
9703417,2024,2024-08-28,5405,2024-06-03,1120,282,SEC3,1,5,4,5405,0,0,0,,0,,"OLIVE AV","MAIN ST",0.00,,Y,A,-,N,,,,,,,,,,N,4,0,1,2,A,-,09,21800,D,N,B,C,A,A,H,-,A,B,0,,,,,Y,,-,"- ",0,0,1,0,0,0,0,0,0,"- ","- ",36.064781188964844,-119.01531219482422,TULARE,PORTERVILLE,-119.01638793945312,36.065132141113281
9703418,2024,2024-08-13,5405,2024-06-08,"937 ",306,SEC4,6,5,4,5405,0,0,0,,0,,"PUTNAM AV","INDIANA ST",25.00,E,N,A,-,N,,,,,,,,,,N,2,0,2,1,A,-,08,22107,,F,E,I,A,A,H,-,A,A,0,,,,,Y,Y,A,07,1,1,0,0,0,0,0,0,0,"- ","- ",36.069000244140625,-119.03489685058594,TULARE,PORTERVILLE,-119.03502655029297,36.069618225097656
9703891,2024,2024-09-09,5405,2024-06-18,1312,282,SEC3,2,5,4,5405,0,0,0,,0,,"GARDEN AVENUE","PLANO ST",0.00,,Y,A,-,N,,,,,,,,,,Y,4,0,2,2,A,-,09,21802,A,N,D,C,A,A,H,-,A,A,0,,,,,Y,,A,01,0,0,2,0,0,0,0,0,0,"- ","- ",36.066879272460938,-119.00834655761719,TULARE,PORTERVILLE,-119.00833892822266,36.066871643066406
9706274,2024,2024-06-07,5403,2024-04-15,"528 ",837,VISAL,1,5,2,5403,0,0,0,,0,,BIRCH,"EDISON POLE # CTC 1035052",43.00,W,N,A,-,N,,,,,,,,,,Y,4,0,1,5,A,-,08,22107,,M,A,B,F,A,H,-,D,D,0,Y,,,,Y,Y,A,01,0,0,1,0,1,0,0,0,0,"- ","- ",,,TULARE,FARMERSVILLE,,
9706277,2024,2024-06-18,5405,2024-04-26,2050,306,SEC4,5,5,4,5405,0,0,0,,0,,"WESTWOOD ST","MORTON AV",147.00,S,N,C,-,N,,,,,,,,,,Y,4,0,1,1,A,-,00,23153,F,F,A,J,A,B,C,-,D,A,0,,,,,Y,,A,01,0,0,1,0,0,0,0,0,0,"- ","- ",34.073070526123047,-119.07083892822266,TULARE,PORTERVILLE,-119.07082366943359,36.072666168212891
9706542,2024,2024-07-26,5407,2024-05-17,1314,M186,480,5,5,5,5407,0,0,0,,0,012,"RT 63","AVE 268",0.00,,Y,A,-,Y,TUL,6,63,-,-,4.510,I,5,S,N,2,0,1,2,A,-,10,21950,A,N,G,B,B,A,H,-,A,A,0,Y,,,,Y,,I,09,1,0,0,0,1,0,0,0,0,"- ","- ",36.276760101318359,-119.31336212158203,TULARE,VISALIA,-119.31346130371094,36.276798248291016
9706664,2024,2024-08-22,5407,2024-06-11,1944,A360,480,2,5,5,5407,0,0,0,,0,025,"RT 63","MURRAY AV",0.00,,Y,A,-,Y,TUL,6,63,-,-,8.455,I,5,N,Y,4,0,1,2,A,-,12,21453,A,N,B,C,A,A,H,-,A,A,0,,,,,Y,,A,07,0,0,1,0,0,0,0,0,0,"- ","- ",,,TULARE,VISALIA,-119.29237365722656,36.333778381347656
9706668,2024,2024-07-26,5407,2024-06-01,"5   ",12540,480,6,5,5,5407,0,0,0,,0,N25,"RT 63","LOCUST ST",270.00,W,N,A,-,Y,TUL,6,63,-,L,9.100,H,-,S,Y,2,0,1,2,A,-,01,23152,A,F,G,B,D,A,H,-,C,A,0,Y,,,,Y,Y,A,01,1,0,0,0,1,0,0,0,0,"- ","- ",,,TULARE,VISALIA,-119.29450225830078,36.327423095703125
9706672,2024,2024-08-08,5407,2024-06-17,1157,M333,480,1,5,5,5407,0,0,0,,0,026,"RT 63","CENTER ST",0.00,,Y,A,-,Y,TUL,6,63,-,-,8.267,I,5,N,Y,4,0,1,2,A,-,12,21453,A,N,D,C,A,B,H,-,A,A,0,,,,,Y,,A,01,0,0,1,0,0,0,0,0,0,"- ","- ",,,TULARE,VISALIA,-119.29236602783203,36.331066131591797
9706894,2024,2024-08-13,5405,2024-05-04,1507,316,SEC2,6,5,4,5405,0,0,0,,0,002,"MORTON AV","2ND ST",0.00,,Y,B,-,N,,,,,,,,,,Y,4,0,1,2,D,-,00,,,N,D,C,A,A,H,-,A,A,0,,,,,Y,,-,"- ",0,0,1,0,0,0,0,0,0,"- ","- ",,,TULARE,PORTERVILLE,-119.01515197753906,36.073078155517578
9708793,2024,2024-08-06,5405,2024-06-30,1819,259,SEC3,7,5,4,5405,0,0,0,,0,,"PUTNAM AV","ESTHER ST",0.00,,Y,A,-,N,,,,,,,,,,Y,2,0,2,2,A,-,09,21801,A,N,A,C,A,A,H,-,A,D,0,,,Y,,Y,,A,07,1,0,1,0,0,0,0,0,1,"- ","- ",36.069370269775391,-119.00698852539062,TULARE,PORTERVILLE,-119.00705718994141,36.069389343261719
9710146,2024,2024-08-14,5405,2024-06-19,"830 ",296,SEC3,3,5,4,5405,0,0,0,,0,,"PLANO ST","OLIVE AV",0.00,,Y,A,-,N,,,,,,,,,,N,4,0,1,2,A,-,09,21804,A,N,D,G,A,A,H,-,A,A,0,,Y,,,Y,,-,"- ",0,0,1,0,0,0,1,0,0,"- ","- ",36.064849853515625,-119.00865173339844,TULARE,PORTERVILLE,-119.00831604003906,36.065097808837891
9710855,2024,2024-08-06,5405,2024-07-03,"815 ",282,SEC2,3,5,4,5405,0,0,0,,0,,"HARRISON AV","2ND ST",0.00,,Y,A,-,N,,,,,,,,,,N,4,0,1,2,A,-,09,21800,A,N,D,C,A,A,H,-,A,A,0,,,,,Y,,D,22,0,0,1,0,0,0,0,0,0,"- ","- ",36.072189331054688,-119.01510620117188,TULARE,PORTERVILLE,-119.01515197753906,36.072181701660156
9712776,2024,2024-11-07,5406,2024-08-09,1808,K1IOL,DIST4,5,5,4,5406,0,0,0,,0,EAST,"RT 137",LASPINA,0.00,,Y,A,-,Y,TUL,6,137,-,-,17.010,I,5,W,N,4,0,1,2,A,-,03,22350,,N,C,C,A,A,H,-,A,A,0,,,,,Y,,A,07,0,0,1,0,0,0,0,0,0,"- ","- ",36.221218109130859,-119.32376861572266,TULARE,TULARE,-119.32207489013672,36.211307525634766
9713562,2024,2024-07-05,5407,2024-04-15,1922,12452,480,1,5,5,5407,0,0,0,,0,P33,"E HOWARD AV","S GODDARD ST",55.00,W,N,A,-,N,,,,,,,,,,N,2,0,1,1,A,-,03,22350,,N,F,A,A,A,H,-,A,A,0,,,,,Y,,-,,1,0,0,0,0,0,0,0,0,"- ","- ",36.318389892578125,-119.26584625244141,TULARE,VISALIA,-119.26573944091797,36.318405151367188
9714216,2024,2024-07-31,5407,2024-06-05,1332,11895,480,3,5,5,5407,0,0,0,,0,026,"E MINERAL KING AVE","S BRIDGE ST",0.00,,Y,A,-,N,,,,,,,,,,Y,4,0,4,2,A,-,12,21453,A,N,D,C,A,A,H,-,A,A,0,,,,,Y,,A,01,0,0,4,0,0,0,0,0,0,"- ","- ",36.327449798583984,-119.28893280029297,TULARE,VISALIA,-119.28895568847656,36.327438354492188
9714380,2024,2024-07-15,5407,2024-05-13,1749,12452,480,1,5,5,5407,0,0,0,,0,P33,"S CONYER ST","W TULARE AV",0.00,,Y,A,-,N,,,,,,,,,,Y,3,0,4,4,A,-,12,21453,A,N,D,C,A,A,H,-,A,A,0,,,,,Y,,A,01,0,1,3,0,0,0,0,0,0,"- ","- ",36.320159912109375,-119.3009033203125,TULARE,VISALIA,-119.30098724365234,36.320049285888672
9714382,2024,2024-07-15,5407,2024-05-16,1611,C62,480,4,5,5,5407,0,0,0,,0,012,"S LINWOOD ST","W WALNUT AV",0.00,,Y,A,-,N,,,,,,,,,,Y,3,0,1,2,A,-,12,21453,A,N,D,C,A,A,H,-,A,A,0,,,,,Y,,A,01,0,1,0,0,0,0,0,0,0,"- ","- ",36.312778472900391,-119.34062957763672,TULARE,VISALIA,-119.34063720703125,36.312786102294922
9714385,2024,2024-07-29,5407,2024-05-22,"19  ",A372,480,3,5,5,5407,0,0,0,,0,N25,"N FLORAL ST","NW 1ST AV",0.00,,-,A,-,N,,,,,,,,,,N,4,0,1,2,A,-,05,21650,,N,D,G,A,A,H,-,C,A,0,,Y,,,Y,,-,"- ",0,0,1,0,0,0,1,0,0,"- ","- ",36.338268280029297,-119.2957763671875,TULARE,VISALIA,-119.29580688476562,36.338272094726562
9714388,2024,2024-07-16,5407,2024-05-22,1313,M293,480,3,5,5,5407,0,0,0,,0,025,"N GIDDINGS ST","W SEDONA AV",0.00,,Y,A,-,N,,,,,,,,,,Y,3,0,1,3,A,-,09,21802,A,N,C,C,A,A,H,-,A,A,0,,,,,Y,,A,01,0,1,0,0,0,0,0,0,0,"- ","- ",36.358081817626953,-119.30568695068359,TULARE,VISALIA,-119.30570983886719,36.358039855957031
9714391,2024,2024-07-16,5407,2024-05-02,1029,M293,480,4,5,5,5407,0,0,0,,0,025,"N JACOB ST","W GROVE AV",0.00,,Y,A,-,N,,,,,,,,,,Y,4,0,1,2,A,-,09,21802,A,N,D,C,A,A,H,-,A,A,0,,,,,Y,,A,01,0,0,1,0,0,0,0,0,0,"- ","- ",36.336898803710938,-119.30216217041016,TULARE,VISALIA,-119.30211639404297,36.336860656738281
9716207,2024,2024-09-04,5407,2024-06-20,1427,C62,480,4,5,5,5407,0,0,0,,0,011,"N DEMAREE ST","W GOSHEN AV",180.00,S,N,A,-,N,,,,,,,,,,Y,3,0,1,2,A,-,09,21801,A,N,D,C,A,A,H,-,A,A,0,,,,,Y,,D,22,0,1,0,0,0,0,0,0,0,"- ","- ",36.338138580322266,-119.33206176757812,TULARE,VISALIA,-119.33193969726562,36.338207244873047
9716486,2024,2024-07-25,5407,2024-06-24,1150,M333,480,1,5,5,5407,0,0,0,,0,R12,"W WALNUT AV","S MADSEN ST",113.00,E,N,A,-,N,,,,,,,,,,Y,3,0,1,1,A,-,08,22107,,N,A,I,A,A,H,-,A,D,0,,,,,Y,,A,01,0,1,0,0,0,0,0,0,0,"- ","- ",,,TULARE,VISALIA,-119.32057952880859,36.312923431396484
9716487,2024,2024-07-25,5407,2024-06-22,1158,12452,480,6,5,5,5407,0,0,0,,0,R12,"W WALNUT AVE","S YALE ST",195.00,E,N,A,-,N,,,,,,,,,,Y,4,0,2,2,A,-,09,21804,A,N,D,C,A,A,H,-,A,A,0,,,,,Y,,A,01,0,0,2,0,0,0,0,0,0,"- ","- ",36.312969207763672,-119.31616973876953,TULARE,VISALIA,-119.31617736816406,36.312961578369141
9717017,2024,2024-07-29,5407,2024-06-27,"943 ",M333,480,4,5,5,5407,0,0,0,,0,M11,"N PLAZA DR","W CROWLEY AVE",0.00,,Y,A,-,N,,,,,,,,,,Y,2,0,3,2,A,-,12,21453,A,N,D,C,A,A,H,-,A,A,0,,,,,Y,,A,07,1,0,2,0,0,0,0,0,0,"- ","- ",,,TULARE,VISALIA,-119.39112854003906,36.330821990966797
9717018,2024,2024-07-31,5407,2024-06-21,1855,A348,480,5,5,5,5407,0,0,0,,0,012,"W WALNUT AVE","S WOODLAND",0.00,,Y,A,-,N,,,,,,,,,,Y,3,0,4,2,A,-,12,21453,A,N,A,C,A,A,H,-,A,A,0,,,,,Y,,A,01,0,3,1,0,0,0,0,0,0,"- ","- ",36.312931060791016,-119.31893920898438,TULARE,VISALIA,-119.31895446777344,36.312938690185547
9717641,2024,2024-08-27,5406,2024-07-10,1535,6WA4R,DIST2,3,5,4,5406,0,0,0,,0,0AO,"W PROSPERITY AV","N H ST",0.00,,Y,A,-,N,,,,,,,,,,Y,3,0,1,2,A,-,06,21750,,N,D,J,A,A,H,-,A,A,0,,,,,Y,,D,22,0,1,0,0,0,0,0,0,0,"- ","- ",36.225620269775391,-119.35207366943359,TULARE,TULARE,-119.35317993164062,36.225685119628906
9720165,2024,2024-10-17,5405,2024-07-17,1048,302,SEC4,3,5,4,5405,0,0,0,,0,,"OLIVE AV","RT 65",0.00,,Y,A,-,Y,TUL,6,65,-,-,19.019,R,4,S,Y,3,0,2,2,A,-,09,21801,A,N,D,C,A,A,H,-,A,A,0,,,,,Y,,A,01,0,2,0,0,0,0,0,0,0,"- ","- ",,,TULARE,PORTERVILLE,-119.03947448730469,36.06402587890625
9720516,2024,2024-08-20,5405,2024-07-23,"120 ",259,SEC4,2,5,4,5405,0,0,0,,0,,"JAYE ST","DATE AV",48.00,S,N,A,-,N,,,,,,,,,,Y,4,0,1,1,A,-,01,23153,A,N,E,I,A,A,H,-,C,D,0,,,,,Y,Y,A,01,0,0,1,0,0,0,0,0,0,"- ","- ",36.059551239013672,-119.02622222900391,TULARE,PORTERVILLE,-119.02626037597656,36.058540344238281
9720519,2024,2024-08-27,5405,2024-07-18,1441,316,"SEC 4",4,5,4,5405,0,0,0,,0,,"PROSPECT ST","BEL AIRE CIR",263.00,S,N,A,-,N,,,,,,,,,,Y,3,0,1,2,A,-,09,21801,A,N,B,C,A,A,H,-,A,D,0,,,,,Y,,A,01,0,1,0,0,0,0,0,0,0,"- ","- ",36.081668853759766,-119.04367828369141,TULARE,PORTERVILLE,-119.04400634765625,36.081878662109375