CASE_ID,ACCIDENT_YEAR,PROC_DATE,JURIS,COLLISION_DATE,COLLISION_TIME,OFFICER_ID,REPORTING_DISTRICT,DAY_OF_WEEK,CHP_SHIFT,POPULATION,CNTY_CITY_LOC,SPECIAL_COND,BEAT_TYPE,CHP_BEAT_TYPE,CITY_DIVISION_LAPD,CHP_BEAT_CLASS,BEAT_NUMBER,PRIMARY_RD,SECONDARY_RD,DISTANCE,DIRECTION,INTERSECTION,WEATHER_1,WEATHER_2,STATE_HWY_IND,CALTRANS_COUNTY,CALTRANS_DISTRICT,STATE_ROUTE,ROUTE_SUFFIX,POSTMILE_PREFIX,POSTMILE,LOCATION_TYPE,RAMP_INTERSECTION,SIDE_OF_HWY,TOW_AWAY,COLLISION_SEVERITY,NUMBER_KILLED,NUMBER_INJURED,PARTY_COUNT,PRIMARY_COLL_FACTOR,PCF_CODE_OF_VIOL,PCF_VIOL_CATEGORY,PCF_VIOLATION,PCF_VIOL_SUBSECTION,HIT_AND_RUN,TYPE_OF_COLLISION,MVIW,PED_ACTION,ROAD_SURFACE,ROAD_COND_1,ROAD_COND_2,LIGHTING,CONTROL_DEVICE,CHP_ROAD_TYPE,PEDESTRIAN_ACCIDENT,BICYCLE_ACCIDENT,MOTORCYCLE_ACCIDENT,TRUCK_ACCIDENT,NOT_PRIVATE_PROPERTY,ALCOHOL_INVOLVED,STWD_VEHTYPE_AT_FAULT,CHP_VEHTYPE_AT_FAULT,COUNT_SEVERE_INJ,COUNT_VISIBLE_INJ,COUNT_COMPLAINT_PAIN,COUNT_PED_KILLED,COUNT_PED_INJURED,COUNT_BICYCLIST_KILLED,COUNT_BICYCLIST_INJURED,COUNT_MC_KILLED,COUNT_MC_INJURED,PRIMARY_RAMP,SECONDARY_RAMP,LATITUDE,LONGITUDE,COUNTY,CITY,POINT_X,POINT_Y
9722904,2024,2024-09-30,5405,2024-08-30,1606,CSO46,SEC2,5,5,4,5405,0,0,0,,0,,"2ND ST","HENDERSON AV",110.00,N,N,A,-,N,,,,,,,,,,N,3,0,1,2,A,-,06,21750,,N,B,C,A,A,H,-,A,D,0,,,,,Y,,D,22,0,1,0,0,0,0,0,0,0,"- ","- ",36.080158233642578,-119.01496124267578,TULARE,PORTERVILLE,-119.01491546630859,36.080459594726562
9722908,2024,2024-09-30,5405,2024-08-26,"619 ",292,SEC1,1,5,4,5405,0,0,0,,0,,"MORTON AV","INDIANA ST",0.00,,Y,A,-,N,,,,,,,,,,Y,2,0,2,2,A,-,12,21453,A,N,D,C,A,A,H,-,A,A,0,,,,,Y,,D,22,1,0,1,0,0,0,0,0,0,"- ","- ",36.073299407958984,-119.03507232666016,TULARE,PORTERVILLE,-119.03507995605469,36.073276519775391
9723958,2024,2024-10-31,5405,2024-10-06,"622 ",318,SEC3,7,5,4,5405,0,0,0,,0,,"PUTNAM AV","E ST",0.00,,Y,A,-,N,,,,,,,,,,N,3,0,1,3,A,-,08,22107,,N,D,C,A,A,H,-,A,A,0,,,,,Y,,A,07,0,1,0,0,0,0,0,0,0,"- ","- ",36.069698333740234,-119.0198974609375,TULARE,PORTERVILLE,-119.01994323730469,36.069721221923828
9724007,2024,2024-10-16,5405,2024-09-30,1316,293,SEC4,1,5,4,5405,0,0,0,,0,,"PUTNAM AV","PROSPECT ST",0.00,,Y,A,-,N,,,,,,,,,,N,4,0,1,2,A,-,10,21950,A,F,G,B,D,A,H,-,A,A,0,Y,,,,Y,,A,01,0,0,1,0,1,0,0,0,0,"- ","- ",36.069381713867188,-119.04387664794922,TULARE,PORTERVILLE,-119.04395294189453,36.069541931152344
9724008,2024,2024-10-18,5405,2024-09-26,1819,307,SEC4,4,5,4,5405,0,0,0,,0,5405,OLIVE,"BEVERLY ST",0.00,,Y,A,-,N,,,,,,,,,,Y,4,0,1,2,A,-,09,21801,A,N,A,C,A,A,H,-,A,D,0,,,,,Y,,A,01,0,0,1,0,0,0,0,0,0,"- ","- ",36.065811157226562,-119.04855346679688,TULARE,PORTERVILLE,-119.04856109619141,36.065879821777344
9724168,2024,2024-12-04,5401,2024-09-26,1152,2126,5401,4,5,3,5401,0,0,0,,0,,"EL MONTE WY","RANDLE AV",0.00,,N,A,-,N,,,,,,,,,,Y,4,0,1,2,A,-,09,21804,A,N,B,C,A,A,H,-,A,A,0,,,,,Y,,A,01,0,0,1,0,0,0,0,0,0,"- ","- ",,,TULARE,DINUBA,-119.37227630615234,36.545490264892578
9724330,2024,2024-08-15,5407,2024-06-27,1017,M186,480,4,5,5,5407,0,0,0,,0,025,"W MINERAL KING AV","W MAIN ST",0.00,,Y,A,-,N,,,,,,,,,,Y,4,0,2,2,A,-,12,21453,A,N,D,C,A,A,H,-,A,A,0,,,,,Y,,A,01,0,0,2,0,0,0,0,0,0,"- ","- ",,,TULARE,VISALIA,-119.32557678222656,36.327659606933594
9724390,2024,2024-09-09,5407,2024-07-10,1841,12350,480,3,5,5,5407,0,0,0,,0,025,"N LOCUST ST","W OAK AVE",0.00,,Y,A,-,N,,,,,,,,,,Y,4,0,3,2,A,-,09,21804,A,N,D,C,A,A,H,-,A,D,0,,,,,Y,,A,01,0,0,3,0,0,0,0,0,0,"- ","- ",36.331958770751953,-119.49344635009766,TULARE,VISALIA,-119.29347991943359,36.331867218017578
9724768,2024,2024-09-10,5407,2024-06-27,1554,C62,480,4,5,5,5407,0,0,0,,0,026,"MAIN ST","DUNWORTH ST",68.00,W,N,A,-,N,,,,,,,,,,Y,3,0,2,2,A,-,09,21801,A,N,D,C,A,A,H,-,A,A,0,,,,,Y,,A,01,0,2,0,0,0,0,0,0,0,"- ","- ",36.330001831054688,-119.26000213623047,TULARE,VISALIA,-119.268310546875,36.330215454101562
9724995,2024,2024-09-12,5407,2024-07-12,1200,M203,480,5,5,5,5407,0,0,0,,0,033,"S  BURKE ST",TULARE,0.00,,Y,A,-,N,,,,,,,,,,Y,3,0,6,2,A,-,09,21802,A,N,D,C,A,A,H,-,A,A,0,,,,,Y,,A,01,0,1,5,0,0,0,0,0,0,"- ","- ",36.320140838623047,-119.28304290771484,TULARE,VISALIA,-119.28307342529297,36.320148468017578
9725184,2024,2024-08-20,5406,2024-06-28,2000,YEUDK,DIST4,5,5,4,5406,0,0,0,,0,EAST,ALPINE,MORRISON,0.00,,Y,A,-,N,,,,,,,,,,Y,3,0,1,2,A,-,10,21950,A,N,G,B,B,A,H,-,A,A,0,Y,,,,Y,,A,01,0,1,0,0,1,0,0,0,0,"- ","- ",36.202049255371094,-119.30335998535156,TULARE,TULARE,-119.30344390869141,36.202049255371094
9725403,2024,2024-09-26,5405,2024-07-30,1552,282,"SEC 1",2,5,4,5405,0,0,0,,0,,"HENDERSON AV","PROSPECT ST",663.00,W,N,A,-,N,,,,,,,,,,Y,3,0,1,3,A,-,03,22350,,F,C,C,A,A,H,-,A,A,0,,,,,Y,,A,01,0,1,0,0,0,0,0,0,0,"- ","- ",36.080421447753906,-119.04393005371094,TULARE,PORTERVILLE,-119.04621124267578,36.080398559570312
9727089,2024,2024-12-20,5405,2024-11-27,1234,236,SEC3,3,5,4,5405,0,0,0,,0,,"OLIVE AV","PLANO ST",255.00,W,N,A,-,N,,,,,,,,,,Y,4,0,3,2,A,-,09,21804,A,N,D,A,A,A,H,-,A,A,0,,,,,Y,,A,01,0,0,3,0,0,0,0,0,0,"- ","- ",36.065128326416016,-119.00830841064453,TULARE,PORTERVILLE,-119.00917816162109,36.065101623535156
9727107,2024,2024-12-20,5405,2024-11-16,1742,316,SEC3,6,5,4,5405,0,0,0,,0,,"OLIVE AV","D ST",0.00,,Y,A,-,N,,,,,,,,,,Y,3,0,3,2,A,-,12,21453,A,N,B,C,A,A,H,-,C,A,0,,,,,Y,,A,01,0,3,0,0,0,0,0,0,0,"- ","- ",,,TULARE,PORTERVILLE,-119.01846313476562,36.06512451171875
9728108,2024,2024-09-04,5405,2024-08-05,1436,268,SEC3,1,5,4,5405,0,0,0,,0,,"OLIVE AV","G ST",189.00,E,N,A,-,N,,,,,,,,,,N,3,0,1,2,A,-,11,21954,A,N,G,B,D,A,H,-,A,D,0,Y,,,,Y,Y,N,60,0,1,0,0,1,0,0,0,0,"- ","- ",36.064781188964844,-119.02253723144531,TULARE,PORTERVILLE,-119.02232360839844,36.065181732177734
9728211,2024,2024-09-09,5407,2024-07-23,"755 ",11895,480,2,5,5,5407,0,0,0,,0,025,"W PROSPECT AVE","N DIVISADERO ST",0.00,,Y,A,-,N,,,,,,,,,,N,4,0,2,2,A,-,12,22450,A,N,A,C,A,A,H,-,A,A,0,,,,,Y,,D,22,0,0,2,0,0,0,0,0,0,"- ","- ",36.345249176025391,-119.31002044677734,TULARE,VISALIA,-119.31002044677734,36.345256805419922
9729326,2024,2024-10-14,5401,2024-08-10,1459,2120,5401,6,5,3,5401,0,0,0,,0,,"W TULARE ST","S M ST",0.00,,Y,A,-,N,,,,,,,,,,N,4,0,3,2,A,-,09,21802,A,N,D,D,A,A,H,-,A,D,0,,,,,Y,,A,07,0,0,3,0,0,0,0,0,0,"- ","- ",,,TULARE,DINUBA,-119.39122772216797,36.540107727050781
9730743,2024,2024-09-18,5407,2024-07-24,"835 ",11895,480,3,5,5,5407,0,0,0,,0,025,"W RIGGIN AV","RT 63",0.00,,Y,A,-,Y,TUL,6,63,-,-,10.110,I,5,N,Y,4,0,1,3,A,-,12,21453,A,N,D,C,A,A,H,-,A,A,0,,,,,Y,,A,01,0,0,1,0,0,0,0,0,0,"- ","- ",36.356391906738281,-119.29744720458984,TULARE,VISALIA,-119.29698944091797,36.356239318847656
9730890,2024,2024-10-09,5407,2024-07-27,1627,12479,480,6,5,5,5407,0,0,0,,0,012,"RT 63","MEADOW ST",0.00,,Y,A,-,Y,TUL,6,63,-,-,7.640,I,5,S,Y,4,0,1,2,A,-,12,21453,A,N,D,C,A,A,H,-,A,A,0,,,,,Y,,-,"- ",0,0,1,0,0,0,0,0,0,"- ","- ",,,TULARE,VISALIA,-119.31407928466797,36.322044372558594
9731501,2024,2024-09-04,5407,2024-07-24,1332,M292,480,3,5,5,5407,0,0,0,,0,033,"S LOVERS LN","E NOBLE AV",0.00,,Y,A,-,N,,,,,,,,,,Y,3,0,1,2,A,-,12,21453,A,N,D,C,A,A,H,-,A,A,0,,,,,Y,,A,01,0,1,0,0,0,0,0,0,0,"- ","- ",36.326728820800781,-119.26087951660156,TULARE,VISALIA,-119.26070404052734,36.326618194580078
9731506,2024,2024-09-12,5407,2024-07-07,1406,M186,480,7,5,5,5407,0,0,0,,0,012,"S DEMAREE ST",WALNUT,0.00,,Y,A,-,N,,,,,,,,,,Y,2,0,1,2,A,-,12,21453,A,N,H,J,A,A,H,-,A,A,0,,,,,Y,,M,94,1,0,0,0,0,0,0,0,0,"- ","- ",36.312820434570312,-119.33168029785156,TULARE,VISALIA,-119.33167266845703,36.312812805175781
9731783,2024,2024-09-26,5406,2024-08-04,"325 ",6WA4R,DIST3,7,5,4,5406,0,0,0,,0,EAST,BARDSLEY,SPRUCE,0.00,,Y,A,-,N,,,,,,,,,,Y,3,0,2,2,A,-,08,22107,,N,D,C,A,A,H,-,C,A,0,,,,,Y,Y,A,07,0,2,0,0,0,0,0,0,0,"- ","- ",36.196651458740234,-119.32717895507812,TULARE,TULARE,-119.32723999023438,36.196659088134766
9732786,2024,2024-10-09,5407,2024-08-15,1301,12452,480,4,5,5,5407,0,0,0,,0,R12,"MOONEY BL","SUNNYSIDE AV",155.00,S,N,A,-,Y,TUL,6,63,-,-,6.320,H,-,S,Y,4,0,3,4,A,-,03,22350,,N,C,C,A,A,H,-,A,A,0,,,,,Y,,A,01,0,0,3,0,0,0,0,0,0,"- ","- ",,,TULARE,VISALIA,-119.31383514404297,36.303012847900391
9732937,2024,2024-09-13,5401,2024-06-28,1536,2130,2130,5,5,3,5401,0,0,0,,0,003,"AVE 416","ROAD 68",123.00,W,N,A,-,N,,,,,,,,,,Y,4,0,1,2,A,-,03,22350,,N,C,C,A,A,H,-,A,A,0,,,,,Y,,D,22,0,0,1,0,0,0,0,0,0,"- ","- ",,,TULARE,DINUBA,,
9733107,2024,2024-11-25,5407,2024-04-20,1012,12699,480,6,5,5,5407,0,0,0,,0,033,"MINERAL KING AV","LOVERS LN",0.00,,Y,A,-,N,,,,,,,,,,N,3,0,1,2,A,-,03,22350,,N,C,C,A,A,H,-,A,A,0,,,,,Y,,A,01,0,1,0,0,0,0,0,0,0,"- ","- ",36.326641082763672,-119.26077270507812,TULARE,VISALIA,-119.26072692871094,36.328147888183594
9733134,2024,2024-09-13,5407,2024-07-31,"930 ",C68,480,3,5,5,5407,0,0,0,,0,025,"RANCH ST","BORDER LINKS DR",0.00,,Y,A,-,N,,,,,,,,,,N,3,0,1,2,A,-,09,21802,A,N,A,J,A,A,H,-,A,D,0,,,,,Y,,M,94,0,1,0,0,0,0,0,0,0,"- ","- ",,,TULARE,VISALIA,-119.32140350341797,36.333782196044922
9733137,2024,2024-09-13,5407,2024-07-24,2037,12239,480,3,5,5,5407,0,0,0,,0,012,"CHINOWTH ST",CHERRY,0.00,,Y,A,-,N,,,,,,,,,,Y,2,0,1,3,A,-,09,21802,A,N,D,C,A,A,H,-,C,A,0,,,,,Y,,A,08,1,0,0,0,0,0,0,0,0,"- ","- ",36.307590484619141,-119.33608245849609,TULARE,VISALIA,-119.33611297607422,36.307594299316406
9733251,2024,2024-09-25,5407,2024-08-16,1855,A407,480,5,5,5,5407,0,0,0,,0,N25,"N GIDDINGS ST","W CENTER AV",0.00,,Y,A,-,N,,,,,,,,,,Y,3,0,1,2,A,-,12,21453,A,N,D,C,A,A,H,-,B,A,0,,,,,Y,,-,"- ",0,1,0,0,0,0,0,0,0,"- ","- ",36.330989837646484,-119.30548858642578,TULARE,VISALIA,-119.30548858642578,36.331001281738281
9733282,2024,2024-10-01,5407,2024-08-25,1915,C62,480,7,5,5,5407,0,0,0,,0,025,"MAIN ST","LOCUST ST",62.00,E,N,A,-,N,,,,,,,,,,Y,4,0,1,2,A,-,01,23152,E,N,B,D,A,A,H,-,B,A,0,,,,,Y,,A,01,0,0,1,0,0,0,0,0,0,"- ","- ",36.330101013183594,-119.29299926757812,TULARE,VISALIA,-119.29324340820312,36.330181121826172
9733285,2024,2024-09-16,5407,2024-08-19,1209,11895,480,1,5,5,5407,0,0,0,,0,026,"BURKE ST","ST JOHNS PKWY",0.00,,Y,A,-,N,,,,,,,,,,Y,4,0,2,2,A,-,12,22450,A,N,D,C,A,A,H,-,A,A,0,,,,,Y,,A,01,0,0,2,0,0,0,0,0,0,"- ","- ",36.349998474121094,-119.28299713134766,TULARE,VISALIA,-119.28321075439453,36.350883483886719
9734530,2024,2024-09-23,5404,2024-08-28,1311,655,5404,3,5,2,5404,0,0,0,,0,21L,"SEQUOIA AV","HICKORY ST",163.00,N,N,A,-,N,,,,,,,,,,Y,4,0,1,2,A,-,08,22107,,N,D,E,A,A,H,-,A,D,0,,,,,Y,,A,01,0,0,1,0,0,0,0,0,0,"- ","- ",,,TULARE,LINDSAY,-119.09612274169922,36.218215942382812
9735000,2024,2024-11-19,5401,2024-09-25,"602 ",2133,5401,3,5,3,5401,0,0,0,,0,00A,"W EL MONTE WY","ROAD 70 RD",0.00,,Y,A,-,N,,,,,,,,,,Y,4,0,1,2,A,-,12,22450,A,N,D,C,A,A,H,-,A,A,0,,,,Y,Y,,A,01,0,0,1,0,0,0,0,0,0,"- ","- ",,,TULARE,DINUBA,-119.41728973388672,36.546119689941406
9735090,2024,2024-10-16,5405,2024-09-24,1123,282,SEC1,2,5,4,5405,0,0,0,,0,,"HENDERSON AV","VILLA ST",103.00,W,N,A,-,N,,,,,,,,,,N,4,0,1,2,A,-,03,22350,,N,C,C,A,A,H,-,A,A,0,,,,,Y,,A,01,0,0,1,0,0,0,0,0,0,"- ","- ",36.080539703369141,-119.03047180175781,TULARE,PORTERVILLE,-119.03079986572266,36.080539703369141
9735115,2024,2024-10-16,5405,2024-09-30,1636,282,SEC3,1,5,4,5405,0,0,0,,0,,"PLANO ST","VANDALIA AV",41.00,S,N,A,-,N,,,,,,,,,,Y,4,0,3,3,A,-,08,22107,,N,B,C,A,A,H,-,A,A,0,,,,,Y,,A,01,0,0,3,0,0,0,0,0,0,"- ","- ",36.053371429443359,-119.00814056396484,TULARE,PORTERVILLE,-119.00817108154297,36.052536010742188
9735280,2024,2024-10-21,5404,2024-01-07,1241,655,5404,7,5,2,5404,0,0,0,,0,21L,"HERMOSA ST","ELMWOOD AV",53.00,W,N,A,-,N,,,,,,,,,,N,4,0,1,2,A,-,04,21703,,N,C,B,A,A,H,-,A,D,0,,,,,Y,,A,07,0,0,1,0,0,0,0,0,0,"- ","- ",,,TULARE,LINDSAY,-119.09138488769531,36.204929351806641
9736652,2024,2024-10-14,5405,2024-09-03,1142,317,SEC3,2,5,4,5405,0,0,0,,0,,"WEST OLIVE AV","D ST",0.00,,Y,A,-,N,,,,,,,,,,N,3,0,1,2,A,-,10,21950,A,N,G,B,B,A,H,-,A,A,0,Y,,,,Y,,A,01,0,1,0,0,1,0,0,0,0,"- ","- ",36.065120697021484,-119.0184326171875,TULARE,PORTERVILLE,-119.01846313476562,36.06512451171875
9736655,2024,2024-10-08,5405,2024-09-05,"709 ",282,SEC1,4,5,4,5405,0,0,0,,0,,"MULBERRY AV","INDIANA ST",0.00,,Y,A,-,N,,,,,,,,,,Y,4,0,3,2,A,-,09,21802,A,N,A,C,A,A,H,-,A,A,0,,,,,Y,,A,01,0,0,3,0,0,0,0,0,0,"- ","- ",36.084041595458984,-119.03510284423828,TULARE,PORTERVILLE,-119.03509521484375,36.084068298339844
9736712,2024,2024-10-01,5405,2024-08-30,1600,315,SEC1,5,5,4,5405,0,0,0,,0,,"KANAI AV","LOMBARDI ST",0.00,,Y,A,-,N,,,,,,,,,,N,3,0,1,2,A,-,12,22450,A,N,D,G,A,A,H,-,A,A,0,,Y,,,Y,,L,04,0,1,0,0,0,0,1,0,0,"- ","- ",36.076141357421875,-119.06616973876953,TULARE,PORTERVILLE,-119.06645202636719,36.076309204101562
9738538,2024,2024-09-30,5407,2024-08-27,1941,C68,480,2,5,5,5407,0,0,0,,0,025,"HOUSTON AV","LESLIE ST",0.00,,Y,A,-,N,,,,,,,,,,N,4,0,1,2,A,-,00,20001,B,F,G,B,B,A,H,-,A,D,0,Y,,,,Y,,-,,0,0,1,0,1,0,0,0,0,"- ","- ",,,TULARE,VISALIA,-119.31266021728516,36.3419189453125
9738596,2024,2024-10-23,5405,2024-09-16,1007,236,SEC4,1,5,4,5405,0,0,0,,0,,"OLIVE AV","RT 65",42.00,W,N,A,-,Y,TUL,6,65,-,-,18.934,R,4,N,N,4,0,1,2,A,-,03,22350,,N,C,C,A,A,H,-,A,A,0,,,,,Y,,D,22,0,0,1,0,0,0,0,0,0,"- ",NF,36.065570831298828,-119.038330078125,TULARE,PORTERVILLE,-119.03924560546875,36.062778472900391
9738610,2024,2024-10-03,5405,2024-09-06,"838 ",315,SEC4,5,5,4,5405,0,0,0,,0,,"NEWCOMB ST","TOMAH AV",0.00,,Y,A,-,N,,,,,,,,,,Y,3,0,1,2,A,-,09,21801,A,N,D,C,A,A,H,-,A,A,0,,,,,Y,,A,01,0,1,0,0,0,0,0,0,0,"- ","- ",36.067668914794922,-119.052978515625,TULARE,PORTERVILLE,-119.05297088623047,36.067680358886719
9738613,2024,2024-11-25,5405,2024-09-05,1826,250,SEC3,4,5,4,5405,0,0,0,,0,,"OLIVE AV","E ST",0.00,,Y,A,-,N,,,,,,,,,,N,3,0,1,2,A,-,12,22450,A,F,D,-,A,A,H,-,A,D,0,,Y,,,Y,Y,L,04,0,1,0,0,0,0,1,0,0,"- ","- ",36.065219879150391,-119.01999664306641,TULARE,PORTERVILLE,-119.02000427246094,36.065151214599609
9738619,2024,2024-10-02,5405,2024-09-18,2316,314,SEC3,3,5,4,5405,0,0,0,,0,,"DATE AV","PLANO ST",53.00,E,N,A,-,N,,,,,,,,,,Y,3,0,1,2,A,-,01,23153,B,N,C,C,A,A,H,-,C,A,0,,,,,Y,Y,A,07,0,1,0,0,0,0,0,0,0,"- ","- ",36.058521270751953,-119.00749969482422,TULARE,PORTERVILLE,-119.00761413574219,36.058498382568359
9739409,2024,2024-10-04,5404,2024-09-17,1735,680,,2,5,2,5404,0,0,0,,0,,HARVARD,HONOLULU,18.00,N,N,A,-,N,,,,,,,,,,N,4,0,1,2,A,-,03,22350,,N,C,C,A,A,H,-,A,A,0,,,,,Y,,A,01,0,0,1,0,0,0,0,0,0,"- ","- ",,,TULARE,LINDSAY,-119.08245849609375,36.203590393066406
9741141,2024,2024-10-16,5403,2024-09-25,1208,847,,3,5,2,5403,0,0,0,,0,,"ASH ST","AVERY AV",108.00,E,N,A,-,N,,,,,,,,,,Y,3,0,2,3,A,-,07,21658,,N,A,E,A,A,H,-,A,D,0,,,,,Y,,A,01,0,2,0,0,0,0,0,0,0,"- ","- ",,,TULARE,FARMERSVILLE,-119.20219421386719,36.301753997802734
9742410,2024,2024-12-04,5401,2024-10-04,1022,2110,5401,5,5,3,5401,0,0,0,,0,002,"NORTH WY","BATES AV",309.00,E,N,A,-,N,,,,,,,,,,Y,4,0,1,2,A,-,09,21802,A,N,D,C,A,A,H,-,A,D,0,,,,,Y,,A,01,0,0,1,0,0,0,0,0,0,"- ","- ",,,TULARE,DINUBA,-119.39182281494141,36.549423217773438
9742510,2024,2024-10-24,5405,2024-10-17,1518,236,"SEC 2",4,5,4,5405,0,0,0,,0,,"WESTFIELD AV","MAIN ST",0.00,,Y,A,-,N,,,,,,,,,,Y,4,0,1,2,A,-,09,21802,A,F,D,A,A,A,H,-,A,A,0,,,,,Y,,D,22,0,0,1,0,0,0,0,0,0,"- ","- ",36.098220825195312,-119.03514862060547,TULARE,PORTERVILLE,-119.02654266357422,36.087589263916016
9742571,2024,2024-10-31,5405,2024-10-09,1656,300,SEC1,3,5,4,5405,0,0,0,,0,,"MORTON AV","JOHNSON PL",129.00,W,N,A,-,N,,,,,,,,,,N,3,0,2,3,A,-,03,22350,,N,C,C,A,A,D,-,A,A,0,,,,,Y,,A,01,0,1,1,0,0,0,0,0,0,"- ","- ",36.073280334472656,-119.03173828125,TULARE,PORTERVILLE,-119.03219604492188,36.073268890380859
9743757,2024,2024-12-12,5405,2024-10-30,2018,314,"SEC 4",3,5,4,5405,0,0,0,,0,,"WESTWOOD ST","SCRANTON AV",0.00,,Y,A,-,N,,,,,,,,,,Y,4,0,4,2,A,-,00,23153,G,N,D,C,A,A,H,-,D,A,0,,,,,Y,Y,A,01,0,0,4,0,0,0,0,0,0,"- ","- ",36.036811828613281,-119.07084655761719,TULARE,PORTERVILLE,-119.07086181640625,36.036800384521484
9743758,2024,2024-12-24,5405,2024-10-21,"738 ",310,SEC3,1,5,4,5405,0,0,0,,0,,"ORANGE AV","JAYE ST",0.00,,Y,A,-,N,,,,,,,,,,Y,4,0,1,2,A,-,12,21453,A,N,D,C,A,A,H,-,A,A,0,,,,,Y,,-,"- ",0,0,1,0,0,0,0,0,0,"- ","- ",36.061378479003906,-119.02616882324219,TULARE,PORTERVILLE,-119.02613830566406,36.061370849609375
9743888,2024,2024-12-03,5405,2024-11-08,1541,307,SEC4,5,5,4,5405,0,0,0,,0,,"OLIVE AV","DAMERON ST",0.00,,Y,A,-,N,,,,,,,,,,Y,3,0,2,2,A,-,09,21801,A,N,A,C,A,A,H,-,A,A,0,,,,,Y,,A,01,0,2,0,0,0,0,0,0,0,"- ","- ",36.065841674804688,-119.044677734375,TULARE,PORTERVILLE,-119.044677734375,36.065906524658203
9743890,2024,2024-12-03,5405,2024-11-07,1605,315,SEC1,4,5,4,5405,0,0,0,,0,,"WESTWOOD ST","PORTER CREEK AV",102.00,S,N,A,-,N,,,,,,,,,,Y,3,0,1,1,A,-,08,22107,,N,E,I,A,A,H,-,A,D,0,,,,,Y,,A,01,0,1,0,0,0,0,0,0,0,"- ","- ",36.080608367919922,-119.07048797607422,TULARE,PORTERVILLE,-119.07080841064453,36.082008361816406
9743892,2024,2024-12-03,5405,2024-11-07,2332,265,SEC1,4,5,4,5405,0,0,0,,0,,"POPLAR AV","JAYE ST",622.00,W,N,A,-,N,,,,,,,,,,N,2,0,1,2,A,-,03,22350,,N,G,B,E,A,H,-,D,D,0,Y,,,,Y,,A,01,1,0,0,0,1,0,0,0,0,"- ","- ",36.051048278808594,-119.02628326416016,TULARE,PORTERVILLE,-119.02835845947266,36.051467895507812
9745940,2024,2024-11-15,5405,2024-10-22,"840 ",282,SEC3,2,5,4,5405,0,0,0,,0,,"PLANO ST","WORTH AV",856.00,N,N,A,-,N,,,,,,,,,,Y,4,0,1,2,A,-,09,21804,A,N,D,C,A,A,H,-,A,A,0,,,,,Y,,D,22,0,0,1,0,0,0,0,0,0,"- ","- ",36.046550750732422,-119.00904846191406,TULARE,PORTERVILLE,-119.00836944580078,36.046356201171875
9746120,2024,2024-11-04,5405,2024-10-23,1629,236,SEC4,3,5,4,5405,0,0,0,,0,,"JAYE ST","DATE AV",204.00,S,N,A,-,N,,,,,,,,,,Y,4,0,1,1,A,-,01,23152,A,N,E,I,A,A,H,-,A,D,0,,,,,Y,Y,A,07,0,0,1,0,0,0,0,0,0,"- ","- ",36.058078765869141,-119.02581024169922,TULARE,PORTERVILLE,-119.02621459960938,36.058113098144531
9746122,2024,2024-10-29,5405,2024-10-10,2230,320,SECTO,4,5,4,5405,0,0,0,,0,,"WEST ST","SCRANTON AV",2190.00,S,N,A,-,N,,,,,,,,,,Y,3,0,1,2,A,-,08,22107,,N,D,C,A,A,H,-,C,D,0,,,,,Y,,A,01,0,1,0,0,0,0,0,0,0,"- ","- ",36.036750793457031,-119.07984924316406,TULARE,PORTERVILLE,-119.07989501953125,36.030731201171875
9747991,2024,2025-01-29,5407,2024-11-16,1110,A412,480,6,5,5,5407,0,0,0,,0,012,"RT 63","MEADOW AV",100.00,N,N,A,-,Y,TUL,6,63,-,-,7.650,H,-,S,Y,3,0,1,3,A,-,03,22350,,N,C,C,A,A,H,-,A,A,0,,,,,Y,,A,07,0,1,0,0,0,0,0,0,0,"- ","- ",36.322978973388672,-119.31378173828125,TULARE,VISALIA,-119.3140869140625,36.322208404541016
9747997,2024,2025-02-14,5407,2024-11-07,"736 ",12698,480,4,5,5,5407,0,0,0,,0,025,"RT 63","W MINERAL KING AV",0.00,,Y,A,-,Y,TUL,6,198,-,R,8.564,R,4,W,Y,3,0,1,2,A,-,12,21453,A,N,D,C,A,A,H,-,A,A,0,,,,,Y,,A,07,0,1,0,0,0,0,0,0,0,"- ","- ",,,TULARE,VISALIA,-119.31743621826172,36.327293395996094
9749573,2024,2024-11-07,5405,2024-10-23,2051,223,SEC1,3,5,4,5405,0,0,0,,0,,"RT 65","LINDA VISTA AV",0.00,,Y,A,-,Y,TUL,6,65,-,-,21.830,I,5,N,Y,2,0,5,2,A,-,09,21800,A,N,D,C,A,A,H,-,C,A,0,,,,,Y,,A,01,1,0,4,0,0,0,0,0,0,"- ","- ",,,TULARE,PORTERVILLE,-119.04294586181641,36.104347229003906
9750565,2024,2024-12-20,5405,2024-11-04,1537,282,"SEC 2",1,5,4,5405,0,0,0,,0,,"MORTON AV","SECOND ST",0.00,,Y,A,-,N,,,,,,,,,,Y,4,0,2,2,A,-,12,21453,A,N,D,C,A,A,H,-,A,A,0,,,,,Y,,A,07,0,0,2,0,0,0,0,0,0,"- ","- ",36.073040008544922,-119.01509857177734,TULARE,PORTERVILLE,-119.01515197753906,36.073078155517578
9752233,2024,2024-11-14,5403,2024-10-01,"750 ",847,,2,5,2,5403,0,0,0,,0,,"ASH ST","STEVEN AV",15.00,E,N,A,-,N,,,,,,,,,,N,2,0,2,3,A,-,10,21950,,N,G,B,B,A,H,-,A,A,0,Y,,,,Y,,A,07,2,0,0,0,2,0,0,0,0,"- ","- ",,,TULARE,FARMERSVILLE,-119.21328735351562,36.301799774169922