CASE_ID,ACCIDENT_YEAR,PROC_DATE,JURIS,COLLISION_DATE,COLLISION_TIME,OFFICER_ID,REPORTING_DISTRICT,DAY_OF_WEEK,CHP_SHIFT,POPULATION,CNTY_CITY_LOC,SPECIAL_COND,BEAT_TYPE,CHP_BEAT_TYPE,CITY_DIVISION_LAPD,CHP_BEAT_CLASS,BEAT_NUMBER,PRIMARY_RD,SECONDARY_RD,DISTANCE,DIRECTION,INTERSECTION,WEATHER_1,WEATHER_2,STATE_HWY_IND,CALTRANS_COUNTY,CALTRANS_DISTRICT,STATE_ROUTE,ROUTE_SUFFIX,POSTMILE_PREFIX,POSTMILE,LOCATION_TYPE,RAMP_INTERSECTION,SIDE_OF_HWY,TOW_AWAY,COLLISION_SEVERITY,NUMBER_KILLED,NUMBER_INJURED,PARTY_COUNT,PRIMARY_COLL_FACTOR,PCF_CODE_OF_VIOL,PCF_VIOL_CATEGORY,PCF_VIOLATION,PCF_VIOL_SUBSECTION,HIT_AND_RUN,TYPE_OF_COLLISION,MVIW,PED_ACTION,ROAD_SURFACE,ROAD_COND_1,ROAD_COND_2,LIGHTING,CONTROL_DEVICE,CHP_ROAD_TYPE,PEDESTRIAN_ACCIDENT,BICYCLE_ACCIDENT,MOTORCYCLE_ACCIDENT,TRUCK_ACCIDENT,NOT_PRIVATE_PROPERTY,ALCOHOL_INVOLVED,STWD_VEHTYPE_AT_FAULT,CHP_VEHTYPE_AT_FAULT,COUNT_SEVERE_INJ,COUNT_VISIBLE_INJ,COUNT_COMPLAINT_PAIN,COUNT_PED_KILLED,COUNT_PED_INJURED,COUNT_BICYCLIST_KILLED,COUNT_BICYCLIST_INJURED,COUNT_MC_KILLED,COUNT_MC_INJURED,PRIMARY_RAMP,SECONDARY_RAMP,LATITUDE,LONGITUDE,COUNTY,CITY,POINT_X,POINT_Y
9752262,2024,2024-11-22,5403,2024-10-15,1209,843,,2,5,2,5403,0,0,0,,0,,"E VISALIA RD","BRUNDAGE AV",192.00,N,N,A,-,N,,,,,,,,,,Y,4,0,1,2,A,-,03,22350,,N,D,C,A,A,H,-,A,D,0,,,,,Y,,D,22,0,0,1,0,0,0,0,0,0,"- ","- ",,,TULARE,FARMERSVILLE,-119.19515228271484,36.297771453857422
9753276,2024,2024-12-10,5405,2024-10-26,1153,CS046,SEC1,6,5,4,5405,0,0,0,,0,,"GRAND AV","WILSON PL",143.00,W,N,A,-,N,,,,,,,,,,Y,3,0,2,2,A,-,09,21804,A,N,D,C,A,A,H,-,A,D,0,,,,,Y,,A,07,0,1,1,0,0,0,0,0,0,"- ","- ",,,TULARE,PORTERVILLE,-115.96872711181641,33.278724670410156
9753513,2024,2024-12-30,5405,2024-11-21,1730,263,"SEC 4",4,5,4,5405,0,0,0,,0,,"OLIVE AV","RT 65",0.00,,Y,A,-,Y,TUL,6,65,-,R,19.300,R,4,N,Y,3,0,3,2,A,-,09,21801,A,N,D,C,A,A,H,-,C,A,0,,,,,Y,,A,07,0,1,2,0,0,0,0,0,0,"- ","- ",36.065959930419922,-119.03933715820312,TULARE,PORTERVILLE,-119.03927612304688,36.068130493164062
9754070,2024,2024-11-25,5406,2024-10-05,1807,6WA4R,3,6,5,4,5406,0,0,0,,0,0AO,BLACKSTONE,CEDAR,130.00,N,N,A,-,N,,,,,,,,,,Y,2,0,1,2,A,-,09,21801,A,N,D,C,A,A,H,-,B,D,0,,,Y,,Y,,A,01,1,0,0,0,0,0,0,0,1,"- ","- ",36.196678161621094,-119.33104705810547,TULARE,TULARE,-119.33112335205078,36.199947357177734
9757807,2025,2025-04-23,5407,2025-02-06,1730,12452,480,4,5,5,5407,0,0,0,,0,R12,"AKERS ST","VISALIA PKWY",0.00,,Y,B,-,N,,,,,,,,,,Y,4,0,3,2,A,-,09,21802,A,N,D,C,A,A,H,-,B,A,0,,,,,Y,,D,22,0,0,3,0,0,0,0,0,0,"- ","- ",36.290958404541016,-119.34935760498047,TULARE,VISALIA,-119.34931945800781,36.291141510009766
9758178,2024,2024-12-02,5405,2024-11-11,2012,310,"SEC 3",1,5,4,5405,0,0,0,,0,,"PLANO ST","OLIVE AV",229.00,S,N,A,-,N,,,,,,,,,,Y,4,0,1,2,A,-,01,23153,A,N,B,C,A,C,H,-,B,D,0,,,,,Y,Y,D,22,0,0,1,0,0,0,0,0,0,"- ","- ",36.052848815917969,-119.00836181640625,TULARE,PORTERVILLE,-119.00828552246094,36.064472198486328
9759061,2024,2024-12-23,5407,2024-10-13,1352,C56,480,7,5,5,5407,0,0,0,,0,026,"E RIGGIN AV","N BRIDGE ST",14.00,E,N,A,-,N,,,,,,,,,,Y,4,0,1,1,A,-,07,21658,A,N,E,I,A,A,H,-,A,D,0,,,,,Y,,A,01,0,0,1,0,0,0,0,0,0,"- ","- ",36.356529235839844,-119.28987121582031,TULARE,VISALIA,-119.28985595703125,36.356559753417969
9759062,2024,2024-12-23,5407,2024-10-08,"607 ",C60,480,2,5,5,5407,0,0,0,,0,026,"E MINERAL KING AV","S BURKE ST",0.00,,Y,A,-,N,,,,,,,,,,Y,4,0,2,2,A,-,12,21453,A,N,D,C,A,A,H,-,C,A,0,,,,,Y,,A,01,0,0,2,0,0,0,0,0,0,"- ","- ",36.326740264892578,-119.28327941894531,TULARE,VISALIA,-119.28322601318359,36.327411651611328
9759066,2024,2024-12-26,5407,2024-10-21,1708,A360,480,1,5,5,5407,0,0,0,,0,025,"W HOUSTON AV","N DINUBA BL",0.00,,Y,A,-,N,,,,,,,,,,Y,4,0,1,3,A,-,01,23152,A,N,C,C,A,A,H,-,A,A,0,,,,,Y,Y,A,01,0,0,1,0,0,0,0,0,0,"- ","- ",,,TULARE,VISALIA,-119.29666137695312,36.341838836669922
9759067,2024,2024-12-23,5407,2024-10-22,"649 ",M395,480,2,5,5,5407,0,0,0,,0,026,"N SANTA FE ST","E MURRAY AV",0.00,,Y,A,-,N,,,,,,,,,,Y,4,0,1,2,A,-,09,21801,A,N,A,C,A,A,H,-,A,A,0,,,,,Y,,A,01,0,0,1,0,0,0,0,0,0,"- ","- ",36.333789825439453,-119.28785705566406,TULARE,VISALIA,,
9759068,2024,2024-12-26,5407,2024-10-22,1600,12239,480,2,5,5,5407,0,0,0,,0,025,CONYER,PROSPECT,0.00,,Y,A,-,N,,,,,,,,,,Y,3,0,1,2,A,-,09,21802,A,N,D,I,A,A,H,-,A,A,0,,,,,Y,,A,01,0,1,0,0,0,0,0,0,0,"- ","- ",36.345508575439453,-119.30130767822266,TULARE,VISALIA,-119.30119323730469,36.34521484375
9759069,2024,2024-12-23,5407,2024-10-23,"830 ",A316,480,3,5,5,5407,0,0,0,,0,033,"W PRINCETON AV","S MOONEY BL",0.00,,Y,A,-,N,,,,,,,,,,N,2,0,1,2,A,-,10,21950,A,N,G,B,B,A,H,-,A,A,0,Y,,,,Y,,A,01,1,0,0,0,1,0,0,0,0,"- ","- ",36.315620422363281,-119.31378173828125,TULARE,VISALIA,-119.31394195556641,36.315639495849609
9759071,2024,2024-12-23,5407,2024-10-27,"735 ",A333,480,7,5,5,5407,0,0,0,,0,Q34,"W WHITENDALE AV","S GIDDINGS ST",50.00,E,N,A,-,N,,,,,,,,,,Y,3,0,1,1,A,-,03,22350,,F,A,I,A,A,H,-,A,A,0,,,,,Y,,A,07,0,1,0,0,0,0,0,0,0,"- ","- ",,,TULARE,VISALIA,-119.30490875244141,36.305698394775391
9759072,2024,2024-12-23,5407,2024-10-18,1635,C62,480,5,5,5,5407,0,0,0,,0,012,"S DEMAREE ST","LAUREL AV",185.00,N,N,A,-,N,,,,,,,,,,N,3,0,1,2,A,-,05,21202,A,N,C,J,A,A,H,-,A,A,0,,Y,,,Y,,L,04,0,1,0,0,0,0,1,0,0,"- ","- ",36.321388244628906,-119.33171844482422,TULARE,VISALIA,-119.33173370361328,36.321315765380859
9760206,2025,2025-01-29,5404,2025-01-09,1100,688,,4,5,2,5404,0,0,0,,0,22L,"HERMOSA ST","RT 65",400.00,E,N,A,-,N,,,,,,,,,,N,4,0,1,2,A,-,09,21804,A,N,D,C,A,A,H,-,A,D,0,,,,,Y,,A,01,0,0,1,0,0,0,0,0,0,"- ","- ",,,TULARE,LINDSAY,-119.10330963134766,36.203254699707031
9760539,2024,2024-12-26,5406,2024-11-07,1714,CANADA81,DIST3,4,5,4,5406,0,0,0,,0,EAST,PAIGE,LASPINA,700.00,W,N,A,-,N,,,,,,,,,,Y,4,0,1,2,A,-,03,22350,,N,C,C,A,A,H,-,C,A,0,,,,,Y,,A,01,0,0,1,0,0,0,0,0,0,"- ","- ",36.182159423828125,-119.32848358154297,TULARE,TULARE,-119.32640075683594,36.181751251220703
9760647,2024,2024-12-10,5401,2024-11-07,1447,2126,5401,4,5,3,5401,0,0,0,,0,00A,"NK ST","E MERCED ST",0.00,,Y,A,-,N,,,,,,,,,,N,4,0,1,2,A,-,09,21802,A,N,D,C,A,A,H,-,A,A,0,,,,,Y,,A,01,0,0,1,0,0,0,0,0,0,"- ","- ",,,TULARE,DINUBA,,
9761481,2024,2024-12-20,5404,2024-08-11,1900,678,5404,7,5,2,5404,0,0,0,,0,22L,"S MIRAGE AVE","LINDMORE ST",700.00,N,N,A,-,N,,,,,,,,,,Y,4,0,1,2,A,-,08,22107,,N,D,C,A,A,H,-,B,D,0,,,,,Y,,-,,0,0,1,0,0,0,0,0,0,"- ","- ",,,TULARE,LINDSAY,-119.08664703369141,36.198108673095703
9761507,2024,2024-12-31,5407,2024-08-28,1111,M293,480,3,5,5,5407,0,0,0,,0,034,"W CALDWELL AV","S STONEBROOK ST",0.00,,Y,A,-,N,,,,,,,,,,Y,3,0,1,2,A,-,12,21453,A,N,D,C,A,A,H,-,A,A,0,,,,,Y,,A,01,0,1,0,0,0,0,0,0,0,"- ","- ",36.298389434814453,-119.30518341064453,TULARE,VISALIA,-119.30513763427734,36.298404693603516
9761519,2024,2025-01-13,5407,2024-10-09,1234,12787,480,3,5,5,5407,0,0,0,,0,034,"MOONEY BLVD","SUNNYSIDE AV",0.00,,Y,A,-,Y,TUL,6,63,-,-,6.340,H,-,S,N,3,0,1,2,A,-,03,22350,,N,C,C,A,A,H,-,A,D,0,,,,,Y,,D,22,0,1,0,0,0,0,0,0,0,"- ","- ",,,TULARE,VISALIA,-119.3138427734375,36.303306579589844
9761520,2024,2025-01-08,5407,2024-10-10,1420,12787,480,4,5,5,5407,0,0,0,,0,025,"MAIN ST","MINERAL KING AV",0.00,,Y,A,-,N,,,,,,,,,,Y,3,0,1,2,A,-,12,21453,A,F,D,C,A,A,H,-,A,A,0,,,,,Y,,A,01,0,1,0,0,0,0,0,0,0,"- ","- ",,,TULARE,VISALIA,-119.26377105712891,36.327743530273438
9763073,2024,2025-01-14,5407,2024-11-29,"827 ",M186,480,5,5,5,5407,0,0,0,,0,,"KIBLER AV",AKERS,0.00,,Y,B,-,N,,,,,,,,,,Y,4,0,1,2,A,-,09,21802,A,N,D,C,A,A,H,-,A,A,0,,,,Y,Y,,F,27,0,0,1,0,0,0,0,0,0,"- ","- ",,,TULARE,VISALIA,,
9763080,2024,2025-01-09,5407,2024-09-01,1805,A395,480,7,5,5,5407,0,0,0,,0,012,NOBLE,CHINOWTH,0.00,,Y,A,-,N,,,,,,,,,,Y,3,0,1,2,A,-,12,21453,A,F,D,C,A,A,H,-,A,A,0,,,,,Y,,D,22,0,1,0,0,0,0,0,0,0,"- ","- ",,,TULARE,VISALIA,-119.33625030517578,36.326122283935547
9763151,2024,2025-01-17,5407,2024-11-02,"625 ",A412,480,6,5,5,5407,0,0,0,,0,026,"W RIGGIN AV","N DINUBA",0.00,,Y,C,-,N,,,,,,,,,,N,3,0,1,2,A,-,05,21650,1,N,G,G,A,B,H,-,C,A,0,,Y,,,Y,,L,04,0,1,0,0,0,0,1,0,0,"- ","- ",36.356201171875,-119.29696655273438,TULARE,VISALIA,-119.29703521728516,36.356155395507812
9763152,2024,2025-01-17,5407,2024-11-07,"941 ",12698,480,4,5,5,5407,0,0,0,,0,033,"GIDDINGS AV","NOBLE AV",0.00,,Y,A,-,N,,,,,,,,,,Y,3,0,2,2,A,-,12,21453,A,N,D,C,A,A,H,-,A,A,0,,,,,Y,,A,07,0,1,1,0,0,0,0,0,0,SO,WO,,,TULARE,VISALIA,-119.30545806884766,36.326503753662109
9763156,2024,2025-01-17,5407,2024-11-12,1441,M292,480,2,5,5,5407,0,0,0,,0,R12,"S AKERS ST","W CAMBRIDGE AV",205.00,E,N,A,-,N,,,,,,,,,,N,3,0,1,2,A,-,05,21650,,N,B,E,A,A,H,-,A,A,0,,,,,Y,,A,01,0,1,0,0,0,0,0,0,0,"- ","- ",36.314231872558594,-119.34879302978516,TULARE,VISALIA,-119.34970855712891,36.314708709716797
9763161,2024,2025-01-17,5407,2024-11-13,"627 ",M395,480,3,5,5,5407,0,0,0,,0,011,"N MOONEY BL","W WREN",0.00,,Y,A,-,N,,,,,,,,,,N,2,0,1,2,A,-,11,21956,,N,G,B,E,A,H,-,A,A,0,Y,,,,Y,,N,60,1,0,0,0,1,0,0,0,0,"- ","- ",,,TULARE,VISALIA,-119.31427001953125,36.353168487548828
9763170,2024,2025-01-17,5407,2024-12-11,1422,12817,480,3,5,5,5407,0,0,0,,0,026,"S DEMAREE ST","W MINERAL KING AV",0.00,,Y,A,-,N,,,,,,,,,,N,4,0,1,2,A,-,04,21703,,N,C,C,A,A,H,-,A,A,0,,,,,Y,,A,01,0,0,1,0,0,0,0,0,0,"- ","- ",36.327598571777344,-119.33174133300781,TULARE,VISALIA,-119.33177185058594,36.327610015869141
9763171,2024,2025-01-17,5407,2024-12-11,1301,12817,480,3,5,5,5407,0,0,0,,0,012,"S MOONEY BL","AVENUE 268",0.00,,Y,A,-,N,,,,,,,,,,Y,3,0,2,2,A,-,12,21453,A,N,D,C,A,A,H,-,A,A,0,,,,,Y,,A,01,0,2,0,0,0,0,0,0,0,"- ","- ",36.277858734130859,-119.31356811523438,TULARE,VISALIA,,
9763453,2024,2025-01-14,5407,2024-11-15,1720,M395,480,5,5,5,5407,0,0,0,,0,012,AKERS,CYPRESS,0.00,,Y,A,-,N,,,,,,,,,,Y,4,0,2,3,A,-,12,21453,A,N,D,C,A,A,H,-,A,A,0,,,,,Y,,-,,0,0,2,0,0,0,0,0,0,"- ","- ",,,TULARE,VISALIA,-119.34976959228516,36.324424743652344
9763734,2024,2025-01-17,5403,2024-12-24,1716,839,,2,5,2,5403,0,0,0,,0,,"W VISALIA RD","S DODE AV",50.00,W,N,C,-,N,,,,,,,,,,N,2,0,1,2,A,-,11,21954,A,N,G,B,D,B,H,-,C,D,0,Y,,,,Y,Y,N,60,1,0,0,0,1,0,0,0,0,"- ","- ",,,TULARE,FARMERSVILLE,-119.21002197265625,36.29779052734375
9765105,2025,2025-02-21,5405,2025-01-23,1859,314,"SEC 3",4,5,4,5405,0,0,0,,0,,"DATE AV","PLANO ST",37.00,E,N,A,-,N,,,,,,,,,,Y,4,0,3,2,A,-,03,22350,,F,C,C,A,A,H,-,C,A,0,,,,,Y,,A,08,0,0,3,0,0,0,0,0,0,"- ","- ",36.058498382568359,-119.00776672363281,TULARE,PORTERVILLE,-119.00766754150391,36.058498382568359
9766396,2025,2025-04-02,5407,2025-01-17,2255,A348,480,5,5,5,5407,0,0,0,,0,025,ACEQUIA,"WEST ST",390.00,E,N,A,-,N,,,,,,,,,,Y,4,0,1,2,A,-,01,23152,A,M,G,B,E,A,H,-,C,A,0,Y,,,,Y,Y,D,22,0,0,1,0,1,0,0,0,0,"- ","- ",36.330150604248047,-119.29232025146484,TULARE,VISALIA,-119.29529571533203,36.3292236328125
9766637,2025,2025-04-01,5407,2025-02-02,1731,C68,480,7,5,5,5407,0,0,0,,0,M11,"S AKERS ST","W MINERAL KING AV",0.00,,Y,A,-,N,,,,,,,,,,Y,3,0,1,2,A,-,12,21453,A,N,D,C,A,A,H,-,B,A,0,,,Y,,Y,,A,01,0,1,0,0,0,0,0,0,1,"- ","- ",36.327800750732422,-119.34967803955078,TULARE,VISALIA,-119.34979248046875,36.327842712402344
9766712,2025,2025-05-01,5407,2025-03-04,1340,M292,480,2,5,5,5407,0,0,0,,0,N25,"W MINERAL KING AV","LOCUST AV",325.00,W,N,A,B,Y,TUL,6,63,-,L,9.100,H,-,S,Y,3,0,1,2,A,-,08,22100,B,N,D,C,A,A,H,-,A,A,0,,,,,Y,,A,07,0,1,0,0,0,0,0,0,0,"- ","- ",,,TULARE,VISALIA,-119.29450225830078,36.327423095703125
9766721,2025,2025-04-01,5407,2025-02-22,2202,1413,480,6,5,5,5407,0,0,0,,0,012,"S DEMAREE ST","W HOWARD AV",0.00,,Y,A,-,N,,,,,,,,,,Y,4,0,1,2,A,-,01,23152,A,N,B,E,A,A,H,-,D,D,0,,,,,Y,Y,A,07,0,0,1,0,0,0,0,0,0,"- ","- ",,,TULARE,VISALIA,-119.33171081542969,36.318187713623047
9767083,2025,2025-04-10,5407,2025-03-04,1418,12452,480,2,5,5,5407,0,0,0,,0,Q34,"W CALDWELL AVE","S WEST ST",0.00,,Y,A,-,N,,,,,,,,,,Y,4,0,3,2,A,-,09,21801,A,N,D,C,A,A,H,-,A,A,0,,,,,Y,,A,01,0,0,3,0,0,0,0,0,0,"- ","- ",36.298221588134766,-119.29601287841797,TULARE,VISALIA,-119.29598999023438,36.298160552978516
9768337,2024,2025-01-31,5407,2024-09-13,1708,12452,480,5,5,5,5407,0,0,0,,0,012,"MOONEY BLVD","AVE 164",500.00,N,N,A,-,Y,TUL,6,63,-,-,4.110,H,-,S,Y,4,0,1,3,A,-,03,22350,,N,C,C,A,A,H,-,A,A,0,,,,,Y,,D,22,0,0,1,0,0,0,0,0,0,"- ","- ",,,TULARE,VISALIA,-119.31340026855469,36.270870208740234
9768360,2024,2024-12-30,5407,2024-10-17,1904,12452,480,4,5,5,5407,0,0,0,,0,O26,"S BURKE ST","E MINERAL KING AV",0.00,,Y,A,-,N,,,,,,,,,,Y,3,0,3,2,A,-,12,21453,A,N,D,C,A,A,H,-,C,A,0,,,,,Y,,A,01,0,1,2,0,0,0,0,0,0,"- ","- ",36.327411651611328,-119.28323364257812,TULARE,VISALIA,-119.28322601318359,36.327411651611328
9768399,2024,2024-12-23,5407,2024-09-15,2201,12202,480,7,5,5,5407,0,0,0,,0,033,"WALNUT AV",CENTRAL,0.00,,Y,A,-,N,,,,,,,,,,Y,2,0,2,2,A,-,09,21801,A,N,D,C,A,A,H,-,C,A,0,,,Y,,Y,,A,01,2,0,0,0,0,0,0,0,1,"- ","- ",36.312000274658203,-119.31199645996094,TULARE,VISALIA,-119.31211090087891,36.312957763671875
9768400,2024,2024-12-23,5407,2024-09-24,"844 ",A356,480,2,5,5,5407,0,0,0,,0,026,"BEN MADDOX WY","CENTER AV",0.00,,Y,A,-,N,,,,,,,,,,Y,4,0,1,2,A,-,09,21801,A,N,A,C,A,A,H,-,A,A,0,,,,,Y,,A,01,0,0,1,0,0,0,0,0,0,"- ","- ",36.331001281738281,-119.27799987792969,TULARE,VISALIA,-119.27871704101562,36.331108093261719
9768401,2024,2024-12-23,5407,2024-09-19,1800,C68,480,4,5,5,5407,0,0,0,,0,012,"COUNTY CENTER DR","NOBLE AV",0.00,,Y,A,-,N,,,,,,,,,,Y,3,0,1,2,A,-,12,21453,A,N,D,C,A,A,H,-,B,A,0,,,,,Y,,A,01,0,1,0,0,0,0,0,0,0,"- ","- ",36.326000213623047,-119.32499694824219,TULARE,VISALIA,-119.32575225830078,36.326824188232422
9768402,2024,2024-12-23,5407,2024-09-08,1640,C62,480,7,5,5,5407,0,0,0,,0,011,"RIGGIN AV","AKERS ST",807.00,W,N,A,-,N,,,,,,,,,,Y,3,0,1,2,A,-,09,21804,A,N,D,C,A,A,H,-,A,A,0,,,,,Y,,A,01,0,1,0,0,0,0,0,0,0,"- ","- ",36.355998992919922,-119.3489990234375,TULARE,VISALIA,-119.35271453857422,36.356521606445312
9769650,2024,2025-01-15,5407,2024-10-10,1212,12787,480,4,5,5,5407,0,0,0,,0,033,"SANTA FE",CYPRESS,0.00,,Y,A,-,N,,,,,,,,,,Y,3,0,2,2,A,-,12,22450,A,N,D,C,A,A,H,-,A,A,0,,,,,Y,,A,01,0,2,0,0,0,0,0,0,0,"- ","- ",,,TULARE,VISALIA,-119.28775024414062,36.323757171630859
9770180,2024,2024-12-30,5401,2024-12-02,1422,2111,5401,1,5,3,5401,0,0,0,,0,00A,"N CRAWFORD AV","E EL MONTE WY",33.00,N,N,A,-,N,,,,,,,,,,N,4,0,1,2,A,-,03,22350,,N,C,C,A,A,H,-,A,D,0,,,,,Y,,A,07,0,0,1,0,0,0,0,0,0,"- ","- ",,,TULARE,DINUBA,-119.37688446044922,36.545520782470703
9770278,2024,2025-01-03,5405,2024-12-11,"851 ",236,SEC1,3,5,4,5405,0,0,0,,0,,"HENDERSON AV","PROSPECT ST",0.00,,Y,A,-,N,,,,,,,,,,Y,4,0,1,2,A,-,09,21802,A,N,D,A,A,A,H,-,A,A,0,,,,,Y,,D,22,0,0,1,0,0,0,0,0,0,"- ","- ",36.080421447753906,-119.04393005371094,TULARE,PORTERVILLE,-119.04396820068359,36.080425262451172
9770539,2024,2025-01-10,5405,2024-12-23,1635,321,SEC1,1,5,4,5405,0,0,0,,0,,"PROSPECT ST","GRAND AV",360.00,N,N,A,-,N,,,,,,,,,,Y,3,0,2,2,A,-,09,21801,A,N,D,C,A,A,H,-,A,D,0,,,,,Y,,A,01,0,1,1,0,0,0,0,0,0,"- ","- ",36.078010559082031,-119.04351806640625,TULARE,PORTERVILLE,-119.04396057128906,36.077777862548828
9770693,2024,2025-01-13,5407,2024-11-05,"736 ",M372,480,2,5,5,5407,0,0,0,,0,Q34,"S LOVERS LN","E CALDWELL AV",0.00,,Y,A,-,N,,,,,,,,,,Y,3,0,2,2,A,-,09,21802,A,N,D,C,A,A,H,-,A,A,0,,,,Y,Y,,A,01,0,2,0,0,0,0,0,0,0,"- ","- ",36.298290252685547,-119.26090240478516,TULARE,VISALIA,-119.26097106933594,36.298351287841797
9770886,2024,2025-01-29,5407,2024-12-03,1449,M395,480,2,5,5,5407,0,0,0,,0,025,CENTER,GIDDINGS,0.00,,Y,A,-,N,,,,,,,,,,N,3,0,2,4,A,-,"- ",,,N,B,D,A,A,H,-,A,A,0,,,,,Y,,A,01,0,1,1,0,0,0,0,0,0,"- ","- ",,,TULARE,VISALIA,-119.30548858642578,36.331001281738281
9770906,2024,2025-01-07,5407,2024-11-02,1948,C62,480,6,5,5,5407,0,0,0,,0,012,"W WALNUT AV","S SHIRK ST",0.00,,Y,A,-,N,,,,,,,,,,N,2,0,1,2,A,-,03,22350,,N,B,C,A,A,H,-,D,A,0,,,Y,,Y,,C,02,1,0,0,0,0,0,0,0,1,"- ","- ",36.312721252441406,-119.36759185791016,TULARE,VISALIA,-119.36754608154297,36.312751770019531
9770916,2024,2025-01-08,5407,2024-10-19,"451 ",12816,480,6,5,5,5407,0,0,0,,0,,"S AKERS ST","W CALDWELL AV",0.00,,Y,A,-,N,,,,,,,,,,Y,3,0,1,2,A,-,12,21453,A,N,D,I,A,A,H,-,C,A,0,,,,,Y,,A,07,0,1,0,0,0,0,0,0,0,"- ","- ",36.298221588134766,-119.34940338134766,TULARE,VISALIA,-119.34941101074219,36.298233032226562
9771043,2024,2025-01-13,5401,2024-12-22,1225,2111,5401,7,5,3,5401,0,0,0,,0,00B,"HARIMAN AV","DUNBAR WY",6.00,S,N,B,-,N,,,,,,,,,,Y,4,0,1,2,A,-,09,21804,A,N,A,C,A,A,H,-,A,D,0,,,,,Y,,-,"- ",0,0,1,0,0,0,0,0,0,"- ","- ",,,TULARE,DINUBA,-119.37557983398438,36.535663604736328
9771872,2024,2025-01-15,5405,2024-12-10,1327,282,SEC3,2,5,4,5405,0,0,0,,0,,"JAYE ST","RT 190",304.00,S,N,A,-,N,,,,,,,,,,Y,4,0,1,2,A,-,03,22350,,N,C,C,A,A,H,-,A,A,0,,,,,Y,,A,01,0,0,1,0,0,0,0,0,0,"- ","- ",36.051528930664062,-119.02626800537109,TULARE,PORTERVILLE,-119.02629852294922,36.050628662109375
9771873,2024,2025-01-06,5405,2024-12-10,1518,282,SEC4,2,5,4,5405,0,0,0,,0,,"OLIVE AV","BEVERLY ST",35.00,W,N,A,-,N,,,,,,,,,,N,4,0,1,2,A,-,03,22350,,N,C,C,A,A,H,-,A,A,0,,,,,Y,,A,07,0,0,1,0,0,0,0,0,0,"- ","- ",36.065811157226562,-119.04855346679688,TULARE,PORTERVILLE,-119.04867553710938,36.065879821777344
9773100,2024,2025-01-13,5407,2024-09-28,1441,C68,480,6,5,5,5407,0,0,0,,0,P33,"S LOVERS LN","E TULARE AV",0.00,,Y,A,-,N,,,,,,,,,,N,3,0,1,2,A,-,12,21453,A,N,D,C,A,A,H,-,A,A,0,,,,,Y,,-,"- ",0,1,0,0,0,0,0,0,0,"- ","- ",36.319961547851562,-119.2607421875,TULARE,VISALIA,-119.2607421875,36.319950103759766
9773101,2024,2025-01-06,5407,2024-09-09,"716 ",11895,480,1,5,5,5407,0,0,0,,0,033,"N NOBLE AV","S BRIDGE ST",0.00,,Y,A,-,N,,,,,,,,,,N,4,0,1,2,A,-,11,21954,A,N,B,B,E,A,H,-,A,A,0,Y,,,,Y,,N,60,0,0,1,0,1,0,0,0,0,"- ","- ",36.326408386230469,-119.28890228271484,TULARE,VISALIA,-119.2889404296875,36.326404571533203
9773102,2024,2025-01-13,5407,2024-09-17,1532,M293,480,2,5,5,5407,0,0,0,,0,011,"W RIGGIN AV","N CRENSHAW ST",0.00,,Y,A,-,N,,,,,,,,,,N,3,0,1,2,A,-,05,21650,1,N,D,-,A,A,H,-,A,A,0,,Y,,,Y,,M,91,0,1,0,0,0,0,1,0,0,"- ","- ",36.356739044189453,-119.34606170654297,TULARE,VISALIA,-119.34597778320312,36.356525421142578
9774959,2024,2025-01-29,5407,2024-12-03,1715,12452,480,2,5,5,5407,0,0,0,,0,Q34,"W WALNUT AV","S LOCUST ST",65.00,W,N,A,-,N,,,,,,,,,,Y,3,0,2,2,A,-,03,22350,,N,C,C,A,A,H,-,C,A,0,,,,,Y,,A,01,0,2,0,0,0,0,0,0,0,"- ","- ",36.312850952148438,-119.29200744628906,TULARE,VISALIA,-119.29380798339844,36.312870025634766
9774964,2025,2025-02-03,5405,2025-01-06,1651,282,SEC3,1,5,4,5405,0,0,0,,0,,"VANDALIA AV","POPLAR AV",0.00,,Y,A,-,N,,,,,,,,,,Y,4,0,1,2,A,-,09,21802,A,N,D,C,A,A,H,-,A,A,0,,,,,Y,,A,01,0,0,1,0,0,0,0,0,0,"- ","- ",36.052650451660156,-119.00818634033203,TULARE,PORTERVILLE,-119.00817108154297,36.052650451660156
9776269,2025,2025-02-04,5404,2025-01-13,1618,688,,1,5,2,5404,0,0,0,,0,22L,"TULARE RD","ELMWOOD AV",0.00,,Y,A,-,N,,,,,,,,,,N,3,0,1,2,A,-,12,22450,A,N,D,G,A,A,H,-,A,A,0,,Y,,,Y,,M,91,0,1,0,0,0,0,1,0,0,"- ","- ",,,TULARE,LINDSAY,-119.09249114990234,36.210563659667969
9776343,2025,2025-02-20,5404,2025-01-08,1825,678,PSC,3,5,2,5404,0,0,0,,0,,"MIRAGE AV","SAMOA AV",0.00,,Y,A,-,N,,,,,,,,,,N,3,0,1,2,A,-,10,21950,,N,G,B,B,A,H,-,C,A,0,Y,,,,Y,,A,01,0,1,0,0,1,0,0,0,0,"- ","- ",,,TULARE,LINDSAY,-119.08944702148438,36.204227447509766
9777903,2025,2025-03-17,5405,2025-02-19,"738 ",236,SEC2,3,5,4,5405,0,0,0,,0,,"OLIVE AV","PLANO ST",81.00,W,N,A,-,N,,,,,,,,,,Y,4,0,3,1,A,-,08,22107,,N,H,I,A,A,H,-,A,A,0,,,,,Y,,A,01,0,0,3,0,0,0,0,0,0,"- ","- ",36.065540313720703,-119.00890350341797,TULARE,PORTERVILLE,-119.00859069824219,36.065101623535156