CASE_ID,ACCIDENT_YEAR,PROC_DATE,JURIS,COLLISION_DATE,COLLISION_TIME,OFFICER_ID,REPORTING_DISTRICT,DAY_OF_WEEK,CHP_SHIFT,POPULATION,CNTY_CITY_LOC,SPECIAL_COND,BEAT_TYPE,CHP_BEAT_TYPE,CITY_DIVISION_LAPD,CHP_BEAT_CLASS,BEAT_NUMBER,PRIMARY_RD,SECONDARY_RD,DISTANCE,DIRECTION,INTERSECTION,WEATHER_1,WEATHER_2,STATE_HWY_IND,CALTRANS_COUNTY,CALTRANS_DISTRICT,STATE_ROUTE,ROUTE_SUFFIX,POSTMILE_PREFIX,POSTMILE,LOCATION_TYPE,RAMP_INTERSECTION,SIDE_OF_HWY,TOW_AWAY,COLLISION_SEVERITY,NUMBER_KILLED,NUMBER_INJURED,PARTY_COUNT,PRIMARY_COLL_FACTOR,PCF_CODE_OF_VIOL,PCF_VIOL_CATEGORY,PCF_VIOLATION,PCF_VIOL_SUBSECTION,HIT_AND_RUN,TYPE_OF_COLLISION,MVIW,PED_ACTION,ROAD_SURFACE,ROAD_COND_1,ROAD_COND_2,LIGHTING,CONTROL_DEVICE,CHP_ROAD_TYPE,PEDESTRIAN_ACCIDENT,BICYCLE_ACCIDENT,MOTORCYCLE_ACCIDENT,TRUCK_ACCIDENT,NOT_PRIVATE_PROPERTY,ALCOHOL_INVOLVED,STWD_VEHTYPE_AT_FAULT,CHP_VEHTYPE_AT_FAULT,COUNT_SEVERE_INJ,COUNT_VISIBLE_INJ,COUNT_COMPLAINT_PAIN,COUNT_PED_KILLED,COUNT_PED_INJURED,COUNT_BICYCLIST_KILLED,COUNT_BICYCLIST_INJURED,COUNT_MC_KILLED,COUNT_MC_INJURED,PRIMARY_RAMP,SECONDARY_RAMP,LATITUDE,LONGITUDE,COUNTY,CITY,POINT_X,POINT_Y
9813502,2025,2025-05-28,5406,2025-04-21,1416,CXMPV,3,1,5,4,5406,0,0,0,,0,0AO,LASPINA,"HOSFIELD DR",0.00,,Y,A,-,N,,,,,,,,,,Y,2,0,2,2,A,-,12,22450,A,N,D,C,A,A,H,-,A,A,0,,,,,Y,,E,22,2,0,0,0,0,0,0,0,0,"- ","- ",36.152790069580078,-119.32862091064453,TULARE,TULARE,-119.32024383544922,36.150749206542969
9814993,2025,2025-06-04,5406,2025-03-03,"652 ",CXMPV,DIST3,1,5,4,5406,0,0,0,,0,0AO,J,TULARE,0.00,,Y,A,-,N,,,,,,,,,,Y,2,0,2,1,A,-,01,23152,A,N,E,I,A,A,H,-,A,A,0,,,,,Y,Y,A,01,2,0,0,0,0,0,0,0,0,"- ","- ",36.207870483398438,-119.34745025634766,TULARE,TULARE,-119.34754943847656,36.207836151123047
9815000,2025,2025-06-04,5406,2025-03-07,2133,EETOY,DIST2,5,5,4,5406,0,0,0,,0,0WS,F,MAPLE,21.00,N,N,A,-,N,,,,,,,,,,Y,4,0,1,3,A,-,01,23152,A,N,D,C,A,A,H,-,C,A,0,,,,,Y,Y,A,01,0,0,1,0,0,0,0,0,0,"- ","- ",36.214698791503906,-119.35498809814453,TULARE,TULARE,-119.35494995117188,36.214748382568359
9817172,2025,2025-07-09,5405,2025-06-05,1852,263,"SEC 4",4,5,4,5405,0,0,0,,0,,"RT 190","JAYE ST",0.00,,Y,A,-,Y,TUL,6,190,-,-,15.950,I,5,W,Y,4,0,2,2,A,-,09,21453,C,N,D,C,A,A,H,-,A,A,0,,,,,Y,,A,07,0,0,2,0,0,0,0,0,0,"- ","- ",36.051528930664062,-119.02626800537109,TULARE,PORTERVILLE,-119.02631378173828,36.051670074462891
9818539,2025,2025-07-31,5406,2025-06-08,1909,EET0Y,DIST3,7,5,4,5406,0,0,0,,0,0ES,ASPEN,LASPINA,86.00,E,N,A,-,N,,,,,,,,,,N,2,0,1,2,A,-,03,22350,,N,D,E,A,A,H,-,B,D,0,,,Y,,Y,Y,A,07,1,0,0,0,0,0,0,0,1,"- ","- ",36.185009002685547,-119.32427978515625,TULARE,TULARE,-119.32447814941406,36.184989929199219
9818830,2025,2025-08-07,5405,2025-06-14,1919,327,SEC4,6,5,4,5405,0,0,0,,0,,"TOMAH AV","BALMORAL DR",51.00,W,N,A,-,N,,,,,,,,,,Y,4,0,1,2,A,-,08,22107,,N,C,C,A,A,H,-,A,D,0,,,,Y,Y,,A,01,0,0,1,0,0,0,0,0,0,"- ","- ",36.068069458007812,-119.06295013427734,TULARE,PORTERVILLE,-119.06312561035156,36.068115234375
9819644,2025,2025-08-28,5405,2025-07-18,2151,327,SEC3,5,5,4,5405,0,0,0,,0,,"PLANO ST","DATE AV",0.00,,Y,A,-,N,,,,,,,,,,N,4,0,1,2,A,-,08,22107,,N,B,C,A,A,H,-,C,A,0,,,,,Y,,-,,0,0,1,0,0,0,0,0,0,"- ","- ",36.058498382568359,-119.00776672363281,TULARE,PORTERVILLE,-119.00778961181641,36.058498382568359
9820368,2025,2025-08-08,5405,2025-01-03,2110,323,SEC1,5,5,4,5405,0,0,0,,0,,"HENDERSON AV","PROSPECT ST",823.00,W,N,C,-,N,,,,,,,,,,N,4,0,1,2,A,-,00,21235,,N,H,C,A,B,H,-,C,D,0,,,,,Y,,M,94,0,0,1,0,0,0,0,0,0,"- ","- ",36.08026123046875,-119.04605102539062,TULARE,PORTERVILLE,-119.0467529296875,36.080390930175781
9820472,2025,2025-10-16,5407,2025-09-15,1159,M289,480,1,5,5,5407,0,0,0,,0,033,"TULARE AV","BONNIE ST",0.00,,Y,A,-,N,,,,,,,,,,N,3,0,1,2,D,-,00,,,N,B,G,A,A,H,-,A,A,0,,Y,,,Y,,-,"- ",0,1,0,0,0,0,1,0,0,"- ","- ",,,TULARE,VISALIA,-119.31263732910156,36.320201873779297
9821749,2025,2025-08-21,5406,2025-07-16,2205,OJPMI,DIST5,3,5,4,5406,0,0,0,,0,EAST,HILLCREST,JEFFERSON,0.00,,Y,A,-,N,,,,,,,,,,Y,4,0,1,2,A,-,01,23152,A,F,D,C,A,A,H,-,C,A,0,,,,,Y,Y,A,01,0,0,1,0,0,0,0,0,0,"- ","- ",36.223049163818359,-119.32299041748047,TULARE,TULARE,-119.32299041748047,36.223037719726562
9822796,2025,2025-09-23,5407,2025-07-29,"754 ",A277,480,2,5,5,5407,0,0,0,,0,033,"GIDDINGS ST","WALNUT AV",0.00,,Y,A,-,N,,,,,,,,,,Y,3,0,2,2,A,-,12,21453,A,N,D,C,A,A,H,-,A,A,0,,,,,Y,,D,22,0,2,0,0,0,0,0,0,0,"- ","- ",36.312900543212891,-119.30532836914062,TULARE,VISALIA,-119.30535888671875,36.312911987304688
9823125,2025,2025-09-02,5405,2025-08-18,"802 ",282,SEC1,1,5,4,5405,0,0,0,,0,,"HENDERSON AV","NEWCOMB ST",163.00,E,N,A,-,N,,,,,,,,,,N,4,0,2,4,A,-,03,22350,,N,C,C,A,A,H,-,A,A,0,,,,,Y,,A,01,0,0,2,0,0,0,0,0,0,"- ","- ",36.080360412597656,-119.05287933349609,TULARE,PORTERVILLE,-119.05232238769531,36.080352783203125
9823194,2025,2025-09-03,5405,2025-08-08,1349,322,,5,5,4,5405,0,0,0,,0,001,"MORTON AV","PORTER RD",182.00,E,N,A,-,N,,,,,,,,,,N,3,0,1,2,A,-,11,21954,A,N,G,B,E,A,H,-,A,D,0,Y,,,,Y,Y,N,60,0,1,0,0,1,0,0,0,0,"- ","- ",36.073249816894531,-119.03840637207031,TULARE,PORTERVILLE,-119.03850555419922,36.073268890380859
9823618,2025,2025-09-16,5405,2025-08-23,1547,328,SEC3,6,5,4,5405,0,0,0,,0,,"ORANGE AV","MAIN ST",0.00,,Y,C,-,N,,,,,,,,,,Y,3,0,2,2,A,-,03,22350,,N,A,C,A,B,H,-,A,A,0,,,,,Y,,A,07,0,1,1,0,0,0,0,0,0,"- ","- ",36.061199188232422,-119.01653289794922,TULARE,PORTERVILLE,-119.01654815673828,36.06121826171875
9823923,2025,2025-10-02,5405,2025-08-28,1500,282,SEC4,4,5,4,5405,0,0,0,,0,,"OLIVE AV","BEVERLY ST",0.00,,Y,A,-,N,,,,,,,,,,Y,4,0,2,3,A,-,09,21801,A,N,D,C,A,A,H,-,A,A,0,,,,,Y,,A,01,0,0,2,0,0,0,0,0,0,"- ","- ",36.065811157226562,-119.04855346679688,TULARE,PORTERVILLE,-119.04856109619141,36.065879821777344
9824769,2025,2025-09-22,5401,2025-08-11,"810 ",2129,5401,1,5,3,5401,0,0,0,,0,00B,"E SIERRA WAY","RANDLE AV",26.00,W,N,A,-,N,,,,,,,,,,Y,3,0,5,2,A,-,09,21801,A,N,A,C,A,A,H,-,A,D,0,,,,,Y,,A,01,0,4,1,0,0,0,0,0,0,"- ","- ",,,TULARE,DINUBA,-119.37252044677734,36.538230895996094
9824962,2025,2025-10-13,5407,2025-08-17,2109,12790,480,7,5,5,5407,0,0,0,,0,026,"N SANTA FE ST","CENTER AV",0.00,,Y,A,-,N,,,,,,,,,,Y,3,0,2,2,A,-,01,23152,A,N,D,C,A,A,H,-,C,A,0,,,,,Y,Y,A,01,0,2,0,0,0,0,0,0,0,"- ","- ",,,TULARE,VISALIA,-119.28787231445312,36.331073760986328
9826622,2025,2025-07-10,5407,2025-05-04,2236,A405,480,7,5,5,5407,0,0,0,,0,011,PLAZA,RIGGIN,0.00,,Y,A,-,N,,,,,,,,,,Y,4,0,1,2,A,-,04,21703,,F,C,C,A,A,H,-,C,A,0,,,,Y,Y,,A,07,0,0,1,0,0,0,0,0,0,"- ","- ",,,TULARE,VISALIA,-119.39475250244141,36.356399536132812
9827027,2025,2025-07-25,5407,2025-04-21,2321,12461,480,1,5,5,5407,0,0,0,,0,025,"HOUSTON AV",COURT,0.00,,Y,A,-,N,,,,,,,,,,N,2,0,1,2,A,-,11,21955,,N,G,B,B,A,H,-,C,A,0,Y,,,,Y,Y,N,60,1,0,0,0,1,0,0,0,0,"- ","- ",36.341949462890625,-119.29242706298828,TULARE,VISALIA,-119.29242706298828,36.3419189453125
9827028,2025,2025-07-07,5407,2025-04-21,1550,C68,480,1,5,5,5407,0,0,0,,0,N25,"W MAIN ST","TURNER ST",0.00,,Y,A,-,N,,,,,,,,,,N,3,0,1,2,A,-,10,21950,A,N,G,B,B,A,H,-,A,D,0,Y,,,,Y,,A,01,0,1,0,0,1,0,0,0,0,"- ","- ",36.330089569091797,-119.30323791503906,TULARE,VISALIA,-119.30328369140625,36.330093383789062
9827029,2025,2025-07-07,5407,2025-04-26,1150,C68,480,6,5,5,5407,0,0,0,,0,Q34,"W BEECH AV","S MOONEY BL",367.00,W,N,B,C,N,,,,,,,,,,Y,3,0,2,2,A,-,09,21802,A,N,D,C,A,B,H,-,A,D,0,,,,,Y,,A,01,0,1,1,0,0,0,0,0,0,"- ","- ",36.309349060058594,-119.31378936767578,TULARE,VISALIA,-119.31512451171875,36.309345245361328
9827032,2025,2025-07-09,5407,2025-04-19,1117,C61,480,6,5,5,5407,0,0,0,,0,R12,"W CALDWELL AV","S DANS ST",62.00,E,N,A,-,N,,,,,,,,,,Y,4,0,2,2,A,-,09,21802,A,N,D,C,A,A,H,-,A,A,0,,,,,Y,,A,01,0,0,2,0,0,0,0,0,0,"- ","- ",36.298370361328125,-119.32572174072266,TULARE,VISALIA,-119.32572937011719,36.298389434814453
9827411,2025,2025-07-21,5407,2025-05-19,1932,C68,480,1,5,5,5407,0,0,0,,0,M11,"W KIBLER AV","N KELSEY",1955.00,W,N,A,-,N,,,,,,,,,,Y,3,0,1,2,A,-,08,22107,,N,A,C,A,A,H,-,B,D,0,,,,Y,Y,,A,01,0,1,0,0,0,0,0,0,0,"- ","- ",36.370838165283203,-119.38577270507812,TULARE,VISALIA,,
9827412,2025,2025-07-24,5407,2025-07-01,"356 ",A407,480,2,5,5,5407,0,0,0,,0,480,"N CT","E SWEET",0.00,,Y,A,-,N,,,,,,,,,,Y,3,0,4,2,A,-,12,22450,A,N,D,C,A,A,H,-,D,A,0,,,,Y,Y,,A,01,0,1,3,0,0,0,0,0,0,"- ","- ",,,TULARE,VISALIA,-119.29242706298828,36.343063354492188
9827674,2025,2025-06-26,5405,2025-06-03,"813 ",282,"SEC 2",2,5,4,5405,0,0,0,,0,,"MORTON AV","2ND ST",0.00,,Y,A,-,N,,,,,,,,,,Y,4,0,2,2,A,-,12,21453,A,N,D,C,A,A,H,-,A,A,0,,,,,Y,,A,08,0,0,2,0,0,0,0,0,0,"- ","- ",36.073040008544922,-119.01509857177734,TULARE,PORTERVILLE,-119.01515197753906,36.073078155517578
9829499,2025,2025-07-07,5401,2025-06-02,1630,2111,5401,1,5,3,5401,0,0,0,,0,00B,"MONTE VISTA DR","EL MONTE WY",0.00,,N,A,-,N,,,,,,,,,,Y,4,0,2,2,A,-,09,21804,A,N,D,C,A,A,H,-,A,D,0,,,,,Y,,D,22,0,0,2,0,0,0,0,0,0,"- ","- ",,,TULARE,DINUBA,-119.40408325195312,36.545993804931641
9829719,2025,2025-07-02,5401,2025-06-08,1848,2127,2127,7,5,3,5401,0,0,0,,0,004,"URUAPAN DR","W MONO ST",75.00,E,N,A,-,N,,,,,,,,,,N,3,0,1,1,A,-,03,22350,,N,H,A,A,A,G,H,A,D,0,,,Y,,Y,Y,C,03,0,1,0,0,0,0,0,0,1,"- ","- ",,,TULARE,DINUBA,-119.388916015625,36.536182403564453
9830077,2025,2025-07-23,5405,2025-06-24,1445,263,SEC4,2,5,4,5405,0,0,0,,0,,"RT 190","PROSPECT ST",0.00,,Y,A,-,Y,TUL,6,190,-,R,14.959,I,5,E,Y,4,0,2,2,A,-,09,21801,A,N,D,C,A,A,H,-,A,D,0,,,,,Y,,A,07,0,0,2,0,0,0,0,0,0,"- ","- ",,,TULARE,PORTERVILLE,-119.04402923583984,36.05157470703125
9830130,2025,2025-07-17,5407,2025-06-21,1246,C61,480,6,5,5,5407,0,0,0,,0,P33,"RT 63","W FEEMSTER AV",0.00,,Y,A,-,Y,TUL,6,63,-,-,7.350,I,5,N,Y,3,0,1,2,A,-,09,21801,A,N,D,C,A,A,H,-,A,D,0,,,,,Y,,A,01,0,1,0,0,0,0,0,0,0,"- ","- ",36.317790985107422,-119.31385040283203,TULARE,VISALIA,-119.3138427734375,36.317726135253906
9831089,2025,2025-07-10,5405,2025-06-26,"901 ",282,"SEC 1",4,5,4,5405,0,0,0,,0,,"HENDERSON AV","PORTER ST",210.00,W,N,A,-,N,,,,,,,,,,Y,4,0,3,2,A,-,12,21453,A,N,D,C,A,A,H,-,A,A,0,,,,,Y,,-,"- ",0,0,3,0,0,0,0,0,0,"- ","- ",36.080478668212891,-119.03784942626953,TULARE,PORTERVILLE,-119.03856658935547,36.080398559570312
9831091,2025,2025-07-10,5405,2025-06-21,1507,322,"SEC 4",6,5,4,5405,0,0,0,,0,004,"JAYE ST","JOAN AVE",0.00,,Y,A,-,N,,,,,,,,,,N,3,0,1,2,A,-,03,22350,,F,C,C,A,A,H,-,A,D,0,,,Y,,Y,,-,99,0,1,0,0,0,0,0,0,1,"- ","- ",36.046699523925781,-119.02642059326172,TULARE,PORTERVILLE,,
9831143,2025,2025-07-08,5407,2025-04-07,2332,A426,480,1,5,5,5407,0,0,0,,0,026,"N BRIDGE ST","MAIN ST",0.00,,Y,A,-,N,,,,,,,,,,Y,3,0,1,2,A,-,12,22450,,M,D,C,A,A,H,-,B,A,0,,,,,Y,,A,07,0,1,0,0,0,0,0,0,0,"- ","- ",,,TULARE,VISALIA,-119.28896331787109,36.330173492431641
9831383,2025,2025-07-07,5407,2025-05-28,1600,A434,480,3,5,5,5407,0,0,0,,0,033,"NOBLE AV","BEN MADDOX RD",500.00,E,N,A,-,N,,,,,,,,,,Y,3,0,1,2,A,-,12,21453,A,N,D,C,A,A,H,-,A,A,0,,,,,Y,,A,01,0,1,0,0,0,0,0,0,0,"- ","- ",,,TULARE,VISALIA,-119.27694702148438,36.325634002685547
9831476,2025,2025-07-15,5407,2025-05-21,1636,M396,480,3,5,5,5407,0,0,0,,0,034,"E CALDWELL AV","S STONEBROOK ST",680.00,E,N,A,-,N,,,,,,,,,,N,4,0,2,2,A,-,04,21703,,N,C,C,A,A,H,-,A,A,0,,,,Y,Y,,F,26,0,0,2,0,0,0,0,0,0,"- ","- ",,,TULARE,VISALIA,-119.30283355712891,36.298347473144531
9831642,2025,2025-07-14,5407,2025-04-10,1723,C71,36298,4,5,5,5407,0,0,0,,0,119335,"W CALDWELL AV",CHINOWTH,45.00,E,N,A,-,N,,,,,,,,,,Y,2,0,3,3,A,-,09,21804,A,N,C,C,A,A,H,-,A,A,0,,,,,Y,,A,01,1,2,0,0,0,0,0,0,0,"- ","- ",36.298320770263672,-119.33596038818359,TULARE,VISALIA,-119.33587646484375,36.298332214355469
9831643,2025,2025-07-14,5407,2025-04-13,"201 ",A400,480,7,5,5,5407,0,0,0,,0,026,"E HOUSTON","N SANTA FE",0.00,,Y,A,-,N,,,,,,,,,,Y,3,0,1,1,A,-,01,23152,A,M,A,I,A,A,H,-,C,A,0,,,,,Y,Y,A,01,0,1,0,0,0,0,0,0,0,"- ","- ",36.342071533203125,-119.28794097900391,TULARE,VISALIA,-119.28762817382812,36.341724395751953
9831644,2025,2025-07-14,5407,2025-04-25,1345,12466,480,5,5,5,5407,0,0,0,,0,012,"W MEADOW AV",MOONEY,0.00,,Y,B,-,N,,,,,,,,,,Y,3,0,1,2,A,-,08,22107,,F,A,C,A,A,H,-,A,A,0,,,,,Y,,-,"- ",0,1,0,0,0,0,0,0,0,"- ","- ",,,TULARE,VISALIA,-119.31404876708984,36.322029113769531
9832935,2025,2025-07-14,5407,2025-06-23,1827,C68,480,1,5,5,5407,0,0,0,,0,R12,"S CROWE ST","W FEEMSTER AV",308.00,N,N,A,-,N,,,,,,,,,,Y,3,0,1,2,A,-,05,21650,,N,A,E,A,D,H,-,B,D,0,,,,,Y,,A,01,0,1,0,0,0,0,0,0,0,"- ","- ",36.317668914794922,-119.31611633300781,TULARE,VISALIA,-119.31613159179688,36.318546295166016
9832999,2025,2025-07-18,5405,2025-06-26,1632,282,SEC3,4,5,4,5405,0,0,0,,0,,"H ST","ORANGE AV",12.00,N,N,A,-,N,,,,,,,,,,Y,4,0,1,2,A,-,03,22350,,N,C,C,A,A,H,-,A,A,0,,,,,Y,,D,22,0,0,1,0,0,0,0,0,0,"- ","- ",36.061328887939453,-119.02398681640625,TULARE,PORTERVILLE,-119.02418518066406,36.061363220214844
9833012,2025,2025-07-30,5407,2025-05-18,"821 ",12903,480,7,5,5,5407,0,0,0,,0,025,"WEST RIGGIN AV","N GIDDINGS ST",0.00,,Y,A,-,N,,,,,,,,,,Y,2,0,1,2,A,-,06,21750,A,N,D,C,A,A,A,D,A,A,0,,,,,Y,,A,07,1,0,0,0,0,0,0,0,0,"- ","- ",36.356479644775391,-119.30573272705078,TULARE,VISALIA,-119.30571746826172,36.356399536132812
9833085,2025,2025-07-16,5407,2025-06-08,1547,A386,480,7,5,5,5407,0,0,0,,0,026,"E RIGGIN AV","ST JOHNS PKWY",0.00,,Y,A,-,N,,,,,,,,,,Y,2,0,1,1,A,-,03,22350,,N,E,I,A,A,H,-,A,A,0,,,Y,,Y,,C,02,1,0,0,0,0,0,0,0,1,"- ","- ",,,TULARE,VISALIA,-119.28826904296875,36.356876373291016
9833089,2025,2025-07-16,5407,2025-06-13,1521,C71,480,5,5,5,5407,0,0,0,,0,033,"E ST JOHNS PKWY","N GODDARD ST",0.00,,Y,A,-,N,,,,,,,,,,Y,3,0,1,1,A,-,03,22350,,N,H,I,A,A,H,-,A,D,0,,,Y,,Y,,C,02,0,1,0,0,0,0,0,0,1,"- ","- ",36.347179412841797,-119.265380859375,TULARE,VISALIA,-119.26541137695312,36.347129821777344
9833102,2025,2025-07-16,5407,2025-05-20,"847 ",M372,480,2,5,5,5407,0,0,0,,0,P33,"W NOBLE AV","S CONYER ST",0.00,,Y,A,-,N,,,,,,,,,,N,3,0,1,2,A,-,12,21453,A,N,D,G,A,A,H,-,A,A,0,,Y,,,Y,,L,04,0,1,0,0,0,0,1,0,0,"- ","- ",36.326461791992188,-119.30104064941406,TULARE,VISALIA,-119.30106353759766,36.326457977294922
9833339,2025,2025-07-17,5407,2025-05-31,"245 ",A348,480,6,5,5,5407,0,0,0,,0,011,"N PLAZA DR","W RIGGIN AV",1658.00,N,N,A,-,N,,,,,,,,,,Y,3,0,2,2,A,-,07,21658,A,N,C,C,A,A,H,-,C,A,0,,,,,Y,,A,01,0,2,0,0,0,0,0,0,0,"- ","- ",36.356338500976562,-119.39463043212891,TULARE,VISALIA,-119.39466857910156,36.360950469970703
9833415,2025,2025-07-21,5407,2025-05-22,"811 ",M395,480,4,5,5,5407,0,0,0,,0,012,"W TULARE AV","S COUNTY CENTER",0.00,W,N,A,-,N,,,,,,,,,,Y,3,0,1,2,A,-,03,22350,,N,C,C,A,A,H,-,A,A,0,,,,,Y,,A,01,0,1,0,0,0,0,0,0,0,"- ","- ",36.320068359375,-119.33173370361328,TULARE,VISALIA,-119.32729339599609,36.320102691650391
9833691,2025,2025-08-26,5405,2025-07-05,"808 ",325,SEC4,6,5,4,5405,0,0,0,,0,,"PUTNAM AV","INDIANA ST",0.00,,Y,A,-,N,,,,,,,,,,Y,3,0,1,2,A,-,12,21453,A,N,D,C,A,A,H,-,A,A,0,,,,Y,Y,,F,55,0,1,0,0,0,0,0,0,0,"- ","- ",36.069000244140625,-119.03500366210938,TULARE,PORTERVILLE,-119.03511047363281,36.069625854492188
9833743,2025,2025-08-25,5401,2025-07-08,1618,2123,5401,2,5,3,5401,0,0,0,,0,,"E SAGINAW AV","BATES AV",8.00,E,N,A,-,N,,,,,,,,,,Y,4,0,1,2,A,-,01,23152,A,N,C,C,A,A,H,-,A,D,0,,,,,Y,Y,D,22,0,0,1,0,0,0,0,0,0,"- ","- ",,,TULARE,DINUBA,-119.39287567138672,36.553070068359375
9866506,2025,2025-08-20,5407,2025-07-06,1852,M369,480,7,5,5,5407,0,0,0,,0,O26,"RT 63","E ACEQUIA AV",0.00,,Y,A,-,Y,TUL,6,63,-,-,8.139,I,5,N,N,4,0,1,2,A,-,07,21658,A,N,B,C,A,A,H,-,A,A,0,,,,,Y,,A,01,0,0,1,0,0,0,0,0,0,"- ","- ",36.329238891601562,-119.29231262207031,TULARE,VISALIA,-119.29235076904297,36.329254150390625
9866519,2025,2025-08-28,5406,2025-07-13,1507,CSPZD,DIST2,7,5,4,5406,0,0,0,,0,WEST,"RT 137","F ST",0.00,,Y,A,-,Y,TUL,6,137,-,-,15.060,I,5,W,Y,2,0,3,3,A,-,12,22450,A,N,D,C,F,A,H,-,A,A,0,Y,,,,Y,,A,01,2,1,0,0,1,0,0,0,0,"- ","- ",36.207748413085938,-119.35449981689453,TULARE,TULARE,-119.35265350341797,36.204421997070312
9866547,2025,2025-08-29,5406,2025-07-26,1212,OKXTI,DIST3,6,5,4,5406,0,0,0,,0,EAST,"RT 137",BLACKSTONE,313.00,E,N,A,-,Y,TUL,6,137,-,-,16.550,H,-,E,N,4,0,1,2,A,-,08,22107,,N,B,C,A,-,H,-,A,D,0,,,,,Y,,A,01,0,0,1,0,0,0,0,0,0,"- ","- ",36.210529327392578,-119.32697296142578,TULARE,TULARE,-119.32979583740234,36.210041046142578
9866745,2025,2025-10-03,5404,2025-08-18,1032,679,LPD,1,5,2,5404,0,0,0,,0,22L,HERMOSA,"RT 65",0.00,,Y,A,-,Y,TUL,6,65,-,-,29.491,I,5,S,Y,4,0,1,2,A,-,17,21451,A,N,D,C,A,A,H,-,A,A,0,,,,,Y,,A,01,0,0,1,0,0,0,0,0,0,"- ","- ",,,TULARE,LINDSAY,-119.10466003417969,36.20330810546875
9869482,2025,2025-09-02,5401,2025-08-07,1006,2134,5401,4,5,3,5401,0,0,0,,0,003,"L ST","W MARIPOSA ST",25.00,E,N,A,-,N,,,,,,,,,,Y,4,0,2,2,A,-,09,21802,A,N,D,D,A,A,H,-,A,A,0,,,,,Y,,A,01,0,0,2,0,0,0,0,0,0,"- ","- ",,,TULARE,DINUBA,-119.39359283447266,36.543731689453125
9869961,2025,2025-08-13,5405,2025-07-28,1105,CSO47,"SEC 4",1,5,4,5405,0,0,0,,0,,"OLIVE AV","BEVERLY ST",0.00,,Y,A,-,N,,,,,,,,,,Y,4,0,1,3,A,-,09,21802,A,N,B,C,A,A,H,-,A,A,0,,,,,Y,Y,A,07,0,0,1,0,0,0,0,0,0,"- ","- ",36.066650390625,-119.04885101318359,TULARE,PORTERVILLE,-119.04856109619141,36.065879821777344
9870118,2025,2025-08-15,5405,2025-08-01,"414 ",259,"SEC 1",5,5,4,5405,0,0,0,,0,,"MORTON AV","ARGYLE ST",0.00,,Y,A,-,N,,,,,,,,,,Y,3,0,2,4,A,-,01,23153,B,N,C,C,A,A,H,-,D,D,0,,,,,Y,Y,A,07,0,1,1,0,0,0,0,0,0,"- ","- ",36.073089599609375,-119.06189727783203,TULARE,PORTERVILLE,-119.06488037109375,36.073089599609375
9870618,2025,2025-09-10,5407,2025-07-05,1036,A389,480,6,5,5,5407,0,0,0,,0,R12,"S LINWOOD ST",MEADOW,19.00,S,N,A,-,N,,,,,,,,,,N,3,0,1,2,A,-,07,21658,A,N,C,E,A,A,H,-,A,A,0,,,,,Y,,A,07,0,1,0,0,0,0,0,0,0,"- ","- ",36.321708679199219,-119.34084320068359,TULARE,VISALIA,-119.34070587158203,36.321746826171875
9871039,2025,2025-08-18,5407,2025-07-14,1246,C71,480,1,5,5,5407,0,0,0,,0,P33,"S LOVERS LN","E NOBLE AV",0.00,,Y,A,-,N,,,,,,,,,,Y,3,0,1,2,A,-,17,21461,A,N,D,C,A,A,H,-,A,A,0,,,,,Y,,D,22,0,1,0,0,0,0,0,0,0,"- ","- ",36.326641082763672,-119.26077270507812,TULARE,VISALIA,-119.26070404052734,36.326618194580078
9871213,2025,2025-08-18,5407,2025-07-10,1000,C65,480,4,5,5,5407,0,0,0,,0,034,"W CALDWELL AV","S WEST ST",0.00,,Y,A,-,N,,,,,,,,,,N,3,0,1,2,A,-,06,21751,,N,D,G,A,A,H,-,A,A,0,,Y,,,Y,,A,01,0,1,0,0,0,0,1,0,0,"- ","- ",36.298191070556641,-119.29596710205078,TULARE,VISALIA,-119.29598999023438,36.298160552978516
9871214,2025,2025-08-18,5407,2025-07-16,1823,C68,480,3,5,5,5407,0,0,0,,0,O26,"E MAIN ST","N BEN MADDOX WY",0.00,,Y,A,-,N,,,,,,,,,,N,3,0,1,2,A,-,09,21804,A,N,D,G,A,A,H,-,A,A,0,,Y,,,Y,,L,04,0,1,0,0,0,0,1,0,0,"- ","- ",36.3302001953125,-119.27855682373047,TULARE,VISALIA,-119.27857208251953,36.330192565917969
9871215,2025,2025-08-18,5407,2025-07-05,1325,C71,480,6,5,5,5407,0,0,0,,0,033,"E TULARE AV","S BRIDGE ST",22.00,E,N,A,-,N,,,,,,,,,,Y,3,0,1,1,A,-,05,21650,,N,H,I,A,A,H,-,A,A,0,,,,,Y,,A,01,0,1,0,0,0,0,0,0,0,"- ","- ",36.32012939453125,-119.28883361816406,TULARE,VISALIA,-119.28877258300781,36.320091247558594
9871220,2025,2025-08-18,5401,2025-07-17,1107,2112,5401,4,5,3,5401,0,0,0,,0,001,"EL MONTE WY","N ENGLEHART AV",716.00,E,N,A,-,N,,,,,,,,,,Y,4,0,1,2,A,-,09,21804,A,N,D,C,A,A,H,-,A,D,0,,,,,Y,,A,01,0,0,1,0,0,0,0,0,0,"- ","- ",,,TULARE,DINUBA,-119.41042327880859,36.546073913574219
9871363,2025,2025-08-18,5407,2025-07-01,1149,C65,480,2,5,5,5407,0,0,0,,0,033,TULARE,"S GIDDINGS",169.00,E,N,A,-,N,,,,,,,,,,N,4,0,1,2,A,-,03,22350,,N,C,C,A,A,H,-,A,A,0,,,,,Y,,A,07,0,0,1,0,0,0,0,0,0,"- ","- ",,,TULARE,VISALIA,-119.30484008789062,36.320072174072266