CASE_ID,ACCIDENT_YEAR,PROC_DATE,JURIS,COLLISION_DATE,COLLISION_TIME,OFFICER_ID,REPORTING_DISTRICT,DAY_OF_WEEK,CHP_SHIFT,POPULATION,CNTY_CITY_LOC,SPECIAL_COND,BEAT_TYPE,CHP_BEAT_TYPE,CITY_DIVISION_LAPD,CHP_BEAT_CLASS,BEAT_NUMBER,PRIMARY_RD,SECONDARY_RD,DISTANCE,DIRECTION,INTERSECTION,WEATHER_1,WEATHER_2,STATE_HWY_IND,CALTRANS_COUNTY,CALTRANS_DISTRICT,STATE_ROUTE,ROUTE_SUFFIX,POSTMILE_PREFIX,POSTMILE,LOCATION_TYPE,RAMP_INTERSECTION,SIDE_OF_HWY,TOW_AWAY,COLLISION_SEVERITY,NUMBER_KILLED,NUMBER_INJURED,PARTY_COUNT,PRIMARY_COLL_FACTOR,PCF_CODE_OF_VIOL,PCF_VIOL_CATEGORY,PCF_VIOLATION,PCF_VIOL_SUBSECTION,HIT_AND_RUN,TYPE_OF_COLLISION,MVIW,PED_ACTION,ROAD_SURFACE,ROAD_COND_1,ROAD_COND_2,LIGHTING,CONTROL_DEVICE,CHP_ROAD_TYPE,PEDESTRIAN_ACCIDENT,BICYCLE_ACCIDENT,MOTORCYCLE_ACCIDENT,TRUCK_ACCIDENT,NOT_PRIVATE_PROPERTY,ALCOHOL_INVOLVED,STWD_VEHTYPE_AT_FAULT,CHP_VEHTYPE_AT_FAULT,COUNT_SEVERE_INJ,COUNT_VISIBLE_INJ,COUNT_COMPLAINT_PAIN,COUNT_PED_KILLED,COUNT_PED_INJURED,COUNT_BICYCLIST_KILLED,COUNT_BICYCLIST_INJURED,COUNT_MC_KILLED,COUNT_MC_INJURED,PRIMARY_RAMP,SECONDARY_RAMP,LATITUDE,LONGITUDE,COUNTY,CITY,POINT_X,POINT_Y
6441710,2014,2014-07-11,5405,2014-03-28,1102,209,,5,5,4,5405,0,0,0,,0,,"MAIN ST","PUTNAM AV",0.00,,Y,A,-,N,,,,,,,,,,N,4,0,1,2,A,-,12,21453,A,N,D,C,A,A,H,-,A,A,0,,,,,Y,,-,,0,0,1,0,0,0,0,0,0,"- ","- ",,,TULARE,PORTERVILLE,-119.01624006999999,36.069460020000001
6444729,2014,2014-07-08,9481,2014-03-25,0701,018595,,2,1,9,5400,0,2,4,,1,051,"ROAD 238","DEER CREEK BRIDGE",1320.00,N,N,A,-,N,,,,,,,,,,Y,3,0,1,1,A,-,08,22107,,N,F,A,A,A,H,-,B,D,0,,,,,Y,,A,01,0,1,0,0,0,0,0,0,0,"- ","- ",35.985210000000002,-118.04674,TULARE,UNINCORPORATED,,
6444797,2014,2014-07-08,9481,2014-03-29,0050,019162,,6,3,9,5400,0,2,4,,2,052,"MOUNTAIN 137","SUCCESS VALLEY DR",3696.00,W,N,A,-,N,,,,,,,,,,Y,3,0,4,2,A,-,05,21460,A,N,A,C,A,A,H,-,D,D,0,,,,,Y,,A,01,0,2,2,0,0,0,0,0,0,"- ","- ",36.033259999999999,-118.8669,TULARE,UNINCORPORATED,-118.86699021,36.033260069999997
6446734,2014,2014-07-11,5405,2014-03-13,1909,106,,4,5,4,5405,0,0,0,,0,,"MORTON AV","VILLA ST",0.00,,Y,A,-,N,,,,,,,,,,N,4,0,1,2,A,-,12,21453,A,N,D,C,A,A,H,-,B,A,0,,,,,Y,,-,"- ",0,0,1,0,0,0,0,0,0,"- ","- ",,,TULARE,PORTERVILLE,-119.03064012999999,36.073270039999997
6457927,2014,2014-07-22,9480,2014-04-15,1835,012046,,2,2,9,5400,0,3,5,,2,004,"AVE 344","RD 172",0.00,,Y,A,-,N,,,,,,,,,,Y,3,0,2,2,A,-,12,22450,A,N,D,C,A,A,H,-,A,A,0,,,,,Y,,A,01,0,2,0,0,0,0,0,0,0,"- ","- ",,,TULARE,UNINCORPORATED,-119.18866988000001,36.413850099999998
6457980,2014,2014-07-22,9480,2014-04-19,0230,017778,,6,3,9,5400,0,3,5,,2,003,"AVENUE 232","ROAD 56",12.00,W,N,A,-,N,,,,,,,,,,Y,4,0,1,1,A,-,08,22107,,N,E,I,A,A,H,-,D,D,0,,,,,Y,Y,A,01,0,0,1,0,0,0,0,0,0,"- ","- ",36.210129999999999,-119.44856,TULARE,UNINCORPORATED,-119.44819063,36.210410520000003
6457984,2014,2014-07-22,9480,2014-04-12,1555,020612,,6,2,9,5400,0,3,5,,2,005,"SPENCER AV","LA FOND RD",0.00,,Y,A,-,N,,,,,,,,,,Y,3,0,2,2,D,-,00,,,N,D,C,A,A,H,-,A,D,0,,,,,Y,,-,"- ",0,1,1,0,0,0,0,0,0,"- ","- ",36.65737,-119.31162,TULARE,UNINCORPORATED,-119.31655993,36.057330020000002
6457988,2014,2016-04-12,9480,2014-04-14,1115,012568,,1,1,9,5400,0,1,3,,2,093,"RT 99","AVE 280",118.00,N,N,A,-,Y,TUL,6,99,-,-,36.430,H,-,S,Y,3,0,1,1,A,-,08,22107,,N,F,A,A,A,H,-,A,D,1,,,,,Y,,A,08,0,1,0,0,0,0,0,0,0,"- ","- ",36.299509999999998,-119.30491000000001,TULARE,UNINCORPORATED,-119.38490547000001,36.29840806
6457996,2014,2014-07-22,9480,2014-04-13,2300,016145,,7,3,9,5400,0,3,5,,2,001,"AVE 394","RD 12",22.00,W,N,A,-,N,,,,,,,,,,N,3,0,1,1,A,-,01,23152,A,N,F,A,A,A,H,-,C,A,0,,,Y,,Y,Y,C,02,0,1,0,0,0,0,0,0,1,"- ","- ",,,TULARE,UNINCORPORATED,-119.18725000000001,36.503709999999998
6458068,2014,2014-07-10,9480,2014-04-11,2155,019258,,5,2,9,5400,0,3,5,,2,001,"AVENUE 416","ROAD 48",0.00,,Y,A,-,N,,,,,,,,,,Y,2,0,2,2,A,-,09,21802,A,N,A,C,A,A,H,-,D,A,0,,,,,Y,,A,07,1,1,0,0,0,0,0,0,0,"- ","- ",36.546480000000003,-119.46683,TULARE,UNINCORPORATED,-119.4667697,36.546482249999997
6461322,2014,2015-09-11,5407,2014-04-21,1659,M234,480,1,5,5,5407,0,0,0,,0,034,COURT,WHITEDALE,0.00,,Y,A,-,N,,,,,,,,,,N,3,0,1,2,A,-,21,22106,,N,G,G,A,A,H,-,A,A,0,,Y,,,Y,,D,22,0,1,0,0,0,0,1,0,0,"- ","- ",,,TULARE,VISALIA,-119.29176,36.305622
6461951,2014,2014-07-10,9480,2014-04-16,1835,017311,,3,2,9,5400,0,3,5,,2,002,"AVENUE 384","ROAD 152",1071.00,W,N,A,-,N,,,,,,,,,,Y,3,0,1,1,A,-,08,22107,,N,E,I,A,A,H,-,A,D,0,,,,,Y,,A,01,0,1,0,0,0,0,0,0,0,"- ","- ",36.486170000000001,-119.23493999999999,TULARE,UNINCORPORATED,-119.23573895,36.48614422
6463737,2014,2014-07-19,9480,2014-04-03,1248,13914,,4,1,9,5400,0,3,5,,2,006,"AVENUE 248","ROAD 140",0.00,,Y,B,-,N,,,,,,,,,,Y,3,0,2,2,A,-,09,21802,A,N,D,C,A,A,H,-,A,A,0,,,,,Y,,A,01,0,1,1,0,0,0,0,0,0,"- ","- ",36.240259999999999,-119.26082,TULARE,UNINCORPORATED,-119.26051987,36.240310059999999
6463741,2014,2016-01-26,9480,2014-03-31,0620,012251,,1,1,9,5400,0,1,3,,1,065,"RT 65","RT 198",340.00,S,N,B,-,Y,TUL,6,65,-,-,39.520,H,-,N,Y,4,0,1,3,A,-,03,22350,,N,C,C,A,A,H,-,A,D,0,,,,Y,Y,,D,22,0,0,1,0,0,0,0,0,0,"- ","- ",,,TULARE,UNINCORPORATED,-119.13493889,36.325321889999998
6463961,2014,2016-04-12,9480,2014-04-01,0100,13821,,2,3,9,5400,0,1,3,,2,091,"RT 99","MENDOCINO AV",528.00,S,N,C,-,Y,TUL,6,99,-,R,53.720,H,-,S,Y,4,0,1,1,A,-,08,22107,,N,E,I,A,B,H,-,D,D,1,,,,,Y,,A,01,0,0,1,0,0,0,0,0,0,"- ","- ",36.505020000000002,-119.54595999999999,TULARE,UNINCORPORATED,-119.54666509,36.505624859999998
6465292,2014,2014-07-11,5405,2014-04-09,1355,186,,3,5,4,5405,0,0,0,,0,001,"MORTON AV","COTTAGE ST",5.00,E,N,A,-,N,,,,,,,,,,N,3,0,2,2,A,-,03,22350,,N,C,C,A,A,H,-,A,A,0,,,,,Y,,D,22,0,1,1,0,0,0,0,0,0,"- ","- ",,,TULARE,PORTERVILLE,-119.03286310999999,36.073279700000001
6465296,2014,2014-07-11,5405,2014-04-07,1839,208,,1,5,4,5405,0,0,0,,0,,"CLEVELAND AV","CRESTVIEW ST",322.00,W,N,A,-,N,,,,,,,,,,N,3,0,1,2,A,-,21,22106,,N,G,B,A,A,H,-,A,B,0,,,,,Y,,-,,0,1,0,0,0,0,0,0,0,"- ","- ",,,TULARE,PORTERVILLE,-118.99638812000001,36.070080240000003
6465362,2014,2014-08-14,5405,2014-04-15,2031,203,,2,5,4,5405,0,0,0,,0,003,"MAIN ST","PUTNAM AV",0.00,,Y,A,-,N,,,,,,,,,,Y,4,0,1,2,A,-,12,21453,A,N,D,C,A,A,H,-,C,A,0,,,,,Y,,-,"- ",0,0,1,0,0,0,0,0,0,"- ","- ",,,TULARE,PORTERVILLE,-119.01624006999999,36.069460020000001
6465382,2014,2014-07-28,5405,2014-04-11,1400,207,,5,5,4,5405,0,0,0,,0,001,"INDIANA ST","HENDERSON AV",0.00,,Y,A,-,N,,,,,,,,,,Y,4,0,2,2,A,-,12,21453,A,N,D,C,A,A,H,-,A,A,0,,,,,Y,,-,,0,0,2,0,0,0,0,0,0,"- ","- ",,,TULARE,PORTERVILLE,-119.0349401,36.080510109999999
6471305,2014,2014-07-11,9480,2014-04-21,1205,15047,,1,1,9,5400,0,3,5,,2,002,"AVENUE 416","ROAD 104",30.00,E,N,A,-,N,,,,,,,,,,N,4,0,2,2,A,-,03,22350,,N,C,C,A,A,H,-,A,A,0,,,,,Y,,D,22,0,0,2,0,0,0,0,0,0,"- ","- ",36.545310000000001,-119.34038,TULARE,UNINCORPORATED,-119.34045820999999,36.545205869999997
6471317,2014,2014-07-21,9480,2014-04-28,0602,16046,,1,1,9,5400,0,3,5,,2,001,"AVENUE 376","RD 44",0.00,,Y,A,-,N,,,,,,,,,,Y,4,0,1,2,A,-,12,22450,A,N,D,C,A,A,H,-,B,A,0,,,,,Y,,A,01,0,0,1,0,0,0,0,0,0,"- ","- ",,,TULARE,UNINCORPORATED,-119.4744195,36.473562000000001
6473765,2014,2016-04-12,9480,2014-04-25,1935,018403,,5,2,9,5400,0,1,3,,2,095,"RT 99","AVENUE 16",1584.00,S,N,B,C,Y,TUL,6,99,-,-,1.770,H,-,S,Y,4,0,1,1,A,-,03,22350,,N,E,I,A,B,H,-,C,D,1,,,,,Y,,J,48,0,0,1,0,0,0,0,0,0,"- ","- ",35.817300000000003,-119.25859,TULARE,UNINCORPORATED,-119.25834111,35.815041569999998
6477500,2014,2014-07-25,9481,2014-04-19,2240,18815,,6,3,9,5400,0,3,5,,2,010,"ROAD 180","OKLAHOMA AV",528.00,N,N,A,-,N,,,,,,,,,,Y,4,0,1,1,A,-,03,22350,,N,E,J,A,A,H,-,D,D,0,,,,,Y,,A,01,0,0,1,0,0,0,0,0,0,"- ","- ",36.145009999999999,-119.16998,TULARE,UNINCORPORATED,-119.1699545,36.144128369999997
6478196,2014,2014-07-11,5407,2014-04-01,1516,M160,480,2,5,5,5407,0,0,0,,0,012,LINWOOD,WALNUT,126.00,N,N,B,-,N,,,,,,,,,,,4,0,1,2,A,-,03,22350,,N,C,C,A,A,H,-,A,D,0,,,,,Y,,-,,0,0,1,0,0,0,0,0,0,"- ","- ",,,TULARE,VISALIA,-119.3406457,36.313135750000001
6478204,2014,2014-07-11,5407,2014-04-03,1746,A14,480,4,5,5,5407,0,0,0,,0,012,"NOBLE AV","LINWOOD ST",0.00,,Y,A,-,N,,,,,,,,,,Y,3,0,2,2,A,-,12,21453,A,N,D,C,A,A,H,-,A,A,0,,,,,Y,,A,07,0,1,1,0,0,0,0,0,0,"- ","- ",,,TULARE,VISALIA,-119.34076985,36.326960079999999
6478253,2014,2014-07-11,5407,2014-04-10,0746,M218,480,4,5,5,5407,0,0,0,,0,025,GIDDINGS,RIGGIN,503.00,S,N,A,-,N,,,,,,,,,,Y,3,0,1,1,A,-,05,21650,,N,E,I,A,A,H,-,A,A,0,,,,,Y,,A,07,0,1,0,0,0,0,0,0,0,"- ","- ",,,TULARE,VISALIA,-119.30570634,36.355019720000001
6478257,2014,2014-07-14,5407,2014-04-12,1845,A254,480,6,5,5,5407,0,0,0,,0,025,GOSHEN,DIVISADERO,24.00,E,N,F,-,N,,,,,,,,,,N,4,0,1,2,A,-,03,22350,,N,C,C,A,A,H,-,A,A,0,,,,,Y,,A,,0,0,1,0,0,0,0,0,0,"- ","- ",,,TULARE,VISALIA,-119.30984616000001,36.334921829999999
6478261,2014,2014-07-14,5407,2014-04-14,0821,M222,,1,5,5,5407,0,0,0,,0,,DEMAREE,WALNUT,105.00,N,N,A,-,N,,,,,,,,,,N,3,0,1,2,A,-,11,21954,A,N,H,B,E,A,D,-,A,D,0,Y,,,,Y,,N,60,0,1,0,0,1,0,0,0,0,"- ","- ",,,TULARE,VISALIA,-119.3316731,36.31309813
6478265,2014,2014-07-14,5407,2014-04-14,1255,M160,480,1,5,5,5407,0,0,0,,0,026,CENTER,GARDEN,0.00,,Y,A,-,N,,,,,,,,,,N,4,0,1,2,A,-,10,21950,A,N,G,B,B,A,H,-,A,A,0,Y,,,,Y,,A,01,0,0,1,0,1,0,0,0,0,"- ","- ",,,TULARE,VISALIA,-119.29009997,36.331070029999999
6478269,2014,2014-07-14,5407,2014-04-12,2011,M234,480,6,5,5,5407,0,0,0,,0,025,ELOWIN,DIVISADERO,0.00,,Y,A,-,N,,,,,,,,,,N,4,0,1,2,A,-,09,21801,A,N,D,C,A,A,H,-,C,D,0,,,,,Y,,A,01,0,0,1,0,0,0,0,0,0,"- ","- ",,,TULARE,VISALIA,-119.31001990999999,36.343650070000002
6478273,2014,2014-07-14,5407,2014-04-09,0809,M205,480,3,5,5,5407,0,0,0,,0,012,"VISALIA PKWY",DEMAREE,100.00,W,N,A,-,N,,,,,,,,,,N,4,0,1,2,A,-,21,22106,,N,C,C,A,A,H,-,A,D,0,,,,,Y,,A,01,0,0,1,0,0,0,0,0,0,"- ","- ",,,TULARE,VISALIA,-119.33175898,36.291268209999998
6479926,2014,2014-07-10,5405,2014-04-26,1657,207,,6,5,4,5405,0,0,0,,0,001,"WEST NORTH GRAND AV","MASTON ST",36.00,W,N,A,-,N,,,,,,,,,,N,4,0,2,2,A,-,03,22350,,N,C,C,A,A,H,-,A,A,0,,,,,Y,,-,,0,0,2,0,0,0,0,0,0,"- ","- ",,,TULARE,PORTERVILLE,-119.0434317,36.098291099999997
6479927,2014,2016-04-08,5405,2014-04-22,0441,158,CITY,2,5,4,5405,0,0,0,,0,003,"RT 190","JAYE ST",0.00,,Y,A,-,Y,TUL,6,190,-,-,15.950,I,5,W,Y,4,0,1,2,A,-,12,21453,A,N,D,C,A,A,H,-,C,A,0,,,,,Y,,-,,0,0,1,0,0,0,0,0,0,"- ","- ",,,TULARE,PORTERVILLE,-119.02625548,36.051594229999999
6479930,2014,2014-07-10,5405,2014-04-24,2142,207,,4,5,4,5405,0,0,0,,0,004,"BELLEVIEW AV","WALCH ST",0.00,,Y,A,-,N,,,,,,,,,,N,3,0,1,2,A,-,17,21712,B,N,G,B,E,A,H,-,C,D,0,Y,,,,Y,Y,N,60,0,1,0,0,1,0,0,0,0,"- ","- ",,,TULARE,PORTERVILLE,-119.06084001000001,36.075470080000002
6485689,2014,2014-07-26,9480,2014-05-14,0740,16615,,3,1,9,5400,0,3,5,,2,001,"ROAD 80","AVE 360",2640.00,N,N,A,-,N,,,,,,,,,,Y,4,0,1,2,A,-,03,22350,,N,C,C,A,A,H,-,A,D,0,,,,,Y,,A,01,0,0,1,0,0,0,0,0,0,"- ","- ",36.451979999999999,-119.39478,TULARE,UNINCORPORATED,-119.39454854,36.451960239999998
6486042,2014,2014-07-24,9480,2014-05-13,1555,15047,,2,2,9,5400,0,3,5,,2,002,"AVENUE 416","RANDLE RD",440.00,E,N,A,-,N,,,,,,,,,,Y,3,0,1,1,A,-,01,23152,A,N,E,I,A,A,H,-,A,D,0,,,,,Y,Y,A,01,0,1,0,0,0,0,0,0,0,"- ","- ",,,TULARE,UNINCORPORATED,-119.37078237999999,36.545499649999996
6492065,2014,2016-04-08,9481,2014-05-08,0935,18148,,4,1,9,5400,0,1,3,,1,054,"RT 190","REDWOOD DR",2640.00,E,N,A,-,Y,TUL,6,190,-,-,50.470,H,-,W,N,2,0,1,1,A,-,17,21662,A,N,F,A,A,A,H,-,A,D,0,,,Y,,Y,,C,02,1,0,0,0,0,0,0,0,1,"- ","- ",36.151220000000002,-118.59249,TULARE,UNINCORPORATED,-118.59660346,36.152164249999998
6493305,2014,2016-04-08,9480,2014-05-17,1348,015282,,6,1,9,5400,0,1,3,,1,021,"RT 63","AVE 340",12.00,S,N,A,-,Y,TUL,6,63,-,-,13.600,H,-,N,Y,3,0,2,2,A,-,05,21752,D,N,D,C,A,A,H,-,A,A,0,,,,,Y,Y,A,01,0,1,1,0,0,0,0,0,0,"- ","- ",36.407049999999998,-119.29622999999999,TULARE,UNINCORPORATED,-119.29621191,36.406888860000002
6493921,2014,2014-07-24,9480,2014-05-27,1420,16046,,2,2,9,5400,0,3,5,,2,001,"ROAD 80","AVENUE 384",191.00,N,N,A,-,N,,,,,,,,,,N,4,0,1,2,A,-,08,22107,,N,D,C,A,A,H,-,A,D,0,,,,,Y,,E,22,0,0,1,0,0,0,0,0,0,"- ","- ",,,TULARE,UNINCORPORATED,-119.39473897000001,36.488442030000002
6498486,2014,2014-07-18,5406,2014-04-25,2045,82,5406,5,5,4,5406,0,0,0,,0,0AO,"C ST","EDISON POWER POLE #4802259E",14.00,N,N,C,G,N,,,,,,,,,,N,3,0,1,2,D,-,00,,,F,G,G,A,B,G,-,C,D,0,,Y,,,Y,,-,"- ",0,1,0,0,0,0,1,0,0,"- ","- ",,,TULARE,TULARE,,
6498503,2014,2014-07-17,5406,2014-04-10,0926,79,5406,4,5,4,5406,0,0,0,,0,0ES,BARDSLEY,MOONEY,487.00,E,N,A,-,N,,,,,,,,,,N,3,0,1,2,A,-,08,22107,,N,D,G,A,A,H,-,A,D,0,,Y,,,Y,,L,04,0,1,0,0,0,0,1,0,0,"- ","- ",,,TULARE,TULARE,-119.3116115,36.196672720000002
6498510,2014,2016-04-08,5405,2014-04-30,0810,186,,3,5,4,5405,0,0,0,,0,001,"RT 65","WESTFIELD AV",1019.00,N,N,A,-,Y,TUL,6,65,-,-,20.850,H,-,S,Y,3,0,4,2,A,-,05,21651,C,N,A,C,A,A,H,-,A,A,0,,,,,Y,,A,01,0,3,1,0,0,0,0,0,0,"- ","- ",,,TULARE,PORTERVILLE,-119.03958475,36.09065279
6498735,2014,2014-07-25,5405,2014-05-01,1214,186,,4,5,4,5405,0,0,0,,0,003,"JAYE ST","MAPLE AV",0.00,,Y,A,-,N,,,,,,,,,,Y,4,0,2,2,C,-,18,,,N,D,C,A,A,H,-,A,A,0,,,,,Y,,-,"- ",0,0,2,0,0,0,0,0,0,"- ","- ",,,TULARE,PORTERVILLE,-119.02610007,36.06329006
6498747,2014,2014-07-28,5405,2014-05-03,1610,207,,6,5,4,5405,0,0,0,,0,003,"MAIN ST","LOCUST AV",75.00,N,N,A,-,N,,,,,,,,,,N,4,0,1,3,A,-,03,22350,,N,C,C,A,A,H,-,A,D,0,,,,,Y,,-,,0,0,1,0,0,0,0,0,0,"- ","- ",,,TULARE,PORTERVILLE,-119.01656695,36.060075759999997
6498751,2014,2014-07-28,5405,2014-05-03,2007,175,,6,5,4,5405,0,0,0,,0,003,"OLIVE AV","H ST",0.00,,Y,A,-,N,,,,,,,,,,Y,4,0,1,2,A,-,09,21802,A,N,D,C,A,A,H,-,C,A,0,,,,,Y,,-,,0,0,1,0,0,0,0,0,0,"- ","- ",,,TULARE,PORTERVILLE,-119.02406003,36.065360009999999
6500475,2014,2014-07-29,9480,2014-05-02,0820,015282,,5,1,9,5400,0,3,5,,2,002,"ROAD 126","AVE 416",41.00,N,N,A,-,N,,,,,,,,,,Y,4,0,1,2,A,-,03,22350,,N,C,C,A,A,H,-,A,D,0,,,,,Y,,A,01,0,0,1,0,0,0,0,0,0,"- ","- ",36.544989999999999,-119.29134999999999,TULARE,UNINCORPORATED,-119.2914024,36.544917120000001
6500792,2014,2014-08-05,5405,2014-05-16,0810,186,,5,5,4,5405,0,0,0,,0,004,"PUTNAM AV","INDIANA ST",0.00,,Y,A,-,N,,,,,,,,,,Y,4,0,2,2,A,-,09,21801,A,N,D,C,A,A,H,-,A,A,0,,,,,Y,,A,01,0,0,2,0,0,0,0,0,0,"- ","- ",,,TULARE,PORTERVILLE,-119.03511003,36.069620069999999
6500987,2014,2016-04-12,9480,2014-04-25,1520,016615,,5,2,9,5400,0,1,3,,2,095,"RT 99","WHITE RIVER SINK",627.00,S,N,B,-,Y,TUL,6,99,-,-,4.440,H,-,N,Y,4,0,2,3,A,-,04,21703,,N,C,C,A,A,H,-,A,D,1,,,,,Y,,D,22,0,0,2,0,0,0,0,0,0,"- ","- ",35.853700000000003,-119.26685999999999,TULARE,UNINCORPORATED,-119.26676487,35.85276339
6501261,2014,2016-04-08,9481,2014-05-01,0040,19162,,4,3,9,5400,0,1,3,,1,053,"RT 190","ROAD 284",0.00,,Y,A,-,Y,TUL,6,190,-,-,21.100,I,5,E,Y,3,0,4,2,A,-,09,21801,A,N,D,C,A,A,H,-,C,A,0,,,,,Y,,A,01,0,1,3,0,0,0,0,0,0,"- ","- ",36.047550000000001,-118.9372,TULARE,UNINCORPORATED,-118.93769568,36.04752259
6501265,2014,2014-07-28,9481,2014-05-06,0600,17957,,2,1,9,5400,0,3,5,,2,050,"AVENUE 95","ROAD 238",172.00,W,N,B,-,N,,,,,,,,,,Y,3,0,3,2,A,-,08,22107,,N,D,C,A,A,B,-,C,D,0,,,,,Y,,A,01,0,2,1,0,0,0,0,0,0,"- ","- ",35.96237,-119.04019,TULARE,UNINCORPORATED,-119.04057048,35.962412790000002
6501269,2014,2014-07-28,9481,2014-05-02,0550,18148,,5,3,9,5400,0,2,4,,1,035,"AVENUE 8","ROAD 192",2112.00,E,N,A,-,N,,,,,,,,,,Y,4,0,6,4,A,-,21,22106,,N,B,C,A,A,H,-,A,D,0,,,,,Y,,A,01,0,0,6,0,0,0,0,0,0,"- ","- ",35.805140000000002,-119.13641,TULARE,UNINCORPORATED,-119.13641,35.805140000000002
6504267,2014,2014-07-28,9480,2014-05-28,2130,019048,,3,2,9,5400,0,3,5,,2,003,"ENTERPRISE ST","WEST PROSPERITY AV",520.00,S,N,A,-,N,,,,,,,,,,Y,4,0,1,1,A,-,08,22107,,N,E,I,A,A,H,-,D,D,0,,,,,Y,,A,01,0,0,1,0,0,0,0,0,0,"- ","- ",36.221519999999998,-119.38517,TULARE,UNINCORPORATED,-119.38456358000001,36.224163079999997
6504271,2014,2016-04-12,9480,2014-05-29,1945,018563,,4,2,9,5400,0,1,3,,2,091,"RT 99","MERRITT DR",10560.00,S,N,A,-,Y,TUL,6,99,-,-,46.710,H,-,N,Y,4,0,2,2,A,-,07,21658,A,N,B,C,A,A,H,-,A,D,1,,,,,Y,,A,01,0,0,2,0,0,0,0,0,0,"- ","- ",36.422849999999997,-119.46863,TULARE,UNINCORPORATED,-119.47179545,36.427871430000003
6505291,2014,2016-04-08,9480,2014-05-23,2005,18204,,5,2,9,5400,0,3,5,,2,002,"AVE 416","RT 63",20.00,W,N,B,-,Y,TUL,6,63,-,R,23.572,I,6,S,Y,3,0,1,2,A,-,01,23152,A,N,C,C,A,A,H,-,B,A,0,,,,,Y,Y,A,01,0,1,0,0,0,0,0,0,0,"- ","- ",36.54466,-119.28743,TULARE,UNINCORPORATED,-119.28692169,36.544749699999997
6509151,2014,2014-08-07,9480,2014-05-19,1355,12568,,1,1,9,5400,0,3,5,,2,006,"ROAD 124","AVE 256",650.00,N,N,A,-,N,,,,,,,,,,Y,4,0,1,1,A,-,08,22107,,N,F,A,A,A,H,-,A,D,0,,,,,Y,,A,07,0,0,1,0,0,0,0,0,0,"- ","- ",36.257770000000001,-119.29644,TULARE,UNINCORPORATED,-119.29636709,36.257633470000002
6509155,2014,2014-08-07,9480,2014-05-18,1244,15282,,7,1,9,5400,0,3,5,,2,004,"AVENUE 296","ROAD 154",600.00,W,N,A,-,N,,,,,,,,,,N,4,0,1,2,A,-,09,21804,A,N,D,C,A,A,H,-,A,D,0,,,,,Y,,A,01,0,0,1,0,0,0,0,0,0,"- ","- ",36.32732,-119.23007,TULARE,UNINCORPORATED,-119.2313047,36.327160020000001
6509574,2014,2016-04-12,9480,2014-05-25,1125,012568,,7,1,9,5400,0,1,3,,2,091,"RT 99","RT 198",1584.00,N,N,A,-,Y,TUL,6,99,-,R,39.300,H,-,N,Y,3,0,2,1,A,-,08,22107,,N,F,A,A,A,H,-,A,D,1,,,,,Y,,A,07,0,1,1,0,0,0,0,0,0,"- ","- ",36.332369999999997,-119.41193,TULARE,UNINCORPORATED,-119.41225328,36.332859249999998
6509578,2014,2014-07-31,9480,2014-05-26,0154,015783,,1,3,9,5400,0,3,5,,2,006,"AVE 256","RD 164",3168.00,E,N,A,-,N,,,,,,,,,,Y,3,0,1,1,A,-,08,22107,,N,E,I,A,A,H,-,D,D,0,,,,,Y,,A,01,0,1,0,0,0,0,0,0,0,"- ","- ",,,TULARE,UNINCORPORATED,-119.19615895,36.254114459999997
6510308,2014,2014-07-31,9480,2014-05-30,1320,016210,,5,1,9,5400,0,3,5,,2,006,"AVE 208","ROAD 140",528.00,E,N,A,-,N,,,,,,,,,,Y,3,0,1,1,A,-,08,22107,,N,E,I,A,A,H,-,A,D,0,,,,,Y,,D,22,0,1,0,0,0,0,0,0,0,"- ","- ",,,TULARE,UNINCORPORATED,-119.25791307999999,36.167331519999998
6510353,2014,2016-04-08,9480,2014-06-01,1800,17291,,7,2,9,5400,0,1,3,,1,044,"RT 198","WHITNEY CREEK RD",158.00,N,N,A,-,Y,TUL,6,198,-,-,33.610,H,-,W,Y,2,0,5,2,A,-,05,21650,,N,B,C,A,A,H,-,A,D,0,,,,,Y,,D,22,2,1,2,0,0,0,0,0,0,"- ","- ",,,TULARE,UNINCORPORATED,-118.94660553999999,36.389478410000002
6510365,2014,2016-04-12,9480,2014-06-09,1615,17108,,1,2,9,5400,0,1,3,,2,095,"RT 99","COUNTY LINE ROAD (AVE 0)",5280.00,N,N,A,-,Y,TUL,6,99,-,-,1.000,H,-,N,N,4,0,1,2,A,-,07,21658,A,N,D,C,A,A,H,-,A,D,1,,,,,Y,,D,22,0,0,1,0,0,0,0,0,0,"- ","- ",,,TULARE,UNINCORPORATED,-119.25545983000001,35.804019570000001
6510674,2014,2014-08-23,9480,2014-06-01,1217,12251,,7,1,9,5400,0,3,5,,2,006,"ROAD 92","AVENUE 280",0.00,,Y,A,-,N,,,,,,,,,,Y,4,0,1,2,A,-,09,21802,A,N,D,C,A,A,H,-,A,A,0,,,,,Y,,A,07,0,0,1,0,0,0,0,0,0,"- ","- ",,,TULARE,UNINCORPORATED,-119.36736989000001,36.298140019999998
6510968,2014,2014-08-05,9481,2014-05-17,0735,018148,,6,1,9,5400,0,2,4,,1,021,"AVENUE 184","ORANGEBELT DR",0.00,,Y,A,-,N,,,,,,,,,,Y,4,0,2,2,A,-,09,21802,A,N,D,C,A,A,H,-,A,A,0,,,,,Y,,A,01,0,0,2,0,0,0,0,0,0,"- ","- ",36.123660000000001,-119.04973,TULARE,UNINCORPORATED,-119.04960149999999,36.123606000000002
6511457,2014,2015-04-15,5405,2014-06-03,1500,186,,2,5,4,5405,0,0,0,,0,,"RT 190","PLANO ST",42.00,W,N,A,-,Y,TUL,6,190,-,-,16.970,H,-,E,N,4,0,1,3,C,-,18,,,N,C,C,A,A,H,-,A,A,0,,,,,Y,,-,"- ",0,0,1,0,0,0,0,0,0,"- ","- ",,,TULARE,PORTERVILLE,-119.00814749,36.051031020000003
6511739,2014,2014-08-19,5405,2014-05-30,1420,186,,5,5,4,5405,0,0,0,,0,004,"GIBBONS AV","INDIANA ST",204.00,E,N,A,-,N,,,,,,,,,,Y,3,0,2,1,A,-,03,22350,,N,F,I,A,A,H,-,A,A,0,,,,,Y,,A,01,0,1,1,0,0,0,0,0,0,"- ","- ",,,TULARE,PORTERVILLE,-119.03467083,36.040400009999999