CASE_ID,ACCIDENT_YEAR,PROC_DATE,JURIS,COLLISION_DATE,COLLISION_TIME,OFFICER_ID,REPORTING_DISTRICT,DAY_OF_WEEK,CHP_SHIFT,POPULATION,CNTY_CITY_LOC,SPECIAL_COND,BEAT_TYPE,CHP_BEAT_TYPE,CITY_DIVISION_LAPD,CHP_BEAT_CLASS,BEAT_NUMBER,PRIMARY_RD,SECONDARY_RD,DISTANCE,DIRECTION,INTERSECTION,WEATHER_1,WEATHER_2,STATE_HWY_IND,CALTRANS_COUNTY,CALTRANS_DISTRICT,STATE_ROUTE,ROUTE_SUFFIX,POSTMILE_PREFIX,POSTMILE,LOCATION_TYPE,RAMP_INTERSECTION,SIDE_OF_HWY,TOW_AWAY,COLLISION_SEVERITY,NUMBER_KILLED,NUMBER_INJURED,PARTY_COUNT,PRIMARY_COLL_FACTOR,PCF_CODE_OF_VIOL,PCF_VIOL_CATEGORY,PCF_VIOLATION,PCF_VIOL_SUBSECTION,HIT_AND_RUN,TYPE_OF_COLLISION,MVIW,PED_ACTION,ROAD_SURFACE,ROAD_COND_1,ROAD_COND_2,LIGHTING,CONTROL_DEVICE,CHP_ROAD_TYPE,PEDESTRIAN_ACCIDENT,BICYCLE_ACCIDENT,MOTORCYCLE_ACCIDENT,TRUCK_ACCIDENT,NOT_PRIVATE_PROPERTY,ALCOHOL_INVOLVED,STWD_VEHTYPE_AT_FAULT,CHP_VEHTYPE_AT_FAULT,COUNT_SEVERE_INJ,COUNT_VISIBLE_INJ,COUNT_COMPLAINT_PAIN,COUNT_PED_KILLED,COUNT_PED_INJURED,COUNT_BICYCLIST_KILLED,COUNT_BICYCLIST_INJURED,COUNT_MC_KILLED,COUNT_MC_INJURED,PRIMARY_RAMP,SECONDARY_RAMP,LATITUDE,LONGITUDE,COUNTY,CITY,POINT_X,POINT_Y
6511937,2014,2014-08-12,5405,2014-06-10,1358,186,,2,5,4,5405,0,0,0,,0,,"OLIVE AV","PLANO ST",0.00,,Y,A,-,N,,,,,,,,,,Y,4,0,1,2,A,-,12,21453,A,F,D,C,A,A,H,-,A,A,0,,,,,Y,,A,07,0,0,1,0,0,0,0,0,0,"- ","- ",,,TULARE,PORTERVILLE,-119.00832006,36.065100010000002
6511953,2014,2014-08-11,5405,2014-06-02,1242,C17,,1,5,4,5405,0,0,0,,0,003,"OLIVE AV","3RD ST",0.00,,Y,A,-,N,,,,,,,,,,Y,4,0,2,2,A,-,09,21802,A,N,D,C,A,A,H,-,A,D,0,,,,,Y,,-,,0,0,2,0,0,0,0,0,0,"- ","- ",,,TULARE,PORTERVILLE,-119.01431006999999,36.065130070000002
6512429,2014,2014-08-06,5407,2014-05-02,1301,M203,480,5,5,5,5407,0,0,0,,0,026,HOUSTON,BURKE,0.00,,Y,A,-,N,,,,,,,,,,Y,4,0,1,2,A,-,03,22350,,N,C,C,A,A,H,-,A,A,0,,,,,Y,,D,22,0,0,1,0,0,0,0,0,0,"- ","- ",,,TULARE,VISALIA,-119.28319994,36.34185008
6512513,2014,2014-08-11,5407,2014-05-22,1837,A51,480,4,5,5,5407,0,0,0,,0,012,DEMAREE,"VISALIA PKWY",0.00,,Y,A,-,N,,,,,,,,,,Y,3,0,2,3,A,-,12,21453,A,N,B,C,A,A,H,-,A,A,0,,,,,Y,,A,01,0,1,1,0,0,0,0,0,0,"- ","- ",,,TULARE,VISALIA,-119.33141986,36.29127003
6512849,2014,2014-08-01,5406,2014-05-05,0823,23,B7,1,5,4,5406,0,0,0,,0,0ES,BARDSLEY,"O ST",34.00,W,N,A,-,N,,,,,,,,,,Y,4,0,2,2,A,-,03,22350,,N,C,C,A,A,H,-,A,A,0,,,,,Y,,D,22,0,0,2,0,0,0,0,0,0,"- ","- ",,,TULARE,TULARE,-119.3399051,36.196609299999999
6513613,2014,2014-08-07,9481,2014-06-15,0655,14265,,7,1,9,5400,0,2,4,,1,011,"AVENUE 196","ROAD 216",1490.00,W,N,A,-,N,,,,,,,,,,Y,4,0,1,1,A,-,08,22107,,N,E,I,A,A,H,-,A,D,0,,,,,Y,,A,01,0,0,1,0,0,0,0,0,0,"- ","- ",36.145519999999998,-119.09461,TULARE,UNINCORPORATED,-119.09471048,36.145462469999998
6513625,2014,2014-08-07,9481,2014-06-05,0530,18853,,4,3,9,5400,0,3,5,,2,030,"AVENUE 48","ROAD 160",0.00,,Y,A,-,N,,,,,,,,,,Y,4,0,3,2,A,-,09,21802,A,N,D,C,A,A,H,-,B,A,0,,,,,Y,,A,01,0,0,3,0,0,0,0,0,0,"- ","- ",35.877580000000002,-119.21447999999999,TULARE,UNINCORPORATED,-119.21474994,35.877470000000002
6515878,2014,2014-08-08,9480,2014-06-01,1800,019186,,7,2,9,5400,0,3,5,,2,006,"AVENUE 280","ROAD 180",0.00,,Y,A,-,N,,,,,,,,,,Y,4,0,2,2,A,-,12,21453,A,N,D,C,A,A,H,-,A,A,0,,,,,Y,,A,01,0,0,2,0,0,0,0,0,0,"- ","- ",36.297510000000003,-119.17196,TULARE,UNINCORPORATED,-119.17197,36.297548999999997
6518486,2014,2014-08-07,9481,2014-05-30,1845,019162,,5,2,9,5400,0,3,5,,2,050,"TEAPOT DOME AV","ROAD 248",1056.00,E,N,A,-,N,,,,,,,,,,Y,4,0,1,1,A,-,08,22107,,N,E,I,A,A,H,-,A,D,0,,,,,Y,,A,01,0,0,1,0,0,0,0,0,0,"- ","- ",36.022309999999997,-119.01475000000001,TULARE,UNINCORPORATED,-119.01404343999999,36.02222201
6518609,2014,2014-08-07,5406,2014-05-12,0943,68,5406,1,5,4,5406,0,0,0,,0,0ES,"SOUTH K ST","MARTIN LUTHER KING",23.00,N,N,A,-,N,,,,,,,,,,N,4,0,1,2,A,-,09,21801,A,N,B,G,A,A,H,-,A,A,0,,Y,,,Y,,A,01,0,0,1,0,0,0,1,0,0,"- ","- ",,,TULARE,TULARE,-119.34471406999999,36.201652080000002
6527716,2014,2014-07-17,9480,2014-04-02,1325,17108,,3,1,9,5400,0,3,5,,2,004,"MINERAL KING AV","ROAD 156",1584.00,W,N,A,-,N,,,,,,,,,,Y,3,0,1,2,A,-,09,21801,A,N,E,I,A,A,H,-,A,D,0,,,,,Y,,A,07,0,1,0,0,0,0,0,0,0,"- ","- ",,,TULARE,UNINCORPORATED,-119.23014075,36.327163089999999
6528404,2014,2016-04-12,9480,2014-06-20,1753,018403,,5,2,9,5400,0,1,3,,2,095,"RT 99","AVE 128",200.00,N,N,A,-,Y,TUL,6,99,-,-,16.440,H,-,N,Y,3,0,2,2,A,-,03,22350,,N,C,C,A,A,H,-,A,D,1,,,,,Y,,A,01,0,1,1,0,0,0,0,0,0,"- ","- ",36.022579999999998,-119.3056,TULARE,UNINCORPORATED,-119.3057429,36.022838069999999
6528440,2014,2014-08-13,9480,2014-06-09,1355,015047,,1,1,9,5400,0,3,5,,2,001,"AVE 408","RD 56",0.00,,Y,A,-,N,,,,,,,,,,Y,3,0,4,3,A,-,09,21802,A,N,D,C,A,A,H,-,A,A,0,,,,Y,Y,,A,07,0,2,2,0,0,0,0,0,0,"- ","- ",36.531579999999998,-119.44875,TULARE,UNINCORPORATED,-119.44863995999999,36.531860109999997
6529061,2014,2014-08-22,9480,2014-06-11,0430,19186,,3,3,9,5400,0,3,5,,2,004,"AVE 344","ROAD 164",0.00,,Y,A,-,N,,,,,,,,,,N,4,0,1,2,A,-,09,21802,A,N,D,C,A,A,H,-,D,A,0,,,,,Y,,A,01,0,0,1,0,0,0,0,0,0,"- ","- ",36.413939999999997,-119.20648,TULARE,UNINCORPORATED,-119.2063899,36.41388001
6529103,2014,2014-08-09,9480,2014-06-06,1505,16615,,5,2,9,5400,0,3,5,,2,005,"AVE 80","ROAD 136",0.00,,Y,A,-,N,,,,,,,,,,Y,3,0,3,2,A,-,12,22450,A,F,D,C,A,A,H,-,A,A,0,,,,,Y,,A,01,0,2,1,0,0,0,0,0,0,"- ","- ",35.935299999999998,-119.26824999999999,TULARE,UNINCORPORATED,-119.26824994,35.935300030000001
6529807,2014,2016-04-08,9481,2014-06-17,1410,014265,,2,2,9,5400,0,1,3,,1,012,"RT 65","AVENUE 208",0.00,,Y,A,-,Y,TUL,6,65,-,-,26.731,H,-,N,Y,2,0,3,2,A,-,09,21802,A,N,D,C,A,A,H,-,A,A,0,,,,,Y,,A,01,1,0,2,0,0,0,0,0,0,"- ","- ",36.152729999999998,-119.07574,TULARE,UNINCORPORATED,-119.08296908,36.167273860000002
6532118,2014,2014-08-20,9480,2014-06-27,0830,16210,,5,1,9,5400,0,3,5,,2,001,"DIAGONAL 24","WARD DR",0.00,,Y,A,-,N,,,,,,,,,,Y,3,0,1,2,A,-,09,21804,A,N,D,C,A,A,H,-,A,D,0,,,,,Y,,D,22,0,1,0,0,0,0,0,0,0,"- ","- ",,,TULARE,UNINCORPORATED,-119.52390993,36.492880049999997
6532119,2014,2016-05-11,9480,2014-07-01,0820,16046,,2,1,9,5400,0,1,3,,1,021,"RT 63","AVE 408",15.00,S,N,A,-,Y,TUL,6,63,-,-,22.560,H,-,N,Y,4,0,1,2,A,-,03,22350,,N,C,C,A,A,H,-,A,A,0,,,,,Y,,D,22,0,0,1,0,0,0,0,0,0,"- ","- ",36.53002,-119.28679,TULARE,UNINCORPORATED,-119.28686784,36.530133429999999
6532120,2014,2016-04-12,9480,2014-06-30,2252,017252,,1,3,9,5400,0,1,3,,2,095,"RT 99","AVENUE 48",125.00,N,N,A,-,Y,TUL,6,99,-,-,6.170,H,-,N,Y,3,0,2,1,A,-,08,22107,,N,F,A,A,A,H,-,C,D,1,,,,,Y,,D,22,0,2,0,0,0,0,0,0,0,"- ","- ",35.881830000000001,-119.27171,TULARE,UNINCORPORATED,-119.27046329,35.877707270000002
6533633,2014,2014-08-12,5405,2014-06-18,1645,186,,3,5,4,5405,0,0,0,,0,003,"PLANO ST","GARDEN AV",72.00,S,N,A,-,N,,,,,,,,,,Y,3,0,1,2,A,-,08,22107,,N,C,E,A,A,H,-,A,A,0,,,,,Y,,A,01,0,1,0,0,0,0,0,0,0,"- ","- ",,,TULARE,PORTERVILLE,-119.00837509,36.066674519999999
6533673,2014,2014-08-12,5405,2014-06-14,1731,106,,6,5,4,5405,0,0,0,,0,,"PIONEER AV","PROSPECT ST",0.00,,Y,A,-,N,,,,,,,,,,Y,3,0,1,2,A,-,12,22450,A,N,D,C,A,A,H,-,A,A,0,,,,,Y,,-,,0,1,0,0,0,0,0,0,0,"- ","- ",,,TULARE,PORTERVILLE,-119.04423005,36.091140119999999
6534487,2014,2014-07-29,5407,2014-05-02,0549,A107,480,5,5,5,5407,0,0,0,,0,034,GIDDINGS,VASSAR,30.00,N,N,A,-,N,,,,,,,,,,Y,4,0,1,4,A,-,01,23152,A,N,B,E,A,A,H,-,B,D,0,,,,,Y,,A,07,0,0,1,0,0,0,0,0,0,"- ","- ",,,TULARE,VISALIA,-119.30536092,36.31391232
6534528,2014,2014-07-29,5407,2014-05-24,1455,C03,480,6,5,5,5407,0,0,0,,0,025,"MINERAL KING AV",CONYER,0.00,,Y,A,-,N,,,,,,,,,,Y,4,0,1,2,A,-,12,21453,A,F,D,C,A,A,H,-,A,A,0,,,,,Y,,A,01,0,0,1,0,0,0,0,0,0,"- ","- ",,,TULARE,VISALIA,-119.30106999,36.327370090000002
6534532,2014,2014-07-29,5407,2014-05-19,1741,M234,480,1,5,5,5407,0,0,0,,0,012,DANS,RIALTO,0.00,,Y,A,-,N,,,,,,,,,,Y,4,0,2,2,A,-,01,23152,F,N,B,C,A,A,H,-,A,A,0,,,,,Y,,A,01,0,0,2,0,0,0,0,0,0,"- ","- ",,,TULARE,VISALIA,-119.3258799,36.293900039999997
6534535,2014,2014-07-29,5407,2014-05-19,1624,M234,480,1,5,5,5407,0,0,0,,0,025,CENTER,LOCUST,0.00,,Y,A,-,N,,,,,,,,,,Y,4,0,2,3,A,-,12,21453,A,N,D,C,A,A,H,-,A,A,0,,,,,Y,,A,,0,0,2,0,0,0,0,0,0,"- ","- ",,,TULARE,VISALIA,-119.29344992,36.331050009999998
6534536,2014,2014-07-29,5407,2014-05-19,1517,M160,480,1,5,5,5407,0,0,0,,0,033,GIDDINGS,IRIS,15.00,S,N,A,-,N,,,,,,,,,,N,4,0,1,2,A,-,11,21954,A,N,G,B,D,A,H,-,A,A,0,Y,,,,Y,,N,60,0,0,1,0,1,0,0,0,0,"- ","- ",,,TULARE,VISALIA,-119.30540000000001,36.319228840000001
6534543,2014,2014-07-29,5407,2014-05-14,1827,K194,480,3,5,5,5407,0,0,0,,0,012,"COUNTY CENTER","VISALIA PKWY",60.00,N,N,A,-,N,,,,,,,,,,Y,3,0,1,2,A,-,05,21650,,N,A,C,A,A,H,-,A,D,0,,,,,Y,,A,,0,1,0,0,0,0,0,0,0,"- ","- ",,,TULARE,VISALIA,-119.32239893000001,36.291556929999999
6534556,2014,2016-04-08,5407,2014-05-04,2310,A223,480,7,5,5,5407,0,0,0,,0,025,"RT 63",PEARL,189.00,N,N,A,-,Y,TUL,6,63,-,R,8.900,H,-,N,Y,4,0,1,4,A,-,05,21650,,N,B,E,-,A,H,-,C,D,0,Y,,,,Y,,A,,0,0,1,0,1,0,0,0,0,"- ","- ",,,TULARE,VISALIA,-119.29387008,36.339269780000002
6534560,2014,2014-08-04,5407,2014-05-03,1107,M218,480,6,5,5,5407,0,0,0,,0,026,"BEN MADDOX","BUENNA VISTA",21.00,N,N,A,-,N,,,,,,,,,,Y,4,0,1,2,A,-,17,22109,,N,C,C,A,A,H,-,A,A,0,,,,,Y,,A,01,0,0,1,0,0,0,0,0,0,"- ","- ",,,TULARE,VISALIA,-119.27885067,36.34568762
6536828,2014,2016-04-08,9480,2014-06-16,1050,013821,,1,1,9,5400,0,1,3,,1,064,"RT 198","AKERS RD",300.00,E,N,A,-,Y,TUL,6,198,-,-,6.840,H,-,E,Y,3,0,3,4,A,-,03,22350,,N,C,C,A,A,H,-,A,D,1,,,,,Y,,D,22,0,1,2,0,0,0,0,0,0,"- ","- ",,,TULARE,UNINCORPORATED,-119.34826626,36.327306649999997
6537305,2014,2014-08-20,9480,2014-06-16,1250,013821,,1,1,9,5400,0,3,5,,2,001,"RD 64","AVE 424",0.00,,Y,A,-,N,,,,,,,,,,Y,4,0,1,2,A,-,09,21801,A,N,D,C,A,A,H,-,A,A,0,,,,,Y,,A,01,0,0,1,0,0,0,0,0,0,"- ","- ",,,TULARE,UNINCORPORATED,-119.43034994,36.560690049999998
6539655,2014,2014-08-08,5405,2014-06-12,1820,107,,4,5,4,5405,0,0,0,,0,001,"WESTFIELD AV","MAIN ST",20.00,W,N,A,-,N,,,,,,,,,,N,4,0,2,2,A,-,03,22350,,N,C,C,A,A,H,-,A,A,0,,,,,Y,,D,22,0,0,2,0,0,0,0,0,0,"- ","- ",,,TULARE,PORTERVILLE,-119.02660136999999,36.087566989999999
6539659,2014,2014-08-19,5405,2014-06-17,1210,186,,2,5,4,5405,0,0,0,,0,001,"HENDERSON AV","INDIANA ST",10.00,W,N,A,-,N,,,,,,,,,,N,4,0,1,2,A,-,08,22107,,N,B,C,A,A,H,-,A,A,0,,,,Y,Y,,-,"- ",0,0,1,0,0,0,0,0,0,"- ","- ",,,TULARE,PORTERVILLE,-119.034972,36.080501169999998
6541591,2014,2014-09-03,9481,2014-07-25,0808,018707,,5,1,9,5400,0,2,4,,1,031,"AVENUE 152","ROAD 192",2112.00,E,N,A,-,N,,,,,,,,,,Y,3,0,2,1,A,-,08,22107,,N,E,I,A,A,H,-,A,D,0,,,,,Y,,D,22,0,2,0,0,0,0,0,0,0,"- ","- ",36.065930000000002,-119.13596,TULARE,UNINCORPORATED,-119.13602220999999,36.065854119999997
6541603,2014,2014-09-03,9481,2014-07-18,1635,018853,,5,2,9,5400,0,3,5,,2,050,"S CONNER ST","TYLER AV",465.00,S,N,A,-,N,,,,,,,,,,N,3,0,2,2,A,-,05,21650,,N,A,C,A,A,H,-,A,D,0,,,Y,,Y,,C,06,0,1,1,0,0,0,0,0,1,"- ","- ",36.058639999999997,-118.98618,TULARE,UNINCORPORATED,-118.98611,36.058524220000002
6543847,2014,2016-04-12,9480,2014-06-29,1715,017252,,7,2,9,5400,0,1,3,,1,020,"RT 201","ROAD 104",0.00,,Y,A,-,Y,TUL,6,201,-,-,10.980,I,5,E,Y,3,0,2,2,A,-,01,23152,A,F,C,C,A,A,H,-,A,A,0,,,,,Y,Y,D,22,0,1,1,0,0,0,0,0,0,"- ","- ",36.516269999999999,-119.34050000000001,TULARE,UNINCORPORATED,-119.34055748999999,36.516287380000001
6543850,2014,2014-08-12,9480,2014-06-24,0808,012251,,2,1,9,5400,0,3,5,,2,006,"ROAD 140","AVENUE 280",1233.00,S,N,A,-,N,,,,,,,,,,Y,3,0,2,3,A,-,08,22107,,N,B,C,A,A,H,-,A,D,0,,,,,Y,,A,01,0,1,1,0,0,0,0,0,0,"- ","- ",,,TULARE,UNINCORPORATED,-119.26087618,36.294865129999998
6544704,2014,2016-04-08,9480,2014-06-14,1700,19846,,6,2,5,5407,0,1,3,,1,064,"RT 198",LINWOOD,1565.00,W,N,A,-,Y,TUL,6,198,-,-,6.950,H,-,W,Y,2,0,1,2,A,-,03,22350,,N,C,C,A,A,H,-,A,D,1,,,Y,,Y,,C,02,1,0,0,0,0,0,0,0,1,"- ","- ",36.327390000000001,-119.34743,TULARE,VISALIA,-119.34629279000001,36.327361009999997
6547646,2014,2014-08-28,5405,2014-07-09,0640,105,,3,5,4,5405,0,0,0,,0,004,"JAYE ST","OLIVE AV",64.00,S,N,A,-,N,,,,,,,,,,Y,3,0,1,2,A,-,03,22350,,N,C,C,A,A,H,-,A,A,0,,,,,Y,,-,,0,1,0,0,0,0,0,0,0,"- ","- ",,,TULARE,PORTERVILLE,-119.02606,36.065800000000003
6548798,2014,2014-08-29,9480,2014-07-01,1940,19186,,2,2,9,5400,0,3,5,,2,006,"RD 140","AVE 164",528.00,S,N,A,-,N,,,,,,,,,,N,2,0,1,2,A,-,08,22107,,N,B,G,A,A,H,-,A,D,0,,Y,,,Y,,D,22,1,0,0,0,0,0,1,0,0,"- ","- ",36.269640000000003,-119.26089,TULARE,UNINCORPORATED,-119.26074921999999,36.26963344
6549428,2014,2014-08-21,9480,2014-07-03,0700,013914,,4,1,9,5400,0,3,5,,2,006,"AVENUE 256","ROAD 188",2640.00,W,N,A,-,N,,,,,,,,,,N,3,0,1,1,C,-,18,,,N,H,H,A,A,H,-,A,D,0,,,Y,,Y,,-,"- ",0,1,0,0,0,0,0,0,1,"- ","- ",36.253869999999999,-119.16142000000001,TULARE,UNINCORPORATED,-119.16317348,36.253819759999999
6549432,2014,2014-08-21,9480,2014-07-03,1125,016615,,4,1,9,5400,0,3,5,,2,003,"AVE 232",ENTERPRISE,2112.00,W,N,A,-,N,,,,,,,,,,Y,4,0,1,1,A,-,08,22107,,N,E,I,A,A,H,-,A,D,0,,,,,Y,,A,01,0,0,1,0,0,0,0,0,0,"- ","- ",36.210760000000001,-119.39207,TULARE,UNINCORPORATED,-119.39207196,36.210729720000003
6549605,2014,2014-08-20,9481,2014-07-07,1955,018657,,1,2,9,5400,0,2,4,,1,035,"RICHGROVE DR","RD 229",1584.00,S,N,A,-,N,,,,,,,,,,Y,4,0,1,1,A,-,08,22107,,N,F,A,A,A,H,-,B,D,0,,,,,Y,,A,01,0,0,1,0,0,0,0,0,0,"- ","- ",35.852229999999999,-119.06419,TULARE,UNINCORPORATED,-119.06510236,35.851880280000003
6553841,2014,2016-05-11,9480,2014-07-05,0730,017108,,6,1,9,5400,0,1,3,,1,051,"RT 43","AVE 144",0.00,,Y,A,-,Y,TUL,6,43,-,R,20.586,I,5,S,Y,4,0,2,2,A,-,09,21802,A,N,D,C,A,A,H,-,A,A,0,,,,,Y,,A,01,0,0,2,0,0,0,0,0,0,"- ","- ",,,TULARE,UNINCORPORATED,-119.52170357999999,36.05079499
6553845,2014,2016-05-13,9480,2014-07-05,1716,018403,,6,2,9,5400,0,1,3,,2,095,"RT 99","RD 124",3168.00,N,N,A,-,Y,TUL,6,99,-,-,12.900,H,-,N,Y,3,0,1,1,A,-,01,23152,A,N,E,I,A,A,H,-,A,D,1,,,,,Y,Y,A,01,0,1,0,0,0,0,0,0,0,"- ","- ",35.985639999999997,-119.29731,TULARE,UNINCORPORATED,-119.29290709,35.97283067
6553849,2014,2016-05-13,9480,2014-07-05,1752,019846,,6,2,9,5400,0,1,3,,2,093,"RT 99","AVE 256",1584.00,N,N,A,-,Y,TUL,6,99,-,-,33.449,R,2,N,Y,4,0,1,1,A,-,01,23152,A,N,F,A,A,A,H,-,A,D,1,,,Y,,Y,Y,C,02,0,0,1,0,0,0,0,0,1,"- ","- ",36.258499999999998,-119.35914,TULARE,UNINCORPORATED,-119.36009592000001,36.260091099999997
6556825,2014,2014-08-16,5407,2014-06-30,1957,M234,480,1,5,5,5407,0,0,0,,0,033,NOBLE,WILLIS,0.00,,Y,A,-,N,,,,,,,,,,Y,4,0,1,2,A,-,12,21453,A,N,C,C,A,A,H,-,A,A,0,,,,,Y,,A,01,0,0,1,0,0,0,0,0,0,"- ","- ",,,TULARE,VISALIA,-119.29770988,36.326430029999997
6556828,2014,2014-08-16,5407,2014-06-27,1240,186,480,5,5,5,5407,0,0,0,,0,033,"COURT ST",CYPRESS,128.00,S,N,A,-,N,,,,,,,,,,N,4,0,1,2,A,-,03,22350,,N,C,C,A,A,H,-,A,A,0,,,,,Y,,A,01,0,0,1,0,0,0,0,0,0,"- ","- ",,,TULARE,VISALIA,-119.29225953,36.323758750000003
6556829,2014,2014-08-21,5407,2014-06-26,1723,M234,480,4,5,5,5407,0,0,0,,0,033,GIDDINGS,LAUREL,0.00,,Y,A,-,N,,,,,,,,,,Y,3,0,4,2,A,-,12,22450,A,N,D,C,A,A,H,-,A,A,0,,,,,Y,,A,07,0,3,1,0,0,0,0,0,0,"- ","- ",,,TULARE,VISALIA,-119.30540990999999,36.321130089999997
6556836,2014,2014-08-20,5407,2014-06-19,0827,M218,480,4,5,5,5407,0,0,0,,0,025,ACEQUIA,LOCUST,0.00,,Y,A,-,N,,,,,,,,,,Y,3,0,1,2,A,-,08,22107,,N,C,E,E,A,H,-,A,A,0,Y,,,,Y,,A,07,0,1,0,0,1,0,0,0,0,"- ","- ",,,TULARE,VISALIA,-119.29343989,36.329250090000002
6556838,2014,2014-08-16,5407,2014-06-06,1459,M218,480,5,5,5,5407,0,0,0,,0,025,MURRAY,JACOB,0.00,,Y,A,-,N,,,,,,,,,,Y,4,0,2,2,A,-,12,21453,A,N,D,C,A,A,H,-,A,A,0,,,,,Y,,A,01,0,0,2,0,0,0,0,0,0,"- ","- ",,,TULARE,VISALIA,-119.30223999,36.333740059999997
6556839,2014,2016-04-08,5407,2014-06-14,1405,M222,480,6,5,5,5407,0,0,0,,0,012,"RT 63",ORCHARD,51.00,N,N,A,-,Y,TUL,6,63,-,-,6.150,H,-,S,N,4,0,1,2,A,-,03,22350,,N,C,C,A,A,H,-,A,A,0,,,,,Y,,A,01,0,0,1,0,0,0,0,0,0,"- ","- ",,,TULARE,VISALIA,-119.313807,36.30053315
6556840,2014,2014-08-16,5407,2014-06-13,1838,K194,480,5,5,5,5407,0,0,0,,0,034,WHITEDALE,MARTIN,0.00,,Y,A,-,N,,,,,,,,,,Y,3,0,2,3,A,-,09,21801,A,N,A,C,A,A,H,-,A,D,0,,,,,Y,,A,,0,1,1,0,0,0,0,0,0,"- ","- ",,,TULARE,VISALIA,-119.30598000000001,36.305694000000003
6556844,2014,2014-08-15,5407,2014-06-06,1459,M243,480,5,5,5,5407,0,0,0,,0,012,WALNUT,AKERS,0.00,,Y,A,-,N,,,,,,,,,,N,3,0,1,2,A,-,09,21453,C,N,D,C,A,A,D,-,A,A,0,,,Y,,Y,,A,08,0,1,0,0,0,0,0,0,1,"- ","- ",,,TULARE,VISALIA,-119.3496299,36.312760109999999
6556846,2014,2014-08-15,5407,2014-06-05,0830,M203,480,4,5,5,5407,0,0,0,,0,011,NICHOLAS,CENTURY,182.00,E,N,A,-,N,,,,,,,,,,N,3,0,1,1,A,-,05,21650,,N,E,I,A,A,H,-,A,A,0,,,Y,,Y,,C,02,0,1,0,0,0,0,0,0,1,"- ","- ",,,TULARE,VISALIA,-119.39727266,36.336640010000004
6556847,2014,2014-08-15,5407,2014-06-04,1224,186,480,3,5,5,5407,0,0,0,,0,026,"BEN MADDOX",DOUGLAS,0.00,,Y,A,-,N,,,,,,,,,,Y,4,0,2,2,A,-,09,21801,A,N,A,C,A,A,H,-,A,A,0,,,,,Y,,A,01,0,0,2,0,0,0,0,0,0,"- ","- ",,,TULARE,VISALIA,-119.27881991,36.338220100000001
6556850,2014,2016-04-08,5407,2014-06-01,2124,A14,480,7,5,5,5407,0,0,0,,0,033,"RT 63",FEEMSTER,350.00,S,N,A,-,Y,TUL,6,63,-,-,7.280,H,-,N,N,3,0,1,2,A,-,05,21650,1,N,A,G,A,A,H,-,C,D,0,,Y,,,Y,,L,04,0,1,0,0,0,0,1,0,0,"- ","- ",,,TULARE,VISALIA,-119.31383279000001,36.316793910000001
6558107,2014,2015-03-26,5403,2014-05-30,2500,840,,5,5,2,5403,0,0,0,,0,,"WEST FRESNO ST","SOUTH VENTURA AV",15.00,E,N,A,-,N,,,,,,,,,,Y,4,0,1,1,A,-,08,22107,,N,E,I,A,A,H,-,C,D,0,,,,,Y,,A,01,0,0,1,0,0,0,0,0,0,"- ","- ",,,TULARE,FARMERSVILLE,-119.21164917,36.292399150000001
6558917,2014,2014-08-21,9420,2014-07-01,1600,019206,,2,2,9,5400,0,3,5,,2,020,"MOUNTAIN RD 99","LIMESTONE CAMPGROUND",2640.00,N,N,A,-,N,,,,,,,,,,N,2,0,1,1,A,-,08,22107,,N,F,A,A,A,H,-,A,D,0,,,Y,,Y,,C,02,1,0,0,0,0,0,0,0,1,"- ","- ",35.946869999999997,-118.47673,TULARE,UNINCORPORATED,-118.47693622,35.946784489999999
6564910,2014,2014-09-09,9480,2014-08-13,2133,17291,,3,2,9,5400,0,3,5,,2,006,"AVENUE 224","ROAD 140",3168.00,W,N,A,-,N,,,,,,,,,,Y,4,0,2,2,A,-,08,22107,,N,D,C,A,A,H,-,D,D,0,,,,,Y,,D,22,0,0,2,0,0,0,0,0,0,"- ","- ",36.196370000000002,-119.27209999999999,TULARE,UNINCORPORATED,-119.27081551000001,36.196416409999998
6565259,2014,2014-08-25,9480,2014-07-05,1100,013914,,6,1,9,5400,0,3,5,,2,004,"DRIVE 243","RT 216",76560.00,N,N,A,-,N,,,,,,,,,,N,3,0,1,1,A,-,08,22107,,N,E,I,A,A,H,-,A,D,0,,Y,,,Y,,L,04,0,1,0,0,0,0,1,0,0,"- ","- ",36.580199999999998,-119.01196,TULARE,UNINCORPORATED,-119.01189476,36.580180550000001
6567010,2014,2016-05-13,9480,2014-07-16,1505,016210,,3,2,9,5400,0,1,3,,2,091,"RT 99","BETTY DR",5280.00,N,N,A,-,Y,TUL,6,99,-,-,41.790,H,-,S,Y,3,0,1,1,A,-,08,22107,,N,E,I,A,A,D,H,A,D,1,,,,,Y,,A,07,0,1,0,0,0,0,0,0,0,"- ","- ",36.36401,-119.43035999999999,TULARE,UNINCORPORATED,-119.43069564,36.364991089999997
6567022,2014,2016-05-16,9480,2014-07-18,0053,018403,,5,3,5,5407,0,1,3,,1,064,"RT 198","WOODLAND AV",100.00,W,N,A,-,Y,TUL,6,198,-,R,8.490,H,-,W,Y,3,0,1,1,A,-,01,23152,A,N,F,A,A,A,H,-,C,D,1,,,,,Y,Y,A,01,0,1,0,0,0,0,0,0,0,"- ","- ",36.327390000000001,-119.31638,TULARE,VISALIA,-119.31875526,36.327344220000001
6569540,2014,2016-02-17,9481,2014-07-19,1145,18815,,6,1,9,5400,0,2,4,,2,013,"ROAD 192","AVENUE 152",528.00,N,N,A,-,N,,,,,,,,,,Y,4,0,2,2,A,-,09,21801,A,N,B,C,A,A,H,-,A,D,0,,,,,Y,,A,07,0,0,2,0,0,0,0,0,0,"- ","- ",36.068269999999998,-119.14321,TULARE,UNINCORPORATED,-119.14315929,36.067318800000002
6569541,2014,2014-08-29,9481,2014-07-16,0900,018707,,3,1,9,5400,0,3,5,,2,030,"ROAD 208","AVENUE 128",2112.00,N,N,A,-,N,,,,,,,,,,Y,3,0,1,2,A,-,09,21804,A,N,D,C,A,A,H,-,A,D,0,,,,,Y,,M,46,0,1,0,0,0,0,0,0,0,"- ","- ",36.028149999999997,-119.10753,TULARE,UNINCORPORATED,-119.10746003,36.028085079999997