CASE_ID,ACCIDENT_YEAR,PROC_DATE,JURIS,COLLISION_DATE,COLLISION_TIME,OFFICER_ID,REPORTING_DISTRICT,DAY_OF_WEEK,CHP_SHIFT,POPULATION,CNTY_CITY_LOC,SPECIAL_COND,BEAT_TYPE,CHP_BEAT_TYPE,CITY_DIVISION_LAPD,CHP_BEAT_CLASS,BEAT_NUMBER,PRIMARY_RD,SECONDARY_RD,DISTANCE,DIRECTION,INTERSECTION,WEATHER_1,WEATHER_2,STATE_HWY_IND,CALTRANS_COUNTY,CALTRANS_DISTRICT,STATE_ROUTE,ROUTE_SUFFIX,POSTMILE_PREFIX,POSTMILE,LOCATION_TYPE,RAMP_INTERSECTION,SIDE_OF_HWY,TOW_AWAY,COLLISION_SEVERITY,NUMBER_KILLED,NUMBER_INJURED,PARTY_COUNT,PRIMARY_COLL_FACTOR,PCF_CODE_OF_VIOL,PCF_VIOL_CATEGORY,PCF_VIOLATION,PCF_VIOL_SUBSECTION,HIT_AND_RUN,TYPE_OF_COLLISION,MVIW,PED_ACTION,ROAD_SURFACE,ROAD_COND_1,ROAD_COND_2,LIGHTING,CONTROL_DEVICE,CHP_ROAD_TYPE,PEDESTRIAN_ACCIDENT,BICYCLE_ACCIDENT,MOTORCYCLE_ACCIDENT,TRUCK_ACCIDENT,NOT_PRIVATE_PROPERTY,ALCOHOL_INVOLVED,STWD_VEHTYPE_AT_FAULT,CHP_VEHTYPE_AT_FAULT,COUNT_SEVERE_INJ,COUNT_VISIBLE_INJ,COUNT_COMPLAINT_PAIN,COUNT_PED_KILLED,COUNT_PED_INJURED,COUNT_BICYCLIST_KILLED,COUNT_BICYCLIST_INJURED,COUNT_MC_KILLED,COUNT_MC_INJURED,PRIMARY_RAMP,SECONDARY_RAMP,LATITUDE,LONGITUDE,COUNTY,CITY,POINT_X,POINT_Y
6742528,2014,2015-01-26,5406,2014-11-20,1713,81,5406,4,5,4,5406,0,0,0,,0,0AO,INYO,"I ST",0.00,,Y,A,-,N,,,,,,,,,,Y,3,0,1,2,A,-,09,21800,A,N,D,C,A,A,H,-,C,D,0,,,,,Y,,D,22,0,1,0,0,0,0,0,0,0,"- ","- ",,,TULARE,TULARE,-119.34861986999999,36.205010010000002
6742560,2014,2015-01-06,5406,2014-10-05,2142,35,5406,7,5,4,5406,0,0,0,,0,0ES,"RT 137",MORRISON,0.00,,Y,A,-,Y,,,,,,,,,,Y,3,0,1,2,A,-,12,22450,A,N,D,C,A,A,H,-,C,A,0,,,,,Y,Y,A,01,0,1,0,0,0,0,0,0,0,"- ","- ",,,TULARE,TULARE,,
6745525,2014,2015-01-20,9480,2014-11-20,1740,018742,,4,2,9,5400,0,1,3,,1,040,"RT 216","RD 158",0.00,,Y,B,-,Y,,,216,,,,,,,Y,3,0,4,2,A,-,09,21802,A,N,D,C,A,A,H,-,D,A,0,,,,,Y,,A,01,0,1,3,0,0,0,0,0,0,"- ","- ",36.349080000000001,-119.22051,TULARE,UNINCORPORATED,-119.22050837,36.34911417
6745527,2014,2015-01-20,9480,2014-11-22,1928,017778,,6,2,9,5400,0,3,5,,2,006,"RD 156","NOBLE AV",1056.00,S,N,A,-,N,,,,,,,,,,Y,3,0,2,5,A,-,01,23152,A,N,C,C,A,A,H,-,D,D,0,,,,,Y,Y,A,01,0,1,1,0,0,0,0,0,0,"- ","- ",36.319699999999997,-119.22463999999999,TULARE,UNINCORPORATED,-119.22463729,36.323142490000002
6745529,2014,2015-01-20,9480,2014-11-14,0845,013656,,5,1,9,5400,0,3,5,,2,006,"RD 100","AVE 272",0.00,,Y,E,-,N,,,,,,,,,,Y,3,0,1,2,A,-,12,22450,A,N,D,C,A,A,H,-,A,A,0,,,,,Y,,A,01,0,1,0,0,0,0,0,0,0,"- ","- ",36.283299999999997,-119.34936,TULARE,UNINCORPORATED,-119.34928993,36.283710059999997
6746571,2014,2015-01-28,5407,2014-11-12,1512,M222,480,3,5,5,5407,0,0,0,,0,033,EDISON,KAWEAH,0.00,,Y,A,-,N,,,,,,,,,,Y,3,0,1,2,A,-,05,21650,,N,D,E,A,A,H,-,A,A,0,,,,Y,Y,,A,01,0,1,0,0,0,0,0,0,0,"- ","- ",,,TULARE,VISALIA,-119.28095988,36.325500079999998
6746707,2014,2015-07-09,5407,2014-11-21,2224,A266,480,5,5,5,5407,0,0,0,,0,012,"WALNUT AV","CHINOWTH ST",0.00,,Y,A,-,N,,,,,,,,,,Y,4,0,2,2,A,-,09,21801,A,N,D,C,A,A,H,-,C,A,0,,,,,Y,,A,07,0,0,2,0,0,0,0,0,0,"- ","- ",,,TULARE,VISALIA,-119.33615997,36.312800109999998
6746867,2014,2015-01-22,5407,2014-11-27,2123,M234,480,4,5,5,5407,0,0,0,,0,026,HOUSTON,"SANTA FE",0.00,,Y,A,-,N,,,,,,,,,,N,3,0,1,2,A,-,10,21950,A,N,G,B,B,A,H,-,C,D,0,Y,,,,Y,Y,A,,0,1,0,0,1,0,0,0,0,"- ","- ",,,TULARE,VISALIA,-119.28776995,36.341610109999998
6746871,2014,2015-01-29,5407,2014-11-26,2022,A254,480,3,5,5,5407,0,0,0,,0,025,STEWART,LEILA,0.00,,Y,A,-,N,,,,,,,,,,Y,4,0,1,2,A,-,09,21800,A,N,B,C,A,A,H,-,C,D,0,,,,,Y,,-,"- ",0,0,1,0,0,0,0,0,0,"- ","- ",,,TULARE,VISALIA,-119.32825990000001,36.34054004
6746879,2014,2015-01-22,5407,2014-11-20,1436,M243,480,4,5,5,5407,0,0,0,,0,,GIDDINGS,WALNUT,0.00,,Y,A,-,N,,,,,,,,,,Y,4,0,2,2,A,-,09,21801,A,N,D,C,A,A,H,-,A,A,0,,,,,Y,,A,01,0,0,2,0,0,0,0,0,0,"- ","- ",,,TULARE,VISALIA,-119.30535988,36.312910049999999
6746935,2014,2015-01-23,5407,2014-11-04,1855,A66,480,2,5,5,5407,0,0,0,,0,026,"SANTA FE",RACE,3.00,N,N,A,-,N,,,,,,,,,,N,3,0,1,2,A,-,11,21950,B,N,G,B,D,A,H,-,D,D,0,Y,,,,Y,,N,,0,1,0,0,1,0,0,0,0,"- ","- ",,,TULARE,VISALIA,-119.2879099,36.33536823
6746944,2014,2015-01-23,5407,2014-11-26,1009,M33,480,3,5,5,5407,0,0,0,,0,012,FEEMSTER,CROWE,150.00,E,N,A,-,N,,,,,,,,,,Y,4,0,1,2,A,-,09,21804,,N,D,C,A,A,H,-,A,D,0,,,,,Y,,A,01,0,0,1,0,0,0,0,0,0,"- ","- ",,,TULARE,VISALIA,-119.31560136,36.31770238
6746952,2014,2015-01-26,5407,2014-11-19,1610,M218,480,3,5,5,5407,0,0,0,,0,011,PLAZA,GOSHEN,504.00,N,N,B,-,N,,,,,,,,,,Y,4,0,1,1,A,-,05,21650,,N,D,I,A,B,H,-,A,A,0,,,,,Y,,A,01,0,0,1,0,0,0,0,0,0,"- ","- ",,,TULARE,VISALIA,-119.39455748,36.343400680000002
6747811,2014,2015-02-04,9480,2014-12-01,1028,016723,,1,1,9,5400,0,1,3,,2,091,"RT 99","DAVIS AV",5280.00,N,N,A,-,Y,,,99,,,,,,,Y,3,0,1,3,A,-,03,22350,,N,C,C,A,A,D,-,A,D,0,,,,,Y,,A,01,0,1,0,0,0,0,0,0,0,"- ","- ",36.49736,-119.53247,TULARE,UNINCORPORATED,-119.53244666000001,36.497414079999999
6747819,2014,2015-01-22,9480,2014-11-26,1100,019258,,3,1,9,5400,0,1,3,,2,093,"RT 99","AVE 164",20.00,S,N,A,-,Y,,,99,,,,,,,Y,3,0,1,1,A,-,08,22107,,N,E,I,A,A,H,-,A,D,0,,,,,Y,,D,22,0,1,0,0,0,0,0,0,0,"- ","- ",36.266860000000001,-119.36376,TULARE,UNINCORPORATED,-119.36383567,36.266791820000002
6748168,2014,2015-02-03,9480,2014-12-15,1153,16046,,1,1,9,5400,0,3,5,,2,004,"AV 328","RD 152",528.00,W,N,B,-,N,,,,,,,,,,Y,3,0,1,1,A,-,08,22107,,N,E,I,A,A,H,-,A,D,0,,,,,Y,,A,01,0,1,0,0,0,0,0,0,0,"- ","- ",36.237000000000002,-119.1468,TULARE,UNINCORPORATED,-119.2356217,36.385250360000001
6748239,2014,2015-02-03,9480,2014-12-03,0544,016723,,3,3,9,5400,0,3,5,,2,001,"RD 36","RT 201",0.00,,Y,A,-,Y,,,,,,,,,,Y,4,0,2,2,A,-,09,21802,A,N,D,C,A,A,H,-,A,A,0,,,,,Y,,A,01,0,0,2,0,0,0,0,0,0,"- ","- ",36.517449999999997,-119.49365,TULARE,UNINCORPORATED,,
6748956,2014,2015-02-03,5405,2014-12-09,1545,154,,2,5,4,5405,0,0,0,,0,001,"HENDERSON AV","NEWCOMB AV",446.00,E,N,A,-,N,,,,,,,,,,Y,4,0,1,3,A,-,03,22350,,N,C,C,A,A,H,-,A,D,0,,,,,Y,,-,,0,0,1,0,0,0,0,0,0,"- ","- ",,,TULARE,PORTERVILLE,-119.05136254,36.080357560000003
6748958,2014,2015-02-03,5405,2014-12-09,1255,186,,2,5,4,5405,0,0,0,,0,001,"MORTON AV","VILLA ST",182.00,E,N,A,-,N,,,,,,,,,,Y,4,0,1,2,A,-,03,22350,,N,C,C,A,A,H,-,A,A,0,,,,,Y,,A,01,0,0,1,0,0,0,0,0,0,"- ","- ",,,TULARE,PORTERVILLE,-119.03002499,36.07326158
6748961,2014,2015-02-02,5405,2014-12-05,1306,169,,5,5,4,5405,0,0,0,,0,001,"PROSPECT ST","GRAND AV",371.00,N,N,B,-,N,,,,,,,,,,N,4,0,2,2,A,-,09,21804,A,N,D,C,A,A,H,-,A,A,0,,,,,Y,,A,01,0,0,2,0,0,0,0,0,0,"- ","- ",,,TULARE,PORTERVILLE,-119.04396281,36.077807919999998
6754660,2014,2015-02-06,5403,2014-12-16,1302,839,,2,5,2,5403,0,0,0,,0,,"NORTH FARMERSVILLE BL","E NOBLE",106.00,N,N,A,-,N,,,,,,,,,,Y,4,0,1,2,A,-,03,22350,,N,C,C,A,A,H,-,A,D,0,,,,,Y,,D,22,0,0,1,0,0,0,0,0,0,"- ","- ",,,TULARE,FARMERSVILLE,-119.20772837,36.325526979999999
6755197,2014,2015-03-18,9480,2014-12-29,2350,016856,,1,3,9,5400,0,3,5,,2,006,"SPACER DR","AVENUE 200",2640.00,S,N,A,-,N,,,,,,,,,,Y,3,0,1,1,A,-,08,22107,,N,F,A,A,A,H,-,D,D,0,,,,,Y,,D,22,0,1,0,0,0,0,0,0,0,"- ","- ",36.14593,-119.27776,TULARE,UNINCORPORATED,-119.27999797,36.147655569999998
6755990,2014,2015-02-09,9481,2014-12-23,1450,017957,,2,2,9,5400,0,3,5,,2,010,"RD 224","NORTH GRAND AV",0.00,,Y,A,-,N,,,,,,,,,,N,4,0,3,2,A,-,03,22350,,F,C,C,A,A,H,-,A,D,0,,,,,Y,,D,22,0,0,3,0,0,0,0,0,0,"- ","- ",36.09843,-119.07076000000001,TULARE,UNINCORPORATED,-119.07076000000001,36.09843
6763606,2014,2015-01-30,9481,2014-12-17,1620,018815,,3,2,9,5400,0,2,4,,2,052,"MTN 137","SUCCESS VALLEY DR",3168.00,W,N,B,-,N,,,,,,,,,,Y,4,0,1,2,A,-,05,21460,A,N,B,C,A,B,H,-,B,D,0,,,,,Y,,A,01,0,0,1,0,0,0,0,0,0,"- ","- ",36.033679999999997,-118.86723000000001,TULARE,UNINCORPORATED,-118.86721283,36.033589769999999
6763694,2014,2015-02-03,9481,2014-12-19,0735,18595,,5,1,9,5400,0,3,5,,2,010,"ROAD 196","VISTA AV",90.00,S,N,B,-,N,,,,,,,,,,Y,4,0,1,2,A,-,03,22350,,N,E,I,A,A,H,-,A,D,0,,,,,Y,,A,01,0,0,1,0,0,0,0,0,0,"- ","- ",36.144489999999998,-119.13422,TULARE,UNINCORPORATED,-119.13428915,36.144363210000002
6763695,2014,2015-02-02,9481,2014-12-18,1732,19104,,4,2,9,5400,0,1,3,,1,012,"RT 65","AVENUE 200",528.00,S,N,A,-,Y,,,,,,,,,,Y,4,0,1,1,A,-,07,21658,A,N,E,I,A,A,H,-,D,D,0,,,,,Y,,A,07,0,0,1,0,0,0,0,0,0,"- ","- ",36.148620000000001,-118.07635000000001,TULARE,UNINCORPORATED,-119.0753879,36.151457739999998
6767123,2014,2015-02-05,9480,2014-12-25,0720,020612,,4,1,9,5400,0,3,5,,2,002,"AVENUE 422","ROAD 136",0.00,,Y,B,-,N,,,,,,,,,,N,4,0,1,1,A,-,08,22107,,N,E,I,A,A,H,-,A,D,0,,,,,Y,,A,01,0,0,1,0,0,0,0,0,0,"- ","- ",36.555720000000001,-119.2903,TULARE,UNINCORPORATED,-119.26907989999999,36.555330009999999
6767366,2014,2015-02-03,5407,2014-12-23,1709,C39,480,2,5,5,5407,0,0,0,,0,012,WHITEDALE,"TERRACE ST",51.00,W,N,A,-,N,,,,,,,,,,Y,4,0,3,3,A,-,03,22350,,N,C,C,A,A,H,-,C,A,0,,,,,Y,,A,,0,0,3,0,0,0,0,0,0,"- ","- ",,,TULARE,VISALIA,-119.31983289,36.305657709999998
6767382,2014,2015-02-04,5407,2014-12-14,1947,A269,480,7,5,5,5407,0,0,0,,0,012,AKERS,JUDY,69.00,S,N,E,-,N,,,,,,,,,,Y,3,0,2,1,A,-,08,22107,,N,E,I,A,A,H,-,C,A,0,,,,,Y,,A,01,0,1,1,0,0,0,0,0,0,"- ","- ",,,TULARE,VISALIA,-119.34971,36.315740640000001
6767398,2014,2015-02-04,5407,2014-12-06,2232,A160,480,6,5,5,5407,0,0,0,,0,034,IRMA,CHESTNUT,0.00,,Y,A,-,N,,,,,,,,,,Y,3,0,1,2,A,-,01,23153,A,N,G,B,E,A,H,-,C,D,0,Y,,,,Y,Y,A,01,0,1,0,0,1,0,0,0,0,"- ","- ",,,TULARE,VISALIA,-119.26910995999999,36.299600009999999
6767410,2014,2015-02-04,5407,2014-12-05,1529,M33,480,5,5,5,5407,0,0,0,,0,,MOONEY,BURREL,0.00,,Y,B,-,N,,,,,,,,,,Y,4,0,3,2,A,-,09,21802,A,N,D,C,A,A,H,-,A,A,0,,,,,Y,,A,01,0,0,3,0,0,0,0,0,0,"- ","- ",,,TULARE,VISALIA,-119.31416996,36.328360009999997
6767418,2014,2015-02-04,5407,2014-12-03,0748,M33,480,3,5,5,5407,0,0,0,,0,034,MCAULIFF,WALNUT,0.00,,Y,A,-,N,,,,,,,,,,Y,3,0,4,2,A,-,09,21802,A,N,D,D,A,B,H,-,A,A,0,,,,,Y,,A,07,0,1,3,0,0,0,0,0,0,"- ","- ",,,TULARE,VISALIA,-119.25163986,36.312660010000002
6767422,2014,2015-02-03,5407,2014-12-02,1244,M222,480,2,5,5,5407,0,0,0,,0,011,FERGUSON,ROEBEN,0.00,,Y,C,-,N,,,,,,,,,,Y,3,0,2,2,A,-,09,21802,A,N,-,C,A,B,-,-,A,A,0,,,,,Y,,A,01,0,1,1,0,0,0,0,0,0,"- ","- ",,,TULARE,VISALIA,-119.35901988000001,36.351100109999997
6767437,2014,2015-02-04,5407,2014-12-25,1715,A241,480,4,5,5,5407,0,0,0,,0,003,"LOCUST ST","WALNUT AV",15.00,S,N,A,-,N,,,,,,,,,,N,3,0,1,2,A,-,10,21950,A,N,G,B,D,A,H,-,C,A,0,Y,,,,Y,,A,01,0,1,0,0,1,0,0,0,0,"- ","- ",,,TULARE,VISALIA,-119.29358684,36.312828920000001
6773325,2014,2015-02-13,5406,2014-12-08,0745,23,C6,1,5,4,5406,0,0,0,,0,0ES,PROSPERITY,MOONEY,1071.00,E,N,B,-,N,,,,,,,,,,Y,3,0,1,2,A,-,06,21750,,N,C,C,A,A,H,-,A,D,0,,,Y,,Y,,C,02,0,1,0,0,0,0,0,0,1,"- ","- ",,,TULARE,TULARE,-119.30941322,36.22594539
6776513,2015,2016-10-31,9480,2015-01-04,1550,013821,,7,2,9,5400,0,1,3,,1,051,"RT 43","AVE 144",100.00,N,N,A,-,Y,TUL,6,43,-,-,20.610,H,-,S,N,4,0,1,2,A,-,03,22350,,N,C,C,A,A,H,-,A,A,0,,,,,Y,,A,01,0,0,1,0,0,0,0,0,0,"- ","- ",,,TULARE,UNINCORPORATED,-119.52205096,36.051254620000002
6776950,2015,2015-02-19,5405,2015-01-07,1240,186,,3,5,4,5405,0,0,0,,0,003,"OLIVE AV","3RD ST",0.00,,Y,A,-,N,,,,,,,,,,N,4,0,1,2,A,-,09,21802,A,N,D,C,A,A,H,-,A,A,0,,,,,Y,,A,01,0,0,1,0,0,0,0,0,0,"- ","- ",,,TULARE,PORTERVILLE,-119.01431006999999,36.065130070000002
6777000,2014,2015-02-18,5405,2014-12-19,2251,182,,5,5,4,5405,0,0,0,,0,004,"RT 190","JAYE ST",60.00,W,N,A,-,Y,,,,,,,,,,Y,4,0,2,2,A,-,01,23153,,F,C,C,A,A,H,-,C,A,0,,,,,Y,Y,-,,0,0,2,0,0,0,0,0,0,"- ","- ",,,TULARE,PORTERVILLE,-119.02646272,36.051611559999998
6777970,2015,2015-02-19,9480,2015-01-18,1528,16046,,7,2,9,5400,0,3,5,,2,004,"AVENUE 344","ROAD 168",152.00,W,N,B,-,N,,,,,,,,,,Y,4,0,1,1,A,-,01,23152,A,N,E,I,A,A,H,-,A,D,0,,,,,Y,Y,A,01,0,0,1,0,0,0,0,0,0,"- ","- ",36.413939999999997,-119.19934000000001,TULARE,UNINCORPORATED,-119.19820602,36.413861199999999
6777971,2015,2015-02-19,9480,2015-01-16,1750,18742,,5,2,9,5400,0,3,5,,2,006,"ROAD 204","AVENUE 260",54.00,S,N,A,-,N,,,,,,,,,,N,4,0,1,2,A,-,03,22350,,N,C,C,A,A,H,-,D,D,0,,,,,Y,,A,07,0,0,1,0,0,0,0,0,0,"- ","- ",36.26041,-119.11839000000001,TULARE,UNINCORPORATED,-119.11827246,36.260501849999997
6777973,2015,2015-02-19,9480,2015-01-11,1120,12251,,7,1,9,5400,0,3,5,,2,006,"AVENUE 272","ROAD 100",4224.00,W,N,A,-,N,,,,,,,,,,Y,3,0,4,1,A,-,08,22107,,N,F,A,A,A,H,-,A,D,0,,,,,Y,,A,07,0,2,2,0,0,0,0,0,0,"- ","- ",36.28369,-119.36362,TULARE,UNINCORPORATED,-119.36360741999999,36.283646410000003
6780502,2014,2015-01-26,5407,2014-11-28,1041,186,480,5,5,5,5407,0,0,0,,0,026,"LOVERS LN",NORMAN,6.00,S,N,A,-,N,,,,,,,,,,N,3,0,1,2,A,-,11,21950,B,N,G,B,B,A,H,-,A,A,0,Y,,,,Y,,N,,0,1,0,0,1,0,0,0,0,"- ","- ",,,TULARE,VISALIA,-119.26098,36.345093540000001
6781579,2015,2016-10-06,9481,2015-01-16,1810,19162,,5,2,9,5400,0,1,3,,1,012,"RT 65","HENDERSON AV",300.00,N,N,A,-,Y,TUL,6,65,-,R,20.230,H,-,S,Y,4,0,1,1,A,-,08,22107,,N,E,I,A,A,H,-,D,D,1,,,,,Y,,D,22,0,0,1,0,0,0,0,0,0,"- ","- ",36.002339999999997,-119.03971,TULARE,UNINCORPORATED,-119.03944887999999,36.081579730000001
6782328,2015,2015-02-23,9480,2015-01-04,1800,17311,,7,2,9,5400,0,3,5,,2,005,"AVE 54","RD 30",2165.00,W,N,A,-,N,,,,,,,,,,N,3,0,1,1,A,-,08,22107,,N,F,A,A,A,H,-,D,D,0,,,,,Y,,A,01,0,1,0,0,0,0,0,0,0,"- ","- ",35.887709999999998,-119.51356,TULARE,UNINCORPORATED,-119.51356,35.887709999999998
6783032,2014,2015-02-09,5405,2014-12-26,0250,223,,5,5,4,5405,0,0,0,,0,,"HENDERSON AV","VILLA ST",192.00,E,N,A,-,N,,,,,,,,,,Y,4,0,1,2,A,-,01,23152,,N,B,E,A,A,H,-,C,D,0,,,,,Y,Y,-,,0,0,1,0,0,0,0,0,0,"- ","- ",,,TULARE,PORTERVILLE,-119.02980105,36.080542229999999
6786035,2014,2015-02-13,9480,2014-12-26,1230,19543,,5,1,5,5407,0,1,3,,1,064,"RT 198","DEMAREE ST",1584.00,E,N,A,-,Y,,,198,,,,,,,Y,4,0,1,1,A,-,08,22107,,N,E,I,A,A,H,-,A,D,0,,,,,Y,,A,01,0,0,1,0,0,0,0,0,0,"- ","- ",36.327469999999998,-119.32544,TULARE,VISALIA,-119.32542697,36.327174409999998
6790087,2015,2015-02-20,5405,2015-01-01,1231,203,,4,5,4,5405,0,0,0,,0,002,"103RD ST","HILLCREST ST",209.00,E,N,A,-,N,,,,,,,,,,Y,3,0,2,2,A,-,01,23152,,F,A,E,A,A,H,-,A,D,0,,,,,Y,,-,,0,1,1,0,0,0,0,0,0,"- ","- ",,,TULARE,PORTERVILLE,,
6792240,2015,2015-02-18,9481,2015-01-06,1300,017957,,2,1,9,5400,0,3,5,,2,010,"AVENUE 168","ROAD 224",2640.00,E,N,A,-,N,,,,,,,,,,N,3,0,2,1,A,-,08,22107,,N,E,I,A,A,H,-,A,D,0,,,,,Y,,A,01,0,1,1,0,0,0,0,0,0,"- ","- ",36.094700000000003,-119.07772,TULARE,UNINCORPORATED,-119.07773495000001,36.094833020000003
6794001,2015,2016-05-02,9481,2015-01-01,1512,013422,,4,2,9,5400,0,3,5,,2,020,"BALCH PARK RD","RT 190",1320.00,N,N,A,-,N,,,,,,,,,,Y,3,0,1,1,A,-,03,22350,,N,E,J,A,A,H,-,A,D,0,,,,,Y,,A,01,0,1,0,0,0,0,0,0,0,"- ","- ",36.139099999999999,-118.8077,TULARE,UNINCORPORATED,-118.80608894,36.142237649999998
6797234,2015,2015-02-25,9480,2015-01-14,1810,16856,,3,2,9,5400,0,3,5,,2,006,"VISALIA RD","CORNUCOPIA RD",1056.00,E,N,A,-,N,,,,,,,,,,Y,4,0,2,2,A,-,06,21755,A,N,B,C,A,A,H,-,C,D,0,,,,,Y,,D,22,0,0,2,0,0,0,0,0,0,"- ","- ",36.297550000000001,-119.16582,TULARE,UNINCORPORATED,-119.16393119999999,36.297441329999998
6797475,2015,2016-09-15,9480,2015-01-25,0725,014628,,7,1,9,5400,0,1,3,,2,095,"RT 99","RT 190",500.00,S,N,E,-,Y,TUL,6,99,-,-,18.273,R,2,N,Y,3,0,3,1,A,-,08,22107,,N,E,I,A,A,H,-,A,A,1,,,,,Y,,A,07,0,2,1,0,0,0,0,0,0,TO,"- ",35.888979999999997,-119.27218999999999,TULARE,UNINCORPORATED,-119.31127076,36.049028069999999
6799310,2015,2015-02-25,9481,2015-01-18,1400,018029,,7,2,9,5400,0,3,5,,2,020,"AVENUE 220","ROAD 244",1056.00,E,N,A,-,N,,,,,,,,,,Y,3,0,2,1,A,-,08,22107,,N,E,I,A,A,H,-,A,D,0,,,,,Y,,A,07,0,1,1,0,0,0,0,0,0,"- ","- ",36.189039999999999,-119.02448,TULARE,UNINCORPORATED,-119.02451044,36.189062280000002
6799822,2015,2015-02-24,5405,2015-01-16,1637,207,,5,5,4,5405,0,0,0,,0,002,"OAK AV","MAIN ST",180.00,E,N,A,-,N,,,,,,,,,,N,4,0,1,2,A,-,09,21804,A,N,D,G,A,A,H,-,A,D,0,,Y,,,Y,,-,,0,0,1,0,0,0,1,0,0,"- ","- ",,,TULARE,PORTERVILLE,-119.01626,36.067889999999998
6799836,2015,2015-02-24,5405,2015-01-26,2204,210,,1,5,4,5405,0,0,0,,0,,"JAYE ST","SPRINGVILLE DR",435.00,N,N,C,-,N,,,,,,,,,,Y,3,0,1,1,A,-,03,22350,,N,A,I,A,B,H,-,C,D,0,,,,,Y,,-,,0,1,0,0,0,0,0,0,0,"- ","- ",,,TULARE,PORTERVILLE,-119.02624667000001,36.056123309999997
6799838,2015,2015-02-24,5405,2015-01-24,1837,169,,6,5,4,5405,0,0,0,,0,004,"NEWCOMB ST","OLIVE AV",0.00,N,N,E,-,N,,,,,,,,,,N,4,0,1,2,A,-,21,22106,,F,C,C,A,D,H,-,C,A,0,,,,,Y,Y,A,01,0,0,1,0,0,0,0,0,0,"- ","- ",,,TULARE,PORTERVILLE,-119.05299008,36.065840110000003
6799839,2015,2015-02-24,5405,2015-01-21,1545,186,,3,5,4,5405,0,0,0,,0,003,"JAYE ST","DATE AV",386.00,S,N,B,-,N,,,,,,,,,,N,4,0,1,3,A,-,03,22350,,N,C,C,A,A,H,-,A,A,0,,,,,Y,,A,01,0,0,1,0,0,0,0,0,0,"- ","- ",,,TULARE,PORTERVILLE,-119.02624551,36.057611369999996
6800224,2015,2015-08-12,5405,2015-01-27,2127,217,5405,2,5,4,5405,0,0,0,,0,001,"WESTFIELD AV","PROSPECT ST",0.00,,Y,A,-,N,,,,,,,,,,N,4,0,4,2,A,-,09,21801,A,N,A,C,A,A,H,-,C,A,0,,,,,Y,,-,,0,0,4,0,0,0,0,0,0,"- ","- ",,,TULARE,PORTERVILLE,-119.04411004000001,36.08762007
6801165,2015,2016-10-06,9481,2015-01-22,1753,19280,,4,2,9,5400,0,1,3,,1,012,"RT 65","LINDA VISTA AV",0.00,,Y,A,-,Y,TUL,6,65,-,-,21.830,I,5,S,Y,3,0,3,2,A,-,09,21801,A,N,D,C,A,A,H,-,C,D,0,,,,Y,Y,,G,27,0,3,0,0,0,0,0,0,0,"- ","- ",36.104300000000002,-119.04300000000001,TULARE,UNINCORPORATED,-119.04315450999999,36.10427902
6801173,2015,2015-03-04,9481,2015-01-24,0615,018595,,6,1,9,5400,0,3,5,,2,030,"AVE 96","ROAD 192",35.00,E,N,E,-,N,,,,,,,,,,Y,4,0,1,1,A,-,03,22350,,N,E,I,A,A,H,-,D,A,0,,,,,Y,,D,22,0,0,1,0,0,0,0,0,0,"- ","- ",35.963549999999998,-119.14328999999999,TULARE,UNINCORPORATED,-119.14314,35.96434
6804922,2015,2015-04-09,9481,2015-02-03,1110,014265,,2,1,9,5400,0,3,5,,2,020,"LINDMORE ST","LINDSAY ST",0.00,,Y,A,-,N,,,,,,,,,,Y,4,0,1,2,A,-,09,21802,A,N,D,C,A,A,H,-,A,A,0,,,,,Y,,D,22,0,0,1,0,0,0,0,0,0,"- ","- ",36.196350000000002,-119.09135999999999,TULARE,UNINCORPORATED,-119.09121008,36.196120049999998
6811362,2015,2015-03-04,9480,2015-01-22,1115,17108,,4,1,9,5400,0,3,5,,2,003,"AVE 144","ROAD 96",2640.00,E,N,B,-,N,,,,,,,,,,Y,3,0,1,2,A,-,03,22350,,N,C,C,A,A,H,-,A,-,0,,,,Y,Y,,D,22,0,1,0,0,0,0,0,0,0,"- ","- ",36.051200000000001,-119.34873,TULARE,UNINCORPORATED,-119.34871799,36.051180289999998
6811374,2015,2015-02-26,9480,2015-01-27,1735,17311,,2,2,9,5400,0,3,5,,2,003,"RD 68","AVE 240",0.00,,Y,A,-,N,,,,,,,,,,Y,4,0,2,3,A,-,09,21802,A,N,D,C,A,A,B,-,B,A,0,,,,,Y,,A,01,0,0,2,0,0,0,0,0,0,"- ","- ",36.225580000000001,-119.42098,TULARE,UNINCORPORATED,-119.42102998999999,36.225400090000001
6811394,2015,2015-02-26,9480,2015-01-30,0610,15875,,5,1,9,5400,0,3,5,,2,006,"ROAD 152","AVENUE 240",0.00,,Y,E,-,N,,,,,,,,,,Y,4,0,1,2,A,-,12,22450,A,N,D,C,A,A,H,-,A,A,0,,,,,Y,,D,22,0,0,1,0,0,0,0,0,0,"- ","- ",36.224449999999997,-119.23344,TULARE,UNINCORPORATED,-119.23353985999999,36.225459999999998
6811438,2015,2016-10-20,9480,2015-01-25,0750,13821,,7,1,5,5407,0,1,3,,1,064,"RT 198","BEN MADDOX WY",453.00,W,N,E,-,Y,TUL,6,198,-,R,10.813,R,2,W,Y,3,0,1,1,A,-,03,22350,,N,F,I,A,B,H,-,A,D,1,,,,,Y,,D,22,0,1,0,0,0,0,0,0,0,"- ","- ",36.326639999999998,-119.27667,TULARE,VISALIA,-119.2771492,36.326509639999998
6812553,2015,2016-09-15,9480,2015-01-27,0748,14628,,2,1,9,5400,0,1,3,,2,091,"RT 99","RT 198",80.00,N,N,B,-,Y,TUL,6,99,-,R,39.045,R,1,S,Y,4,0,2,2,A,-,03,22350,,N,D,C,A,B,C,-,-,D,1,,,,,Y,,D,22,0,0,2,0,0,0,0,0,0,"- ","- ",36.329610000000002,-119.41007999999999,TULARE,UNINCORPORATED,-119.41015594,36.32984553