CASE_ID,ACCIDENT_YEAR,PROC_DATE,JURIS,COLLISION_DATE,COLLISION_TIME,OFFICER_ID,REPORTING_DISTRICT,DAY_OF_WEEK,CHP_SHIFT,POPULATION,CNTY_CITY_LOC,SPECIAL_COND,BEAT_TYPE,CHP_BEAT_TYPE,CITY_DIVISION_LAPD,CHP_BEAT_CLASS,BEAT_NUMBER,PRIMARY_RD,SECONDARY_RD,DISTANCE,DIRECTION,INTERSECTION,WEATHER_1,WEATHER_2,STATE_HWY_IND,CALTRANS_COUNTY,CALTRANS_DISTRICT,STATE_ROUTE,ROUTE_SUFFIX,POSTMILE_PREFIX,POSTMILE,LOCATION_TYPE,RAMP_INTERSECTION,SIDE_OF_HWY,TOW_AWAY,COLLISION_SEVERITY,NUMBER_KILLED,NUMBER_INJURED,PARTY_COUNT,PRIMARY_COLL_FACTOR,PCF_CODE_OF_VIOL,PCF_VIOL_CATEGORY,PCF_VIOLATION,PCF_VIOL_SUBSECTION,HIT_AND_RUN,TYPE_OF_COLLISION,MVIW,PED_ACTION,ROAD_SURFACE,ROAD_COND_1,ROAD_COND_2,LIGHTING,CONTROL_DEVICE,CHP_ROAD_TYPE,PEDESTRIAN_ACCIDENT,BICYCLE_ACCIDENT,MOTORCYCLE_ACCIDENT,TRUCK_ACCIDENT,NOT_PRIVATE_PROPERTY,ALCOHOL_INVOLVED,STWD_VEHTYPE_AT_FAULT,CHP_VEHTYPE_AT_FAULT,COUNT_SEVERE_INJ,COUNT_VISIBLE_INJ,COUNT_COMPLAINT_PAIN,COUNT_PED_KILLED,COUNT_PED_INJURED,COUNT_BICYCLIST_KILLED,COUNT_BICYCLIST_INJURED,COUNT_MC_KILLED,COUNT_MC_INJURED,PRIMARY_RAMP,SECONDARY_RAMP,LATITUDE,LONGITUDE,COUNTY,CITY,POINT_X,POINT_Y
8136237,2016,2016-10-06,5407,2016-08-22,0516,M245,480,1,5,5,5407,0,0,0,,0,025,LOCUST,"MINERAL KING",270.00,N,N,A,-,N,,,,,,,,,,Y,4,0,2,2,A,-,07,21658,A,N,B,C,A,A,H,-,C,A,0,,,,,Y,,A,01,0,0,2,0,0,0,0,0,0,"- ","- ",,,TULARE,VISALIA,-119.29343,36.328190730000003
8149313,2016,2016-10-28,5405,2016-09-30,2032,203,,5,5,4,5405,0,0,0,,0,001,"KENSINGTON ST","KINGSCROSS AV",123.00,S,N,A,-,N,,,,,,,,,,Y,4,0,1,2,C,-,18,,,N,D,E,A,A,H,-,D,D,0,,,,,Y,,-,"- ",0,0,1,0,0,0,0,0,0,"- ","- ",,,TULARE,PORTERVILLE,-119.06836826999999,36.078742519999999
8149454,2016,2016-10-25,5405,2016-10-11,0800,107,,2,5,4,5405,0,0,0,,0,001,"WESTWOOD ST","WESTFIELD AV",0.00,,Y,A,-,N,,,,,,,,,,N,3,0,1,2,A,-,09,21802,A,N,D,G,A,A,H,-,A,A,0,,Y,,,Y,,-,,0,1,0,0,0,0,1,0,0,"- ","- ",,,TULARE,PORTERVILLE,-119.07080006,36.087570110000001
8149503,2016,2016-10-25,5405,2016-10-12,1356,107,,3,5,4,5405,0,0,0,,0,004,"REDWOOD ST","THURMAN AV",116.00,S,N,A,-,N,,,,,,,,,,N,3,0,1,2,A,-,09,21801,A,N,D,G,A,A,H,-,A,D,0,,Y,,,Y,,L,04,0,1,0,0,0,0,1,0,0,"- ","- ",,,TULARE,PORTERVILLE,-119.07917483,36.071421739999998
8154353,2016,2016-10-28,5406,2016-08-31,1252,79,C5,3,5,4,5406,0,0,0,,0,0ES,"MOONEY BL",KERN,32.00,N,N,A,-,N,,,,,,,,,,Y,4,0,2,4,A,-,03,22350,,N,C,C,A,A,H,-,A,D,0,,,,,Y,,A,01,0,0,2,0,0,0,0,0,0,"- ","- ",,,TULARE,TULARE,-119.31311925999999,36.207717809999998
8155084,2016,2017-03-02,5406,2016-09-09,1948,71,5406,5,5,4,5406,0,0,0,,0,0WS,"W INYO AV",H,0.00,,Y,A,-,Y,TUL,6,137,-,-,15.210,I,5,E,N,3,0,1,2,D,-,00,,,F,G,B,C,A,H,-,C,D,0,Y,,,,Y,Y,-,"- ",0,1,0,0,1,0,0,0,0,"- ","- ",,,TULARE,TULARE,-119.34985987,36.204779350000003
8161325,2016,2017-03-02,5406,2016-10-03,1423,84,2B,1,5,4,5406,0,0,0,,0,0AO,"RT 137","INYO AV",0.00,,Y,A,-,Y,TUL,6,137,-,-,15.210,I,5,E,Y,2,0,1,2,A,-,09,21802,A,N,G,G,A,A,H,-,A,A,0,,Y,,,Y,,L,04,1,0,0,0,0,0,1,0,0,"- ","- ",,,TULARE,TULARE,-119.34985987,36.204779350000003
8161336,2016,2016-11-14,5406,2016-10-11,0800,84,5B,2,5,4,5406,0,0,0,,0,0AO,"EAST PROSPERITY AV",BRENTWOOD,0.00,,Y,A,-,N,,,,,,,,,,Y,3,0,1,2,A,-,12,21453,A,N,D,C,A,A,H,-,A,A,0,,,,,Y,,D,22,0,1,0,0,0,0,0,0,0,"- ","- ",,,TULARE,TULARE,-119.32638986000001,36.225840040000001
8161414,2016,2016-11-10,5406,2016-10-08,0145,53,5406,6,5,4,5406,0,0,0,,0,0SW,"I DR","BARDSLEY BL",0.00,,-,A,-,N,,,,,,,,,,Y,4,0,3,1,A,-,01,23152,A,N,F,I,A,A,H,-,C,D,0,,,,,Y,Y,A,01,0,0,3,0,0,0,0,0,0,"- ","- ",,,TULARE,TULARE,-119.34794986,36.196520069999998
8161422,2016,2016-11-10,5406,2016-10-30,0659,21,,7,5,4,5406,0,0,0,,0,0ES,"BARDSLEY AV",AVON,129.00,E,N,B,-,N,,,,,,,,,,Y,2,0,1,1,A,-,05,21650,,N,A,I,A,B,H,-,B,D,0,,,,,Y,,A,01,1,0,0,0,0,0,0,0,0,"- ","- ",,,TULARE,TULARE,-119.32394324000001,36.196680000000001
8161426,2016,2016-11-10,5406,2016-10-25,0912,86,,2,5,4,5406,0,0,0,,0,,"BARDSLEY AV","K ST",0.00,,Y,A,-,N,,,,,,,,,,Y,4,0,1,2,D,-,00,,,N,D,C,A,A,H,-,A,A,0,,,,,Y,,-,"- ",0,0,1,0,0,0,0,0,0,"- ","- ",,,TULARE,TULARE,-119.34357989999999,36.196560050000002
8161438,2016,2016-11-10,5406,2016-10-11,0853,84,3A,2,5,4,5406,0,0,0,,0,0AO,"E BARDSLEY AV","S IRWIN",180.00,E,N,A,-,N,,,,,,,,,,N,3,0,1,2,A,-,07,21658,A,N,G,G,A,A,H,-,A,D,0,,Y,,,Y,,L,04,0,1,0,0,0,0,1,0,0,"- ","- ",,,TULARE,TULARE,-119.31719059,36.196703790000001
8164431,2016,2016-12-15,5405,2016-10-23,2131,211,,7,5,4,5405,0,0,0,,0,004,"OLIVE AV","COBB ST",243.00,W,N,A,-,N,,,,,,,,,,N,2,0,1,2,A,-,11,21954,A,N,G,B,D,A,H,-,D,D,0,Y,,,,Y,Y,N,60,1,0,0,0,1,0,0,0,0,"- ","- ",,,TULARE,PORTERVILLE,-119.04114016,36.065836619999999
8164660,2016,2016-11-14,5403,2016-10-10,1345,844,EXETE,1,5,2,5403,0,0,0,,0,,"FARMERSVILLE BL","ASHLEY ST",0.00,,Y,A,-,N,,,,,,,,,,Y,4,0,2,2,A,-,09,21801,A,N,D,C,A,A,H,-,A,D,0,,,,,Y,,D,22,0,0,2,0,0,0,0,0,0,"- ","- ",,,TULARE,FARMERSVILLE,-119.20703997,36.310230109999999
8166605,2016,2018-09-27,5407,2016-10-22,1807,M33,480,6,5,5,5407,0,0,0,,0,025,MURRAY,"RT 63",0.00,,Y,A,-,Y,TUL,6,63,-,-,8.455,I,5,N,Y,1,1,0,3,A,-,12,21453,A,N,D,C,A,A,H,-,A,A,0,,,,,Y,Y,-,,0,0,0,0,0,0,0,0,0,"- ","- ",,,TULARE,VISALIA,-119.29237033,36.333790950000001
8166607,2016,2017-01-30,5406,2016-11-03,1152,41,4B,4,5,4,5406,0,0,0,,0,0ES,"RT 137",DAYTON,0.00,,Y,A,-,Y,TUL,6,137,-,-,16.690,I,5,E,Y,1,1,1,2,A,-,09,21801,A,N,D,C,A,A,H,-,A,A,0,,,,,Y,,A,01,0,1,0,0,0,0,0,0,0,"- ","- ",,,TULARE,TULARE,-119.32742691999999,36.210931180000003
8166938,2016,2018-09-24,5407,2016-09-05,0528,M33,480,1,5,5,5407,0,0,0,,0,00M,PLAZA,GOSHEN,672.00,N,N,A,-,N,,,,,,,,,,Y,1,1,0,2,A,-,03,22350,,N,C,C,A,A,H,-,C,D,0,,,Y,Y,Y,Y,C,02,0,0,0,0,0,0,0,1,0,"- ","- ",,,TULARE,VISALIA,-119.39456998999999,36.343897579999997
8167857,2019,2020-02-06,5405,2019-09-15,2109,255,PORTE,7,5,4,5405,0,0,0,,0,001,"PIONEER AV","RT 65",0.00,,Y,A,-,Y,TUL,6,65,-,-,20.880,I,5,S,Y,4,0,1,2,A,-,03,22350,,N,D,C,A,A,H,-,C,D,0,,,,,Y,,A,01,0,0,1,0,0,0,0,0,0,"- ","- ",,,TULARE,PORTERVILLE,-119.03959655761719,36.091136932373047
8170195,2016,2017-03-02,5405,2016-10-29,0829,221,,6,5,4,5405,0,0,0,,0,001,"RT 65","NORTH GRAND AV",40.00,N,N,A,-,Y,TUL,6,65,-,-,21.390,H,-,S,Y,3,0,1,3,A,-,03,22350,,N,C,C,A,A,H,-,A,A,0,,,,,Y,,-,,0,1,0,0,0,0,0,0,0,"- ","- ",,,TULARE,PORTERVILLE,-119.04026826,36.098390309999999
8170322,2016,2017-03-04,5405,2016-11-08,1728,201,,2,5,4,5405,0,0,0,,0,004,"OLIVE AV","RT 65",90.00,W,N,A,-,Y,TUL,6,65,-,R,19.300,R,4,N,N,4,0,3,3,A,-,03,22350,,N,C,C,A,A,H,-,C,A,0,,,,,Y,,-,,0,0,3,0,0,0,0,0,0,"- ",NO,,,TULARE,PORTERVILLE,-119.03926106,36.068027520000001
8170334,2016,2017-03-28,5405,2016-11-05,0637,221,5405,6,5,4,5405,0,0,0,,0,001,"WESTWOOD ST","ORANGE AV",0.00,,Y,A,-,N,,,,,,,,,,Y,4,0,1,2,A,-,03,22350,,N,C,C,A,A,H,-,B,D,0,,,,,Y,,-,,0,0,1,0,0,0,0,0,0,"- ","- ",,,TULARE,PORTERVILLE,-119.07089001,36.061310059999997
8170350,2016,2016-12-20,5405,2016-11-07,0751,207,,1,5,4,5405,0,0,0,,0,003,"PROSPECT ST","MORTON AV",0.00,,Y,A,-,N,,,,,,,,,,Y,4,0,2,2,A,-,12,21453,A,N,D,C,A,A,H,-,A,A,0,,,,,Y,,-,,0,0,2,0,0,0,0,0,0,"- ","- ",,,TULARE,PORTERVILLE,-119.04392014,36.073280009999998
8170571,2017,2018-06-29,5407,2017-11-29,0638,A11,480,3,5,5,5407,0,0,0,,0,034,"S MOONEY BL","MID VALLEY AV",0.00,,Y,E,-,Y,TUL,6,63,-,-,5.260,I,5,N,Y,4,0,2,3,A,-,12,21453,A,N,D,C,A,A,H,-,C,A,0,,,,,Y,,A,01,0,0,2,0,0,0,0,0,0,"- ","- ",36.287579999999998,-119.31356,TULARE,VISALIA,-119.31350336,36.287566499999997
8176541,2016,2016-12-01,5405,2016-11-03,1821,235,PORTE,4,5,4,5405,0,0,0,,0,003,"MAIN ST","ORANGE AV",21.00,N,N,A,-,N,,,,,,,,,,N,4,0,1,2,A,-,03,22350,,N,C,C,A,A,H,-,C,A,0,,,,,Y,,-,,0,0,1,0,0,0,0,0,0,"- ","- ",,,TULARE,PORTERVILLE,-119.0165482,36.061277599999997
8176545,2016,2017-03-06,5405,2016-11-12,1828,203,,6,5,4,5405,0,0,0,,0,004,"RT 190","JAYE ST",90.00,W,N,A,-,Y,TUL,6,190,-,-,15.930,H,-,W,Y,4,0,2,2,A,-,12,21453,A,F,D,C,A,A,H,-,C,A,0,,,,,Y,,-,,0,0,2,0,0,0,0,0,0,"- ","- ",,,TULARE,PORTERVILLE,-119.02661068,36.051599600000003
8176549,2016,2016-12-01,5405,2016-11-16,1047,207,,3,5,4,5405,0,0,0,,0,001,"MORTON AV","LINDALE ST",0.00,,Y,A,-,N,,,,,,,,,,Y,4,0,1,2,A,-,03,22350,,N,C,C,A,A,H,-,A,D,0,,,,,Y,,-,,0,0,1,0,0,0,0,0,0,"- ","- ",,,TULARE,PORTERVILLE,-119.05014009,36.073200110000002
8178662,2016,2017-03-04,5404,2016-11-25,1417,677,5404,5,5,2,5404,0,0,0,,0,011,"RT 65",MARIPOSA,403.00,N,N,A,-,Y,TUL,6,65,-,-,29.860,H,-,S,Y,4,0,2,2,A,-,09,21801,A,N,D,C,A,A,H,-,A,D,0,,,,,Y,,-,,0,0,2,0,0,0,0,0,0,"- ","- ",,,TULARE,LINDSAY,-119.10754267,36.208011339999999
8183453,2016,2016-12-09,5405,2016-11-13,1649,3,,7,5,4,5405,0,0,0,,0,,"HENDERSON AV","PLANO ST",0.00,,Y,A,-,N,,,,,,,,,,Y,4,0,1,2,A,-,09,21802,A,N,D,C,A,A,H,-,A,A,0,,,,,Y,,-,,0,0,1,0,0,0,0,0,0,"- ","- ",,,TULARE,PORTERVILLE,-119.00868011999999,36.080210110000003
8185504,2016,2016-12-15,5403,2016-11-10,1801,53,,4,5,2,5403,0,0,0,,0,,"FARMERSVILLE BL","ASHLEY ST",0.00,,Y,A,-,N,,,,,,,,,,N,4,0,1,2,A,-,03,22350,,N,C,C,A,A,H,-,C,D,0,,,,,Y,,A,01,0,0,1,0,0,0,0,0,0,"- ","- ",,,TULARE,FARMERSVILLE,-119.20703997,36.310230109999999
8189626,2016,2016-12-16,5407,2016-11-02,2129,A215,480,3,5,5,5407,0,0,0,,0,Q35,CALDWELL,"SANTA FE",0.00,,Y,A,-,N,,,,,,,,,,Y,3,0,4,2,A,-,09,21453,,N,D,C,A,A,H,-,C,A,0,,,,,Y,,A,01,0,1,3,0,0,0,0,0,0,"- ","- ",36.29813,-119.28717,TULARE,VISALIA,-119.28716999,36.298160099999997
8189633,2016,2017-01-13,5407,2016-10-09,1106,A261,480,7,5,5,5407,0,0,0,,0,,"SANTA FE ST","RACE AV",0.00,,Y,A,-,N,,,,,,,,,,Y,4,0,1,2,A,-,09,21802,A,N,D,C,A,A,H,-,A,A,0,,,,,Y,,A,01,0,0,1,0,0,0,0,0,0,"- ","- ",,,TULARE,VISALIA,-119.28790995,36.335360090000002
8189642,2016,2017-01-13,5407,2016-10-26,1330,M222,480,3,5,5,5407,0,0,0,,0,025,"W MURRAY","N JACOB ST",0.00,,Y,A,-,N,,,,,,,,,,Y,4,0,3,4,A,-,12,21453,A,N,D,C,A,A,H,-,A,A,0,,,,,Y,,A,01,0,0,3,0,0,0,0,0,0,"- ","- ",36.333730000000003,-119.3022,TULARE,VISALIA,-119.30223999,36.333740059999997
8189649,2016,2017-01-09,5407,2016-09-30,1215,M218,480,5,5,5,5407,0,0,0,,0,026,"E ACEQUIA","S CHURCH ST",0.00,,Y,A,-,N,,,,,,,,,,N,2,0,1,2,A,-,10,21950,A,N,G,B,B,A,H,-,A,A,0,Y,,,,Y,,D,22,1,0,0,0,1,0,0,0,0,"- ","- ",36.329250000000002,-119.29116999999999,TULARE,VISALIA,-119.29115996,36.329230019999997
8189654,2016,2017-01-13,5407,2016-10-21,1411,M222,480,5,5,5,5407,0,0,0,,0,026,"BEN MADDOX WY",GOSHEN,600.00,S,N,A,-,N,,,,,,,,,,Y,4,0,1,3,A,-,03,22350,,N,C,C,A,A,H,-,A,A,0,,,,,Y,,A,07,0,0,1,0,0,0,0,0,0,"- ","- ",36.336219999999997,-119.27912000000001,TULARE,VISALIA,-119.27875186,36.332973680000002
8189765,2016,2016-12-19,5407,2016-11-08,1746,M226,480,2,5,5,5407,0,0,0,,0,033,"SOUTH LOVERS LN","WALNUT AV",528.00,N,N,A,-,N,,,,,,,,,,N,4,0,1,2,A,-,03,22350,,N,-,C,A,A,H,-,C,A,0,,,,,Y,,A,01,0,0,1,0,0,0,0,0,0,"- ","- ",36.312710000000003,-119.26056,TULARE,VISALIA,-119.26066672,36.314158820000003
8189769,2016,2016-12-19,5407,2016-11-08,1823,A223,480,2,5,5,5407,0,0,0,,0,00R,"WEST WALNUT","SOUTH TEDDY",0.00,,Y,A,-,N,,,,,,,,,,Y,4,0,1,2,A,-,03,22350,,N,C,C,A,A,H,-,C,D,0,,,,,Y,,D,22,0,0,1,0,0,0,0,0,0,"- ","- ",,,TULARE,VISALIA,-119.35225994,36.31276003
8189773,2016,2016-12-19,5407,2016-11-09,2033,A253,480,3,5,5,5407,0,0,0,,0,N26,"NORTH LOCUST",CENTER,0.00,,Y,A,-,N,,,,,,,,,,Y,4,0,1,2,A,-,12,21453,A,N,D,C,A,A,H,-,C,A,0,,,,,Y,,-,,0,0,1,0,0,0,0,0,0,"- ","- ",36.331049999999998,-119.29345000000001,TULARE,VISALIA,-119.29344992,36.331050009999998
8189777,2016,2016-12-19,5407,2016-11-10,0754,M222,480,4,5,5,5407,0,0,0,,0,00N,"WOODLAND ST","WEST HOUSTON",0.00,,Y,A,-,N,,,,,,,,,,Y,3,0,2,2,A,-,09,21802,A,N,D,C,A,A,H,-,A,A,0,,,,,Y,,D,22,0,2,0,0,0,0,0,0,0,"- ","- ",36.34196,-119.31833,TULARE,VISALIA,-119.3183399,36.341940030000004
8189950,2016,2017-03-04,5407,2016-11-07,1302,M33,480,1,5,5,5407,0,0,0,,0,00R,"S MOONEY",MEADOW,0.00,,Y,A,-,Y,TUL,6,63,-,-,7.640,I,5,S,Y,3,0,1,2,A,-,09,21453,C,N,D,C,A,A,H,-,A,A,0,,,Y,,Y,,A,01,0,1,0,0,0,0,0,0,1,"- ","- ",36.322049999999997,-119.31395000000001,TULARE,VISALIA,-119.3140827,36.322042449999998
8189967,2016,2016-12-20,5407,2016-11-14,0657,M33,480,1,5,5,5407,0,0,0,,0,,"W FERGUSON",DEMAREE,0.00,,Y,A,-,N,,,,,,,,,,N,3,0,1,2,A,-,10,21950,A,N,G,B,B,A,H,-,A,A,0,Y,,,,Y,,A,08,0,1,0,0,1,0,0,0,0,"- ","- ",36.349139999999998,-119.33194,TULARE,VISALIA,-119.33197991999999,36.349220109999997
8189999,2016,2016-12-20,5407,2016-11-04,2109,A277,480,5,5,5,5407,0,0,0,,0,012,"LINWOOD ST","TULARE AV",0.00,,Y,A,-,N,,,,,,,,,,Y,4,0,1,2,A,-,01,23153,A,F,D,C,A,A,H,-,C,A,0,,,,,Y,,A,01,0,0,1,0,0,0,0,0,0,"- ","- ",,,TULARE,VISALIA,-119.34068997999999,36.3200401
8190020,2016,2016-12-19,5407,2016-10-03,1219,M66,480,1,5,5,5407,0,0,0,,0,"415 N",STEVENSON,"HOUSTON AV",0.00,,Y,A,-,N,,,,,,,,,,Y,4,0,1,2,A,-,12,22450,A,M,D,C,A,A,H,-,A,A,0,,,,,Y,,A,01,0,0,1,0,0,0,0,0,0,"- ","- ",36.341839999999998,-119.29992,TULARE,VISALIA,-119.29992993,36.34184003
8190028,2016,2016-12-19,5407,2016-10-04,0945,M218,480,2,5,5,5407,0,0,0,,0,011,"N AKERS","W HILLSDALE AV",0.00,,N,A,-,N,,,,,,,,,,Y,4,0,1,3,A,-,02,22400,A,N,D,C,A,A,H,-,A,A,0,,,,,Y,,A,01,0,0,1,0,0,0,0,0,0,"- ","- ",36.329549999999998,-119.3497,TULARE,VISALIA,-119.34979994,36.329550019999999
8190031,2016,2016-12-19,5407,2016-10-18,1247,11558,480,2,5,5,5407,0,0,0,,0,R12,"W WALNUT ST","S ATWOOD",0.00,,Y,A,-,N,,,,,,,,,,Y,3,0,4,2,A,-,09,21802,A,N,D,C,A,A,H,-,A,A,0,,,,,Y,,A,07,0,1,3,0,0,0,0,0,0,"- ","- ",36.312779999999997,-119.3467,TULARE,VISALIA,-119.34672986,36.312780050000001
8190039,2016,2016-12-19,5407,2016-10-25,1208,M214,480,2,5,5,5407,0,0,0,,0,,TULARE,"MOONEY BL",222.00,W,N,A,-,N,,,,,,,,,,Y,4,0,2,2,A,-,08,22107,,N,B,C,A,A,H,-,A,A,0,,,,,Y,,A,01,0,0,2,0,0,0,0,0,0,"- ","- ",36.320219999999999,-119.31393,TULARE,VISALIA,-119.31474271,36.320209630000001
8190055,2016,2016-12-19,5407,2016-10-28,1541,M186,480,5,5,5,5407,0,0,0,,0,Q34,GIDDINGS,CAMBRIDGE,81.00,S,N,A,-,N,,,,,,,,,,Y,3,0,1,3,A,-,05,21650,,N,C,C,F,A,H,-,A,A,0,Y,,,,Y,,A,01,0,1,0,0,1,0,0,0,0,"- ","- ",36.312910000000002,-119.30534,TULARE,VISALIA,-119.30536753,36.314507730000003
8190067,2016,2016-12-19,5407,2016-10-06,1928,A280,480,4,5,5,5407,0,0,0,,0,O26,"SHANNON PKWY","RT 63",1056.00,W,N,A,-,N,,,,,,,,,,N,3,0,3,4,A,-,03,22350,,N,A,B,E,A,H,-,D,A,0,Y,,,,Y,,A,07,0,1,2,0,3,0,0,0,0,"- ","- ",,,TULARE,VISALIA,-119.30053443,36.359786079999999
8190071,2016,2017-01-10,5407,2016-10-06,2211,M264,480,4,5,5,5407,0,0,0,,0,,"E RIGGIN AV",CONWAY,0.00,,Y,A,-,N,,,,,,,,,,Y,3,0,1,1,A,-,03,22350,,F,H,I,A,A,H,-,C,A,0,,,,,Y,Y,A,01,0,1,0,0,0,0,0,0,0,"- ","- ",36.356340000000003,-119.28645,TULARE,VISALIA,,
8190079,2016,2016-12-19,5407,2016-10-13,1809,A203,480,4,5,5,5407,0,0,0,,0,012,"S DEMAREE",TULARE,115.00,S,N,A,-,N,,,,,,,,,,N,4,0,3,3,A,-,03,22350,,N,C,C,A,A,H,-,A,A,0,,,,,Y,,A,07,0,0,3,0,0,0,0,0,0,"- ","- ",36.320070000000001,-119.33172999999999,TULARE,VISALIA,-119.33172648999999,36.31974443
8190575,2016,2017-01-09,5407,2016-09-27,1431,M218,480,2,5,5,5407,0,0,0,,0,011,"W MAIN ST",HALL,0.00,,Y,A,-,N,,,,,,,,,,Y,4,0,1,2,A,-,12,22450,A,N,A,C,A,A,H,-,A,A,0,,,,,Y,,A,01,0,0,1,0,0,0,0,0,0,"- ","- ",36.329819999999998,-119.30877,TULARE,VISALIA,-119.3087799,36.330060090000003
8190623,2016,2017-01-09,5407,2016-09-19,2037,A244,480,1,5,5,5407,0,0,0,,0,,NOBLE,MOONEY,75.00,W,N,A,-,N,,,,,,,,,,Y,3,0,3,3,A,-,03,22350,,N,C,C,A,A,H,-,C,A,0,,,,,Y,Y,A,07,0,1,2,0,0,0,0,0,0,"- ","- ",,,TULARE,VISALIA,-119.31435392,36.326561949999999
8190739,2016,2017-03-04,5406,2016-11-10,1714,41,5A,4,5,4,5406,0,0,0,,0,0ES,"RT 63","RT 137",322.00,N,N,A,-,Y,TUL,6,63,-,-,7.570,H,-,S,N,4,0,1,4,A,-,03,22350,,N,C,C,A,A,H,-,D,A,0,,,,,Y,,A,07,0,0,1,0,0,0,0,0,0,"- ","- ",,,TULARE,TULARE,-119.31407139,36.321069119999997
8191772,2016,2016-12-21,5405,2016-12-05,1211,236,,1,5,4,5405,0,0,0,,0,0S1,"HENDERSON AV","N PROSPECT ST",546.00,E,N,A,-,N,,,,,,,,,,Y,4,0,2,2,A,-,09,21801,A,N,E,I,A,A,H,-,A,D,0,,,,,Y,,-,,0,0,2,0,0,0,0,0,0,"- ","- ",,,TULARE,PORTERVILLE,-119.04212510000001,36.080415440000003
8191787,2016,2017-03-06,5405,2016-12-08,1444,949,PPD,4,5,4,5405,0,0,0,,0,003,"RT 190","JAYE ST",78.00,E,N,B,-,Y,TUL,6,190,-,-,15.960,H,-,W,N,4,0,1,2,A,-,03,22350,,N,C,C,A,B,H,-,A,A,0,,,,,Y,,-,,0,0,1,0,0,0,0,0,0,"- ","- ",,,TULARE,PORTERVILLE,-119.02607804,36.051591539999997
8191820,2016,2016-12-21,5405,2016-12-02,1657,3,,5,5,4,5405,0,0,0,,0,,"WESTWOOD ST","ORANGE AV",0.00,,Y,A,-,N,,,,,,,,,,Y,4,0,2,2,A,-,09,21802,A,N,D,C,A,A,H,-,C,A,0,,,,,Y,,-,,0,0,2,0,0,0,0,0,0,"- ","- ",,,TULARE,PORTERVILLE,-119.07089001,36.061310059999997
8191914,2016,2016-12-21,5405,2016-11-29,1725,234,PORTE,2,5,4,5405,0,0,0,,0,001,"HENDERSON AV","JAYE ST",0.00,,Y,B,-,N,,,,,,,,,,Y,4,0,1,2,A,-,09,21801,A,N,A,C,A,A,H,-,C,A,0,,,,,Y,,-,,0,0,1,0,0,0,0,0,0,"- ","- ",,,TULARE,PORTERVILLE,-119.02632009,36.080550100000004
8193436,2016,2017-01-04,5407,2016-08-04,1727,C42,SP308,4,5,5,5407,0,0,0,,0,00P,"S GARDEN","E PARADISE AV",0.00,,Y,A,-,N,,,,,,,,,,N,4,0,2,2,A,-,09,21802,A,N,B,C,A,A,H,-,A,D,0,,,,,Y,,D,22,0,0,2,0,0,0,0,0,0,"- ","- ",36.316490000000002,-119.2897,TULARE,VISALIA,-119.28968992,36.31647006
8193592,2016,2017-03-04,5407,2016-09-16,1259,M201,480,5,5,5,5407,0,0,0,,0,,"WALNUT AV","RT 63",145.00,W,N,A,-,Y,TUL,6,63,-,-,7.010,I,6,S,Y,3,0,2,2,A,-,09,21804,A,N,B,C,A,A,H,-,A,A,0,,,,,Y,,A,01,0,1,1,0,0,0,0,0,0,"- ","- ",36.312989999999999,-119.31384,TULARE,VISALIA,-119.3139587,36.312986629999997
8193686,2016,2016-12-29,5407,2016-09-16,1844,A275,480,5,5,5,5407,0,0,0,,0,026,GOSHEN,"BEN MADDOX WY",3.00,E,N,A,-,N,,,,,,,,,,N,4,0,1,2,A,-,11,21456,B,N,D,G,A,A,H,-,C,A,0,,Y,,,Y,,L,04,0,0,1,0,0,0,1,0,0,"- ","- ",,,TULARE,VISALIA,-119.27876983,36.334619910000001
8193706,2016,2016-12-29,5407,2016-09-19,0804,M201,480,1,5,5,5407,0,0,0,,0,00Q,"W TULARE AV","AKERS ST",160.00,W,N,A,-,N,,,,,,,,,,Y,4,0,1,2,A,-,03,22350,,N,C,C,A,A,H,-,A,A,0,,,,,Y,,A,01,0,0,1,0,0,0,0,0,0,"- ","- ",36.32002,-119.34961,TULARE,VISALIA,-119.35024258,36.32
8193714,2016,2016-12-29,5407,2016-09-10,2037,A244,480,6,5,5,5407,0,0,0,,0,,NOBLE,"MOONEY BL",75.00,W,N,A,-,N,,,,,,,,,,Y,3,0,2,3,A,-,03,22350,,N,C,C,A,A,H,-,C,A,0,,,,,Y,Y,A,07,0,1,1,0,0,0,0,0,0,"- ","- ",,,TULARE,VISALIA,-119.31435392,36.326561949999999
8193869,2016,2016-12-27,5407,2016-08-14,1303,M226,480,7,5,5,5407,0,0,0,,0,R12,"S COUNTY CENTER","W NOBLE",0.00,,Y,A,-,N,,,,,,,,,,Y,3,0,2,2,A,-,12,21453,A,N,-,C,A,A,H,-,A,A,0,,,,,Y,,A,01,0,2,0,0,0,0,0,0,0,"- ","- ",,,TULARE,VISALIA,-119.32574995,36.326830029999996
8201569,2017,2017-03-29,5405,2017-03-03,1618,223,,5,5,4,5405,0,0,0,,0,003,"MAIN ST","VANDALIA ST",146.00,N,N,A,-,N,,,,,,,,,,N,3,0,1,2,A,-,08,22107,,N,D,G,A,A,H,-,A,A,0,,Y,,,Y,,L,04,0,1,0,0,0,0,1,0,0,"- ","- ",,,TULARE,PORTERVILLE,-119.01710552999999,36.053470040000001
8201573,2017,2017-03-29,5405,2017-03-08,1547,207,,3,5,4,5405,0,0,0,,0,001,"MORTON AV","BELMONT ST",18.00,E,N,A,-,N,,,,,,,,,,Y,3,0,2,2,A,-,00,23153,E,N,C,C,A,A,H,-,A,D,0,,,,,Y,,-,,0,1,1,0,0,0,0,0,0,"- ","- ",,,TULARE,PORTERVILLE,-119.05841916,36.073090000000001
8201585,2017,2017-03-29,5405,2017-03-07,2012,145,,2,5,4,5405,0,0,0,,0,003,"PLANO ST","COLLEGE AV",0.00,,Y,A,-,N,,,,,,,,,,N,4,0,1,2,A,-,09,21802,A,N,D,C,A,A,H,-,C,A,0,,,Y,,Y,,-,,0,0,1,0,0,0,0,0,1,"- ","- ",,,TULARE,PORTERVILLE,-119.00830012999999,36.048390040000001
8202180,2016,2017-01-04,5405,2016-12-26,1835,203,,1,5,4,5405,0,0,0,,0,002,"PUTNAM AV","F ST",108.00,W,N,C,-,N,,,,,,,,,,Y,3,0,1,1,A,-,08,22107,,N,E,I,A,B,H,-,C,D,0,,,,,Y,,-,,0,1,0,0,0,0,0,0,0,"- ","- ",,,TULARE,PORTERVILLE,-119.02161808,36.06966001