CASE_ID,ACCIDENT_YEAR,PROC_DATE,JURIS,COLLISION_DATE,COLLISION_TIME,OFFICER_ID,REPORTING_DISTRICT,DAY_OF_WEEK,CHP_SHIFT,POPULATION,CNTY_CITY_LOC,SPECIAL_COND,BEAT_TYPE,CHP_BEAT_TYPE,CITY_DIVISION_LAPD,CHP_BEAT_CLASS,BEAT_NUMBER,PRIMARY_RD,SECONDARY_RD,DISTANCE,DIRECTION,INTERSECTION,WEATHER_1,WEATHER_2,STATE_HWY_IND,CALTRANS_COUNTY,CALTRANS_DISTRICT,STATE_ROUTE,ROUTE_SUFFIX,POSTMILE_PREFIX,POSTMILE,LOCATION_TYPE,RAMP_INTERSECTION,SIDE_OF_HWY,TOW_AWAY,COLLISION_SEVERITY,NUMBER_KILLED,NUMBER_INJURED,PARTY_COUNT,PRIMARY_COLL_FACTOR,PCF_CODE_OF_VIOL,PCF_VIOL_CATEGORY,PCF_VIOLATION,PCF_VIOL_SUBSECTION,HIT_AND_RUN,TYPE_OF_COLLISION,MVIW,PED_ACTION,ROAD_SURFACE,ROAD_COND_1,ROAD_COND_2,LIGHTING,CONTROL_DEVICE,CHP_ROAD_TYPE,PEDESTRIAN_ACCIDENT,BICYCLE_ACCIDENT,MOTORCYCLE_ACCIDENT,TRUCK_ACCIDENT,NOT_PRIVATE_PROPERTY,ALCOHOL_INVOLVED,STWD_VEHTYPE_AT_FAULT,CHP_VEHTYPE_AT_FAULT,COUNT_SEVERE_INJ,COUNT_VISIBLE_INJ,COUNT_COMPLAINT_PAIN,COUNT_PED_KILLED,COUNT_PED_INJURED,COUNT_BICYCLIST_KILLED,COUNT_BICYCLIST_INJURED,COUNT_MC_KILLED,COUNT_MC_INJURED,PRIMARY_RAMP,SECONDARY_RAMP,LATITUDE,LONGITUDE,COUNTY,CITY,POINT_X,POINT_Y
8202228,2016,2017-03-04,5405,2016-12-15,1505,C23,PORTE,4,5,4,5405,0,0,0,,0,001,"RT 65","NORTH GRAND AV",90.00,S,N,C,-,Y,TUL,6,65,-,-,21.360,H,-,S,Y,4,0,1,2,A,-,08,22107,,N,A,C,A,B,H,-,A,A,0,,,,,Y,,-,,0,0,1,0,0,0,0,0,0,"- ","- ",,,TULARE,PORTERVILLE,-119.04015701,36.097967480000001
8202476,2016,2017-03-03,5407,2016-11-29,1454,M201,480,2,5,5,5407,0,0,0,,0,,"RT 63",FERGUSON,64.00,S,N,A,-,Y,TUL,6,63,-,-,9.630,H,-,N,N,4,0,1,2,A,-,03,22350,,N,C,C,A,A,H,-,A,A,0,,,,,Y,,D,22,0,0,1,0,0,0,0,0,0,"- ","- ",36.349530000000001,-119.29693,TULARE,VISALIA,-119.29693616,36.349357740000002
8202896,2016,2017-01-09,5407,2016-11-17,0755,M214,480,4,5,5,5407,0,0,0,,0,,"S DEMAREE",COUNTRY,0.00,,Y,A,B,N,,,,,,,,,,Y,4,0,1,2,A,-,09,21802,A,N,D,C,A,A,H,-,A,A,0,,,,,Y,,A,07,0,0,1,0,0,0,0,0,0,"- ","- ",36.306370000000001,-119.33159000000001,TULARE,VISALIA,-119.33158987,36.306370080000001
8202904,2016,2017-01-09,5407,2016-11-20,2042,A277,480,7,5,5,5407,0,0,0,,0,026,"LOVERS LN","ST JOHNS PKWY",0.00,,Y,A,-,N,,,,,,,,,,Y,4,0,1,1,A,-,01,23152,A,N,E,I,A,A,H,-,C,D,0,,,,,Y,Y,A,01,0,0,1,0,0,0,0,0,0,"- ","- ",,,TULARE,VISALIA,-119.26100991,36.347170069999997
8202908,2016,2017-01-09,5407,2016-11-22,1244,M218,480,2,5,5,5407,0,0,0,,0,,"S BRIDGE","MINERAL KING AV",0.00,,Y,A,-,N,,,,,,,,,,Y,3,0,3,2,A,-,12,21453,A,N,D,C,A,A,H,-,A,A,0,,,,,Y,,A,01,0,2,1,0,0,0,0,0,0,"- ","- ",36.327449999999999,-119.28892999999999,TULARE,VISALIA,-119.28894991,36.327440070000002
8202916,2016,2017-03-06,5407,2016-11-26,2054,M264,480,6,5,5,5407,0,0,0,,0,012,NOBLE,"RT 63",0.00,,Y,A,-,N,,,,,,,,,,Y,4,0,1,2,A,-,12,21453,A,N,D,C,A,B,H,-,C,A,0,,,,,Y,,-,"- ",0,0,1,0,0,0,0,0,0,"- ","- ",,,TULARE,VISALIA,-119.31409994000001,36.32655003
8202939,2016,2017-01-09,5407,2016-11-27,1440,A270,480,7,5,5,5407,0,0,0,,0,033,"W HOWARD AV","S GRANT",0.00,,Y,A,-,N,,,,,,,,,,N,4,0,1,2,A,-,09,21804,A,N,D,C,A,A,H,-,A,D,0,,,,,Y,,A,01,0,0,1,0,0,0,0,0,0,"- ","- ",36.31832,-119.29917,TULARE,VISALIA,-119.29918991,36.318320020000002
8203047,2016,2017-03-01,5407,2016-12-17,1100,A5,480,6,5,5,5407,0,0,0,,0,,"RT 63",HOUSTON,0.00,,Y,A,-,Y,TUL,6,63,-,R,9.095,I,5,S,N,4,0,1,2,A,-,00,20001,B,F,D,G,A,A,-,-,A,A,0,,Y,,,Y,,A,07,0,0,1,0,0,0,1,0,0,"- ","- ",,,TULARE,VISALIA,-119.29677833,36.341841690000003
8203051,2016,2017-03-01,5407,2016-12-06,1638,M66,480,2,5,5,5407,0,0,0,,0,00Q,"RT 63",WHITEDALE,135.00,N,N,B,-,Y,TUL,6,63,-,-,6.550,H,-,N,N,2,0,1,2,A,-,11,21956,,M,-,B,E,A,H,-,B,D,0,Y,,,,Y,,N,60,1,0,0,0,1,0,0,0,0,"- ","- ",,,TULARE,VISALIA,-119.3137029,36.306224049999997
8203055,2016,2017-03-01,5407,2016-12-05,1847,M226,480,1,5,5,5407,0,0,0,,0,034,"RT 63",ASHLAND,0.00,,Y,A,-,Y,TUL,6,63,-,-,6.690,I,5,N,Y,3,0,2,3,A,-,03,22350,,N,C,C,A,A,H,-,C,A,0,,,,,Y,,A,01,0,1,1,0,0,0,0,0,0,"- ","- ",,,TULARE,VISALIA,-119.31373132,36.308321030000002
8204148,2016,2017-01-10,5407,2016-07-08,1826,M218,480,5,5,5,5407,0,0,0,,0,034,"BEN MADDOX WY","TULARE AV",392.00,S,N,A,-,N,,,,,,,,,,Y,2,0,1,1,A,-,03,22350,,N,E,I,A,A,H,-,A,A,0,,,,,Y,,A,01,1,0,0,0,0,0,0,0,0,"- ","- ",36.32011,-119.27654,TULARE,VISALIA,-119.27661146,36.319045920000001
8206988,2016,2017-04-06,5406,2016-12-25,2325,38,2A,7,5,4,5406,0,0,0,,0,0WS,"W PROSPERITY AV","W PROSPERITY AV 651",0.00,,N,A,-,N,,,,,,,,,,N,4,0,1,1,A,-,03,22350,,N,A,I,A,A,H,-,C,A,0,,,,,Y,,A,01,0,0,1,0,0,0,0,0,0,"- ","- ",,,TULARE,TULARE,-119.35750991,36.225704139999998
8206992,2016,2017-01-10,5406,2016-12-31,1744,41,2A,6,5,4,5406,0,0,0,,0,0WS,"H ST",CROSS,20.00,N,N,C,-,N,,,,,,,,,,N,3,0,1,2,A,-,11,21954,A,F,G,B,D,B,D,-,C,A,0,Y,,,,Y,,N,60,0,1,0,0,1,0,0,0,0,"- ","- ",,,TULARE,TULARE,-119.35170251,36.21264394
8280403,2016,2017-01-13,5405,2016-12-27,1510,232,,2,5,4,5405,0,0,0,,0,003,"OLIVE AV","D ST",0.00,,Y,A,-,N,,,,,,,,,,N,2,0,1,2,A,-,12,21453,A,F,D,G,A,A,H,-,A,A,0,,Y,,,Y,,L,04,1,0,0,0,0,0,1,0,0,"- ","- ",,,TULARE,PORTERVILLE,-119.01846012,36.065120039999996
8280451,2016,2017-01-13,5405,2016-12-19,0502,163,,1,5,4,5405,0,0,0,,0,001,"WESTWOOD ST","NANCY AV",120.00,N,N,A,-,N,,,,,,,,,,Y,3,0,1,1,A,-,08,22107,,N,E,I,A,A,H,-,C,D,0,,,,,Y,,-,,0,1,0,0,0,0,0,0,0,"- ","- ",,,TULARE,PORTERVILLE,-119.07080000000001,36.089459249999997
8284597,2016,2017-01-25,5401,2016-09-20,2021,2112,5401,2,5,3,5401,0,0,0,,0,00B,"EL MONTE WY","S PALM DR",26.00,N,N,A,-,N,,,,,,,,,,Y,3,0,1,2,D,-,00,,,N,G,B,B,A,H,-,C,D,0,Y,,,,Y,,-,"- ",0,1,0,0,1,0,0,0,0,"- ","- ",,,TULARE,DINUBA,-119.3794,36.545490000000001
8286640,2016,2017-01-31,5401,2016-09-26,0756,2132,5401,1,5,3,5401,0,0,0,,0,00B,"W KERN ST","S M ST",14.00,E,N,A,-,N,,,,,,,,,,N,2,0,1,2,A,-,09,21802,A,N,D,G,A,A,H,-,A,D,0,,Y,,,Y,,D,22,1,0,0,0,0,0,1,0,0,"- ","- ",,,TULARE,DINUBA,-119.39003502,36.539156060000003
8289851,2016,2017-05-17,5407,2016-12-31,1632,A274,480,6,5,5,5407,0,0,0,,0,012,"NOBLE AV","CHINOWTH AV",0.00,,Y,C,-,N,,,,,,,,,,N,4,0,1,2,A,-,12,21453,A,M,C,C,A,B,H,-,B,A,0,,,,Y,Y,,F,21,0,0,1,0,0,0,0,0,0,"- ","- ",36.326999999999998,-119.33625000000001,TULARE,VISALIA,-119.33624988,36.326970090000003
8289855,2016,2017-05-17,5407,2016-12-19,1800,A274,480,1,5,5,5407,0,0,0,,0,012,"WALNUT AV","AVIATION WY",100.00,W,N,A,-,N,,,,,,,,,,Y,4,0,2,2,A,-,09,21802,A,N,B,C,A,A,H,-,D,D,0,,,,,Y,,D,22,0,0,2,0,0,0,0,0,0,"- ","- ",36.312690000000003,-119.37884,TULARE,VISALIA,-119.37920907,36.31268713
8289962,2016,2017-02-01,5407,2016-12-29,1837,C40,480,4,5,5,5407,0,0,0,,0,012,"S CHINOWTH","1W TULARE AV",0.00,,Y,A,-,N,,,,,,,,,,Y,4,0,4,2,A,-,12,21453,A,N,D,C,A,A,H,-,C,A,0,,,,,Y,,A,01,0,0,4,0,0,0,0,0,0,"- ","- ",36.320059999999998,-119.33620000000001,TULARE,VISALIA,-119.33620691,36.32005624
8289994,2016,2017-02-01,5407,2016-12-19,1404,M218,480,1,5,5,5407,0,0,0,,0,,"E CALDWELL AV",COURT,499.00,E,N,A,-,N,,,,,,,,,,N,3,0,1,2,A,-,08,22107,,N,B,G,A,A,H,-,A,A,0,,Y,,,Y,,A,01,0,1,0,0,0,0,1,0,0,"- ","- ",36.297800000000002,-119.28939,TULARE,VISALIA,-119.28984839,36.298147759999999
8289998,2016,2017-02-01,5407,2016-12-20,1936,C40,480,2,5,5,5407,0,0,0,,0,000,"MINERAL KING",BRIDGE,0.00,,Y,A,-,N,,,,,,,,,,Y,4,0,1,2,A,-,08,22107,,N,D,C,A,A,H,-,C,A,0,,,,,Y,,A,01,0,0,1,0,0,0,0,0,0,"- ","- ",,,TULARE,VISALIA,-119.28894991,36.327440070000002
8290295,2016,2017-06-28,5407,2016-11-27,1057,A178,480,7,5,5,5407,0,0,0,,0,000,"N COURT","OAK AV",0.00,,Y,B,-,Y,TUL,6,63,-,-,8.330,I,5,N,N,4,0,1,2,A,-,09,21802,A,N,D,C,A,B,-,-,A,D,0,,,,,Y,,-,"- ",0,0,1,0,0,0,0,0,0,"- ","- ",36.331980000000001,-119.29234,TULARE,VISALIA,-119.29236280000001,36.331973679999997
8292008,2017,2017-01-26,5405,2017-01-07,1805,C23,PORTE,6,5,4,5405,0,0,0,,0,004,"OLIVE AV","ATKINS ST",0.00,,Y,C,-,N,,,,,,,,,,Y,3,0,3,2,A,-,09,21801,A,N,D,C,A,B,H,-,C,A,0,,,,,Y,,-,,0,1,2,0,0,0,0,0,0,"- ","- ",,,TULARE,PORTERVILLE,-119.04723011999999,36.065890109999998
8292016,2017,2018-02-17,5405,2017-01-05,0736,203,,4,5,4,5405,0,0,0,,0,003,"RT 190","JAYE ST",256.00,W,N,C,-,Y,TUL,6,190,-,-,15.900,H,-,E,Y,4,0,2,4,A,-,03,22350,,F,C,C,A,B,H,-,A,D,0,,,,,Y,,-,,0,0,2,0,0,0,0,0,0,"- ","- ",,,TULARE,PORTERVILLE,-119.02714999,36.051458179999997
8295118,2017,2017-02-21,5405,2017-01-25,1151,201,,3,5,4,5405,0,0,0,,0,002,"MAIN ST","MULBERRY AV",386.00,N,N,A,-,N,,,,,,,,,,N,3,0,1,2,A,-,03,22350,,N,C,C,A,A,H,-,A,D,0,,,,,Y,,-,,0,1,0,0,0,0,0,0,0,"- ","- ",,,TULARE,PORTERVILLE,-119.02393788000001,36.084808430000002
8295139,2016,2017-02-06,5407,2016-12-02,1433,A120,480,5,5,5,5407,0,0,0,,0,N25,CONYER,HAROLD,0.00,,Y,A,-,N,,,,,,,,,,Y,4,0,1,2,A,-,12,22450,A,M,D,C,A,A,H,-,A,D,0,,,,,Y,Y,A,08,0,0,1,0,0,0,0,0,0,"- ","- ",,,TULARE,VISALIA,-119.30119999,36.344149999999999
8295143,2016,2017-02-06,5407,2016-12-02,0035,A272,480,5,5,5,5407,0,0,0,,0,026,"SANTA FE ST","GROVE ST",69.00,N,N,E,-,N,,,,,,,,,,Y,4,0,1,2,A,-,05,21460,A,N,A,E,A,A,H,-,C,A,0,,,,,Y,,A,01,0,0,1,0,0,0,0,0,0,"- ","- ",,,TULARE,VISALIA,-119.28789642,36.337139270000002
8295179,2016,2017-03-07,5407,2016-11-28,1705,A241,480,1,5,5,5407,0,0,0,,0,012,"RT 63","CALDWELL AV",96.00,N,N,A,-,Y,TUL,6,63,-,-,6.030,H,-,S,Y,4,0,1,2,A,-,03,22350,,N,C,C,A,A,H,-,C,A,0,,,,,Y,,A,01,0,0,1,0,0,0,0,0,0,"- ","- ",,,TULARE,VISALIA,-119.31380498999999,36.298777260000001
8295183,2017,2017-02-06,5407,2017-01-20,1213,M222,480,5,5,5,5407,0,0,0,,0,034,COURT,WALNUT,0.00,,Y,B,-,N,,,,,,,,,,Y,4,0,1,2,A,-,09,21804,A,N,D,C,A,B,H,-,A,A,0,,,,,Y,,D,22,0,0,1,0,0,0,0,0,0,"- ","- ",36.312860000000001,-119.29201,TULARE,VISALIA,-119.29200998,36.312860110000003
8295284,2017,2017-02-07,5407,2017-01-07,1257,A272,480,6,5,5,5407,0,0,0,,0,026,"HOUSTON ST","BURKE ST",0.00,,Y,C,-,N,,,,,,,,,,Y,4,0,1,2,A,-,12,21453,A,N,D,C,A,B,H,-,A,A,0,,,,,Y,,A,08,0,0,1,0,0,0,0,0,0,"- ","- ",,,TULARE,VISALIA,-119.28319994,36.34185008
8295304,2017,2017-02-13,5407,2017-01-04,1856,A220,480,3,5,5,5407,0,0,0,,0,P34,NOBLE,"BEN MADDOX",15.00,E,N,C,-,N,,,,,,,,,,Y,4,0,1,3,A,-,08,22107,,N,B,C,A,B,H,-,C,A,0,,,,,Y,,-,"- ",0,0,1,0,0,0,0,0,0,"- ","- ",36.324289999999998,-119.57424,TULARE,VISALIA,-119.27849227,36.326095760000001
8295331,2017,2017-02-07,5407,2017-01-13,2028,A203,480,5,5,5,5407,0,0,0,,0,025,CENTER,WILLIS,0.00,,Y,A,-,N,,,,,,,,,,Y,3,0,3,2,A,-,01,23153,A,N,D,C,A,A,H,-,C,A,0,,,,,Y,Y,A,01,0,2,1,0,0,0,0,0,0,"- ","- ",36.331029999999998,-119.29770000000001,TULARE,VISALIA,-119.29772998,36.331040049999999
8295347,2017,2017-02-07,5407,2017-01-09,1014,M243,480,1,5,5,5407,0,0,0,,0,,"WEST TULARE","SOUTH CONYER ST",0.00,,Y,B,-,N,,,,,,,,,,Y,3,0,3,4,A,-,12,21453,A,N,D,C,A,B,H,-,A,A,0,,,Y,,Y,,C,06,0,1,2,0,0,0,0,0,0,"- ","- ",36.320050000000002,-119.30095,TULARE,VISALIA,-119.30098988,36.32005006
8295359,2017,2018-03-22,5407,2017-01-07,2057,A260,480,6,5,5,5407,0,0,0,,0,00R,"WEST WALNUT","RT 63",0.00,,Y,C,-,Y,TUL,6,63,-,-,7.010,I,5,S,Y,4,0,1,2,A,-,12,21453,A,F,D,C,A,B,H,-,D,A,0,,,,,Y,,A,01,0,0,1,0,0,0,0,0,0,"- ","- ",36.312989999999999,-119.31384,TULARE,VISALIA,-119.3139587,36.312986629999997
8299861,2017,2018-02-17,5404,2017-02-11,1230,671,15,6,5,2,5404,0,0,0,,0,20L,"RT 65",HERMOSA,25.00,S,N,A,-,Y,TUL,6,65,-,-,29.460,H,-,N,N,4,0,1,2,A,-,21,22106,,N,C,C,A,A,H,-,A,A,0,,,,,Y,,A,01,0,0,1,0,0,0,0,0,0,"- ","- ",,,TULARE,LINDSAY,-119.10420683,36.203066909999997
8299914,2017,2017-12-26,5404,2017-02-03,0926,671,12,5,5,2,5404,0,0,0,,0,20L,HERMOSA,"RT 65",400.00,E,N,A,-,N,,,,,,,,,,Y,4,0,1,2,A,-,09,21804,A,M,A,C,A,B,H,-,A,D,0,,,,,Y,,A,01,0,0,1,0,0,0,0,0,0,"- ","- ",,,TULARE,LINDSAY,-119.10330713,36.203252849999998
8305685,2017,2017-02-22,5404,2017-01-19,0748,686,20L,4,5,2,5404,0,0,0,,0,007,TULARE,FOOTHILL,353.00,E,N,A,-,N,,,,,,,,,,Y,4,0,1,2,A,-,09,21804,A,N,E,I,A,A,H,-,A,D,0,,,,,Y,,-,,0,0,1,0,0,0,0,0,0,"- ","- ",,,TULARE,LINDSAY,-119.07238488,36.210777759999999
8307823,2017,2017-03-28,5403,2017-02-04,1844,833,,6,5,2,5403,0,0,0,,0,,"E VISALIA RD","S ROSE",44.00,W,N,A,-,N,,,,,,,,,,N,4,0,4,2,A,-,09,21801,A,N,D,C,A,A,H,-,C,D,0,,,,,Y,,A,07,0,0,4,0,0,0,0,0,0,"- ","- ",,,TULARE,FARMERSVILLE,-119.20425914,36.297788500000003
8312262,2017,2017-03-07,5405,2017-01-30,2341,145,,1,5,4,5405,0,0,0,,0,001,"CASTLE AV","SALISBURY ST",591.00,W,N,B,-,N,,,,,,,,,,Y,4,0,1,1,A,-,01,23152,,N,E,I,A,A,H,-,C,D,0,,,,,Y,Y,-,,0,0,1,0,0,0,0,0,0,"- ","- ",,,TULARE,PORTERVILLE,-119.05887797,36.094774299999997
8317610,2017,2017-03-13,5407,2017-02-05,1244,A282,480,7,5,5,5407,0,0,0,,0,034,"W CAMERON AV","MOONEY BL",5.00,E,N,A,-,N,,,,,,,,,,N,4,0,1,3,A,-,07,21658,A,N,C,C,A,A,H,-,A,A,0,,,Y,,Y,,C,02,0,0,1,0,0,0,0,0,1,"- ","- ",36.294559999999997,-119.31363,TULARE,VISALIA,-119.31370305,36.294550000000001
8317646,2017,2017-03-15,5407,2017-02-16,0636,M256,480,4,5,5,5407,0,0,0,,0,M11,PLAZA,HURLEY,0.00,,Y,A,-,N,,,,,,,,,,Y,4,0,1,2,A,-,12,21453,A,N,D,C,A,A,-,-,C,A,0,,,,Y,Y,,A,01,0,0,1,0,0,0,0,0,0,"- ","- ",,,TULARE,VISALIA,-119.39349987999999,36.333570010000003
8317666,2017,2018-02-17,5407,2017-02-17,1251,M33,480,5,5,5,5407,0,0,0,,0,00R,"RT 63",PRINCETON,600.00,N,N,B,C,Y,TUL,6,63,-,-,7.300,H,-,N,Y,4,0,1,2,A,-,03,22350,,N,C,C,A,B,H,-,A,D,0,,,,,Y,,A,08,0,0,1,0,0,0,0,0,0,"- ","- ",36.31664,-119.31339,TULARE,VISALIA,-119.31383568,36.317052680000003
8317792,2017,2017-03-07,5407,2017-02-07,1835,A255,480,2,5,5,5407,0,0,0,,0,N25,CENTER,CONYER,0.00,,Y,C,-,N,,,,,,,,,,Y,4,0,1,2,A,-,12,22450,,M,D,C,A,B,H,-,C,A,0,,,,,Y,Y,A,07,0,0,1,0,0,0,0,0,0,"- ","- ",,,TULARE,VISALIA,-119.30110995,36.33103011
8317796,2017,2017-03-07,5407,2017-02-03,1016,M33,480,5,5,5,5407,0,0,0,,0,,"S WOODLAND ST","W MINERAL KING AV",0.00,,Y,B,-,N,,,,,,,,,,Y,4,0,2,2,A,-,12,21453,A,N,D,C,A,B,H,-,A,A,0,,,,,Y,,A,07,0,0,2,0,0,0,0,0,0,"- ","- ",36.327640000000002,-119.31845,TULARE,VISALIA,-119.31849993,36.327690019999999
8317800,2017,2017-03-07,5407,2017-02-12,1415,11558,480,7,5,5,5407,0,0,0,,0,034,"W WHITENDALE AV","HALL ST",135.00,E,N,A,-,N,,,,,,,,,,Y,4,0,2,2,A,-,03,22350,,F,C,C,A,A,H,-,A,D,0,,,,,Y,,A,01,0,0,2,0,0,0,0,0,0,"- ","- ",36.305779999999999,-119.31375,TULARE,VISALIA,-119.30782229,36.305709999999998
8317808,2017,2017-03-07,5407,2017-02-07,1852,C40,480,2,5,5,5407,0,0,0,,0,012,DEMAREE,TULARE,0.00,,Y,A,-,N,,,,,,,,,,N,4,0,1,3,A,-,21,22106,,N,C,C,A,B,H,-,C,A,0,,,,,Y,,A,07,0,0,1,0,0,0,0,0,0,"- ","- ",,,TULARE,VISALIA,-119.33172989000001,36.320060069999997
8317832,2017,2017-03-07,5407,2017-02-01,0716,M33,480,3,5,5,5407,0,0,0,,0,,"N JACOB ST","W CENTER AV",0.00,,Y,B,-,N,,,,,,,,,,Y,4,0,1,2,A,-,12,21453,A,N,D,C,A,A,H,-,A,A,0,,,,,Y,,-,,0,0,1,0,0,0,0,0,0,"- ","- ",36.331009999999999,-119.30218000000001,TULARE,VISALIA,-119.30220998999999,36.331020100000003
8317867,2017,2017-03-21,5407,2017-02-17,1342,M214,480,5,5,5,5407,0,0,0,,0,034,VISTA,COLLEGE,340.00,N,N,C,-,N,,,,,,,,,,Y,4,0,1,2,A,-,09,21801,A,N,D,C,A,B,H,-,A,D,0,,,,,Y,,A,01,0,0,1,0,0,0,0,0,0,"- ","- ",36.326860000000003,-119.2563,TULARE,VISALIA,-119.25625137999999,36.324052950000002
8318554,2017,2018-03-22,5407,2017-02-06,1819,A25,480,1,5,5,5407,0,0,0,,0,N25,"RT 63",1ST,0.00,,Y,A,-,Y,TUL,6,63,-,-,8.639,I,5,S,N,4,0,1,2,A,-,09,21802,A,N,D,C,A,A,H,-,C,A,0,,,,,Y,,A,01,0,0,1,0,0,0,0,0,0,"- ","- ",,,TULARE,VISALIA,-119.29352256999999,36.336469030000003
8318558,2017,2017-12-27,5407,2017-02-06,2140,M256,480,1,5,5,5407,0,0,0,,0,012,NOBLE,"COUNTY CENTER",0.00,,Y,C,-,N,,,,,,,,,,Y,4,0,1,2,A,-,12,21453,A,N,D,C,A,B,H,-,D,A,0,,,,,Y,,A,01,0,0,1,0,0,0,0,0,0,"- ","- ",,,TULARE,VISALIA,-119.32574995,36.326830029999996
8323762,2017,2017-03-28,5405,2017-02-11,1341,C23,PORTE,6,5,4,5405,0,0,0,,0,001,"HENDERSON AV","PROSPECT ST",3.00,N,N,A,-,N,,,,,,,,,,N,3,0,1,2,A,-,10,21950,A,N,G,B,B,A,H,-,A,A,0,Y,,,,Y,,-,,0,1,0,0,1,0,0,0,0,"- ","- ",,,TULARE,PORTERVILLE,-119.04397,36.080419999999997
8323766,2017,2018-03-22,5405,2017-02-13,1900,163,,1,5,4,5405,0,0,0,,0,001,"HENDERSON AV","RT 65",216.00,W,N,A,-,Y,TUL,6,65,-,R,19.945,R,4,S,N,4,0,2,2,A,-,03,22350,,N,C,C,A,A,H,-,C,D,0,,,,,Y,,-,,0,0,2,0,0,0,0,0,0,"- ",SO,,,TULARE,PORTERVILLE,-119.03959965999999,36.077457440000003
8323774,2017,2017-03-28,5405,2017-02-21,0749,145,,2,5,4,5405,0,0,0,,0,001,"WESTSIDE ST","PIONEER AV",0.00,,Y,B,-,N,,,,,,,,,,N,3,0,1,2,A,-,12,22450,A,N,D,G,A,A,H,-,A,A,0,,Y,,,Y,,L,04,0,1,0,0,0,0,1,0,0,"- ","- ",,,TULARE,PORTERVILLE,-119.04531009,36.091150089999999
8323778,2017,2017-03-28,5405,2017-02-14,0730,207,,2,5,4,5405,0,0,0,,0,001,"PROSPECT ST","BEL AIRE CIR",0.00,,Y,A,-,N,,,,,,,,,,N,4,0,1,2,A,-,05,21650,1,N,D,G,A,A,H,-,A,A,0,,Y,,,Y,,L,04,0,0,1,0,0,0,1,0,0,"- ","- ",,,TULARE,PORTERVILLE,-119.04401009999999,36.082600110000001
8323802,2017,2017-03-28,5405,2017-02-12,1357,3,,7,5,4,5405,0,0,0,,0,004,"NEWCOMB ST","TEAPOT DOME AV",0.00,,Y,A,-,N,,,,,,,,,,Y,4,0,3,2,A,-,09,21802,A,N,D,C,A,A,H,-,A,A,0,,,,,Y,,-,,0,0,3,0,0,0,0,0,0,"- ","- ",,,TULARE,PORTERVILLE,-119.05340004999999,36.022260119999999
8325901,2017,2017-03-22,5405,2017-03-01,0805,201,,3,5,4,5405,0,0,0,,0,003,"PLANO ST","VANDALIA AV",0.00,,Y,A,-,N,,,,,,,,,,Y,4,0,2,3,A,-,09,21801,A,N,D,C,A,A,H,-,A,A,0,,,,,Y,,-,,0,0,2,0,0,0,0,0,0,"- ","- ",,,TULARE,PORTERVILLE,-119.00817004,36.053360089999998
8325907,2017,2017-03-23,5404,2017-02-04,0105,674,20L,6,5,2,5404,0,0,0,,0,004,VALENCIA,HARVARD,183.00,W,N,A,-,N,,,,,,,,,,Y,4,0,1,2,A,-,08,22107,,F,B,B,A,A,H,-,C,D,0,,,,Y,Y,Y,D,22,0,0,1,0,0,0,0,0,0,"- ","- ",,,TULARE,LINDSAY,-119.0829888,36.19993607
8335606,2017,2017-04-12,5407,2017-03-12,2030,A285,480,7,5,5,5407,0,0,0,,0,R12,"S WOODLAND","W NOBLE",0.00,,Y,A,-,N,,,,,,,,,,Y,4,0,1,2,A,-,12,21453,A,N,D,C,A,A,H,-,C,A,0,,,,,Y,,-,"- ",0,0,1,0,0,0,0,0,0,"- ","- ",,,TULARE,VISALIA,-119.31847993,36.326930109999999
8337436,2017,2017-04-05,5405,2017-03-21,1102,207,,2,5,4,5405,0,0,0,,0,002,"PUTNAM AV","COTTAGE ST",9.00,E,N,C,-,N,,,,,,,,,,N,3,0,1,1,A,-,03,22350,,N,H,A,A,B,H,-,A,D,0,,,,,Y,,-,,0,1,0,0,0,0,0,0,0,"- ","- ",,,TULARE,PORTERVILLE,-119.03289958000001,36.069600000000001
8337440,2017,2017-04-05,5405,2017-03-22,1830,208,PSC,3,5,4,5405,0,0,0,,0,001,"MATHEW ST","PIONEER AV",0.00,,Y,A,-,N,,,,,,,,,,Y,4,0,1,2,A,-,05,21651,,F,A,C,A,A,H,-,A,D,0,,,,,Y,,-,,0,0,1,0,0,0,0,0,0,"- ","- ",,,TULARE,PORTERVILLE,-119.06150005000001,36.091210009999998
8337441,2017,2018-11-20,5405,2017-03-28,0921,124,5405,2,5,4,5405,0,0,0,,0,003,"PLANO ST","DATE AV",0.00,,Y,A,-,N,,,,,,,,,,N,1,1,0,2,A,-,10,21950,A,N,G,B,B,A,H,-,A,A,0,Y,,,,Y,,-,,0,0,0,1,0,0,0,0,0,"- ","- ",,,TULARE,PORTERVILLE,-119.00779006,36.058500029999998
8337561,2017,2017-04-19,5407,2017-02-23,1715,C40,,4,5,5,5407,0,0,0,,0,,"N GIDDINGS ST","FERGUSON AV",0.00,,Y,A,-,N,,,,,,,,,,N,4,0,1,2,A,-,12,22450,A,N,D,C,A,A,H,-,A,D,0,,,,,Y,,A,01,0,0,1,0,0,0,0,0,0,"- ","- ",36.350119999999997,-119.30566,TULARE,VISALIA,-119.30564994,36.35013009
8337585,2017,2017-04-10,5407,2017-03-18,1943,A261,480,6,5,5,5407,0,0,0,,0,,"HOUSTON AV","BURKE ST",0.00,,Y,A,-,N,,,,,,,,,,Y,3,0,2,2,A,-,12,21453,A,N,D,C,A,A,H,-,A,A,0,,,,,Y,,D,22,0,1,1,0,0,0,0,0,0,"- ","- ",,,TULARE,VISALIA,-119.28319994,36.34185008
8337593,2017,2018-03-22,5407,2017-03-16,1159,M222,480,4,5,5,5407,0,0,0,,0,,"RT 63",ROOSEVELT,0.00,,Y,A,-,Y,TUL,6,63,-,-,8.969,I,5,S,Y,4,0,3,2,A,-,07,21658,A,N,B,C,A,A,H,-,A,A,0,,,,,Y,,D,22,0,0,3,0,0,0,0,0,0,"- ","- ",36.340170000000001,-119.29658000000001,TULARE,VISALIA,-119.29638305,36.340032020000002
8337642,2017,2017-04-07,5407,2017-03-10,0723,M222,480,5,5,5,5407,0,0,0,,0,,"WEST ST",MURRAY,0.00,,Y,B,-,N,,,,,,,,,,Y,4,0,1,2,A,-,09,21802,A,N,D,C,A,A,H,-,A,A,0,,,,,Y,,A,01,0,0,1,0,0,0,0,0,0,"- ","- ",36.333759999999998,-119.29662999999999,TULARE,VISALIA,-119.29663991,36.3337401