CASE_ID,ACCIDENT_YEAR,PROC_DATE,JURIS,COLLISION_DATE,COLLISION_TIME,OFFICER_ID,REPORTING_DISTRICT,DAY_OF_WEEK,CHP_SHIFT,POPULATION,CNTY_CITY_LOC,SPECIAL_COND,BEAT_TYPE,CHP_BEAT_TYPE,CITY_DIVISION_LAPD,CHP_BEAT_CLASS,BEAT_NUMBER,PRIMARY_RD,SECONDARY_RD,DISTANCE,DIRECTION,INTERSECTION,WEATHER_1,WEATHER_2,STATE_HWY_IND,CALTRANS_COUNTY,CALTRANS_DISTRICT,STATE_ROUTE,ROUTE_SUFFIX,POSTMILE_PREFIX,POSTMILE,LOCATION_TYPE,RAMP_INTERSECTION,SIDE_OF_HWY,TOW_AWAY,COLLISION_SEVERITY,NUMBER_KILLED,NUMBER_INJURED,PARTY_COUNT,PRIMARY_COLL_FACTOR,PCF_CODE_OF_VIOL,PCF_VIOL_CATEGORY,PCF_VIOLATION,PCF_VIOL_SUBSECTION,HIT_AND_RUN,TYPE_OF_COLLISION,MVIW,PED_ACTION,ROAD_SURFACE,ROAD_COND_1,ROAD_COND_2,LIGHTING,CONTROL_DEVICE,CHP_ROAD_TYPE,PEDESTRIAN_ACCIDENT,BICYCLE_ACCIDENT,MOTORCYCLE_ACCIDENT,TRUCK_ACCIDENT,NOT_PRIVATE_PROPERTY,ALCOHOL_INVOLVED,STWD_VEHTYPE_AT_FAULT,CHP_VEHTYPE_AT_FAULT,COUNT_SEVERE_INJ,COUNT_VISIBLE_INJ,COUNT_COMPLAINT_PAIN,COUNT_PED_KILLED,COUNT_PED_INJURED,COUNT_BICYCLIST_KILLED,COUNT_BICYCLIST_INJURED,COUNT_MC_KILLED,COUNT_MC_INJURED,PRIMARY_RAMP,SECONDARY_RAMP,LATITUDE,LONGITUDE,COUNTY,CITY,POINT_X,POINT_Y
8760154,2018,2019-01-18,5404,2018-11-21,1232,673,,3,5,2,5404,0,0,0,,0,011,"RT 65",FRESNO,0.00,,Y,B,-,Y,TUL,6,65,-,-,29.960,H,-,S,Y,4,0,1,4,A,-,03,22350,,N,C,C,A,A,H,-,A,D,0,,,,,Y,,A,,0,0,1,0,0,0,0,0,0,"- ","- ",,,TULARE,LINDSAY,-119.10836791992188,36.209320068359375
8760200,2018,2019-01-25,5405,2018-12-02,0009,200,PORT,7,5,4,5405,0,0,0,,0,,"JAYE ST","RT 190",50.00,N,N,A,-,Y,TUL,6,190,-,-,15.950,I,6,W,Y,4,0,1,2,A,-,08,22107,,N,A,C,A,B,H,-,C,A,0,,,,,Y,,A,01,0,0,1,0,0,0,0,0,0,"- ","- ",,,TULARE,PORTERVILLE,-119.02625274658203,36.051593780517578
8762140,2019,2019-02-04,5405,2019-01-09,0839,236,,3,5,4,5405,0,0,0,,0,004,"OLIVE AV","COTTAGE ST",0.00,,Y,A,-,N,,,,,,,,,,N,4,0,1,2,A,-,09,21801,A,N,D,C,A,A,H,-,A,A,0,,,,,Y,,-,,0,0,1,0,0,0,0,0,0,"- ","- ",,,TULARE,PORTERVILLE,-119.03292846679688,36.066001892089844
8762144,2019,2019-02-04,5405,2019-01-07,1640,236,,1,5,4,5405,0,0,0,,0,002,"PALM ST","MORTON AV",0.00,,N,A,-,N,,,,,,,,,,N,3,0,1,2,A,-,08,22103,,M,D,G,A,A,H,-,A,A,0,,Y,,,Y,,-,99,0,1,0,0,0,0,1,0,0,"- ","- ",,,TULARE,PORTERVILLE,-119.02543640136719,36.07318115234375
8767683,2018,2019-01-11,5403,2018-11-24,1731,838,,6,5,2,5403,0,0,0,,0,,"FARMERSVILLE BL","ASH ST",0.00,,Y,A,-,N,,,,,,,,,,N,3,0,1,2,A,-,12,22450,A,N,D,C,A,A,H,-,C,D,0,,,,,Y,,A,01,0,1,0,0,0,0,0,0,0,"- ","- ",,,TULARE,FARMERSVILLE,-119.20713043212891,36.301738739013672
8770512,2018,2019-02-02,5406,2018-12-31,2109,84,2B,1,5,4,5406,0,0,0,,0,0AO,"W TULARE AV",D,0.00,,Y,A,-,N,,,,,,,,,,Y,3,0,5,5,A,-,12,22450,A,N,D,C,A,A,H,-,C,A,0,,,,,Y,,A,07,0,1,4,0,0,0,0,0,0,"- ","- ",,,TULARE,TULARE,-119.35588836669922,36.206611633300781
8771577,2018,2019-01-07,5405,2018-12-19,2006,238,5404,3,5,4,5405,0,0,0,,0,004,"UNION AV","JAYE ST",12.00,W,N,A,-,N,,,,,,,,,,N,4,0,1,2,A,-,03,22350,,N,C,C,A,A,H,-,C,D,0,,,,,Y,,-,,0,0,1,0,0,0,0,0,0,"- ","- ",,,TULARE,PORTERVILLE,-119.02626800537109,36.060459136962891
8771581,2018,2019-01-07,5405,2018-12-20,1100,186,,4,5,4,5405,0,0,0,,0,003,"MORTON AV","CONNER ST",213.00,E,N,A,-,N,,,,,,,,,,Y,3,0,1,1,A,-,03,22350,,N,E,I,A,A,H,-,A,A,0,,,,,Y,,-,,0,1,0,0,0,0,0,0,0,"- ","- ",,,TULARE,PORTERVILLE,-118.98616027832031,36.07305908203125
8771593,2018,2019-01-07,5405,2018-12-08,1820,145,2,6,5,4,5405,0,0,0,,0,,"PIONEER AV","VILLA ST",5.00,E,N,B,-,N,,,,,,,,,,N,3,0,2,1,A,-,03,22350,,N,E,J,A,A,A,-,C,D,0,,,,,Y,,-,,0,1,1,0,0,0,0,0,0,"- ","- ",,,TULARE,PORTERVILLE,-119.03114318847656,36.090721130371094
8771760,2018,2019-01-29,5404,2018-12-19,1633,677,,3,5,2,5404,0,0,0,,0,006,"HICKORY ST","LAFAYETTE AV",15.00,N,N,A,-,N,,,,,,,,,,Y,3,0,1,1,A,-,03,22350,,N,E,I,A,A,H,-,B,D,0,,,,,Y,,A,,0,1,0,0,0,0,0,0,0,"- ","- ",,,TULARE,LINDSAY,-119.07805633544922,36.217830657958984
8771765,2018,2019-01-12,5405,2018-12-20,1740,236,,4,5,4,5405,0,0,0,,0,003,"PUTNAM AV","E ST",0.00,,Y,A,-,N,,,,,,,,,,N,4,0,1,2,A,-,12,22450,A,N,D,C,A,A,H,-,C,A,0,,,,,Y,,-,,0,0,1,0,0,0,0,0,0,"- ","- ",,,TULARE,PORTERVILLE,-119.01994323730469,36.069721221923828
8772350,2018,2019-01-12,5405,2018-12-24,1328,169,,1,5,4,5405,0,0,0,,0,003,"OLIVE AV","EDISON POLE #2331137E",21.00,E,N,B,-,N,,,,,,,,,,Y,4,0,1,2,A,-,09,21804,A,N,D,C,A,A,H,-,A,A,0,,,,,Y,,-,,0,0,1,0,0,0,0,0,0,"- ","- ",,,TULARE,PORTERVILLE,,
8772358,2018,2019-01-12,5405,2018-12-30,1821,C28,,7,5,4,5405,0,0,0,,0,003,"DATE AV","WALLACE ST",30.00,E,N,A,-,N,,,,,,,,,,Y,4,0,1,1,A,-,08,22107,,N,E,I,A,A,H,-,D,D,0,,,,,Y,,-,,0,0,1,0,0,0,0,0,0,"- ","- ",,,TULARE,PORTERVILLE,-119.01175689697266,36.058547973632812
8773042,2018,2019-01-16,5407,2018-12-05,1049,M33,480,3,5,5,5407,0,0,0,,0,,HOUSTON,BURKE,0.00,,Y,B,-,N,,,,,,,,,,Y,4,0,1,2,A,-,12,21453,A,N,D,C,A,A,H,-,A,A,0,,,,Y,Y,,E,22,0,0,1,0,0,0,0,0,0,"- ","- ",36.341831207275391,-119.28321075439453,TULARE,VISALIA,-119.283203125,36.341850280761719
8773086,2018,2019-02-06,5407,2018-12-03,1702,M282,480,1,5,5,5407,0,0,0,,0,033,"S DIVISADERO ST","W TULARE AV",706.00,S,N,A,-,N,,,,,,,,,,Y,4,0,1,2,A,-,08,22107,,N,F,E,A,A,H,-,C,A,0,,,,,Y,,A,01,0,0,1,0,0,0,0,0,0,"- ","- ",36.3201904296875,-119.30986022949219,TULARE,VISALIA,-119.30986022949219,36.318283081054688
8773110,2018,2019-01-12,5407,2018-11-19,1114,M33,480,1,5,5,5407,0,0,0,,0,,OAK,WILLIS,0.00,,Y,B,-,N,,,,,,,,,,Y,4,0,1,4,A,-,09,21802,A,N,D,C,A,A,H,-,A,A,0,,,,,Y,Y,A,08,0,0,1,0,0,0,0,0,0,"- ","- ",36.331001281738281,-119.2969970703125,TULARE,VISALIA,-119.29773712158203,36.331859588623047
8778738,2018,2019-02-04,5407,2018-12-15,0004,A156,480,6,5,5,5407,0,0,0,,0,033,"PARADISE AV",CONYER,254.00,W,N,A,-,N,,,,,,,,,,Y,3,0,1,2,A,-,01,23152,A,M,B,E,A,A,H,-,C,D,0,,,,,Y,Y,A,01,0,1,0,0,0,0,0,0,0,"- ","- ",36.316520690917969,-119.30091094970703,TULARE,VISALIA,-119.30178833007812,36.316474914550781
8778786,2018,2019-02-04,5407,2018-12-24,1705,C49,480,1,5,5,5407,0,0,0,,0,N25,"NW 2ND AVE","PINE ST",0.00,,Y,A,-,N,,,,,,,,,,N,4,0,1,2,A,-,05,21651,A,M,D,C,A,A,H,-,C,A,0,,,,,Y,,D,22,0,0,1,0,0,0,0,0,0,"- ","- ",36.337501525878906,-119.29239654541016,TULARE,VISALIA,-119.29351043701172,36.337039947509766
8779084,2019,2019-05-04,5407,2019-01-03,0017,A318,480,4,5,5,5407,0,0,0,,0,00N,"W HOUSTON AV","WOODLAND ST",33.00,E,N,A,-,N,,,,,,,,,,Y,3,0,3,2,A,-,01,23153,A,N,A,C,A,A,H,-,C,D,0,,,,,Y,,D,22,0,1,2,0,0,0,0,0,0,"- ","- ",36.3419189453125,-119.31427764892578,TULARE,VISALIA,-119.31822967529297,36.341938018798828
8779096,2018,2019-02-06,5407,2018-11-29,1319,M116,480,4,5,5,5407,0,0,0,,0,00Q,"CALDWELL AV","SANTA FE",0.00,,Y,C,-,N,,,,,,,,,,Y,4,0,1,2,A,-,12,21453,A,N,D,C,A,B,H,-,A,A,0,,,,,Y,,D,22,0,0,1,0,0,0,0,0,0,"- ","- ",36.298118591308594,-119.28717803955078,TULARE,VISALIA,-119.28717041015625,36.298160552978516
8779133,2018,2019-02-05,5407,2018-12-31,2347,11623,480,1,5,5,5407,0,0,0,,0,025,"W PROSPECT AV","N GIDDINGS",90.00,E,N,A,-,N,,,,,,,,,,N,2,0,1,2,A,-,01,23152,A,N,C,E,A,A,H,-,C,D,0,,,,,Y,Y,A,01,1,0,0,0,0,0,0,0,0,"- ","- ",36.345230102539062,-119.30561828613281,TULARE,VISALIA,-119.30531311035156,36.345226287841797
8779139,2019,2019-02-12,5407,2019-01-06,1105,C45,480,7,5,5,5407,0,0,0,,0,"R 12","S CHINOWTH ST","W JUDY AV",0.00,,Y,B,-,N,,,,,,,,,,Y,4,0,1,2,A,-,09,21801,A,N,D,C,A,B,H,-,A,A,0,,,,,Y,,A,01,0,0,1,0,0,0,0,0,0,"- ","- ",36.315498352050781,-119.336181640625,TULARE,VISALIA,-119.33616638183594,36.315521240234375
8779143,2019,2019-02-12,5407,2019-01-03,1255,M226,480,4,5,5,5407,0,0,0,,0,012,"W WALNUT AV","S AKERS ST",0.00,,Y,A,-,N,,,,,,,,,,Y,4,0,1,2,A,-,12,21453,A,N,D,C,A,A,H,-,A,A,0,,,,,Y,,A,01,0,0,1,0,0,0,0,0,0,"- ","- ",36.312770843505859,-119.34954071044922,TULARE,VISALIA,-119.34963226318359,36.312759399414062
8779147,2019,2019-02-12,5407,2019-01-04,0917,M186,480,5,5,5,5407,0,0,0,,0,,"E NOBLE AV",BURKE,0.00,,Y,A,-,N,,,,,,,,,,Y,4,0,2,2,A,-,12,21453,A,N,D,C,A,A,H,-,A,A,0,,,,,Y,,A,07,0,0,2,0,0,0,0,0,0,"- ","- ",36.326400756835938,-119.28323364257812,TULARE,VISALIA,-119.28324890136719,36.326389312744141
8779162,2018,2019-02-02,5407,2018-12-29,1554,M201,480,6,5,5,5407,0,0,0,,0,00Q,"E WALNUT AV","BEN MADDOX WY",58.00,W,N,A,-,N,,,,,,,,,,N,4,0,3,2,A,-,01,23152,B,F,C,C,A,A,H,-,A,A,0,,,,,Y,Y,A,01,0,0,3,0,0,0,0,0,0,"- ","- ",36.312660217285156,-119.27400207519531,TULARE,VISALIA,-119.27420043945312,36.312641143798828
8779175,2019,2019-02-12,5407,2019-01-19,1611,C49,480,6,5,5,5407,0,0,0,,0,,"E HOUSTON AV","N LIBERTY ST",78.00,W,N,A,-,N,,,,,,,,,,Y,3,0,3,3,A,-,03,22350,,N,C,C,A,A,H,-,A,A,0,,,,,Y,,A,01,0,1,2,0,0,0,0,0,0,"- ","- ",36.340999603271484,-119.28500366210938,TULARE,VISALIA,-119.28537750244141,36.341850280761719
8779186,2018,2019-02-02,5407,2018-12-20,1715,C46,480,4,5,5,5407,0,0,0,,0,00R,"W VISALIA PKWY","S HERITAGE ST",137.00,W,N,A,-,N,,,,,,,,,,Y,4,0,1,2,A,-,03,22350,,N,C,C,A,A,H,-,C,A,0,,,,,Y,,A,01,0,0,1,0,0,0,0,0,0,"- ","- ",36.290969848632812,-119.34935760498047,TULARE,VISALIA,-119.34736633300781,36.291141510009766
8779194,2018,2019-02-02,5407,2018-12-16,1447,C49,480,7,5,5,5407,0,0,0,,0,R12,"W CALDWELL AV","S SHADY ST",0.00,,Y,A,-,N,,,,,,,,,,N,2,0,1,2,A,-,12,21453,A,N,A,C,A,A,H,-,A,A,0,,,,,Y,,A,07,1,0,0,0,0,0,0,0,0,"- ","- ",36.298450469970703,-119.31651306152344,TULARE,VISALIA,-119.31652069091797,36.298519134521484
8779198,2018,2019-02-02,5407,2018-12-07,1544,M222,480,5,5,5,5407,0,0,0,,0,034,"CALDWELL AV","COURT ST",0.00,,Y,B,-,N,,,,,,,,,,Y,3,0,4,2,A,-,09,21453,C,N,D,C,A,A,H,-,A,A,0,,,,,Y,,A,01,0,2,2,0,0,0,0,0,0,"- ","- ",36.298110961914062,-119.29154205322266,TULARE,VISALIA,-119.29154205322266,36.298141479492188
8780356,2018,2019-02-01,5405,2018-12-23,1822,C28,,7,5,4,5405,0,0,0,,0,001,"RT 65","WEST NORTH GRAND AV",114.00,N,N,A,-,Y,TUL,6,65,-,-,21.390,H,-,S,Y,4,0,4,2,A,-,03,22350,,N,C,C,A,A,H,-,C,A,0,,,,,Y,,-,,0,0,4,0,0,0,0,0,0,"- ","- ",,,TULARE,PORTERVILLE,-119.04026794433594,36.098388671875
8786580,2018,2019-02-25,5407,2018-11-21,2023,C49,480,3,5,5,5407,0,0,0,,0,N25,"W MURRAY AV","N DUDLEY ST",0.00,,Y,C,-,N,,,,,,,,,,Y,3,0,1,1,A,-,01,23152,A,N,E,I,A,B,H,-,C,A,0,,,,,Y,Y,A,01,0,1,0,0,0,0,0,0,0,"- ","- ",36.333591461181641,-119.30551147460938,TULARE,VISALIA,-119.30438232421875,36.333709716796875
8791915,2019,2019-03-13,5407,2019-01-15,1323,M116,480,2,5,5,5407,0,0,0,,0,00P,"W MYRTLE AV","RT 63",0.00,,Y,B,-,Y,TUL,6,63,-,-,7.820,I,6,N,N,4,0,1,2,A,-,11,21950,B,N,G,B,D,A,H,-,A,A,0,Y,,,,Y,,N,60,0,0,1,0,1,0,0,0,0,"- ","- ",36.324748992919922,-119.31388854980469,TULARE,VISALIA,-119.31393432617188,36.324764251708984
8792178,2019,2019-02-14,5405,2019-01-30,1324,186,,3,5,4,5405,0,0,0,,0,001,"NEWCOMB ST","HENDERSON AV",0.00,N,N,A,-,N,,,,,,,,,,N,3,0,1,2,A,-,05,21202,A,N,D,G,A,A,H,-,A,A,0,,Y,,,Y,,L,04,0,1,0,0,0,0,1,0,0,"- ","- ",,,TULARE,PORTERVILLE,-119.05287170410156,36.080348968505859
8792182,2019,2019-02-14,5405,2019-01-30,1936,C26,,3,5,4,5405,0,0,0,,0,002,"MORTON AV","PEARSON DR",108.00,W,N,A,-,N,,,,,,,,,,N,4,0,1,2,A,-,03,22350,,F,C,C,A,A,H,-,C,D,0,,,,,Y,,-,,0,0,1,0,0,0,0,0,0,"- ","- ",,,TULARE,PORTERVILLE,-119.02796173095703,36.073226928710938
8792186,2019,2019-02-14,5405,2019-01-28,0754,186,,1,5,4,5405,0,0,0,,0,001,"MORTON AV","MATHEW ST",20.00,W,N,A,-,N,,,,,,,,,,N,4,0,1,2,A,-,03,22350,,N,C,C,A,A,H,-,A,A,0,,,,,Y,,-,,0,0,1,0,0,0,0,0,0,"- ","- ",,,TULARE,PORTERVILLE,-119.06195068359375,36.073101043701172
8796697,2019,2019-03-05,5405,2019-02-04,0920,136,,1,5,4,5405,0,0,0,,0,004,"OLIVE AV","CLOVERLEAF ST",15.00,W,N,C,-,N,,,,,,,,,,N,4,0,1,2,A,-,08,22107,,N,B,C,A,B,H,-,A,A,0,,,,,Y,,-,"- ",0,0,1,0,0,0,0,0,0,"- ","- ",,,TULARE,PORTERVILLE,-119.03819274902344,36.065898895263672
8797172,2019,2019-02-19,5405,2019-02-05,2146,234,PORTE,2,5,4,5405,0,0,0,,0,003,"MAIN ST","ORANGE AV",0.00,,Y,B,-,N,,,,,,,,,,Y,4,0,1,2,A,-,12,21453,,N,D,C,A,B,H,-,C,A,0,,,,,Y,,-,,0,0,1,0,0,0,0,0,0,"- ","- ",,,TULARE,PORTERVILLE,-119.01654815673828,36.06121826171875
8799835,2021,2022-09-26,5407,2021-12-31,1758,M282,480,5,5,5,5407,0,0,0,,0,026,"HOUSTON AV","BURKE ST",510.00,E,N,B,-,N,,,,,,,,,,N,2,0,1,2,A,-,11,21956,,N,A,B,D,A,H,-,C,A,0,Y,,,,Y,,N,60,1,0,0,0,1,0,0,0,0,"- ","- ",36.418319702148438,-119.28321075439453,TULARE,VISALIA,-119.28147125244141,36.341842651367188
8805661,2019,2019-02-21,5403,2019-01-19,1730,841,,6,5,2,5403,0,0,0,,0,,"NORTH FARMERSVILLE BL","W ASHLEY ST",23.00,N,N,A,-,N,,,,,,,,,,N,4,0,1,2,A,-,09,21804,,N,D,C,A,A,H,-,A,D,0,,,,,Y,,A,01,0,0,1,0,0,0,0,0,0,"- ","- ",,,TULARE,FARMERSVILLE,-119.20703887939453,36.310291290283203
8808115,2019,2019-04-30,5403,2019-03-25,1800,841,,1,5,2,5403,0,0,0,,0,,"NORTH FARMERSVILLE BL","E VISALIA RD",82.00,N,N,A,-,N,,,,,,,,,,Y,1,1,0,2,A,-,08,22107,,N,D,C,A,A,H,-,A,D,0,,,Y,,Y,,A,01,0,0,0,0,0,0,0,1,0,"- ","- ",,,TULARE,FARMERSVILLE,-119.20719146728516,36.297996520996094
8808439,2019,2019-08-27,5406,2019-07-21,0248,41,5B,7,5,4,5406,0,0,0,,0,0ES,"RT 63",PROSPERITY,580.00,S,N,A,-,Y,TUL,6,63,-,-,0.900,H,-,S,Y,1,1,0,1,C,-,18,,,N,H,A,A,A,H,-,C,D,0,,,,,Y,Y,-,"- ",0,0,0,0,0,0,0,0,0,"- ","- ",,,TULARE,TULARE,-119.31307220458984,36.224292755126953
8809964,2018,2019-03-07,5407,2018-12-02,1836,A274,480,7,5,5,5407,0,0,0,,0,025,"N LOCUST ST","W MAIN ST",0.00,,Y,A,-,N,,,,,,,,,,N,3,0,1,2,A,-,11,21954,A,N,D,G,A,A,H,-,C,A,0,,Y,,,Y,,L,04,0,1,0,0,0,0,1,0,0,"- ","- ",36.330150604248047,-119.29344177246094,TULARE,VISALIA,-119.29344940185547,36.330181121826172
8811108,2019,2019-03-15,5405,2019-03-04,0808,C28,,1,5,4,5405,0,0,0,,0,003,"PLANO ST","MILL AV",5.00,S,N,A,-,N,,,,,,,,,,Y,4,0,1,2,A,-,09,21802,A,N,B,C,A,A,H,-,A,A,0,,,,,Y,,-,,0,0,1,0,0,0,0,0,0,"- ","- ",,,TULARE,PORTERVILLE,-119.00834655761719,36.068565368652344
8813315,2019,2019-03-20,5404,2019-02-26,1520,679,21L,2,5,2,5404,0,0,0,,0,001,ELMWOOD,TULARE,0.00,,Y,B,-,N,,,,,,,,,,N,4,0,1,2,A,-,09,21800,A,N,D,C,A,A,H,-,A,D,0,,,,Y,Y,,A,,0,0,1,0,0,0,0,0,0,"- ","- ",,,TULARE,LINDSAY,-119.09249114990234,36.210559844970703
8816312,2019,2019-03-07,5407,2019-01-21,0659,M226,480,1,5,5,5407,0,0,0,,0,012,"S AKERS ST","NOBLE AV",0.00,,Y,B,-,N,,,,,,,,,,Y,4,0,1,2,A,-,12,21453,A,N,A,C,A,B,H,-,A,A,0,,,,,Y,,D,22,0,0,1,0,0,0,0,0,0,"- ","- ",36.326690673828125,-119.34967041015625,TULARE,VISALIA,-119.34976196289062,36.326641082763672
8816316,2019,2019-03-07,5407,2019-01-23,2221,M234,480,3,5,5,5407,0,0,0,,0,011,PLAZA,GOSHEN,0.00,,Y,A,-,N,,,,,,,,,,Y,4,0,1,2,A,-,09,21453,C,F,D,C,A,A,H,-,C,A,0,,,,,Y,,D,22,0,0,1,0,0,0,0,0,0,"- ","- ",36.342010498046875,-119.39452362060547,TULARE,VISALIA,-119.394471,36.342005999999998
8816319,2019,2019-03-08,5407,2019-02-09,1202,M66,480,6,5,5,5407,0,0,0,,0,,DEMAREE,NICHOLAS,333.00,N,N,B,-,N,,,,,,,,,,Y,4,0,1,2,A,-,09,21801,A,N,D,C,A,A,H,-,A,D,0,,,,,Y,,D,22,0,0,1,0,0,0,0,0,0,"- ","- ",36.337001800537109,-119.33207702636719,TULARE,VISALIA,-119.33192443847656,36.337062835693359
8816320,2019,2019-03-18,5407,2019-01-23,1400,M226,480,3,5,5,5407,0,0,0,,0,026,"E MAIN ST","N CAIN ST",0.00,,Y,A,-,N,,,,,,,,,,Y,4,0,1,2,A,-,12,22450,A,N,D,C,A,A,H,-,A,A,0,,,,,Y,,A,08,0,0,1,0,0,0,0,0,0,"- ","- ",36.330329895019531,-119.27462005615234,TULARE,VISALIA,-119.27423095703125,36.330211639404297
8816409,2019,2019-03-11,5407,2019-02-03,1748,11809,480,7,5,5,5407,0,0,0,,0,026,"BEN MADDOX","MINERAL KING AV",0.00,N,N,B,C,N,,,,,,,,,,Y,3,0,1,1,C,-,18,,,N,D,J,A,D,H,-,B,A,0,,,,,Y,,-,"- ",0,1,0,0,0,0,0,0,0,"- ","- ",,,TULARE,VISALIA,-119.27855682373047,36.327358245849609
8816413,2019,2019-03-11,5407,2019-02-01,1752,A306,480,5,5,5,5407,0,0,0,,0,033,"GIDDINGS ST","WALNUT AV",0.00,,Y,A,-,N,,,,,,,,,,Y,4,0,1,2,A,-,08,22107,,N,A,C,A,A,H,-,C,A,0,,,,,Y,,A,01,0,0,1,0,0,0,0,0,0,"- ","- ",,,TULARE,VISALIA,-119.30535888671875,36.312908172607422
8816417,2019,2019-03-11,5407,2019-02-05,0724,M66,480,2,5,5,5407,0,0,0,,0,,CAMERON,"MOONEY BL",750.00,E,N,B,-,N,,,,,,,,,,Y,4,0,1,2,A,-,09,21801,A,N,D,C,A,B,H,-,A,A,0,,,,,Y,,A,01,0,0,1,0,0,0,0,0,0,"- ","- ",36.293498992919922,-119.3106689453125,TULARE,VISALIA,-119.31118011474609,36.294544219970703
8816478,2019,2019-03-11,5407,2019-02-08,1915,11896,480,5,5,5,5407,0,0,0,,0,026,"E HOUSTON AV","GARDEN ST",60.00,W,N,B,-,N,,,,,,,,,,N,3,0,1,2,A,-,11,21954,A,N,G,B,D,A,H,-,C,A,0,Y,,,,Y,,N,60,0,1,0,0,1,0,0,0,0,"- ","- ",36.341949462890625,-119.29019165039062,TULARE,VISALIA,-119.2904052734375,36.3419189453125
8816676,2019,2019-03-12,5407,2019-01-22,1803,M282,480,2,5,5,5407,0,0,0,,0,025,"N MOONEY BL","W CONNELLY AV",194.00,S,N,B,-,N,,,,,,,,,,Y,4,0,1,3,A,-,08,22107,,N,B,E,A,B,H,-,C,A,0,,,,,Y,,A,01,0,0,1,0,0,0,0,0,0,"- ","- ",36.349178314208984,-119.31436920166016,TULARE,VISALIA,-119.31426239013672,36.339626312255859
8816692,2019,2019-03-12,5407,2019-01-29,1742,A277,48-,2,5,5,5407,0,0,0,,0,025,"GOSHEN AV","DEMAREE ST",0.00,,Y,A,-,N,,,,,,,,,,Y,4,0,1,1,C,-,18,,,N,E,I,A,A,H,-,C,D,0,,,,,Y,,-,"- ",0,0,1,0,0,0,0,0,0,"- ","- ",,,TULARE,VISALIA,-119.33195000000001,36.338700000000003
8817941,2019,2019-03-22,5405,2019-03-07,0749,248,,4,5,4,5405,0,0,0,,0,001,"NORTH GRAND AV","MASTON ST",0.00,,Y,A,-,N,,,,,,,,,,N,4,0,1,2,A,-,09,21802,A,N,D,C,A,A,H,-,A,A,0,,,,,Y,,-,,0,0,1,0,0,0,0,0,0,"- ","- ",,,TULARE,PORTERVILLE,-119.04290771484375,36.076789855957031
8819236,2019,2019-08-22,5407,2019-02-08,1512,M201,480,5,5,5,5407,0,0,0,,0,034,"S MOONEY BL",ORCHARD,243.00,S,N,A,-,Y,TUL,6,63,-,-,6.000,H,-,N,N,3,0,1,2,A,-,03,22350,,N,C,C,A,A,H,-,A,A,0,,,,,Y,,A,07,0,1,0,0,0,0,0,0,0,"- ","- ",36.298469543457031,-119.31366729736328,TULARE,VISALIA,-119.31359100341797,36.298343658447266
8819741,2019,2019-03-14,5405,2019-02-17,2006,246,PORTE,7,5,4,5405,0,0,0,,0,002,"MAIN ST","WESTFIELD AV",66.00,S,N,A,-,N,,,,,,,,,,Y,3,0,2,3,A,-,09,21804,A,N,D,C,A,A,H,-,D,D,0,,,,,Y,,-,,0,1,1,0,0,0,0,0,0,"- ","- ",,,TULARE,PORTERVILLE,-119.02640533447266,36.087444305419922
8819745,2019,2019-03-14,5405,2019-02-17,2025,237,PPD,7,5,4,5405,0,0,0,,0,002,"MORTON AV","MAIN ST",0.00,,Y,A,-,N,,,,,,,,,,Y,4,0,2,2,A,-,12,21453,A,N,D,C,A,A,H,-,C,A,0,,,,,Y,,-,,0,0,2,0,0,0,0,0,0,"- ","- ",,,TULARE,PORTERVILLE,-119.01615905761719,36.073051452636719
8819757,2019,2019-03-14,5405,2019-02-10,0826,C26,,7,5,4,5405,0,0,0,,0,004,"MORTON AV","OHIO ST",90.00,W,N,B,C,N,,,,,,,,,,Y,3,0,2,1,A,-,01,23153,,F,E,J,A,B,H,-,A,A,0,,,,,Y,Y,-,,0,2,0,0,0,0,0,0,0,"- ","- ",,,TULARE,PORTERVILLE,-119.03428649902344,36.073280334472656
8824084,2019,2019-07-23,5405,2019-03-14,1611,237,PPD,4,5,4,5405,0,0,0,,0,003,"MAIN ST","RT 190",0.00,,Y,A,-,Y,TUL,6,190,-,-,16.565,R,4,W,N,4,0,1,2,A,-,10,21950,A,N,G,B,D,A,H,-,A,D,0,Y,,,,Y,,-,,0,0,1,0,1,0,0,0,0,"- ",WF,,,TULARE,PORTERVILLE,-119.01533508300781,36.051101684570312
8824193,2018,2019-03-29,5407,2018-07-09,0935,M33,480,1,5,5,5407,0,0,0,,0,,CALDWELL,COURT,45.00,W,N,A,-,N,,,,,,,,,,N,4,0,2,2,A,-,03,22350,,N,C,C,A,A,H,-,A,A,0,,,,,Y,,D,22,0,0,2,0,0,0,0,0,0,"- ","- ",36.298110961914062,-119.29154205322266,TULARE,VISALIA,-119.29169464111328,36.298141479492188
8826464,2019,2019-08-26,5404,2019-03-10,1804,677,,7,5,2,5404,0,0,0,,0,015,"LINDMORE ST","RT 65",0.00,E,N,A,-,Y,TUL,6,65,-,-,28.922,I,6,N,Y,4,0,1,2,A,-,01,23152,A,F,C,C,A,A,H,-,A,D,0,,,,,Y,Y,A,,0,0,1,0,0,0,0,0,0,"- ","- ",,,TULARE,LINDSAY,-119.09963226318359,36.195991516113281
8827879,2019,2019-05-24,5405,2019-03-26,1328,238,5405,2,5,4,5405,0,0,0,,0,003,"RT 190","PLANO ST",0.00,,Y,A,-,Y,TUL,6,190,-,-,16.967,I,5,W,N,3,0,1,2,A,-,10,21950,A,N,G,B,B,A,H,-,A,A,0,Y,,,,Y,,-,,0,1,0,0,1,0,0,0,0,"- ","- ",,,TULARE,PORTERVILLE,-119.00818634033203,36.051158905029297