CASE_ID,ACCIDENT_YEAR,PROC_DATE,JURIS,COLLISION_DATE,COLLISION_TIME,OFFICER_ID,REPORTING_DISTRICT,DAY_OF_WEEK,CHP_SHIFT,POPULATION,CNTY_CITY_LOC,SPECIAL_COND,BEAT_TYPE,CHP_BEAT_TYPE,CITY_DIVISION_LAPD,CHP_BEAT_CLASS,BEAT_NUMBER,PRIMARY_RD,SECONDARY_RD,DISTANCE,DIRECTION,INTERSECTION,WEATHER_1,WEATHER_2,STATE_HWY_IND,CALTRANS_COUNTY,CALTRANS_DISTRICT,STATE_ROUTE,ROUTE_SUFFIX,POSTMILE_PREFIX,POSTMILE,LOCATION_TYPE,RAMP_INTERSECTION,SIDE_OF_HWY,TOW_AWAY,COLLISION_SEVERITY,NUMBER_KILLED,NUMBER_INJURED,PARTY_COUNT,PRIMARY_COLL_FACTOR,PCF_CODE_OF_VIOL,PCF_VIOL_CATEGORY,PCF_VIOLATION,PCF_VIOL_SUBSECTION,HIT_AND_RUN,TYPE_OF_COLLISION,MVIW,PED_ACTION,ROAD_SURFACE,ROAD_COND_1,ROAD_COND_2,LIGHTING,CONTROL_DEVICE,CHP_ROAD_TYPE,PEDESTRIAN_ACCIDENT,BICYCLE_ACCIDENT,MOTORCYCLE_ACCIDENT,TRUCK_ACCIDENT,NOT_PRIVATE_PROPERTY,ALCOHOL_INVOLVED,STWD_VEHTYPE_AT_FAULT,CHP_VEHTYPE_AT_FAULT,COUNT_SEVERE_INJ,COUNT_VISIBLE_INJ,COUNT_COMPLAINT_PAIN,COUNT_PED_KILLED,COUNT_PED_INJURED,COUNT_BICYCLIST_KILLED,COUNT_BICYCLIST_INJURED,COUNT_MC_KILLED,COUNT_MC_INJURED,PRIMARY_RAMP,SECONDARY_RAMP,LATITUDE,LONGITUDE,COUNTY,CITY,POINT_X,POINT_Y
8895687,2019,2019-07-16,5405,2019-06-24,1120,3,,1,5,4,5405,0,0,0,,0,001,"WESTFIELD AV","NEWCOMB ST",0.00,,Y,A,-,N,,,,,,,,,,N,3,0,1,2,A,-,17,21451,A,N,H,G,A,A,H,-,A,A,0,,Y,,,Y,,-,,0,1,0,0,0,0,1,0,0,"- ","- ",,,TULARE,PORTERVILLE,-119.05274963378906,36.087608337402344
8896211,2019,2020-01-02,5407,2019-06-19,0503,M279,480,3,5,5,5407,0,0,0,,0,N-25,"SOUTH LEGGETT ST","W MINERAL KING",0.00,,Y,A,-,Y,TUL,6,63,-,-,8.013,I,5,S,Y,4,0,2,2,A,-,12,21453,A,N,A,C,A,A,H,-,B,A,0,,,,,Y,,A,07,0,0,2,0,0,0,0,0,0,"- ","- ",36.327430725097656,-119.29341125488281,TULARE,VISALIA,-119.29341888427734,36.327434539794922
8896487,2019,2019-07-24,5407,2019-07-02,1033,M226,480,2,5,5,5407,0,0,0,,0,025,"W RIGGIN AV","N GIDDINGS ST",0.00,,Y,A,-,N,,,,,,,,,,Y,3,0,2,2,A,-,12,22450,A,N,D,C,A,A,H,-,A,A,0,,,,,Y,,A,07,0,1,1,0,0,0,0,0,0,"- ","- ",36.356399536132812,-119.30571746826172,TULARE,VISALIA,-119.30571746826172,36.356399536132812
8896490,2019,2020-01-02,5407,2019-05-13,1629,A277,480,1,5,5,5407,0,0,0,,0,034,"WHITENDALE AV","RT 63",0.00,,Y,A,-,Y,TUL,6,63,-,-,6.520,I,6,N,Y,4,0,1,3,A,-,03,22350,,N,C,C,A,A,H,-,A,A,0,,,,,Y,,A,07,0,0,1,0,0,0,0,0,0,"- ","- ",,,TULARE,VISALIA,-119.31369781494141,36.305774688720703
8896494,2019,2020-01-02,5407,2019-05-23,1229,M201,480,4,5,5,5407,0,0,0,,0,,"S COURT ST","MINERAL KING AV",171.00,N,N,A,-,Y,TUL,6,63,-,-,8.050,H,-,N,Y,4,0,2,2,A,-,08,22108,,N,B,C,A,A,H,-,A,A,0,,,,,Y,,A,01,0,0,2,0,0,0,0,0,0,"- ","- ",36.329238891601562,-119.29231262207031,TULARE,VISALIA,-119.29231262207031,36.327960968017578
8896529,2019,2020-01-27,5405,2019-07-01,1451,107,,1,5,4,5405,0,0,0,,0,004,"RT 190","JAYE ST",0.00,,Y,A,-,Y,TUL,6,190,-,-,15.950,I,5,W,Y,3,0,3,2,A,-,09,21453,C,N,D,C,A,A,H,-,A,A,0,,,,,Y,,-,,0,3,0,0,0,0,0,0,0,"- ","- ",,,TULARE,PORTERVILLE,-119.02625274658203,36.051593780517578
8896644,2019,2019-11-13,5404,2019-07-09,0630,680,,2,5,2,5404,0,0,0,,0,,"RT 65",HERMOSA,0.00,,Y,A,-,Y,TUL,6,65,-,-,29.491,I,5,S,Y,4,0,2,2,A,-,12,21453,A,N,D,C,A,A,H,-,A,A,0,,,,,Y,,A,01,0,0,2,0,0,0,0,0,0,"- ","- ",,,TULARE,LINDSAY,-119.10466003417969,36.203273773193359
8897619,2019,2019-07-24,5407,2019-06-12,1446,M214,480,3,5,5,5407,0,0,0,,0,,SEDONA,CORVINA,0.00,,Y,A,-,N,,,,,,,,,,,4,0,1,2,A,-,09,21800,A,N,D,C,A,A,H,-,A,D,0,,,,,Y,,D,22,0,0,1,0,0,0,0,0,0,"- ","- ",36.359169006347656,-119.31793975830078,TULARE,VISALIA,-119.31790924072266,36.359169006347656
8897623,2019,2019-07-24,5407,2019-06-13,0639,12007,480,4,5,5,5407,0,0,0,,0,025,ROBIN,CONYER,30.00,S,N,A,-,N,,,,,,,,,,N,2,0,1,2,A,-,21,22106,,N,D,G,A,A,H,-,A,D,0,,Y,,,Y,,L,04,1,0,0,0,0,0,1,0,0,"- ","- ",36.354198455810547,-119.30129241943359,TULARE,VISALIA,-119.30077362060547,36.354209899902344
8897651,2019,2019-07-26,5407,2019-06-26,1733,11893,480,3,5,5,5407,0,0,0,,0,M11,"W GOSHEN","N CAMP",0.00,,Y,A,-,N,,,,,,,,,,Y,3,0,2,2,A,-,03,22350,,N,C,C,A,A,H,-,A,D,0,,,,,Y,,A,01,0,1,1,0,0,0,0,0,0,"- ","- ",36.342010498046875,-119.39452362060547,TULARE,VISALIA,-119.41439819335938,36.341720581054688
8897798,2019,2019-08-14,5407,2019-06-20,2119,A301,480,4,5,5,5407,0,0,0,,0,026,"SANTA FE",MURRAY,0.00,,Y,A,-,N,,,,,,,,,,Y,3,0,1,2,A,-,17,21451,A,N,A,C,A,A,H,-,C,A,0,,,,,Y,,-,"- ",0,1,0,0,0,0,0,0,0,"- ","- ",36.333789825439453,-119.28787231445312,TULARE,VISALIA,-119.28787199999999,36.33379
8897802,2019,2019-07-23,5407,2019-06-19,1416,M222,480,3,5,5,5407,0,0,0,,0,025,"CONYER ST","MINERAL KING AV",0.00,,Y,A,-,N,,,,,,,,,,Y,3,0,2,2,A,-,12,21453,A,N,D,C,A,A,H,-,A,A,0,,,,,Y,,A,01,0,2,0,0,0,0,0,0,0,"- ","- ",36.327369689941406,-119.30104827880859,TULARE,VISALIA,-119.30107116699219,36.327369689941406
8897810,2019,2019-07-23,5407,2019-06-09,1959,A302,480,7,5,5,5407,0,0,0,,0,026,"SANTA FE ST","GROVE AV",84.00,N,N,A,-,N,,,,,,,,,,N,3,0,1,2,A,-,11,21954,A,N,G,B,D,A,H,-,A,D,0,Y,,,,Y,,N,60,0,1,0,0,1,0,0,0,0,"- ","- ",36.33721923828125,-119.28804016113281,TULARE,VISALIA,-119.28789520263672,36.337181091308594
8898734,2019,2019-07-19,5407,2019-05-24,1617,A306,480,5,5,5,5407,0,0,0,,0,033,"WALNUT AV","THOMAS ST",9.00,E,N,A,-,N,,,,,,,,,,Y,2,0,1,1,A,-,01,23152,E,N,E,I,A,A,H,-,A,A,0,,,,,Y,,A,07,1,0,0,0,0,0,0,0,0,"- ","- ",,,TULARE,VISALIA,-119.28430938720703,36.312908172607422
8899042,2019,2019-07-24,5407,2019-05-03,1919,A241,480,5,5,5,5407,0,0,0,,0,012,"W MARY ST","ROEBEN ST",12.00,E,N,A,-,N,,,,,,,,,,Y,3,0,1,1,A,-,01,23152,A,M,E,I,A,A,H,-,A,A,0,,,,,Y,Y,A,01,0,1,0,0,0,0,0,0,0,"- ","- ",36.309669494628906,-119.3577880859375,TULARE,VISALIA,-119.35849761962891,36.309909820556641
8900159,2019,2019-08-01,5405,2019-07-10,1921,C27,,3,5,4,5405,0,0,0,,0,002,"2ND ST","CLEVELAND AV",0.00,,Y,A,-,N,,,,,,,,,,Y,4,0,1,2,A,-,12,22450,,N,B,C,A,A,H,-,A,A,0,,,,,Y,,-,,0,0,1,0,0,0,0,0,0,"- ","- ",,,TULARE,PORTERVILLE,-119.01521301269531,36.070579528808594
8907986,2019,2019-09-06,5405,2019-08-08,1515,C26,,4,5,4,5405,0,0,0,,0,003,"OLIVE AV","3RD ST",0.00,,Y,A,-,N,,,,,,,,,,N,3,0,1,2,A,-,09,21801,A,N,H,A,A,A,H,-,A,A,0,,,,,Y,Y,-,,0,1,0,0,0,0,0,0,0,"- ","- ",,,TULARE,PORTERVILLE,-119.01431274414062,36.065128326416016
8908136,2019,2019-08-09,5405,2019-07-26,1715,C27,,5,5,4,5405,0,0,0,,0,004,"OLIVE AV","D ST",0.00,,Y,A,-,N,,,,,,,,,,Y,3,0,2,2,A,-,12,21453,A,N,B,C,A,A,H,-,A,A,0,,,,,Y,,-,,0,1,1,0,0,0,0,0,0,"- ","- ",,,TULARE,PORTERVILLE,-119.01846313476562,36.065120697021484
8910806,2020,2022-06-13,5406,2020-01-29,1433,30,5406,3,5,4,5406,0,0,0,,0,0AO,"RT 137",MORRISON,15.00,W,N,A,-,Y,TUL,6,137,-,-,18.050,H,-,W,Y,1,1,1,2,A,-,00,23103,A,N,A,C,A,A,H,-,A,A,0,,,,,Y,Y,A,01,0,0,1,0,0,0,0,0,0,"- ","- ",,,TULARE,TULARE,-119.30351257324219,36.211025238037109
8911558,2020,2020-09-16,5407,2020-07-14,1821,M66,480,2,5,5,5407,0,0,0,,0,,"SANTA FE ST","K RD",18.00,N,N,A,-,N,,,,,,,,,,Y,1,1,0,2,A,-,01,23152,A,N,C,G,A,A,H,-,A,D,0,,Y,,,Y,Y,A,07,0,0,0,0,0,1,0,0,0,"- ","- ",36.306751251220703,-119.28730773925781,TULARE,VISALIA,-119.28733062744141,36.307888031005859
8911774,2020,2020-11-06,5407,2020-09-05,1143,C51,480,6,5,5,5407,0,0,0,,0,N25,"N DEMAREE ST","W HILLSDALE AV",0.00,,Y,A,-,N,,,,,,,,,,Y,1,1,0,2,A,-,09,21803,A,N,D,C,A,A,H,-,A,A,0,,,,,Y,,A,01,0,0,0,0,0,0,0,0,0,"- ","- ",36.329231262207031,-119.33180999755859,TULARE,VISALIA,-119.331787109375,36.329250335693359
8911880,2020,2020-12-04,5405,2020-11-14,1838,272,"SEC 3",6,5,4,5405,0,0,0,,0,003,"MAIN ST","DATE AV",9.00,N,N,D,-,N,,,,,,,,,,Y,1,1,1,2,A,-,01,23152,A,N,C,C,A,H,H,-,A,D,0,,,,,Y,Y,B,01,0,1,0,0,0,0,0,0,0,"- ","- ",36.058609008789062,-119.01657867431641,TULARE,PORTERVILLE,-119.01658630371094,36.058624267578125
8913345,2019,2020-01-03,5407,2019-06-30,1320,11622,480,7,5,5,5407,0,0,0,,0,025,"RT 63","SWEET AV",105.00,N,N,A,-,Y,TUL,6,63,-,-,9.220,H,-,N,N,3,0,1,2,A,-,11,21954,A,N,G,B,D,A,H,-,A,D,0,Y,,,,Y,Y,N,60,0,1,0,0,1,0,0,0,0,"- ","- ",,,TULARE,VISALIA,-119.29685211181641,36.343364715576172
8913438,2019,2020-01-03,5407,2019-07-03,1110,M33,480,3,5,5,5407,0,0,0,,0,,"RT 63","MINERAL KING",270.00,N,N,A,-,Y,TUL,6,63,-,L,9.928,H,-,N,Y,2,0,1,1,A,-,05,21650,,N,E,I,A,A,H,-,A,D,0,,,,,Y,,A,01,1,0,0,0,0,0,0,0,0,"- ","- ",36.329238891601562,-119.29231262207031,TULARE,VISALIA,-119.29239654541016,36.336177825927734
8913731,2019,2019-09-04,5403,2019-07-07,1115,834,,7,5,2,5403,0,0,0,,0,,"FARMERSVILLE BL","FARMERSVILLE BL 800",35.00,N,N,A,-,N,,,,,,,,,,Y,4,0,2,2,A,-,08,22107,,N,-,C,A,A,H,-,A,D,0,,,,,Y,,-,,0,0,2,0,0,0,0,0,0,"- ","- ",,,TULARE,FARMERSVILLE,-119.20728302001953,36.2918701171875
8917113,2019,2019-08-19,5404,2019-07-26,1117,677,,5,5,2,5404,0,0,0,,0,016,"HERMOSA ST","ASHLAND AV",0.00,,Y,A,-,N,,,,,,,,,,Y,3,0,1,2,A,-,09,21801,A,N,D,C,A,A,H,-,A,D,0,,,,,Y,,-,,0,1,0,0,0,0,0,0,0,"- ","- ",,,TULARE,LINDSAY,-119.09525299072266,36.203620910644531
8922635,2019,2019-09-09,5405,2019-08-22,2315,240,,4,5,4,5405,0,0,0,,0,001,"HENDERSON AV","PROSPECT ST",349.00,W,N,A,-,N,,,,,,,,,,N,3,0,1,2,A,-,09,21804,A,N,D,G,A,A,H,-,C,D,0,,Y,,,Y,,-,,0,1,0,0,0,0,1,0,0,"- ","- ",,,TULARE,PORTERVILLE,-119.04515075683594,36.080406188964844
8922639,2019,2019-09-09,5405,2019-08-23,2023,217,,5,5,4,5405,0,0,0,,0,001,"NEWCOMB ST","PIONEER AV",0.00,,Y,A,-,N,,,,,,,,,,Y,4,0,1,2,A,-,09,21802,A,N,B,C,A,A,H,-,C,A,0,,,,,Y,,-,,0,0,1,0,0,0,0,0,0,"- ","- ",,,TULARE,PORTERVILLE,-119.05288696289062,36.091209411621094
8923029,2019,2019-09-06,5405,2019-08-12,1028,C26,,1,5,4,5405,0,0,0,,0,001,"MORTON AV","PROSPECT ST",0.00,,Y,A,-,N,,,,,,,,,,Y,4,0,1,2,A,-,12,21453,A,N,D,C,A,A,H,-,A,A,0,,,,,Y,,-,,0,0,1,0,0,0,0,0,0,"- ","- ",,,TULARE,PORTERVILLE,-119.04392242431641,36.073280334472656
8924492,2019,2019-11-18,5404,2019-07-31,1925,676,,3,5,2,5404,0,0,0,,0,22L,"S MIRAGE AV","APIA ST",0.00,,Y,A,-,N,,,,,,,,,,Y,4,0,1,3,A,-,12,22450,A,N,D,C,A,A,H,-,A,D,0,,,,,Y,,-,,0,0,1,0,0,0,0,0,0,"- ","- ",,,TULARE,LINDSAY,-119.08817999999999,36.201799999999999
8926677,2019,2019-08-26,5406,2019-07-14,0521,31,,7,5,4,5406,0,0,0,,0,0WS,"I DR",PAIGE,785.00,N,N,A,-,N,,,,,,,,,,Y,2,0,1,1,A,-,01,23152,B,N,E,I,A,A,H,-,D,D,0,,,,,Y,Y,A,01,1,0,0,0,0,0,0,0,0,"- ","- ",,,TULARE,TULARE,-119.34328460693359,36.184188842773438
8927396,2019,2019-09-04,5405,2019-08-19,1006,C29,,1,5,4,5405,0,0,0,,0,001,"PROSPECT ST","GRAND AV",0.00,,Y,A,-,N,,,,,,,,,,Y,3,0,1,2,A,-,12,21453,A,N,A,C,A,A,H,-,A,A,0,,,,,Y,,-,,0,1,0,0,0,0,0,0,0,"- ","- ",,,TULARE,PORTERVILLE,-119.04396057128906,36.076789855957031
8927404,2019,2019-08-30,5405,2019-08-14,1400,245,5405,3,5,4,5405,0,0,0,,0,001,"NORTH  NEWCOMB","MEMORY AV",20.00,N,N,A,-,N,,,,,,,,,,N,2,0,1,2,A,-,08,22107,,N,D,C,A,A,H,-,A,D,0,,,,,Y,,-,,1,0,0,0,0,0,0,0,0,"- ","- ",,,TULARE,PORTERVILLE,-119.05280303955078,36.077663421630859
8929227,2019,2019-09-12,5407,2019-07-21,2238,A323,480,7,5,5,5407,0,0,0,,0,025,"W BUENNA VISTA AV","N TURNER ST",69.00,W,N,A,-,N,,,,,,,,,,Y,3,0,1,2,A,-,01,23152,A,N,A,E,A,A,H,-,C,A,0,,,,,Y,Y,A,01,0,1,0,0,0,0,0,0,0,"- ","- ",,,TULARE,VISALIA,-119.30365753173828,36.346260070800781
8929235,2019,2020-01-27,5407,2019-07-21,1239,A310,480,7,5,5,5407,0,0,0,,0,P33,"RT 63","W NOBLE AV",0.00,,Y,A,-,Y,TUL,6,63,-,L,7.949,I,5,N,Y,3,0,2,2,A,-,12,21453,A,N,D,C,A,A,H,-,A,A,0,,,,,Y,,D,22,0,2,0,0,0,0,0,0,0,"- ","- ",36.326278686523438,-119.31349945068359,TULARE,VISALIA,-119.31397247314453,36.326526641845703
8929243,2019,2019-09-12,5407,2019-07-23,1605,M66,480,2,5,5,5407,0,0,0,,0,,"WALNUT AV","COURT ST",138.00,E,N,A,-,N,,,,,,,,,,N,4,0,1,2,A,-,21,22106,,N,C,C,A,A,H,-,A,A,0,,,,,Y,,D,22,0,0,1,0,0,0,0,0,0,"- ","- ",36.312850952148438,-119.29200744628906,TULARE,VISALIA,-119.29200744628906,36.312858581542969
8929255,2019,2019-09-12,5407,2019-07-26,0651,M282,480,5,5,5,5407,0,0,0,,0,011,"MILLER PARK CT","GOSHEN AV",465.00,S,N,A,-,N,,,,,,,,,,Y,4,0,1,2,A,-,06,21750,,N,B,C,A,A,H,-,A,A,0,,,,,Y,,A,01,0,0,1,0,0,0,0,0,0,"- ","- ",36.340408325195312,-119.40943145751953,TULARE,VISALIA,-119.40925598144531,36.340473175048828
8929263,2019,2019-09-12,5407,2019-07-26,1833,11681,480,5,5,5,5407,0,0,0,,0,025,"W RIGGIN AV","N GIDDINGS ST",0.00,,Y,A,-,N,,,,,,,,,,Y,3,0,1,2,A,-,03,22350,,N,C,C,A,A,H,-,A,A,0,,,,,Y,,D,22,0,1,0,0,0,0,0,0,0,"- ","- ",36.356399536132812,-119.30571746826172,TULARE,VISALIA,-119.30571746826172,36.356399536132812
8929314,2019,2019-09-16,5407,2019-07-27,1729,11809,480,6,5,5,5407,0,0,0,,0,033,NOBLE,"BRIDGE ST",0.00,,Y,A,-,N,,,,,,,,,,Y,4,0,1,2,A,-,12,21453,A,N,D,C,A,A,H,-,A,A,0,,,,,Y,,A,01,0,0,1,0,0,0,0,0,0,"- ","- ",,,TULARE,VISALIA,-119.2889404296875,36.326400756835938
8929326,2019,2019-09-11,5407,2019-07-25,1108,M226,480,4,5,5,5407,0,0,0,,0,012,"W NOBLE AV","DEMAREE ST",0.00,,Y,B,-,N,,,,,,,,,,Y,4,0,1,2,A,-,12,21453,A,N,D,C,A,A,H,-,A,A,0,,,,,Y,,A,01,0,0,1,0,0,0,0,0,0,"- ","- ",36.32659912109375,-119.33170318603516,TULARE,VISALIA,-119.33177185058594,36.326629638671875
8929354,2019,2019-09-11,5407,2019-07-03,0943,M226,480,3,5,5,5407,0,0,0,,0,033,"S COURT ST","MYRTLE AV",0.00,,Y,A,-,N,,,,,,,,,,Y,4,0,3,2,A,-,08,22107,,N,D,C,A,A,H,-,A,A,0,,,,,Y,,A,08,0,0,3,0,0,0,0,0,0,"- ","- ",36.324901580810547,-119.29219818115234,TULARE,VISALIA,-119.29228210449219,36.324951171875
8931442,2019,2019-09-17,5407,2019-08-23,1243,M203,480,5,5,5,5407,0,0,0,,0,,WEST,CALDWELL,0.00,,Y,A,-,N,,,,,,,,,,N,4,0,1,2,A,-,01,23152,A,N,C,C,A,A,H,-,A,A,0,,,,,Y,Y,A,01,0,0,1,0,0,0,0,0,0,"- ","- ",36.303230285644531,-119.29625701904297,TULARE,VISALIA,-119.29598999023438,36.298160552978516
8931478,2019,2019-09-17,5407,2019-08-03,2057,A312,480,6,5,5,5407,0,0,0,,0,025,"MINERAL KING","SANTA FE",0.00,,Y,A,-,N,,,,,,,,,,Y,4,0,1,2,A,-,12,21453,A,N,D,C,A,A,H,-,B,A,0,,,,,Y,,A,01,0,0,1,0,0,0,0,0,0,"- ","- ",,,TULARE,VISALIA,-119.28781127929688,36.327438354492188
8936058,2019,2019-12-16,5407,2019-07-17,0856,M186,480,3,5,5,5407,0,0,0,,0,,"RT 63","WEST ST",0.00,,Y,A,-,N,,,63,,,,,,,Y,4,0,2,2,A,-,12,21453,A,N,D,C,A,A,H,-,A,A,0,,,,,Y,,A,07,0,0,2,0,0,0,0,0,0,"- ","- ",36.327339172363281,-119.29653167724609,TULARE,VISALIA,-119.29653167724609,36.327350616455078
8938327,2019,2019-09-26,5404,2019-09-05,1559,677,,4,5,2,5404,0,0,0,,0,014,"FOOTHILL AV","HERMOSA ST",350.00,S,N,A,-,N,,,,,,,,,,Y,3,0,2,2,A,-,03,22350,,N,C,C,A,A,H,-,A,D,0,,,,,Y,,-,,0,1,1,0,0,0,0,0,0,"- ","- ",,,TULARE,LINDSAY,-119.07344818115234,36.206409454345703
8939136,2019,2019-11-07,5407,2019-08-14,2114,M226,480,3,5,5,5407,0,0,0,,0,033,"S GIDDINGS ST","W VASSAR AV",77.00,N,N,A,-,N,,,,,,,,,,Y,1,1,0,2,A,-,01,23153,F,N,G,B,D,A,H,-,C,A,0,Y,,,,Y,,D,22,0,0,0,1,0,0,0,0,0,"- ","- ",36.314720153808594,-119.30535888671875,TULARE,VISALIA,-119.30535888671875,36.314041137695312
8939195,2019,2021-05-24,5405,2019-11-13,1944,186,,3,5,4,5405,0,0,0,,0,003,"LOCUST AV","HOCKETT ST",0.00,,Y,A,-,N,,,,,,,,,,N,1,1,0,2,A,-,01,23153,F,N,G,B,B,A,H,-,C,D,0,Y,,,,Y,Y,-,,0,0,0,1,0,0,0,0,0,"- ","- ",,,TULARE,PORTERVILLE,-119.0172119140625,36.059871673583984
8939494,2019,2020-01-16,5407,2019-09-11,1336,M33,480,3,5,5,5407,0,0,0,,0,,COURT,SUNNYVIEW,321.00,N,N,A,-,N,,,,,,,,,,Y,1,1,0,2,A,-,09,21804,A,F,D,G,A,A,D,-,A,A,0,,Y,,,Y,Y,L,04,0,0,0,0,0,1,0,0,0,"- ","- ",36.350460052490234,-119.2926025390625,TULARE,VISALIA,-119.29254150390625,36.352161407470703
8940516,2019,2019-10-09,5405,2019-09-12,1950,246,PORTE,4,5,4,5405,0,0,0,,0,001,"INDIANA ST","HENDERSON AV",309.00,S,N,A,-,N,,,,,,,,,,Y,3,0,2,1,A,-,08,22107,,N,E,I,A,A,H,-,C,D,0,,,,,Y,,A,01,0,1,1,0,0,0,0,0,0,"- ","- ",,,TULARE,PORTERVILLE,-119.03496551513672,36.079662322998047
8940978,2019,2019-10-07,5405,2019-09-13,0728,254,,5,5,4,5405,0,0,0,,0,003,"PLANO ST","CHASE AV",0.00,,Y,A,-,N,,,,,,,,,,N,4,0,1,2,A,-,10,21950,A,N,G,B,B,A,H,-,A,A,0,Y,,,,Y,,-,,0,0,1,0,1,0,0,0,0,"- ","- ",,,TULARE,PORTERVILLE,-119.00814819335938,36.053779602050781
8941035,2019,2019-10-09,5405,2019-09-16,1536,C29,,1,5,4,5405,0,0,0,,0,002,"PLANO ST","THURMAN AV",12.00,S,N,A,-,N,,,,,,,,,,N,4,0,1,2,A,-,03,22350,,M,C,C,A,A,H,-,A,A,0,,,,,Y,Y,-,,0,0,1,0,0,0,0,0,0,"- ","- ",,,TULARE,PORTERVILLE,-119.0084228515625,36.071147918701172
8941039,2019,2019-10-09,5405,2019-09-13,1716,210,,5,5,4,5405,0,0,0,,0,,"OLIVE AV","RT 65",99.00,E,N,A,-,N,,,,,,,,,,N,3,0,1,2,A,-,03,22350,,N,C,C,A,A,H,-,B,A,0,,,,,Y,,-,,0,1,0,0,0,0,0,0,0,"- ","- ",,,TULARE,PORTERVILLE,-119.03839874267578,36.0660400390625
8948622,2019,2019-09-27,5407,2019-07-22,1822,A322,480,1,5,5,5407,0,0,0,,0,026,HOUSTON,"BEN MADDOX",5.00,S,N,A,-,N,,,,,,,,,,Y,4,0,2,2,A,-,09,21804,,N,D,C,A,A,H,-,A,A,0,,,,,Y,,A,07,0,0,2,0,0,0,0,0,0,"- ","- ",,,TULARE,VISALIA,-119.27880859375,36.341861724853516
8949626,2019,2019-10-04,5406,2019-08-21,1655,41,4B,3,5,4,5406,0,0,0,,0,0ES,PROSPERITY,CHERRY,46.00,W,N,A,-,N,,,,,,,,,,Y,2,0,1,2,A,-,09,21801,A,N,D,C,A,A,H,-,A,A,0,,,Y,,Y,,A,07,1,0,0,0,0,0,0,0,1,"- ","- ",,,TULARE,TULARE,-119.33707427978516,36.225818634033203
8949855,2019,2019-10-16,5407,2019-08-28,1419,M33,480,3,5,5,5407,0,0,0,,0,,COURT,CYPRESS,0.00,,Y,A,-,N,,,,,,,,,,Y,4,0,1,2,A,-,08,22107,,N,B,C,A,A,H,-,A,D,0,,,,,Y,,D,22,0,0,1,0,0,0,0,0,0,"- ","- ",36.323810577392578,-119.29222869873047,TULARE,VISALIA,-119.29225921630859,36.324108123779297
8949863,2019,2019-10-15,5407,2019-07-26,0853,M222,480,5,5,5,5407,0,0,0,,0,011,"GOSHEN AV","KELSEY ST",96.00,E,N,A,-,N,,,,,,,,,,Y,3,0,1,2,A,-,01,23152,F,N,C,C,A,A,H,-,A,A,0,,,,,Y,,A,07,0,1,0,0,0,0,0,0,0,"- ","- ",36.34197998046875,-119.38561248779297,TULARE,VISALIA,-119.38529205322266,36.342060089111328
8950034,2019,2019-10-08,5407,2019-08-25,2002,A311,480,7,5,5,5407,0,0,0,,0,033,"S MOONEY BL","W NOBLE AV",0.00,,Y,A,-,N,,,,,,,,,,Y,4,0,1,2,A,-,12,21453,A,N,D,C,A,A,H,-,C,A,0,,,,,Y,,A,01,0,0,1,0,0,0,0,0,0,"- ","- ",36.326541900634766,-119.31400299072266,TULARE,VISALIA,-119.31410217285156,36.326549530029297
8950042,2019,2020-08-11,5407,2019-08-23,0212,A318,480,5,5,5,5407,0,0,0,,0,012,"S DEMAREE ST","W CALDWELL AV",0.00,,Y,A,-,N,,,,,,,,,,N,3,0,1,2,A,-,12,21453,A,M,G,B,B,A,H,-,C,A,0,Y,,,,Y,,-,99,0,1,0,0,1,0,0,0,0,"- ","- ",36.298370361328125,-119.33148956298828,TULARE,VISALIA,-119.33146667480469,36.298389434814453
8950054,2019,2019-10-08,5407,2019-08-31,1318,M222,480,6,5,5,5407,0,0,0,,0,011,"DEMAREE ST","CROWLEY AV",0.00,,Y,A,-,N,,,,,,,,,,Y,3,0,1,2,A,-,03,22350,,N,C,C,A,A,H,-,A,A,0,,,,,Y,,A,01,0,1,0,0,0,0,0,0,0,"- ","- ",36.331798553466797,-119.33184814453125,TULARE,VISALIA,-119.33184814453125,36.331809997558594
8950062,2019,2019-10-08,5407,2019-08-30,0859,M186,480,5,5,5,5407,0,0,0,,0,,"S WILLIS ST",MAIN,0.00,,Y,A,-,N,,,,,,,,,,Y,4,0,2,2,A,-,09,21801,A,N,A,C,A,A,H,-,A,A,0,,,,,Y,,A,07,0,0,2,0,0,0,0,0,0,"- ","- ",36.330131530761719,-119.29770660400391,TULARE,VISALIA,-119.29772186279297,36.330158233642578
8950066,2019,2019-10-08,5407,2019-08-29,1336,M226,480,4,5,5,5407,0,0,0,,0,011,"W HILLSDALE AV","AKERS ST",69.00,E,N,A,-,N,,,,,,,,,,N,4,0,1,2,A,-,21,22106,,N,C,C,A,A,H,-,A,A,0,,,,,Y,,A,01,0,0,1,0,0,0,0,0,0,"- ","- ",36.329551696777344,-119.34970855712891,TULARE,VISALIA,-119.34956359863281,36.329551696777344
8950070,2019,2019-10-08,5407,2019-08-27,1701,A327,480,2,5,5,5407,0,0,0,,0,000,"E GOSHEN AV","N LOVERS LN",0.00,,Y,A,-,N,,,,,,,,,,N,3,0,1,2,A,-,21,22106,,N,B,B,B,A,H,-,A,A,0,Y,,,,Y,,A,01,0,1,0,0,1,0,0,0,0,"- ","- ",36.334690093994141,-119.26069641113281,TULARE,VISALIA,-119.26078033447266,36.334678649902344