CASE_ID,ACCIDENT_YEAR,PROC_DATE,JURIS,COLLISION_DATE,COLLISION_TIME,OFFICER_ID,REPORTING_DISTRICT,DAY_OF_WEEK,CHP_SHIFT,POPULATION,CNTY_CITY_LOC,SPECIAL_COND,BEAT_TYPE,CHP_BEAT_TYPE,CITY_DIVISION_LAPD,CHP_BEAT_CLASS,BEAT_NUMBER,PRIMARY_RD,SECONDARY_RD,DISTANCE,DIRECTION,INTERSECTION,WEATHER_1,WEATHER_2,STATE_HWY_IND,CALTRANS_COUNTY,CALTRANS_DISTRICT,STATE_ROUTE,ROUTE_SUFFIX,POSTMILE_PREFIX,POSTMILE,LOCATION_TYPE,RAMP_INTERSECTION,SIDE_OF_HWY,TOW_AWAY,COLLISION_SEVERITY,NUMBER_KILLED,NUMBER_INJURED,PARTY_COUNT,PRIMARY_COLL_FACTOR,PCF_CODE_OF_VIOL,PCF_VIOL_CATEGORY,PCF_VIOLATION,PCF_VIOL_SUBSECTION,HIT_AND_RUN,TYPE_OF_COLLISION,MVIW,PED_ACTION,ROAD_SURFACE,ROAD_COND_1,ROAD_COND_2,LIGHTING,CONTROL_DEVICE,CHP_ROAD_TYPE,PEDESTRIAN_ACCIDENT,BICYCLE_ACCIDENT,MOTORCYCLE_ACCIDENT,TRUCK_ACCIDENT,NOT_PRIVATE_PROPERTY,ALCOHOL_INVOLVED,STWD_VEHTYPE_AT_FAULT,CHP_VEHTYPE_AT_FAULT,COUNT_SEVERE_INJ,COUNT_VISIBLE_INJ,COUNT_COMPLAINT_PAIN,COUNT_PED_KILLED,COUNT_PED_INJURED,COUNT_BICYCLIST_KILLED,COUNT_BICYCLIST_INJURED,COUNT_MC_KILLED,COUNT_MC_INJURED,PRIMARY_RAMP,SECONDARY_RAMP,LATITUDE,LONGITUDE,COUNTY,CITY,POINT_X,POINT_Y
90432143,2017,2017-04-11,9481,2017-04-06,1310,018742,,4,1,4,5405,0,3,5,,2,050,"E ROBY AVENUE","S HOLCOMB STREET",528.00,W,N,A,-,N,,,,,,,,,,Y,3,0,1,2,A,-,09,21804,A,N,D,C,A,A,H,-,A,D,0,,,,,Y,Y,D,22,0,1,0,0,0,0,0,0,0,"- ","- ",36.062179999999998,-118.98381000000001,TULARE,PORTERVILLE,-118.98343404000001,36.06218398
90432283,2017,2017-04-12,9481,2017-04-02,1025,018815,,7,1,9,5400,0,3,5,,2,020,"CITRUS STREET","HARVARD AVENUE",0.00,,Y,A,-,N,,,,,,,,,,Y,4,0,1,2,A,-,12,22450,A,N,D,C,A,A,H,-,A,A,0,,,,,Y,,A,01,0,0,1,0,0,0,0,0,0,"- ","- ",36.177480000000003,-119.07832000000001,TULARE,UNINCORPORATED,-119.08185005,36.18176004
90434863,2017,2017-04-17,9420,2017-04-05,0200,015977,,3,3,9,5400,0,3,5,,2,020,"MOUNTAIN ROAD 99","LLOYD MEADOW RD",0.00,,Y,A,-,N,,,,,,,,,,Y,4,0,2,1,A,-,03,22350,,N,E,I,A,A,H,-,D,A,0,,,,,Y,,A,01,0,0,2,0,0,0,0,0,0,"- ","- ",35.982779999999998,-118.54282000000001,TULARE,UNINCORPORATED,-118.5429579,35.982766789999999
90435562,2017,2017-04-17,9480,2017-04-04,2002,019543,,2,2,9,5400,0,3,5,,2,002,"ACEVES AVE","WILMA ST",20.00,W,N,A,-,N,,,,,,,,,,N,2,0,1,2,A,-,11,21954,A,N,G,B,D,A,H,-,C,D,0,Y,,,,Y,,N,60,1,0,0,0,1,0,0,0,0,"- ","- ",36.537239999999997,-119.30240999999999,TULARE,UNINCORPORATED,-119.30195801000001,36.53721058
90435677,2017,2017-04-17,9480,2017-04-06,1637,019349,,4,2,9,5400,0,3,5,,2,006,"ROAD 124","AVENUE 264",0.00,,Y,B,-,N,,,,,,,,,,Y,3,0,3,2,A,-,12,22450,A,N,D,C,A,A,H,-,A,A,0,,,,,Y,,A,08,0,2,1,0,0,0,0,0,0,"- ","- ",36.270099999999999,-119.29640000000001,TULARE,UNINCORPORATED,-119.29662988,36.27028009
9043688,2019,2020-02-25,5407,2019-12-19,1610,M201,480,4,5,5,5407,0,0,0,,0,,"S WOODLAND ST",WALNUT,0.00,,Y,A,-,N,,,,,,,,,,Y,4,0,2,2,A,-,09,21802,A,N,D,C,A,A,H,-,A,A,0,,,,,Y,,A,01,0,0,2,0,0,0,0,0,0,"- ","- ",36.312389373779297,-119.31894683837891,TULARE,VISALIA,-119.31896209716797,36.312938690185547
90436979,2017,2017-04-18,9480,2017-04-14,1535,018202,,5,2,9,5400,0,1,3,,2,095,"SR-99 N/B","AVE 24",5280.00,N,N,A,-,Y,,,99,,,,,,N,Y,4,0,1,3,A,-,03,22350,,N,C,C,A,A,H,-,A,D,0,,,,Y,Y,,A,01,0,0,1,0,0,0,0,0,0,"- ","- ",35.853409999999997,-119.26701,TULARE,UNINCORPORATED,-119.26692162000001,35.853430760000002
9043700,2019,2020-02-26,5407,2019-12-20,2243,A312,480,5,5,5,5407,0,0,0,,0,025,HOUSTON,DIVISADERO,0.00,,Y,A,-,N,,,,,,,,,,N,4,0,2,2,A,-,09,21801,A,N,D,C,A,A,H,-,C,A,0,,,,,Y,,A,01,0,0,2,0,0,0,0,0,0,"- ","- ",,,TULARE,VISALIA,-119.31002044677734,36.341911315917969
90437110,2017,2017-04-18,9480,2017-04-14,1600,017252,,5,2,9,5400,0,1,3,,2,095,"SR-99, NORTHBOUND","AVENUE 16",500.00,N,N,A,-,Y,,,,,,,,,,N,4,0,1,2,A,-,03,22350,,N,C,C,A,A,H,-,A,D,0,,,,,Y,,A,07,0,0,1,0,0,0,0,0,0,"- ","- ",35.05059,-119.31022,TULARE,UNINCORPORATED,,
90437595,2017,2017-04-19,9481,2017-04-17,1050,014265,,1,1,9,5400,0,3,5,,2,020,"AVENUE 224","ROAD 216",0.00,,Y,B,-,N,,,,,,,,,,Y,4,0,1,2,A,-,09,21802,A,N,D,C,A,A,H,-,A,A,0,,,,,Y,,D,22,0,0,1,0,0,0,0,0,0,"- ","- ",36.196080000000002,-119.09115,TULARE,UNINCORPORATED,-119.0912202,36.196113920000002
90437604,2017,2017-04-19,9480,2017-04-14,1008,016233,,5,1,9,5400,0,1,3,,2,095,"SR-99 N/B","AVE. 48",2635.00,S,N,A,-,Y,,,99,,,,,,N,Y,2,0,1,1,A,-,08,22107,,N,E,I,A,A,H,-,A,D,0,,,,,Y,,D,22,1,0,0,0,0,0,0,0,0,"- ","- ",35.870249999999999,-119.27055,TULARE,UNINCORPORATED,-119.27061614,35.87024821
90437663,2017,2017-04-19,9480,2017-04-17,0605,015047,,1,1,9,5400,0,1,3,,1,020,"SR 201 (AVENUE 384)","ROAD 144",24.00,W,N,A,-,Y,,,201,,,,,,,Y,4,0,2,2,A,-,03,22350,,N,C,C,A,A,H,-,B,D,0,,,,,Y,,A,01,0,0,2,0,0,0,0,0,0,"- ","- ",36.486269999999998,-119.25081,TULARE,UNINCORPORATED,-119.25081,36.486278050000003
90438025,2017,2017-04-19,9480,2017-04-14,1115,016233,,5,1,9,5400,0,1,3,,2,095,"SR-99 N/B","AVE. 24",719.00,S,N,A,-,Y,,,99,,,,,,N,Y,3,0,2,2,A,-,03,22350,,N,C,C,A,A,H,-,A,D,0,,,,,Y,,A,01,0,1,1,0,0,0,0,0,0,"- ","- ",35.831569999999999,-119.2598,TULARE,UNINCORPORATED,-119.25979321,35.831571799999999
90438201,2017,2017-04-19,9480,2017-04-15,1345,018202,,6,1,4,5406,0,1,3,,2,093,"SR-99 S/B","PAIGE AVE",470.00,N,N,A,-,Y,,,99,,,,,,S,Y,3,0,1,1,A,-,03,22350,,N,E,I,A,A,H,-,A,A,0,,,Y,,Y,,C,02,0,1,0,0,0,0,0,0,1,"- ","- ",36.183489999999999,-119.32906,TULARE,TULARE,-119.32869838000001,36.183491889999999
90438740,2017,2017-04-28,9480,2017-04-19,0758,016233,,3,1,5,5407,0,1,3,,1,064,"SR-198 W/B","BEN MADDOX AVE",58.00,E,N,A,-,Y,,,198,,,,,,W,Y,4,0,1,3,A,-,03,22350,,N,C,C,A,A,H,-,A,D,0,,,,,Y,,D,22,0,0,1,0,0,0,0,0,0,"- ","- ",36.326529999999998,-119.27837,TULARE,VISALIA,-119.27835736,36.326643799999999
90439121,2017,2017-04-20,9481,2017-04-19,0750,018707,,3,1,9,5400,0,2,4,,1,031,"AVENUE 152","ROAD 208",0.00,,Y,A,-,N,,,,,,,,,,Y,3,0,1,2,A,-,12,22450,A,N,D,C,A,A,H,-,A,A,0,,,,,Y,,A,01,0,1,0,0,0,0,0,0,0,"- ","- ",36.065510000000003,-119.10746,TULARE,UNINCORPORATED,-119.10750014,36.065790069999998
90439748,2017,2017-04-21,9481,2017-04-14,1515,018742,,5,2,9,5400,0,1,3,,1,037,"STATE ROUTE 65","AVENUE 56",6336.00,S,N,A,-,Y,,,65,,,,,,,Y,3,0,2,1,A,-,06,21751,,N,F,A,A,A,H,-,A,A,0,,,,,Y,,A,07,0,2,0,0,0,0,0,0,0,"- ","- ",35.873190000000001,-119.0534,TULARE,UNINCORPORATED,-119.05341444,35.87319068
90440559,2017,2017-04-24,9480,2017-04-15,1905,019349,,6,2,2,5408,0,3,5,,2,004,"AVENUE 332","ROAD 220",810.00,W,N,A,-,N,,,,,,,,,,N,2,0,2,1,A,-,08,22107,,N,F,A,A,A,H,-,A,D,0,,,,,Y,,M,96,1,1,0,0,0,0,0,0,0,"- ","- ",36.391590000000001,-119.08343000000001,TULARE,WOODLAKE,-119.08344626,36.391467689999999
90440583,2017,2017-05-01,9480,2017-04-13,1140,013656,,4,1,9,5400,0,3,5,,2,006,"AVENUE 264","ROAD 108",0.00,,Y,A,-,N,,,,,,,,,,Y,4,0,1,2,A,-,12,21453,A,M,D,C,A,A,H,-,A,A,0,,,,,Y,,A,01,0,0,1,0,0,0,0,0,0,"- ","- ",36.26923,-119.33132999999999,TULARE,UNINCORPORATED,-119.33124988,36.269290069999997
90440611,2017,2017-04-24,9480,2017-04-15,2345,019828,,6,3,9,5400,0,3,5,,2,003,"AVENUE 232","ROAD 36",0.00,,Y,B,-,N,,,,,,,,,,Y,2,0,5,2,A,-,09,21802,A,N,D,C,A,A,H,-,D,A,0,,,,,Y,,A,01,1,1,3,0,0,0,0,0,0,"- ","- ",36.21087,-119.49294999999999,TULARE,UNINCORPORATED,-119.49294998000001,36.210830049999998
90440647,2017,2017-04-24,9480,2017-04-18,0912,012251,,2,1,9,5400,0,3,5,,2,006,"ROAD 140","AVENUE 272",1056.00,N,N,C,-,N,,,,,,,,,,Y,4,0,1,1,A,-,03,22350,,N,E,I,A,B,H,-,A,D,0,,,,,Y,,A,01,0,0,1,0,0,0,0,0,0,"- ","- ",36.288269999999997,-119.26074,TULARE,UNINCORPORATED,-118.96396,36.043770000000002
90443141,2017,2017-04-27,9480,2017-04-19,2355,015783,,3,3,9,5400,0,3,5,,2,006,"ROAD 176","AVENUE 278",2640.00,S,N,A,-,N,,,,,,,,,,Y,2,0,1,1,A,-,08,22107,,N,E,J,A,A,H,-,D,D,0,,,,,Y,,A,01,1,0,0,0,0,0,0,0,0,"- ","- ",36.286560000000001,-119.18104,TULARE,UNINCORPORATED,-119.18101535,36.287236100000001
90443273,2017,2017-04-27,9480,2017-04-19,0725,016723,,3,1,9,5400,0,3,5,,2,006,"DRIVE 92B","DRIVE 94",0.00,,Y,A,-,N,,,,,,,,,,Y,4,0,1,2,A,-,09,21801,A,N,A,C,A,A,H,-,A,D,0,,,,,Y,,A,01,0,0,1,0,0,0,0,0,0,"- ","- ",36.267670000000003,-119.36281,TULARE,UNINCORPORATED,-119.36259001000001,36.267751320000002
90443323,2017,2017-04-27,9481,2017-04-17,1725,018830,,1,2,9,5400,0,1,3,,1,012,"STATE ROUTE 65 (SOUTHBOUND)","LINDA VISTA AVENUE",850.00,N,N,A,-,Y,,,65,,,,,,,Y,4,0,1,2,A,-,08,22107,,N,B,C,A,A,H,-,A,D,0,,,,,Y,,A,01,0,0,1,0,0,0,0,0,0,"- ","- ",36.106409999999997,-119.04470000000001,TULARE,UNINCORPORATED,-119.04464416,36.106448210000003
90445217,2017,2017-04-28,9480,2017-04-24,0808,012251,,1,1,9,5400,0,3,5,,2,006,"ROAD 108 N/B","AVENUE 264",0.00,,N,A,-,N,,,,,,,,,,Y,3,0,3,2,A,-,03,22350,,N,C,C,A,A,H,-,A,A,0,,,,,Y,,A,08,0,2,1,0,0,0,0,0,0,"- ","- ",,,TULARE,UNINCORPORATED,-119.33124988,36.269290069999997
90445232,2017,2017-04-28,9480,2017-04-24,0905,012568,,1,1,9,5400,0,1,3,,1,010,"SR-201 (AVE. 400)","RD. 74",0.00,,Y,A,-,Y,,,201,,,,,,,Y,4,0,2,2,A,-,12,22450,A,N,D,C,A,A,H,-,A,A,0,,,,,Y,,A,07,0,0,2,0,0,0,0,0,0,"- ","- ",36.517040000000001,-119.40837000000001,TULARE,UNINCORPORATED,-119.40836978,36.517057270000002
90445298,2017,2017-04-28,9480,2017-04-25,1915,017452,,2,2,9,5400,0,3,5,,2,003,"AVENUE 230","ROAD 46",0.00,,Y,A,-,N,,,,,,,,,,N,3,0,3,1,A,-,03,22350,,N,F,A,A,A,H,-,A,D,0,,,Y,,Y,,C,06,0,3,0,0,0,0,0,0,3,"- ","- ",36.20675,-119.47068,TULARE,UNINCORPORATED,-119.47070997,36.206600039999998
90445390,2017,2017-04-28,9480,2017-04-26,0130,016723,,3,3,9,5400,0,3,5,,2,005,"AVENUE 128","ROAD 136",1955.00,W,N,A,-,N,,,,,,,,,,Y,4,0,1,1,A,-,08,22107,,N,E,I,A,A,H,-,D,D,0,,,,,Y,Y,A,01,0,0,1,0,0,0,0,0,0,"- ","- ",36.022039999999997,-119.27488,TULARE,UNINCORPORATED,-119.27480413000001,36.022056300000003
90446123,2017,2017-05-01,9480,2017-04-23,0359,018521,,7,3,9,5400,0,1,3,,1,010,"SR-201 (AVENUE 400)","ROAD 80",0.00,,Y,A,G,Y,,,201,,,,,,,Y,2,0,1,2,A,-,01,23152,A,N,D,C,A,A,H,-,C,A,0,,,,,Y,Y,A,07,1,0,0,0,0,0,0,0,0,"- ","- ",36.5169,-119.3947,TULARE,UNINCORPORATED,-119.39470072,36.516869759999999
90446486,2017,2017-05-01,9480,2017-04-25,0900,015047,,2,1,9,5400,0,3,5,,2,002,"FLORAL AVENUE","JACOBS RD.",9.00,W,N,B,-,N,,,,,,,,,,N,4,0,1,2,A,-,08,22107,,N,B,C,A,A,H,-,A,D,0,,,,,Y,,A,07,0,0,1,0,0,0,0,0,0,"- ","- ",36.573740000000001,-119.31428,TULARE,UNINCORPORATED,-119.31421280000001,36.573829940000003
90446601,2017,2017-05-01,9480,2017-04-26,0755,016723,,3,1,5,5407,0,1,3,,1,064,"STATE ROUTE 198 (EASTBOUND)","PLAZA DR O/C (E/EDGE)",5.00,W,N,A,-,Y,,,198,,,,,,,Y,4,0,1,3,A,-,03,22350,,N,C,C,A,A,H,-,A,A,0,,,,,Y,,A,01,0,0,1,0,0,0,0,0,0,"- ","- ",36.327210000000001,-119.39,TULARE,VISALIA,-119.38999916,36.32726341
90446810,2017,2017-05-01,9480,2017-04-25,1555,016046,,2,2,9,5400,0,3,5,,2,006,"ROAD 180",SR-198,20.00,S,N,A,-,N,,,,,,,,,,N,3,0,1,2,A,-,21,22106,,N,C,C,A,A,H,-,A,A,0,,,Y,,Y,,C,02,0,1,0,0,0,0,0,0,1,"- ","- ",36.32638,-119.17054,TULARE,UNINCORPORATED,-119.17056441,36.326400290000002
90447123,2017,2017-05-02,9481,2017-03-03,1830,019149,,5,2,4,5405,0,1,3,,1,012,"STATE ROUTE 65 SOUTHBOUND","HENDERSON AVENUE",1222.00,N,N,A,-,Y,,,65,,,,,,S,N,1,1,0,2,A,-,11,21956,,N,G,B,D,A,H,-,D,D,0,Y,,,,Y,,N,60,0,0,0,1,0,0,0,0,0,"- ","- ",36.083950000000002,-119.03943,TULARE,PORTERVILLE,-119.03944303,36.083950029999997
90448353,2017,2017-05-03,9481,2017-04-28,1735,019578,,5,2,9,5400,0,3,5,,2,030,"SCRANTON AVENUE","WEST STREET",77.00,E,N,A,-,N,,,,,,,,,,Y,3,0,1,2,A,-,05,21752,D,F,E,I,A,A,H,-,A,D,0,,,,,Y,,A,01,0,1,0,0,0,0,0,0,0,"- ","- ",36.036720000000003,-119.07952,TULARE,UNINCORPORATED,-119.07958988,36.036741749999997
90449711,2017,2017-05-05,9480,2017-04-22,2134,018521,,6,2,9,5400,0,3,5,,2,006,"ROAD 128","AVE 271",188.00,N,N,A,-,N,,,,,,,,,,N,4,0,1,1,A,-,08,22107,,N,E,I,A,A,H,-,D,A,0,,,,,Y,,A,01,0,0,1,0,0,0,0,0,0,"- ","- ",36.283799999999999,-119.2882,TULARE,UNINCORPORATED,-119.28801127,36.283817790000001
90450785,2017,2017-05-08,9480,2017-05-01,0525,015047,,1,3,9,5400,0,3,5,,2,002,"ROAD 96","AVENUE 416",0.00,,Y,A,-,N,,,,,,,,,,Y,4,0,1,2,A,-,09,21802,A,N,D,C,A,A,H,-,D,A,0,,,,,Y,,A,01,0,0,1,0,0,0,0,0,0,"- ","- ",36.5458,-119.35856,TULARE,UNINCORPORATED,-119.35857654,36.545772589999999
90451025,2017,2017-05-08,9481,2017-04-29,2205,020612,,6,3,9,5400,0,1,3,,1,032,"STATE ROUTE 190 (AVENUE 144)","ROAD 208",0.00,,Y,A,-,Y,,,,,,,,,,Y,3,0,1,2,A,-,09,21804,A,N,D,C,A,A,H,-,D,D,0,,,,,Y,,A,01,0,1,0,0,0,0,0,0,0,"- ","- ",36.051209999999998,-119.10751,TULARE,UNINCORPORATED,-118.70960003,36.162260099999997
90451097,2017,2017-05-08,9480,2017-04-29,0510,016723,,6,3,9,5400,0,3,5,,2,006,"ROAD 204 (SPRUCE ROAD)","AVENUE 244",565.00,N,N,A,-,N,,,,,,,,,,Y,4,0,4,2,A,-,05,21650,,N,B,C,A,A,H,-,A,D,0,,,,,Y,,D,22,0,0,4,0,0,0,0,0,0,"- ","- ",36.233260000000001,-119.11856,TULARE,UNINCORPORATED,-119.02734,36.160069999999997
90452055,2017,2017-05-09,9480,2017-05-05,1240,012401,,5,1,9,5400,0,1,3,,2,093,"SR-99 S/B","AVE 200",1056.00,S,N,A,-,Y,,,,,,,,,,Y,3,0,1,1,A,-,08,22107,,N,F,A,A,A,H,-,A,D,0,,,Y,,Y,,C,02,0,1,0,0,0,0,0,0,1,"- ","- ",36.347560000000001,-119.98247000000001,TULARE,UNINCORPORATED,,
90452552,2017,2017-05-09,9480,2017-05-04,1055,015282,,4,1,9,5400,0,3,5,,2,001,"ROAD 56","AVENUE 422",19.00,N,N,A,-,N,,,,,,,,,,Y,4,0,1,2,A,-,03,22350,,N,C,C,A,A,A,-,A,D,0,,,,,Y,,A,01,0,0,1,0,0,0,0,0,0,"- ","- ",36.557020000000001,-119.44880999999999,TULARE,UNINCORPORATED,-119.44871042,36.557162140000003
90454176,2017,2017-05-11,9481,2017-02-18,0030,019162,,6,3,9,5400,0,1,3,,1,054,"STATE ROUTE 190","WISHON DRIVE",8976.00,E,N,B,-,Y,,,190,,,,,,,Y,2,0,1,1,A,-,01,23152,A,N,F,A,A,A,H,-,D,D,0,,,,,Y,Y,D,22,1,0,0,0,0,0,0,0,0,"- ","- ",36.159219999999998,-118.68808,TULARE,UNINCORPORATED,-118.68807823,36.159246789999997
90454663,2017,2017-05-12,9480,2017-05-04,1945,018204,,4,2,9,5400,0,3,5,,2,003,"AVE 152","RD 152",2112.00,W,N,B,-,N,,,,,,,,,,N,3,0,1,1,A,-,01,23152,G,M,E,I,A,A,H,-,D,D,0,,,,,Y,Y,A,01,0,1,0,0,0,0,0,0,0,"- ","- ",36.065840000000001,-119.24086,TULARE,UNINCORPORATED,-119.23947833,36.065750049999998
90454692,2017,2017-05-12,9481,2017-05-03,1735,020612,,3,2,9,5400,0,3,5,,2,050,"ROBY AVENUE","HOLCOMB STREET",460.00,W,N,A,-,N,,,,,,,,,,N,3,0,1,2,A,-,11,21954,A,N,G,B,D,A,H,-,A,D,0,Y,,,,Y,,N,60,0,1,0,0,1,0,0,0,0,"- ","- ",36.06221,-118.98393,TULARE,UNINCORPORATED,-118.98320428,36.062186050000001
90457007,2017,2017-05-16,9480,2017-05-11,0903,016210,,4,1,9,5400,0,1,3,,2,093,"SR-99 S/B","DRIVE 92B",45.00,S,N,A,-,Y,,,99,,,,,,S,Y,4,0,1,1,A,-,08,22107,,N,E,I,A,A,H,-,A,D,0,,,,,Y,,A,01,0,0,1,0,0,0,0,0,0,"- ","- ",36.264620000000001,-119.36291,TULARE,UNINCORPORATED,-119.36281537000001,36.264669339999998
90457610,2017,2017-05-17,9480,2017-04-29,1510,016723,,6,2,9,5400,0,3,5,,2,004,"DRY CREEK DRIVE",SR-216,70224.00,N,N,A,-,N,,,,,,,,,,Y,2,0,1,2,A,-,17,21662,A,N,B,C,A,A,H,-,A,D,0,,,Y,,Y,,C,02,1,0,0,0,0,0,0,0,1,"- ","- ",36.598439999999997,-119.00927,TULARE,UNINCORPORATED,-119.00928854999999,36.598441829999999
90457673,2017,2017-05-17,9480,2017-05-12,2330,018809,,5,3,9,5400,0,3,5,,2,006,"ROAD 124","AVENUE 248",874.00,N,N,A,-,N,,,,,,,,,,Y,2,0,1,1,A,-,08,22107,,N,E,I,A,A,H,-,D,D,0,,,,,Y,,A,01,1,0,0,0,0,0,0,0,0,"- ","- ",36.24353,-119.29612,TULARE,UNINCORPORATED,-119.01765,36.014960000000002
90458065,2017,2017-05-17,9480,2017-05-14,0835,016046,,7,1,5,5407,0,1,3,,1,064,"STATE ROUTE 198 (WESTBOUND)","GIDDINGS STREET",433.00,E,N,A,-,Y,,,,,,,,,,N,4,0,2,2,A,-,07,21658,A,N,B,C,A,A,H,-,A,D,0,,,,,Y,,D,22,0,0,2,0,0,0,0,0,0,"- ","- ",36.193600000000004,-119.18129999999999,TULARE,VISALIA,-119.30400197,36.327039999999997
90458631,2017,2017-05-18,9481,2017-05-17,1010,018595,,3,1,9,5400,0,3,5,,2,010,"ROAD 152","AVENUE 224",57.00,S,N,B,-,N,,,,,,,,,,Y,3,0,2,2,A,-,03,22350,,N,B,C,A,A,H,-,A,D,0,,,,,Y,,A,01,0,1,1,0,0,0,0,0,0,"- ","- ",36.196190000000001,-119.23318999999999,TULARE,UNINCORPORATED,-119.23320774,36.196243600000003
90460802,2017,2017-05-22,9480,2017-05-21,0830,016233,,7,1,9,5400,0,3,5,,2,004,"RD. 152","AVE. 296",997.00,N,N,A,-,N,,,,,,,,,,Y,4,0,2,3,A,-,03,22350,,N,C,C,A,A,H,-,A,D,0,,,,,Y,,A,07,0,0,2,0,0,0,0,0,0,"- ","- ",36.194699999999997,-119.14019999999999,TULARE,UNINCORPORATED,-119.23387206,36.329895389999997
90461077,2017,2017-05-22,9481,2017-05-21,0312,019578,,7,3,9,5400,0,3,5,,2,030,"ROAD 192","AVENUE 8",35.00,N,N,A,-,N,,,,,,,,,,Y,4,0,2,2,A,-,01,23152,A,N,C,C,A,A,H,-,C,A,0,,,,,Y,Y,A,07,0,0,2,0,0,0,0,0,0,"- ","- ",35.805349999999997,-119.14324999999999,TULARE,UNINCORPORATED,-119.14322108,35.805277179999997
9046121,2019,2020-02-21,5407,2019-11-14,0918,C42,NN709,4,5,5,5407,0,0,0,,0,00N,"WEST MAIN","SOUTH WILLIS",0.00,,Y,A,-,N,,,,,,,,,,Y,4,0,1,2,A,-,12,21453,A,N,D,C,A,A,H,-,C,A,0,,,,,Y,,A,01,0,0,1,0,0,0,0,0,0,"- ","- ",,,TULARE,VISALIA,-119.29772186279297,36.330158233642578
90462975,2017,2017-05-24,9480,2017-05-20,1403,019048,,6,2,9,5400,0,1,3,,1,044,SR-198,"MINERAL KING ROAD",8448.00,E,N,A,-,Y,,,,,,,,,,N,4,0,2,3,A,-,05,21460,A,N,B,C,A,A,H,-,A,D,0,,,Y,,Y,,C,02,0,0,2,0,0,0,0,0,1,"- ","- ",,,TULARE,UNINCORPORATED,-118.83959608000001,36.478923180000002
90463051,2017,2017-05-24,9480,2017-05-22,0735,015047,,1,1,9,5400,0,1,3,,1,020,"SR 201 (AVENUE 384)","ROAD 152",270.00,W,N,A,-,Y,,,,,,,,,,Y,4,0,1,2,A,-,09,21801,A,N,D,C,A,A,H,-,A,D,0,,,,,Y,,A,07,0,0,1,0,0,0,0,0,0,"- ","- ",,,TULARE,UNINCORPORATED,,
90465501,2017,2017-05-26,9480,2017-05-24,1425,019789,,3,2,9,5400,0,3,5,,2,001,"AVENUE 384","ROAD 48",590.00,W,N,A,-,N,,,,,,,,,,Y,4,0,1,1,A,-,08,22107,,N,E,I,A,A,H,-,A,D,0,,,,,Y,,A,07,0,0,1,0,0,0,0,0,0,"- ","- ",36.488480000000003,-119.46848,TULARE,UNINCORPORATED,-119.46900526,36.488568729999997
90465592,2017,2017-05-26,9480,2017-05-22,1414,014351,,1,2,9,5400,0,3,5,,2,004,"ROAD 156","AVENUE 330",330.00,S,N,A,-,N,,,,,,,,,,Y,2,0,2,2,A,-,08,22107,,N,C,E,A,A,H,-,A,D,0,,,,,Y,,A,07,1,1,0,0,0,0,0,0,0,"- ","- ",36.387869999999999,-119.22489,TULARE,UNINCORPORATED,-119.22483515,36.387864710000002
90467105,2017,2017-08-08,9480,2017-03-21,1438,017709,,2,2,9,5400,0,1,3,,1,051,"STATE ROUTE 43 (CENTRAL VALLEY HIGHWAY)","PALMER AVENUE",2904.00,S,N,A,-,Y,,,43,,,,,,,Y,1,2,1,2,A,-,01,23152,A,N,A,C,A,A,H,-,A,D,0,,,,,Y,Y,A,07,1,0,0,0,0,0,0,0,0,"- ","- ",35.857619999999997,-119.38064,TULARE,UNINCORPORATED,-119.38070168,35.857575009999998
90467554,2017,2017-05-30,9481,2017-05-23,1650,016065,,2,2,9,5400,0,3,5,,2,010,"VISTA AVENUE","ROAD 196",338.00,E,N,A,-,N,,,,,,,,,,N,3,0,1,2,A,-,11,21954,A,N,G,B,D,A,H,-,A,D,0,Y,,,,Y,,N,60,0,1,0,0,1,0,0,0,0,"- ","- ",36.144620000000003,-119.13317000000001,TULARE,UNINCORPORATED,-119.13315654,36.144612629999997
90467601,2017,2017-05-30,9481,2017-05-24,1004,015218,,3,1,9,5400,0,1,3,,1,012,"STATE ROUTE 65 (NORTHBOUND)","AVENUE 200",0.00,,Y,A,-,Y,,,65,,,,,,,Y,3,0,3,2,A,-,09,21802,A,N,D,C,A,A,H,-,A,A,0,,,,,Y,,A,01,0,2,1,0,0,0,0,0,0,"- ","- ",36.152760000000001,-119.07577999999999,TULARE,UNINCORPORATED,-119.07578977999999,36.15275527
90467909,2017,2017-05-31,9480,2017-05-24,0740,012568,,3,1,9,5400,0,3,5,,2,003,"RD. 68","AVE. 244",80.00,N,N,A,-,N,,,,,,,,,,Y,3,0,2,2,A,-,03,22350,,N,C,C,A,A,H,-,A,A,0,,,,,Y,,A,07,0,1,1,0,0,0,0,0,0,"- ","- ",36.232779999999998,-119.4211,TULARE,UNINCORPORATED,-119.42108131000001,36.232859550000001
90469965,2017,2017-06-02,9480,2017-06-01,1905,016046,,4,2,9,5400,0,1,3,,1,044,"STATE ROUTE 198","LONG DRIVE",300.00,E,N,A,-,Y,,,198,,,,,,,Y,3,0,1,1,A,-,08,22107,,N,E,I,A,A,H,-,B,D,0,,,,,Y,,A,07,0,1,0,0,0,0,0,0,0,"- ","- ",36.40202,-119.01027999999999,TULARE,UNINCORPORATED,-119.01027992,36.402017010000002