CASE_ID,ACCIDENT_YEAR,PROC_DATE,JURIS,COLLISION_DATE,COLLISION_TIME,OFFICER_ID,REPORTING_DISTRICT,DAY_OF_WEEK,CHP_SHIFT,POPULATION,CNTY_CITY_LOC,SPECIAL_COND,BEAT_TYPE,CHP_BEAT_TYPE,CITY_DIVISION_LAPD,CHP_BEAT_CLASS,BEAT_NUMBER,PRIMARY_RD,SECONDARY_RD,DISTANCE,DIRECTION,INTERSECTION,WEATHER_1,WEATHER_2,STATE_HWY_IND,CALTRANS_COUNTY,CALTRANS_DISTRICT,STATE_ROUTE,ROUTE_SUFFIX,POSTMILE_PREFIX,POSTMILE,LOCATION_TYPE,RAMP_INTERSECTION,SIDE_OF_HWY,TOW_AWAY,COLLISION_SEVERITY,NUMBER_KILLED,NUMBER_INJURED,PARTY_COUNT,PRIMARY_COLL_FACTOR,PCF_CODE_OF_VIOL,PCF_VIOL_CATEGORY,PCF_VIOLATION,PCF_VIOL_SUBSECTION,HIT_AND_RUN,TYPE_OF_COLLISION,MVIW,PED_ACTION,ROAD_SURFACE,ROAD_COND_1,ROAD_COND_2,LIGHTING,CONTROL_DEVICE,CHP_ROAD_TYPE,PEDESTRIAN_ACCIDENT,BICYCLE_ACCIDENT,MOTORCYCLE_ACCIDENT,TRUCK_ACCIDENT,NOT_PRIVATE_PROPERTY,ALCOHOL_INVOLVED,STWD_VEHTYPE_AT_FAULT,CHP_VEHTYPE_AT_FAULT,COUNT_SEVERE_INJ,COUNT_VISIBLE_INJ,COUNT_COMPLAINT_PAIN,COUNT_PED_KILLED,COUNT_PED_INJURED,COUNT_BICYCLIST_KILLED,COUNT_BICYCLIST_INJURED,COUNT_MC_KILLED,COUNT_MC_INJURED,PRIMARY_RAMP,SECONDARY_RAMP,LATITUDE,LONGITUDE,COUNTY,CITY,POINT_X,POINT_Y
90608099,2017,2017-12-01,9480,2017-11-25,1125,016723,,6,1,9,5400,0,3,5,,2,001,"AVENUE 304","ROAD 68",0.00,,Y,A,-,N,,,,,,,,,,Y,4,0,1,2,A,-,09,21802,A,N,D,C,A,A,H,-,A,A,0,,,,,Y,,A,07,0,0,1,0,0,0,0,0,0,"- ","- ",36.341589999999997,-119.42148,TULARE,UNINCORPORATED,-119.42140990999999,36.341680050000001
90610225,2017,2017-12-05,9481,2017-11-28,1540,019104,,2,2,9,5400,0,1,3,,1,053,"STATE ROUTE 190","WISHON DRIVE",1520.00,W,N,A,-,Y,,,190,,,,,,,Y,3,0,1,1,A,-,08,22107,,N,F,A,A,A,H,-,A,D,0,,,,,Y,,D,22,0,1,0,0,0,0,0,0,0,"- ","- ",36.154170000000001,-118.73832,TULARE,UNINCORPORATED,-118.73831459,36.154132279999999
90610378,2017,2017-12-05,9480,2017-11-30,1024,012251,,4,1,9,5400,0,3,5,,2,006,SR-137,"ROAD 152",0.00,,Y,A,-,Y,,,137,,,,,,,Y,3,0,1,2,A,-,09,21801,A,N,D,C,A,A,H,-,A,A,0,,,,,Y,,A,01,0,1,0,0,0,0,0,0,0,"- ","- ",36.210740000000001,-119.23378,TULARE,UNINCORPORATED,-119.23377991,36.210830129999998
90610493,2017,2017-12-05,9480,2017-11-30,1325,017108,,4,1,9,5400,0,3,5,,2,006,"ROAD 140","AVENUE 272",0.00,,Y,A,-,N,,,,,,,,,,Y,4,0,1,2,A,-,03,22350,,N,C,C,A,A,H,-,A,D,0,,,,,Y,,A,07,0,0,1,0,0,0,0,0,0,"- ","- ",36.284320000000001,-119.26091,TULARE,UNINCORPORATED,-118.96396009,36.04377006
90611070,2017,2017-12-06,9480,2017-11-27,0030,019789,,1,3,9,5400,0,1,3,,1,064,"SR-99 W/B","PLAZA DR",3696.00,W,N,C,-,Y,,,,,,,,,,Y,4,0,1,1,A,-,08,22107,,N,F,A,A,B,H,-,D,D,0,,,,,Y,Y,A,01,0,0,1,0,0,0,0,0,0,"- ","- ",36.327129999999997,-119.40173,TULARE,UNINCORPORATED,,
90611122,2017,2017-12-06,9480,2017-11-29,0754,014351,,3,1,9,5400,0,3,5,,2,002,"ROAD 108","AVENUE 320",0.00,,Y,A,-,N,,,,,,,,,,Y,4,0,1,2,A,-,03,22350,,N,C,C,A,A,H,-,A,D,0,,,,,Y,,A,07,0,0,1,0,0,0,0,0,0,"- ","- ",36.370959999999997,-119.33208,TULARE,UNINCORPORATED,-119.332188,36.371015999999997
90612710,2017,2017-12-07,9481,2017-12-01,0800,018595,,5,1,9,5400,0,3,5,,2,020,"AVENUE 196","ROAD 228",635.00,W,N,A,-,N,,,,,,,,,,Y,4,0,2,4,A,-,03,22350,,N,C,C,A,A,H,-,A,D,0,,,,,Y,,A,01,0,0,2,0,0,0,0,0,0,"- ","- ",36.145530000000001,-119.065,TULARE,UNINCORPORATED,-119.06489813,36.145530020000002
90613022,2017,2017-12-21,9480,2017-11-01,0803,016210,,3,1,9,5400,0,3,5,,2,001,"ROAD 80","AVENUE 384",1476.00,S,N,A,-,N,,,,,,,,,,Y,1,1,1,2,A,-,08,22107,,N,C,C,A,A,H,-,A,D,0,,,,Y,Y,,A,07,0,1,0,0,0,0,0,0,0,"- ","- ",36.483919999999998,-119.39394,TULARE,UNINCORPORATED,-119.39394,36.483919999999998
90614261,2017,2017-12-11,9480,2017-12-02,0725,016046,,6,1,9,5400,0,3,5,,2,002,"AVENUE 416","ROAD 144",3.00,E,N,E,-,N,,,,,,,,,,Y,3,0,1,2,A,-,03,22350,,N,D,C,A,A,H,-,A,A,0,,,,Y,Y,,A,08,0,1,0,0,0,0,0,0,0,"- ","- ",36.544829999999997,-119.25023,TULARE,UNINCORPORATED,-119.2508698,36.544330090000003
90615798,2017,2017-12-12,9480,2017-12-08,0720,020890,,5,1,9,5400,0,3,5,,2,001,"ROAD 80","AVENUE 384",40.00,N,N,A,-,N,,,,,,,,,,N,4,0,1,2,A,-,03,22350,,N,C,C,A,A,H,-,A,A,0,,,,,Y,,A,01,0,0,1,0,0,0,0,0,0,"- ","- ",36.487560000000002,-119.39514,TULARE,UNINCORPORATED,-119.39490616000001,36.488040929999997
90617751,2017,2017-12-14,9480,2017-12-04,1740,019349,,1,2,9,5400,0,1,3,,1,030,"STATE ROUTE 137","ROAD 68",702.00,E,N,A,-,Y,,,137,,,,,,,Y,3,0,1,2,A,-,03,22350,,N,D,C,A,A,H,-,C,D,0,,,,Y,Y,,D,22,0,1,0,0,0,0,0,0,0,"- ","- ",36.203400000000002,-119.41846,TULARE,UNINCORPORATED,-119.41845987000001,36.203459080000002
90618671,2017,2017-12-15,9480,2017-12-14,0755,016233,,4,1,9,5400,0,1,3,,2,091,"SR-99 N/B","MERRITT DR",13200.00,S,N,A,-,Y,,,99,,,,,,N,Y,4,0,1,2,A,-,07,21658,A,N,B,C,A,A,H,-,A,D,0,,,,Y,Y,,G,25,0,0,1,0,0,0,0,0,0,"- ","- ",36.421849999999999,-119.46767,TULARE,UNINCORPORATED,-119.46776929000001,36.42178345
90619846,2017,2017-12-18,9480,2017-12-11,1145,016046,,1,1,9,5400,0,3,5,,2,001,"AVENUE 304","ROAD 68",0.00,,Y,A,-,N,,,,,,,,,,Y,4,0,1,2,A,-,12,22450,A,N,D,C,A,A,H,-,A,A,0,,,,Y,Y,,F,27,0,0,1,0,0,0,0,0,0,"- ","- ",36.341650000000001,-119.42137,TULARE,UNINCORPORATED,-119.42140990999999,36.341680050000001
90620956,2017,2017-12-22,9481,2017-11-07,1640,018029,,2,2,9,5400,0,3,5,,2,020,"BALCH PARK ROAD (MTN 296)","BATTLE MOUNTAIN ROAD (MTN 256)",5808.00,S,N,A,-,N,,,,,,,,,,N,1,1,0,2,A,-,01,23152,A,F,A,G,A,A,H,-,B,D,0,,Y,,,Y,Y,A,01,0,0,0,0,0,1,0,0,0,"- ","- ",36.237000000000002,-118.79185,TULARE,UNINCORPORATED,-118.79185081,36.236987149999997
90626664,2017,2017-12-26,9480,2017-12-10,1220,018029,,7,1,9,5400,0,1,3,,1,060,"STATE ROUTE 137 (SR-137)","ROAD 152",0.00,,Y,A,-,Y,,,137,,,,,,,Y,4,0,2,2,A,-,09,21801,A,N,A,C,A,A,H,-,A,A,0,,,,,Y,,A,01,0,0,2,0,0,0,0,0,0,"- ","- ",36.210799999999999,-119.21272999999999,TULARE,UNINCORPORATED,-119.21273016000001,36.21077751
90626985,2017,2017-12-26,9481,2017-12-16,1320,020890,,6,1,9,5400,0,3,5,,2,020,"MIRAGE AVENUE","AVENUE 224",0.00,,Y,A,-,N,,,,,,,,,,Y,4,0,1,2,A,-,12,22450,A,N,D,C,A,A,H,-,A,A,0,,,,,Y,,A,07,0,0,1,0,0,0,0,0,0,"- ","- ",36.196199999999997,-119.0866,TULARE,UNINCORPORATED,-119.086569,36.196190999999999
90627071,2017,2017-12-26,9481,2017-12-22,0935,018707,,5,1,9,5400,0,3,5,,2,030,"ROAD 192","AVENUE 132",20.00,S,N,B,-,N,,,,,,,,,,Y,4,0,1,2,A,-,03,22350,,N,C,C,A,A,H,-,A,D,0,,,,,Y,,A,01,0,0,1,0,0,0,0,0,0,"- ","- ",36.02955,-119.14344,TULARE,UNINCORPORATED,-119.14350021999999,36.029745120000001
90627820,2017,2017-12-27,9480,2017-12-22,1553,015783,,5,2,9,5400,0,3,5,,2,006,"ROAD 156","AVENUE 256",123.00,N,N,A,-,N,,,,,,,,,,Y,2,0,1,3,A,-,03,22350,,N,B,C,A,A,H,-,A,D,0,,,,Y,Y,,A,01,1,0,0,0,0,0,0,0,0,"- ","- ",36.254820000000002,-119.22475,TULARE,UNINCORPORATED,-119.22475415,36.254717499999998
90633443,2017,2018-01-04,9480,2017-12-30,1502,019048,,6,2,9,5400,0,3,5,,2,006,"ROAD 132","AVENUE 272",1720.00,S,N,A,-,N,,,,,,,,,,Y,4,0,1,1,A,-,08,22107,,N,E,I,A,A,H,-,A,D,0,,,,,Y,,A,07,0,0,1,0,0,0,0,0,0,"- ","- ",36.280790000000003,-119.27867999999999,TULARE,UNINCORPORATED,-119.27868875999999,36.280880089999997
90633980,2018,2018-01-05,9480,2018-01-01,1134,012251,,1,1,9,5400,0,3,5,,2,006,"AVENUE 264 E/B","ROAD 108",1740.00,W,N,A,-,N,,,,,,,,,,Y,3,0,1,1,A,-,08,22107,,N,E,I,A,A,H,-,A,D,0,,,,,Y,,A,01,0,1,0,0,0,0,0,0,0,"- ","- ",36.269458770751953,-119.33730316162109,TULARE,UNINCORPORATED,-119.33714294433594,36.269275665283203
90634263,2018,2018-01-05,9480,2018-01-02,1907,018204,,2,2,9,5400,0,3,5,,2,001,"ROAD 80","AVENUE 400",673.00,N,N,B,-,N,,,,,,,,,,Y,4,0,1,1,A,-,08,22107,,N,E,I,A,A,H,-,D,D,0,,,,,Y,,A,01,0,0,1,0,0,0,0,0,0,"- ","- ",36.518650054931641,-119.39456176757812,TULARE,UNINCORPORATED,-119.39490509033203,36.518718719482422
90637035,2017,2018-01-10,9480,2017-12-17,1610,018421,,7,2,9,5400,0,3,5,,2,004,"AVENUE 320","ROAD 132",0.00,,Y,A,-,N,,,,,,,,,,Y,4,0,1,2,A,-,12,22450,A,N,D,C,A,A,H,-,A,A,0,,,,,Y,,A,01,0,0,1,0,0,0,0,0,0,"- ","- ",36.370980000000003,-119.27876000000001,TULARE,UNINCORPORATED,-119.2787685,36.370970999999997
90637382,2017,2018-01-10,9480,2017-12-31,2145,018657,,7,2,5,5407,0,1,3,,1,064,"SR-198 W/B","LINWOOD ST.",0.00,,N,A,-,Y,,,198,,,,,,W,Y,3,0,1,1,A,-,08,22107,,N,F,A,A,A,H,-,C,D,0,,,,,Y,,A,07,0,1,0,0,0,0,0,0,0,"- ","- ",36.327509999999997,-119.34094,TULARE,VISALIA,-119.34093939,36.32739282
9063890,2020,2020-09-18,5404,2020-03-27,1130,692,201,5,5,2,5404,0,0,0,,0,015,RT65,"ROAD SING",121.00,N,N,A,-,Y,TUL,6,65,-,-,29.300,H,-,S,Y,3,0,1,2,-,-,"- ",,,N,-,J,A,A,H,-,A,D,0,,,Y,,Y,,-,"- ",0,1,0,0,0,0,0,0,1,"- ","- ",,,TULARE,LINDSAY,-119.10298919677734,36.200870513916016
90638926,2018,2018-01-12,9480,2018-01-05,1110,014351,,5,1,9,5400,0,1,3,,1,040,"RT 216","ROAD 168",0.00,,Y,A,-,Y,,,216,,,,,,,Y,4,0,1,2,A,-,09,21801,A,N,D,C,A,A,H,-,A,D,0,,,,Y,Y,,A,01,0,0,1,0,0,0,0,0,0,"- ","- ",36.3851318359375,-119.19785308837891,TULARE,UNINCORPORATED,-119.19799041748047,36.385520935058594
90639229,2018,2018-01-12,9480,2018-01-09,1020,015047,,2,1,9,5400,0,3,5,,2,002,"ROAD 80","AVENUE 328",220.00,S,N,B,-,N,,,,,,,,,,N,4,0,1,1,A,-,03,22350,,N,E,I,A,B,H,-,A,A,0,,,,Y,Y,,G,26,0,0,1,0,0,0,0,0,0,"- ","- ",36.384719848632812,-119.39449310302734,TULARE,UNINCORPORATED,-119.39476013183594,36.384754180908203
90639916,2018,2018-01-15,9480,2018-01-08,1541,017108,,1,2,9,5400,0,1,3,,2,095,"STATE ROUTE 99 NORTHBOUND","COUNTY LINE ROAD (AVE 0)",1700.00,N,N,C,-,Y,,,99,,,,,,N,Y,4,0,1,1,A,-,08,22107,,N,E,I,A,B,H,-,A,D,0,,,,,Y,,A,08,0,0,1,0,0,0,0,0,0,"- ","- ",35.794818878173828,-119.25318145751953,TULARE,UNINCORPORATED,-119.25332641601562,35.794776916503906
90640772,2018,2018-01-16,9480,2018-01-06,0215,019111,,6,3,5,5407,0,1,3,,1,064,"SR-198 (E/B)","S. WOODLAND ST.",130.00,W,N,B,-,Y,,,198,,,,,,,Y,3,0,1,1,A,-,01,23152,A,N,E,I,A,B,H,-,C,D,0,,,,,Y,Y,A,01,0,1,0,0,0,0,0,0,0,"- ","- ",36.326938629150391,-119.31387329101562,TULARE,VISALIA,-119.31387329101562,36.327003479003906
90641914,2018,2018-01-17,9481,2018-01-08,1615,017957,,1,2,9,5400,0,3,5,,2,020,"BALCH PARK ROAD",SR-190,2112.00,N,N,B,C,N,,,,,,,,,,Y,2,0,1,1,A,-,03,22350,,N,E,I,A,B,H,-,A,D,0,,,,,Y,,A,01,1,0,0,0,0,0,0,0,0,"- ","- ",36.14453125,-118.80487060546875,TULARE,UNINCORPORATED,-118.80485534667969,36.144096374511719
90646795,2018,2018-01-24,9480,2018-01-16,1440,017108,,2,2,9,5400,0,3,5,,2,003,"AVENUE 144","ROAD 32",10560.00,E,N,B,E,N,,,,,,,,,,Y,3,0,1,2,A,-,03,22350,,N,C,C,A,A,H,-,A,D,0,,,,Y,Y,,A,01,0,1,0,0,0,0,0,0,0,"- ","- ",36.050868988037109,-119.46481323242188,TULARE,UNINCORPORATED,-119.46456909179688,36.050880432128906
90649253,2018,2018-01-26,9480,2018-01-21,1117,016233,,7,1,9,5400,0,3,5,,2,005,"STATE STREET","ARMSTRONG AVE",0.00,,Y,A,-,N,,,,,,,,,,N,4,0,2,3,A,-,12,22450,A,N,D,C,A,A,H,-,A,A,0,,,,,Y,,D,22,0,0,2,0,0,0,0,0,0,"- ","- ",35.877418518066406,-119.26943206787109,TULARE,UNINCORPORATED,-119.26946258544922,35.877418518066406
90649368,2018,2018-01-26,9480,2018-01-22,0245,017311,,1,3,9,5400,0,3,5,,2,006,"AVENUE 288","ROAD 168",25.00,E,N,A,-,N,,,,,,,,,,Y,2,0,1,1,A,-,08,22107,,N,E,I,A,A,H,-,D,D,0,,,,,Y,,A,01,1,0,0,0,0,0,0,0,0,"- ","- ",36.312248229980469,-119.19788360595703,TULARE,UNINCORPORATED,-119.19805145263672,36.312217712402344
90653493,2018,2018-02-01,9480,2018-01-19,0810,013643,,5,1,9,5400,0,1,3,,2,095,"SR-99 N/B","COUNTY LINE RD",300.00,N,N,B,C,Y,,,99,,,,,,N,N,4,0,1,1,A,-,08,22107,,N,F,A,A,B,H,-,A,D,0,,,,,Y,,D,22,0,0,1,0,0,0,0,0,0,"- ","- ",35.790409088134766,-119.25068664550781,TULARE,UNINCORPORATED,-119.25067901611328,35.790416717529297
90653714,2018,2018-02-02,9481,2018-01-26,0820,018707,,5,1,9,5400,0,3,5,,2,030,"AVENUE 104","ROAD 192",0.00,,Y,A,-,N,,,,,,,,,,Y,3,0,2,2,A,-,09,21802,A,N,D,C,A,A,H,-,A,A,0,,,,,Y,,A,01,0,2,0,0,0,0,0,0,0,"- ","- ",35.978569030761719,-119.143310546875,TULARE,UNINCORPORATED,-119.14324951171875,35.978908538818359
90653995,2018,2018-02-02,9480,2018-01-29,0130,019111,,1,3,9,5400,0,3,5,,2,002,"AVENUE 460 (SR-63)","ROAD 124",10.00,E,N,A,-,Y,,,63,,,,,,,Y,3,0,1,1,A,-,01,23152,A,M,E,I,A,A,H,-,D,D,0,,,,,Y,Y,A,01,0,1,0,0,0,0,0,0,0,"- ","- ",36.624229431152344,-119.29591369628906,TULARE,UNINCORPORATED,-119.29590606689453,36.624282836914062
90655788,2018,2018-02-06,9480,2018-01-30,0605,015290,,2,1,9,5400,0,1,3,,2,091,"STATE ROUTE 99 SOUTHBOUND","BETTY DR",3696.00,S,N,A,-,Y,,,99,,,,,,S,Y,4,0,1,2,A,-,08,22107,,N,B,C,A,A,H,-,D,D,0,,,,Y,Y,,A,01,0,0,1,0,0,0,0,0,0,"- ","- ",36.341339111328125,-119.41973114013672,TULARE,UNINCORPORATED,-119.41971588134766,36.341350555419922
90656652,2018,2018-02-07,9480,2018-01-30,0640,014351,,2,1,9,5400,0,1,3,,1,040,"RT 216","ROAD 196",0.00,,Y,A,-,Y,,,216,,,,,,,Y,4,0,2,2,A,-,09,21802,A,N,D,C,A,A,H,-,A,A,0,,,,,Y,,A,01,0,0,2,0,0,0,0,0,0,"- ","- ",36.413581848144531,-119.13472747802734,TULARE,UNINCORPORATED,-119.13472747802734,36.413803100585938
9065772,2020,2020-11-04,5407,2020-05-08,1257,M226,480,5,5,5,5407,0,0,0,,0,033,"E NOBLE AV","S SANTA FE ST",0.00,,Y,A,-,N,,,,,,,,,,Y,4,0,1,2,A,-,12,21453,A,N,D,C,A,A,H,-,A,A,0,,,,,Y,,A,01,0,0,1,0,0,0,0,0,0,"- ","- ",36.326408386230469,-119.28778076171875,TULARE,VISALIA,-119.28774261474609,36.326400756835938
9065774,2020,2020-11-04,5407,2020-05-04,1658,A325,,1,5,5,5407,0,0,0,,0,034,"E CALDWELL AV","SANTA FE ST",560.00,E,N,A,-,N,,,,,,,,,,Y,3,0,1,2,A,-,09,21801,A,N,D,C,A,A,H,-,A,D,0,,,,,Y,,A,01,0,1,0,0,0,0,0,0,0,"- ","- ",36.298118591308594,-119.28717803955078,TULARE,VISALIA,-119.28527069091797,36.298137664794922
9065777,2020,2020-11-04,5407,2020-05-13,1139,M203,480,3,5,5,5407,0,0,0,,0,,"E HOUSTON AV",CAIN,767.00,E,N,A,-,N,,,,,,,,,,Y,3,0,1,2,A,-,09,21804,A,F,D,C,A,A,H,-,A,A,0,,,,,Y,,A,08,0,1,0,0,0,0,0,0,0,"- ","- ",36.341861724853516,-119.27439117431641,TULARE,VISALIA,-119.27178955078125,36.341888427734375
90657845,2018,2018-02-08,9481,2018-02-02,1710,018815,,5,2,9,5400,0,1,3,,1,012,"STATE ROUTE 65","ELM AVENUE",528.00,S,N,A,-,Y,,,65,,,,,,,Y,3,0,2,1,A,-,08,22107,,N,E,I,A,A,H,-,B,D,0,,,,,Y,,A,01,0,2,0,0,0,0,0,0,0,"- ","- ",36.210830688476562,-119.12412261962891,TULARE,UNINCORPORATED,-119.12412261962891,36.210800170898438
90658179,2018,2018-02-09,9481,2018-02-02,2238,020612,,5,3,4,5405,0,1,3,,1,012,"STATE ROUTE 65 SOUTHBOUND","OLIVE AVENUE",100.00,N,N,A,-,Y,,,65,,,,,,S,Y,3,0,1,1,A,-,08,22107,,N,E,J,A,A,H,-,D,D,0,,,,,Y,,A,01,0,1,0,0,0,0,0,0,0,"- ","- ",36.066070556640625,-119.03935241699219,TULARE,PORTERVILLE,-119.03947448730469,36.066070556640625
9065940,2020,2020-08-18,5405,2020-04-06,1213,263,,1,5,4,5405,0,0,0,,0,001,"JAYE ST","ALICE AV",0.00,,Y,A,-,N,,,,,,,,,,N,3,0,1,2,A,-,08,22107,,N,D,G,A,A,H,-,A,D,0,,Y,,,Y,,L,04,0,1,0,0,0,0,1,0,0,"- ","- ",,,TULARE,PORTERVILLE,-119.02635955810547,36.078678131103516
90659553,2018,2018-02-12,9481,2018-02-07,0755,018707,,3,1,9,5400,0,1,3,,1,053,"STATE ROUTE 190 EASTBOUND","PLANO STREET",528.00,W,N,A,-,Y,,,,,,,,,,Y,4,0,3,4,A,-,03,22350,,N,C,C,A,A,H,-,A,D,0,,,,,Y,,A,01,0,0,3,0,0,0,0,0,0,"- ","- ",36.050968170166016,-119.01378631591797,TULARE,UNINCORPORATED,-119.00999450683594,36.051010131835938
90659747,2018,2018-02-12,9480,2018-02-02,2230,017291,,5,3,9,5400,0,1,3,,2,091,"STATE ROUTE 99 (NORTHBOUND)","MERRITT DR",12672.00,S,N,A,-,Y,,,99,,,,,,,Y,4,0,4,2,A,-,03,22350,,N,C,C,A,A,H,-,D,D,0,,,,,Y,,A,01,0,0,4,0,0,0,0,0,0,"- ","- ",36.422168731689453,-119.46816253662109,TULARE,UNINCORPORATED,-119.46807098388672,36.422229766845703
90659853,2018,2018-02-12,9480,2018-02-04,1630,017778,,7,2,9,5400,0,3,5,,2,004,"GRANDVIEW ROAD","AVENUE 324",3.00,N,N,A,-,N,,,,,,,,,,N,3,0,2,1,A,-,03,22350,,N,H,A,A,A,B,-,A,D,0,,,Y,,Y,,C,06,0,2,0,0,0,0,0,0,2,"- ","- ",36.37847900390625,-119.29351043701172,TULARE,UNINCORPORATED,-119.29344940185547,36.378299713134766
90659916,2018,2018-02-12,9480,2018-02-11,0600,016723,,7,1,9,5400,0,3,5,,2,006,"ROCKY HILL DRIVE","FRIANT/KERN CANAL",4780.00,E,N,A,-,N,,,,,,,,,,Y,3,0,2,1,A,-,01,23152,A,N,E,I,A,A,H,-,B,A,0,,,,,Y,Y,A,01,0,2,0,0,0,0,0,0,0,"- ","- ",36.299480438232422,-119.09832000732422,TULARE,UNINCORPORATED,-119.09829711914062,36.299468994140625
90659938,2018,2018-02-12,9481,2018-02-04,1115,015218,,7,1,9,5400,0,1,3,,1,032,SR-190,"ROAD 208",0.00,,Y,A,-,Y,,,190,,,,,,,Y,3,0,2,2,A,-,12,22450,A,N,D,D,A,A,H,-,A,A,0,,,,,Y,,A,07,0,2,0,0,0,0,0,0,0,"- ","- ",36.051841735839844,-119.10756683349609,TULARE,UNINCORPORATED,-119.10756683349609,36.05120849609375
90660773,2018,2018-02-13,9480,2018-02-04,1845,018657,,7,2,9,5400,0,3,5,,2,001,"ASHWORTH AVENUE","WOLF STREET",0.00,,Y,A,-,N,,,,,,,,,,N,3,0,1,2,A,-,11,21954,A,N,G,B,D,A,H,-,C,D,0,Y,,,,Y,,N,60,0,1,0,0,1,0,0,0,0,"- ","- ",36.347618103027344,-119.40825653076172,TULARE,UNINCORPORATED,-119.40810999999999,36.347580000000001
90662124,2018,2018-02-15,9481,2018-02-13,2330,019149,,2,3,9,5400,0,3,5,,2,030,"HOT SPRINGS ROAD","OLD STAGE ROAD",150.00,E,N,A,-,N,,,,,,,,,,Y,4,0,1,1,A,-,08,22107,,N,E,I,A,A,H,-,D,D,0,,,,,Y,,A,01,0,0,1,0,0,0,0,0,0,"- ","- ",35.892330169677734,-118.91654205322266,TULARE,UNINCORPORATED,-118.91735076904297,35.892486572265625
90662440,2018,2018-02-15,9480,2018-02-07,1900,017252,,3,2,9,5400,0,3,5,,2,002,"AVENUE 320","ROAD 108",100.00,W,N,A,-,N,,,,,,,,,,N,4,0,1,2,A,-,03,22350,,F,C,C,A,A,H,-,D,A,0,,,Y,,Y,,C,02,0,0,1,0,0,0,0,0,0,"- ","- ",36.370960235595703,-119.33268737792969,TULARE,UNINCORPORATED,-119.33267974853516,36.371006011962891
90662504,2018,2018-02-15,9480,2018-02-08,1545,017108,,4,2,9,5400,0,1,3,,1,032,"STATE ROUTE 190","CALLISON ROAD",0.00,,Y,A,-,Y,,,190,,,,,,,Y,3,0,3,2,A,-,12,22450,A,N,D,C,A,A,H,-,A,A,0,,,,,Y,,A,08,0,2,1,0,0,0,0,0,0,"- ","- ",36.05126953125,-119.30394744873047,TULARE,UNINCORPORATED,-119.30394744873047,36.051288604736328
90664334,2018,2018-02-20,9480,2018-01-31,0757,016210,,3,1,9,5400,0,3,5,,2,001,"ROAD 80","AVENUE 384",0.00,,Y,E,-,N,,,,,,,,,,Y,2,0,1,2,A,-,12,21453,A,N,D,C,A,A,H,-,A,A,0,,,,Y,Y,,A,01,1,0,0,0,0,0,0,0,0,"- ","- ",36.487918853759766,-119.39492034912109,TULARE,UNINCORPORATED,-119.39489988,36.487920019999997
90666730,2018,2018-02-22,9480,2018-02-15,1530,017108,,4,2,9,5400,0,1,3,,1,060,"STATE ROUTE 137 (AVENUE 232)","ROAD 168",0.00,,Y,A,-,Y,,,137,,,,,,,Y,4,0,3,2,A,-,09,21802,A,N,D,C,A,A,H,-,A,A,0,,,,,Y,,A,01,0,0,3,0,0,0,0,0,0,"- ","- ",36.210758209228516,-119.19882965087891,TULARE,UNINCORPORATED,-119.19882965087891,36.210769653320312
90666836,2018,2018-02-22,9480,2018-02-15,1410,017778,,4,2,9,5400,0,3,5,,2,002,"AVENUE 416","ROAD 104",30.00,E,N,A,-,N,,,,,,,,,,N,4,0,3,2,A,-,03,22350,,N,C,C,A,A,H,-,A,A,0,,,,,Y,,D,22,0,0,3,0,0,0,0,0,0,"- ","- ",36.545269012451172,-119.33998870849609,TULARE,UNINCORPORATED,-119.34046173095703,36.545204162597656
9066767,2020,2020-11-03,5406,2020-02-06,1520,30,5B,4,5,4,5406,0,0,0,,0,0AO,"RT 63",PROSPERITY,126.00,S,N,A,-,Y,TUL,6,63,-,-,0.990,H,-,N,N,4,0,1,2,A,-,03,22350,,N,C,C,A,A,H,-,A,A,0,,,,,Y,,D,22,0,0,1,0,0,0,0,0,0,"- ","- ",,,TULARE,TULARE,-119.31290435791016,36.225605010986328
90669330,2018,2018-02-26,9481,2018-02-08,2035,021234,,4,2,9,5400,0,1,3,,1,053,"STATE ROUTE 190 EASTBOUND","JAYE STREET",792.00,E,N,A,-,Y,,,,,,,,,,Y,3,0,1,1,A,-,01,23152,A,M,F,A,A,A,H,-,D,D,0,,,,,Y,Y,A,07,0,1,0,0,0,0,0,0,0,"- ","- ",36.051300048828125,-119.02336120605469,TULARE,UNINCORPORATED,-119.02359008789062,36.05133056640625
90673195,2018,2018-03-01,9480,2018-02-16,1105,013643,,5,1,4,5406,0,1,3,,2,093,"SR-99 (SOUTHBOUND)","K STREET",4752.00,N,N,A,-,Y,,,99,,,,,,,Y,4,0,2,3,A,-,03,22350,,N,C,C,A,A,H,-,A,D,0,,,,,Y,,A,01,0,0,2,0,0,0,0,0,0,"- ","- ",36.167938232421875,-119.33096313476562,TULARE,TULARE,-119.33094787597656,36.167938232421875