CASE_ID,ACCIDENT_YEAR,PROC_DATE,JURIS,COLLISION_DATE,COLLISION_TIME,OFFICER_ID,REPORTING_DISTRICT,DAY_OF_WEEK,CHP_SHIFT,POPULATION,CNTY_CITY_LOC,SPECIAL_COND,BEAT_TYPE,CHP_BEAT_TYPE,CITY_DIVISION_LAPD,CHP_BEAT_CLASS,BEAT_NUMBER,PRIMARY_RD,SECONDARY_RD,DISTANCE,DIRECTION,INTERSECTION,WEATHER_1,WEATHER_2,STATE_HWY_IND,CALTRANS_COUNTY,CALTRANS_DISTRICT,STATE_ROUTE,ROUTE_SUFFIX,POSTMILE_PREFIX,POSTMILE,LOCATION_TYPE,RAMP_INTERSECTION,SIDE_OF_HWY,TOW_AWAY,COLLISION_SEVERITY,NUMBER_KILLED,NUMBER_INJURED,PARTY_COUNT,PRIMARY_COLL_FACTOR,PCF_CODE_OF_VIOL,PCF_VIOL_CATEGORY,PCF_VIOLATION,PCF_VIOL_SUBSECTION,HIT_AND_RUN,TYPE_OF_COLLISION,MVIW,PED_ACTION,ROAD_SURFACE,ROAD_COND_1,ROAD_COND_2,LIGHTING,CONTROL_DEVICE,CHP_ROAD_TYPE,PEDESTRIAN_ACCIDENT,BICYCLE_ACCIDENT,MOTORCYCLE_ACCIDENT,TRUCK_ACCIDENT,NOT_PRIVATE_PROPERTY,ALCOHOL_INVOLVED,STWD_VEHTYPE_AT_FAULT,CHP_VEHTYPE_AT_FAULT,COUNT_SEVERE_INJ,COUNT_VISIBLE_INJ,COUNT_COMPLAINT_PAIN,COUNT_PED_KILLED,COUNT_PED_INJURED,COUNT_BICYCLIST_KILLED,COUNT_BICYCLIST_INJURED,COUNT_MC_KILLED,COUNT_MC_INJURED,PRIMARY_RAMP,SECONDARY_RAMP,LATITUDE,LONGITUDE,COUNTY,CITY,POINT_X,POINT_Y
91150500,2019,2019-12-23,9480,2019-12-14,1918,019846,,6,2,9,5400,0,3,5,,2,003,"I DRIVE","AVENUE 200",1056.00,S,N,A,-,N,,,,,,,,,,N,2,0,1,2,C,-,18,,,N,D,G,A,A,H,-,D,D,0,,Y,,,Y,,-,"- ",1,0,0,0,0,0,1,0,0,"- ","- ",36.14971923828125,-119.33547973632812,TULARE,UNINCORPORATED,-119.33615875244141,36.15277099609375
91151050,2019,2019-12-23,9480,2019-12-20,1735,020060,,5,2,9,5400,0,3,5,,2,006,"ROAD 204","AVENUE 258",50.00,N,N,A,-,N,,,,,,,,,,N,4,0,1,2,A,-,03,22350,,N,C,C,A,A,H,-,D,D,0,,,,,Y,,A,01,0,0,1,0,0,0,0,0,0,"- ","- ",36.257850646972656,-119.118408203125,TULARE,UNINCORPORATED,-119.11832427978516,36.257167816162109
91151267,2019,2019-12-24,9481,2019-12-23,0720,016147,,1,1,9,5400,0,3,5,,2,010,"AVENUE 160","ROAD 200",1056.00,E,N,B,C,N,,,,,,,,,,Y,2,0,1,2,A,-,03,22350,,N,C,C,A,B,H,-,B,D,0,,,,,Y,,A,01,1,0,0,0,0,0,0,0,0,"- ","- ",36.080421447753906,-119.35562896728516,TULARE,UNINCORPORATED,-119.12178802490234,36.080337524414062
91151461,2019,2019-12-24,9480,2019-09-26,1722,019349,,4,2,9,5400,0,3,5,,2,006,"AVENUE 264","ROAD 156",0.00,,Y,A,-,N,,,,,,,,,,Y,1,1,1,2,A,-,12,22450,A,N,D,C,A,A,H,-,A,A,0,,,,,Y,,D,22,0,0,1,0,0,0,0,0,0,"- ","- ",36.268978118896484,-119.22489166259766,TULARE,UNINCORPORATED,-119.22490000000001,36.268979999999999
91153055,2019,2019-12-26,9480,2019-12-21,1055,016233,,6,1,9,5400,0,3,5,,2,006,"SPRUCE RD.","FIREBAUGH AVE",0.00,,Y,B,-,N,,,,,,,,,,Y,4,0,1,2,A,-,09,21802,A,N,D,C,A,A,H,-,A,A,0,,,,,Y,,A,01,0,0,1,0,0,0,0,0,0,"- ","- ",36.289741516113281,-119.11785888671875,TULARE,UNINCORPORATED,-119.11776999999999,36.289659999999998
91153205,2019,2019-12-26,9480,2019-12-24,2045,017778,,2,2,9,5400,0,3,5,,2,002,"ROAD 120","ACEVES AVENUE",10.00,N,N,A,-,N,,,,,,,,,,Y,3,0,2,2,A,-,01,23152,A,N,C,C,A,A,H,-,C,D,0,,,,,Y,Y,A,01,0,2,0,0,0,0,0,0,0,"- ","- ",36.537361145019531,-119.30500030517578,TULARE,UNINCORPORATED,-119.30497741699219,36.537265777587891
91153431,2019,2019-12-26,9480,2019-12-20,0850,015282,,5,1,9,5400,0,3,5,,2,002,"AVENUE 416","ROAD 120",0.00,,Y,B,-,N,,,,,,,,,,Y,4,0,1,2,A,-,12,21457,A,N,D,C,A,A,H,-,A,A,0,,,,,Y,,D,22,0,0,1,0,0,0,0,0,0,"- ","- ",36.545040130615234,-119.30503082275391,TULARE,UNINCORPORATED,-119.305031,36.54504
91154892,2019,2019-12-30,9481,2019-12-23,2300,021183,,1,3,9,5400,0,2,4,,1,021,"ORANGE BELT DRIVE","AVE 184",0.00,,Y,C,-,N,,,,,,,,,,N,3,0,1,1,A,-,08,22107,,N,E,I,A,B,H,-,D,D,0,,,,,Y,,D,22,0,1,0,0,0,0,0,0,0,"- ","- ",36.123508453369141,-119.04946899414062,TULARE,UNINCORPORATED,-119.0496,36.123610999999997
91155317,2019,2019-12-30,9480,2019-12-21,2255,018521,,6,3,9,5400,0,3,5,,2,006,"ROAD 140","AVE 272",211.00,N,N,A,-,N,,,,,,,,,,Y,2,0,2,2,A,-,03,22350,,N,C,C,A,A,H,-,D,D,0,,,,,Y,,A,01,2,0,0,0,0,0,0,0,0,"- ","- ",36.289508819580078,-119.26093292236328,TULARE,UNINCORPORATED,-118.96395874023438,36.043769836425781
91155359,2019,2019-12-30,9480,2019-12-23,1512,019932,,1,2,9,5400,0,3,5,,2,005,"ROAD 144","AVENUE 0 (COUNTY LINE ROAD)",1056.00,N,N,B,C,N,,,,,,,,,,Y,4,0,1,1,A,-,03,22350,,N,E,I,A,B,A,-,A,D,0,,,,,Y,,D,22,0,0,1,0,0,0,0,0,0,"- ","- ",35.793209075927734,-119.25026702880859,TULARE,UNINCORPORATED,-119.25028991699219,35.793205261230469
91155613,2019,2019-12-30,9480,2019-12-27,1955,020837,,5,2,4,5406,0,1,3,,2,093,"STATE ROUTE 99 SOUTHBOUND","PAIGE AVENUE",50.00,S,N,B,-,Y,,,99,,,,,,S,Y,3,0,1,3,A,-,03,22350,,N,C,C,A,A,H,-,C,D,0,,,,Y,Y,,D,22,0,1,0,0,0,0,0,0,0,"- ","- ",36.181911468505859,-119.32871246337891,TULARE,TULARE,-119.32868957519531,36.181907653808594
91155775,2019,2019-12-30,9480,2019-12-20,1708,016240,,5,2,9,5400,0,1,3,,2,091,"SR-99 N/B","BETTY DRIVE",0.00,,N,A,-,Y,,,99,,,,,,N,Y,3,0,2,1,A,-,08,22107,,N,E,I,A,A,H,-,C,D,0,,,,,Y,,A,07,0,1,1,0,0,0,0,0,0,"- ","- ",36.345989227294922,-119.42244720458984,TULARE,UNINCORPORATED,-119.42295074462891,36.345561981201172
91160874,2019,2020-01-07,9480,2019-12-20,2217,018861,,5,3,9,5400,0,3,5,,2,006,"ROAD 164","AVENUE 256",0.00,,Y,A,-,N,,,,,,,,,,N,4,0,1,2,A,-,09,21800,A,N,D,C,A,A,H,-,C,A,0,,,,,Y,,A,01,0,0,1,0,0,0,0,0,0,"- ","- ",36.254188537597656,-119.20697021484375,TULARE,UNINCORPORATED,-119.206917,36.254196999999998
91161445,2019,2020-01-08,9480,2019-12-22,0220,018421,,7,3,9,5400,0,3,5,,2,001,"AVENUE 384","ROAD 56",1584.00,W,N,A,-,N,,,,,,,,,,Y,3,0,2,1,A,-,08,22107,,M,E,I,A,A,H,-,D,D,0,,,,,Y,,A,01,0,1,1,0,0,0,0,0,0,"- ","- ",36.488590240478516,-119.45420074462891,TULARE,UNINCORPORATED,-119.45419311523438,36.488483428955078
91162231,2019,2020-01-09,9480,2019-12-28,0319,018521,,6,3,9,5400,0,1,3,,1,010,"SR-201 (AVE 400)","RD 32",312.00,W,N,A,-,Y,,,,,,,,,,Y,3,0,1,1,A,-,08,22107,,N,E,I,A,A,H,-,D,D,0,,,,,Y,,A,01,0,1,0,0,0,0,0,0,0,"- ","- ",36.517898559570312,-119.50392150878906,TULARE,UNINCORPORATED,,
91162312,2020,2020-01-21,9480,2020-01-03,1805,020837,,5,2,9,5400,0,3,5,,2,006,"AVENUE 192","SPACER DRIVE",859.00,E,N,B,-,N,,,,,,,,,,Y,2,0,5,2,A,-,08,22107,,N,A,C,A,A,H,-,D,D,0,,,,,Y,,D,22,1,2,2,0,0,0,0,0,0,"- ","- ",36.138389587402344,-119.27159118652344,TULARE,UNINCORPORATED,-119.2694091796875,36.1383056640625
91162557,2020,2020-01-09,9480,2020-01-05,1800,015290,,7,2,9,5400,0,3,5,,2,005,"ROAD 144","AVENUE 32",1584.00,S,N,B,-,N,,,,,,,,,,Y,3,0,2,1,A,-,08,22107,,N,E,I,A,A,H,-,D,D,0,,,,,Y,,D,22,0,1,1,0,0,0,0,0,0,"- ","- ",35.843418121337891,-119.25032806396484,TULARE,UNINCORPORATED,-119.25026702880859,35.844051361083984
91162927,2019,2020-01-10,9480,2019-12-31,0540,016723,,2,3,9,5400,0,1,3,,1,051,"STATE ROUTE 43","AVENUE 120",85.00,S,N,E,-,Y,,,43,,,,,,,Y,4,0,1,2,A,-,09,21802,A,N,B,C,A,B,H,-,D,A,0,,,,Y,Y,,G,25,0,0,1,0,0,0,0,0,0,"- ","- ",36.007160186767578,-119.48969268798828,TULARE,UNINCORPORATED,-119.48977661132812,36.007095336914062
91162940,2019,2020-01-10,9481,2019-12-31,0900,019149,,2,1,9,5400,0,3,5,,2,010,"AVENUE 184","ROAD 224",0.00,,Y,A,-,N,,,,,,,,,,Y,3,0,1,2,A,-,09,21802,A,N,D,C,A,A,H,-,A,A,0,,,,,Y,,A,01,0,1,0,0,0,0,0,0,0,"- ","- ",36.123500823974609,-119.07180786132812,TULARE,UNINCORPORATED,-119.07182312011719,36.123500823974609
91162981,2020,2020-01-10,9481,2020-01-04,1930,020238,,6,2,9,5400,0,1,3,,1,012,"STATE ROUTE 65 (SOUTHBOUND)","AVENUE 184",0.00,,Y,A,-,Y,,,65,,,,,,,Y,4,0,2,2,A,-,09,21802,A,N,D,C,A,A,H,-,C,A,0,,,,,Y,,A,07,0,0,2,0,0,0,0,0,0,"- ","- ",36.123561859130859,-119.05568695068359,TULARE,UNINCORPORATED,-119.05571746826172,36.123538970947266
91163099,2020,2020-01-10,9480,2020-01-07,0750,013656,,2,1,9,5400,0,3,5,,2,006,"ROAD 140","AVENUE 256",115.00,S,N,E,-,N,,,,,,,,,,Y,4,0,1,4,A,-,03,22350,,N,C,C,A,B,H,-,A,A,0,,,,,Y,,D,22,0,0,1,0,0,0,0,0,0,"- ","- ",36.255050659179688,-119.2606201171875,TULARE,UNINCORPORATED,-119.26063537597656,36.255104064941406
91163279,2020,2020-01-10,9481,2020-01-09,1025,019422,,4,1,4,5405,0,1,3,,1,012,"STATE ROUT 65 (SOUTHBOUND)","MORTON AVE.",400.00,N,N,C,-,Y,,,,,,,,,,Y,3,0,1,1,A,-,08,22107,,N,E,I,A,B,H,-,A,D,0,,,,,Y,,D,22,0,1,0,0,0,0,0,0,0,"- ","- ",36.074459075927734,-119.03984832763672,TULARE,PORTERVILLE,,
91163309,2020,2020-01-10,9481,2020-01-10,0650,019149,,5,1,9,5400,0,1,3,,1,012,"STATE ROUTE 65 (NORTHBOUND)","AVENUE 196",200.00,S,N,E,-,Y,,,,,,,,,,Y,4,0,1,2,A,-,03,22350,,N,C,C,A,A,H,-,B,D,0,,,,,Y,,A,01,0,0,1,0,0,0,0,0,0,"- ","- ",34.144390106201172,-119.07163238525391,TULARE,UNINCORPORATED,-119.07219696044922,36.144989013671875
91163736,2019,2020-01-13,9481,2019-12-31,2300,021183,,2,3,9,5400,0,3,5,,2,050,"CRESTVIEW STREET","AVENUE 128",0.00,,Y,A,-,N,,,,,,,,,,N,3,0,1,1,A,-,01,23152,A,M,E,I,A,A,H,-,D,A,0,,,,,Y,Y,A,07,0,1,0,0,0,0,0,0,0,"- ","- ",36.022251129150391,-118.99533081054688,TULARE,UNINCORPORATED,-118.995227,36.022281999999997
91164739,2019,2021-01-12,9481,2019-11-15,2148,015290,,5,2,9,5400,0,1,3,,1,032,"STATE ROUTE 190","ROAD 208",1584.00,E,N,A,-,Y,,,190,,,,,,,Y,2,0,2,3,A,-,05,21650,,F,A,C,A,A,H,-,D,D,0,,,,,Y,,A,07,1,1,0,0,0,0,0,0,0,"- ","- ",36.051170349121094,-119.10247802734375,TULARE,UNINCORPORATED,-119.10247802734375,36.051189422607422
91164923,2020,2020-01-14,9481,2020-01-08,1247,018113,,3,1,9,5400,0,2,4,,1,011,"AVENUE 192","ROAD 152",208.00,E,N,B,-,N,,,,,,,,,,Y,2,0,2,2,A,-,05,21650,,N,A,C,A,B,H,-,A,D,0,,,,,Y,,D,22,1,0,1,0,0,0,0,0,0,"- ","- ",36.138198852539062,-119.22779846191406,TULARE,UNINCORPORATED,-119.23171997070312,36.138259887695312
91165099,2020,2020-01-14,9480,2020-01-10,2050,020837,,5,2,9,5400,0,1,3,,2,095,"STATE ROUTE 99 NORTHBOUND","AVENUE 120",10032.00,N,N,A,-,Y,,,99,,,,,,N,Y,2,0,1,1,A,-,08,22107,,N,E,I,A,A,H,-,D,D,0,,,,,Y,,A,01,1,0,0,0,0,0,0,0,0,"- ","- ",36.035850524902344,-119.30874633789062,TULARE,UNINCORPORATED,-119.30886077880859,36.035823822021484
91167392,2020,2020-01-17,9480,2020-01-06,2230,018521,,1,3,9,5400,0,1,3,,2,095,"SR-99 N/B","AVE 24",3696.00,N,N,E,-,Y,,,99,,,,,,N,Y,3,0,1,1,A,-,08,22107,,N,E,I,A,B,H,-,D,D,0,,,,,Y,,D,22,0,1,0,0,0,0,0,0,0,"- ","- ",35.843219757080078,-119.26442718505859,TULARE,UNINCORPORATED,-119.26450347900391,35.843196868896484
91167409,2020,2020-01-17,9480,2020-01-07,0930,015047,,2,1,9,5400,0,3,5,,2,001,"ROAD 60","AVENUE 360 (DRIVE 60)",41.00,N,N,E,-,N,,,,,,,,,,Y,4,0,3,2,A,-,09,21802,A,N,D,C,A,B,H,-,A,A,0,,,,Y,Y,,G,25,0,0,3,0,0,0,0,0,0,"- ","- ",36.444740295410156,-119.49240875244141,TULARE,UNINCORPORATED,-119.483642578125,36.444309234619141
91169145,2020,2020-01-21,9480,2020-01-10,0800,017108,,5,1,9,5400,0,1,3,,1,030,"STATE ROUTE 137","ROAD 68",0.00,,Y,E,-,Y,,,137,,,,,,,Y,4,0,1,2,A,-,09,21802,A,N,D,C,A,B,H,-,A,A,0,,,,Y,Y,,G,25,0,0,1,0,0,0,0,0,0,"- ","- ",36.2034912109375,-119.42117309570312,TULARE,UNINCORPORATED,-119.42117309570312,36.203475952148438
91170124,2020,2020-01-22,9480,2020-01-15,1747,019932,,3,2,9,5400,0,1,3,,1,065,"SR-65 (ROAD 196)","AVENUE 237",40.00,N,N,A,-,Y,,,,,,,,,,Y,4,0,1,2,A,-,03,22350,,N,C,C,A,A,H,-,D,D,0,,,,,Y,,D,22,0,0,1,0,0,0,0,0,0,"- ","- ",36.219730377197266,-119.1363525390625,TULARE,UNINCORPORATED,-119.13638305664062,36.219810485839844
91170407,2020,2020-01-22,9480,2020-01-16,1735,020837,,4,2,9,5400,0,1,3,,2,095,"STATE ROUTE 99 NORTHBOUND","COUNTY LINE ROAD (AVE 0)",250.00,N,N,B,C,Y,,,99,,,,,,N,Y,4,0,1,2,A,-,07,21658,A,N,B,C,A,B,H,-,D,D,0,,,,Y,Y,,A,01,0,0,1,0,0,0,0,0,0,"- ","- ",35.791088104248047,-119.25106811523438,TULARE,UNINCORPORATED,-119.25110626220703,35.791061401367188
91170513,2020,2020-01-22,9481,2020-01-12,2135,020332,,7,2,9,5400,0,3,5,,2,050,"AVENUE 95",SR-65,528.00,E,N,A,-,N,,,,,,,,,,Y,4,0,1,2,A,-,09,21801,A,N,D,C,A,A,H,-,C,D,0,,,,,Y,,A,01,0,0,1,0,0,0,0,0,0,"- ","- ",35.962501525878906,-119.05155944824219,TULARE,UNINCORPORATED,-119.05181121826172,35.962421417236328
91174419,2020,2020-01-27,9480,2020-01-21,1145,018202,,2,1,9,5400,0,3,5,,2,003,"DR 92B",SR-99,115.00,W,N,A,-,N,,,,,,,,,,Y,3,0,2,2,A,-,09,21801,A,N,A,C,A,A,H,-,A,D,0,,,,,Y,,A,01,0,2,0,0,0,0,0,0,0,"- ","- ",36.266201019287109,-119.36421966552734,TULARE,UNINCORPORATED,,
91174980,2020,2020-01-28,9480,2020-01-15,0005,020612,,3,3,9,5400,0,3,5,,2,003,"I DRIVE","AVENUE 160",2200.00,N,N,B,-,N,,,,,,,,,,Y,3,0,2,1,A,-,08,22107,,F,E,I,A,A,H,-,D,D,0,,,,,Y,,A,01,0,2,0,0,0,0,0,0,0,"- ","- ",36.087001800537109,-119.32147979736328,TULARE,UNINCORPORATED,-119.32172393798828,36.086257934570312
91175006,2020,2020-01-28,9480,2020-01-15,2500,017291,,3,4,9,5400,0,2,S,,2,904,"ROAD 152","AVENUE 192",1584.00,S,N,E,-,N,,,,,,,,,,Y,4,0,1,1,A,-,08,22107,,N,E,I,A,A,H,-,D,D,0,,,,,Y,,D,22,0,0,1,0,0,0,0,0,0,"- ","- ",36.143341064453125,-119.23280334472656,TULARE,UNINCORPORATED,-119.23237609863281,36.133914947509766
91175565,2020,2020-01-28,9480,2020-01-27,1525,019932,,1,2,9,5400,0,3,5,,2,004,"ROAD 132","KAROLINA DR.",1056.00,S,N,A,-,N,,,,,,,,,,Y,3,0,2,2,A,-,08,22107,,N,D,C,A,A,H,-,A,D,0,,,,,Y,,A,07,0,2,0,0,0,0,0,0,0,"- ","- ",36.359119415283203,-119.27897644042969,TULARE,UNINCORPORATED,,
91177812,2019,2020-01-31,9481,2019-07-10,1401,017894,,3,2,9,5400,0,3,5,,2,030,"AVENUE 96","ROAD 208",0.00,,Y,A,-,N,,,,,,,,,,Y,2,0,2,2,A,-,12,22450,A,N,D,C,A,A,H,-,A,A,0,,,,,Y,,A,01,1,0,1,0,0,0,0,0,0,"- ","- ",35.964298248291016,-119.10748291015625,TULARE,UNINCORPORATED,-119.107421875,35.964290618896484
91178684,2020,2020-02-03,9480,2020-01-25,0449,018421,,6,3,5,5407,0,1,3,,1,064,"SR-198 W/B","PLAZA DR",810.00,E,N,A,-,Y,,,198,,,,,,W,Y,3,0,1,2,A,-,08,22107,,N,B,C,A,A,H,-,D,A,0,,,,,Y,,A,01,0,1,0,0,0,0,0,0,0,"- ","- ",36.3272705078125,-119.38739013671875,TULARE,VISALIA,-119.38739013671875,36.327186584472656
9117891,2020,2020-11-25,5407,2020-07-15,1256,M222,480,3,5,5,5407,0,0,0,,0,034,"RT 63",WALNUT,452.00,S,N,A,-,Y,TUL,6,63,-,-,6.910,H,-,N,Y,3,0,2,2,A,-,09,21804,A,N,D,A,A,A,H,-,A,A,0,,,,,Y,,-,,0,2,0,0,0,0,0,0,0,"- ","- ",36.312240600585938,-119.3140869140625,TULARE,VISALIA,-119.31378173828125,36.311546325683594
91179067,2020,2020-02-03,9480,2020-01-28,1035,018202,,2,1,9,5400,0,3,5,,2,003,"AVE. 240 (PROSPERITY AVE)","COLPIEN ST",290.00,W,N,B,-,N,,,,,,,,,,Y,4,0,1,1,A,-,08,22107,,N,E,I,A,A,H,-,A,D,0,,,,,Y,,A,01,0,0,1,0,0,0,0,0,0,"- ","- ",36.225540161132812,-119.39466857910156,TULARE,UNINCORPORATED,-119.39457299999999,36.225487999999999
91180214,2020,2020-02-05,9481,2020-01-24,1020,019149,,5,1,9,5400,0,1,3,,1,012,"STATE ROUTE 65","LINDMORE STREET",0.00,,Y,A,-,Y,,,,,,,,,,Y,4,0,2,2,A,-,09,21801,A,N,D,C,A,A,H,-,A,D,0,,,,,Y,,A,07,0,0,2,0,0,0,0,0,0,"- ","- ",36.196010589599609,-119.09622192382812,TULARE,UNINCORPORATED,-119.09989166259766,36.195999145507812
91181039,2020,2020-02-05,9480,2020-02-03,1710,019349,,1,2,9,5400,0,3,5,,2,001,"ROAD 80 S/B","AVENUE 392",1949.00,N,N,A,-,N,,,,,,,,,,Y,4,0,1,2,A,-,03,22350,,N,C,C,A,A,H,-,A,D,0,,,,,Y,,A,07,0,0,1,0,0,0,0,0,0,"- ","- ",36.507671356201172,-119.39478302001953,TULARE,UNINCORPORATED,,
91181058,2020,2020-02-05,9480,2020-02-03,0945,016046,,1,1,9,5400,0,3,5,,2,004,"ROAD 158","AVENUE 296",2112.00,N,N,A,-,N,,,,,,,,,,Y,4,0,1,1,A,-,08,22107,,N,F,A,A,A,H,-,A,D,0,,,,,Y,,D,22,0,0,1,0,0,0,0,0,0,"- ","- ",36.332901000976562,-119.22012329101562,TULARE,UNINCORPORATED,-119.22007751464844,36.332851409912109
91182575,2020,2020-02-07,9480,2020-01-28,1200,016210,,2,1,9,5400,0,3,5,,2,001,"ROAD 80","AVENUE 360",0.00,,Y,A,-,N,,,,,,,,,,Y,3,0,2,2,A,-,12,21453,A,N,D,C,A,A,H,-,A,A,0,,,,,Y,,A,01,0,2,0,0,0,0,0,0,0,"- ","- ",36.443988800048828,-119.39485931396484,TULARE,UNINCORPORATED,-119.39485000000001,36.443959999999997
91183494,2020,2020-02-10,9480,2020-02-04,1200,013656,,2,1,9,5400,0,3,5,,2,006,"ROAD 156","AVENUE 280",95.00,N,N,A,-,N,,,,,,,,,,Y,4,0,1,3,A,-,03,22350,,N,C,C,A,A,H,-,A,A,0,,,,,Y,,A,07,0,0,1,0,0,0,0,0,0,"- ","- ",36.298229217529297,-119.22486877441406,TULARE,UNINCORPORATED,-119.224896,36.298129000000003
91184143,2020,2020-02-11,9481,2020-01-29,1740,013643,,3,2,9,5400,0,3,5,,2,010,"AVENUE 168","ROAD 152",0.00,,Y,A,-,N,,,,,,,,,,Y,4,0,1,2,A,-,01,23152,A,N,D,C,A,A,H,-,C,A,0,,,,,Y,Y,D,22,0,0,1,0,0,0,0,0,0,"- ","- ",36.094699859619141,-119.23230743408203,TULARE,UNINCORPORATED,-119.23230743408203,36.094711303710938
91184289,2020,2020-02-11,9481,2020-02-04,0640,015218,,2,1,9,5400,0,3,5,,2,030,"ROAD 208","AVENUE 112",73.00,S,N,A,-,N,,,,,,,,,,N,4,0,3,2,A,-,09,21802,A,N,C,C,A,A,H,-,A,A,0,,,,,Y,,A,08,0,0,3,0,0,0,0,0,0,"- ","- ",35.993221282958984,-119.10743713378906,TULARE,UNINCORPORATED,-119.107421875,35.993080139160156
91184502,2020,2020-02-11,9480,2020-02-07,1010,017778,,5,1,9,5400,0,1,3,,2,095,"STATE ROUTE 99 S/B","AVENUE 76",5280.00,N,N,A,-,Y,,,99,,,,,,S,Y,3,0,1,2,A,-,07,21658,A,N,B,C,A,A,H,-,A,D,0,,,,Y,Y,,-,"- ",0,1,0,0,0,0,0,0,0,"- ","- ",35.942539215087891,-119.28765869140625,TULARE,UNINCORPORATED,-119.28775787353516,35.942516326904297
91185709,2020,2020-02-12,9480,2020-02-02,1618,016995,,7,2,9,5400,0,1,3,,1,064,"STATE ROUTE 198 (WB)","ROAD 180",100.00,W,N,A,-,Y,,,198,,,,,,,Y,3,0,1,1,A,-,08,22107,,N,E,I,A,A,H,-,A,D,0,,,,,Y,,A,01,0,1,0,0,0,0,0,0,0,"- ","- ",36.326549530029297,-119.17117309570312,TULARE,UNINCORPORATED,-119.17116546630859,36.326610565185547
91185959,2020,2020-02-13,9480,2020-02-04,1700,016240,,2,2,9,5400,0,3,5,,2,001,"ROAD 56","AVENUE 430",380.00,N,N,A,-,N,,,,,,,,,,Y,4,0,1,1,C,-,18,,,N,E,J,A,A,H,-,A,D,0,,,,,Y,,-,"- ",0,0,1,0,0,0,0,0,0,"- ","- ",36.573478698730469,-119.44866943359375,TULARE,UNINCORPORATED,-119.44880676269531,36.572761535644531
91186937,2020,2020-02-14,9480,2020-02-08,1235,017108,,6,1,4,5406,0,1,3,,2,093,"STATE ROUTE 99 NORTHBOUND","CARTMILL AVENUE",3168.00,N,N,A,-,Y,,,,,,,,,,N,4,0,1,2,A,-,03,22350,,N,C,C,A,A,D,E,A,D,0,,,,,Y,,D,22,0,0,1,0,0,0,0,0,0,"- ","- ",36.249149322509766,-119.35209655761719,TULARE,TULARE,-119.35105133056641,36.247772216796875
91187000,2020,2020-02-14,9480,2020-02-10,1450,020837,,1,2,9,5400,0,3,5,,2,005,"CEDAR STREET","BRADBURY AVENUE",0.00,,Y,A,-,N,,,,,,,,,,N,4,0,1,2,A,-,12,22450,A,N,D,C,A,A,H,-,A,A,0,,,,,Y,,D,22,0,0,1,0,0,0,0,0,0,"- ","- ",36.965518951416016,-119.29960632324219,TULARE,UNINCORPORATED,-119.29960632324219,35.965518951416016
91187177,2020,2020-02-14,9480,2020-02-11,1735,019932,,2,2,5,5407,0,1,3,,1,064,"SR-198 E/B","SHIRK ROAD",1584.00,W,N,A,-,Y,,,,,,,,,,Y,4,0,1,3,A,-,04,21703,,N,C,C,A,A,H,-,D,D,0,,,,,Y,,D,22,0,0,1,0,0,0,0,0,0,"- ","- ",36.341720581054688,-119.37425231933594,TULARE,VISALIA,-119.37303161621094,36.327110290527344
91187903,2020,2020-02-18,9481,2020-02-05,0515,019149,,3,3,9,5400,0,2,4,,1,031,"AVENUE 152","ROAD 184",528.00,W,N,A,-,N,,,,,,,,,,Y,2,0,1,1,C,-,18,,,N,E,H,A,A,H,-,D,D,0,,,,,Y,,-,"- ",1,0,0,0,0,0,0,0,0,"- ","- ",36.065769195556641,-119.16291046142578,TULARE,UNINCORPORATED,-119.16283416748047,36.065727233886719
91188975,2020,2020-02-19,9480,2020-02-10,1525,019349,,1,2,9,5400,0,3,5,,2,003,"AVENUE 164","DRIVE 116",0.00,,Y,A,-,Y,,,,,,,,,,Y,2,0,1,1,A,-,12,22450,A,N,E,I,A,A,H,-,A,A,0,,,,,Y,,A,01,1,0,0,0,0,0,0,0,0,"- ","- ",36.087390899658203,-119.32054901123047,TULARE,UNINCORPORATED,,
91189628,2020,2020-02-19,9480,2020-02-15,1400,020837,,6,2,9,5400,0,1,3,,2,095,"STATE ROUTE 99 NORTHBOUND","AVENUE 76",3960.00,S,N,A,-,Y,,,99,,,,,,N,Y,3,0,2,2,A,-,03,22350,,N,C,C,A,A,H,-,A,D,0,,,,,Y,,D,22,0,1,1,0,0,0,0,0,0,"- ","- ",35.927940368652344,-119.28188323974609,TULARE,UNINCORPORATED,-119.28191375732422,35.927932739257812