CASE_ID,ACCIDENT_YEAR,PROC_DATE,JURIS,COLLISION_DATE,COLLISION_TIME,OFFICER_ID,REPORTING_DISTRICT,DAY_OF_WEEK,CHP_SHIFT,POPULATION,CNTY_CITY_LOC,SPECIAL_COND,BEAT_TYPE,CHP_BEAT_TYPE,CITY_DIVISION_LAPD,CHP_BEAT_CLASS,BEAT_NUMBER,PRIMARY_RD,SECONDARY_RD,DISTANCE,DIRECTION,INTERSECTION,WEATHER_1,WEATHER_2,STATE_HWY_IND,CALTRANS_COUNTY,CALTRANS_DISTRICT,STATE_ROUTE,ROUTE_SUFFIX,POSTMILE_PREFIX,POSTMILE,LOCATION_TYPE,RAMP_INTERSECTION,SIDE_OF_HWY,TOW_AWAY,COLLISION_SEVERITY,NUMBER_KILLED,NUMBER_INJURED,PARTY_COUNT,PRIMARY_COLL_FACTOR,PCF_CODE_OF_VIOL,PCF_VIOL_CATEGORY,PCF_VIOLATION,PCF_VIOL_SUBSECTION,HIT_AND_RUN,TYPE_OF_COLLISION,MVIW,PED_ACTION,ROAD_SURFACE,ROAD_COND_1,ROAD_COND_2,LIGHTING,CONTROL_DEVICE,CHP_ROAD_TYPE,PEDESTRIAN_ACCIDENT,BICYCLE_ACCIDENT,MOTORCYCLE_ACCIDENT,TRUCK_ACCIDENT,NOT_PRIVATE_PROPERTY,ALCOHOL_INVOLVED,STWD_VEHTYPE_AT_FAULT,CHP_VEHTYPE_AT_FAULT,COUNT_SEVERE_INJ,COUNT_VISIBLE_INJ,COUNT_COMPLAINT_PAIN,COUNT_PED_KILLED,COUNT_PED_INJURED,COUNT_BICYCLIST_KILLED,COUNT_BICYCLIST_INJURED,COUNT_MC_KILLED,COUNT_MC_INJURED,PRIMARY_RAMP,SECONDARY_RAMP,LATITUDE,LONGITUDE,COUNTY,CITY,POINT_X,POINT_Y
91363295,2020,2020-12-10,9480,2020-12-04,1620,019427,,5,2,5,5407,0,3,5,,2,002,"AVENUE 416","ROAD 100",600.00,W,N,A,-,Y,,,,,,,,,,Y,3,0,1,1,A,-,01,23152,A,N,E,A,A,A,H,-,A,A,0,,,,,Y,Y,A,07,0,1,0,0,0,0,0,0,0,"- ","- ",36.545440673828125,-119.35269927978516,TULARE,VISALIA,,
91364153,2020,2020-12-11,9481,2020-12-05,1330,021183,,6,1,9,5400,0,3,5,,2,030,"AVENUE 88","ROAD 192",2640.00,E,N,A,-,N,,,,,,,,,,Y,4,0,1,1,A,-,08,22107,,N,E,I,A,A,H,-,A,D,0,,,,,Y,,D,22,0,0,1,0,0,0,0,0,0,"- ","- ",35.949920654296875,-119.13600158691406,TULARE,UNINCORPORATED,-119.13493347167969,35.949840545654297
91366106,2020,2020-12-14,9481,2020-12-05,1704,020238,,6,2,9,5400,0,3,5,,2,050,"SUCCESS DRIVE","LEGGETT STREET",0.00,,Y,A,-,N,,,,,,,,,,Y,4,0,1,2,A,-,12,22450,A,N,D,C,A,A,H,-,A,A,0,,,,,Y,,A,01,0,0,1,0,0,0,0,0,0,"- ","- ",36.059429168701172,-118.99952697753906,TULARE,UNINCORPORATED,-118.9996337890625,36.059471130371094
91366583,2020,2020-12-14,9481,2020-12-13,1350,019422,,7,1,9,5400,0,1,3,,1,012,"STATE ROUTE 65","ROAD 201",350.00,E,N,B,-,Y,,,65,,,,,,,N,4,0,2,2,A,-,03,22350,,N,C,C,A,B,H,-,A,D,0,,,,,Y,,A,07,0,0,2,0,0,0,0,0,0,"- ","- ",36.210861206054688,-119.12368774414062,TULARE,UNINCORPORATED,-119.12368774414062,36.210800170898438
91369059,2020,2020-12-17,9481,2020-12-12,1700,017894,,6,2,4,5405,0,1,3,,1,037,"SR-65 S/B TO SR-190 E/B","STATE ROUTE 190",245.00,N,N,B,-,Y,,,65,,,,R,,S,N,4,0,3,2,A,-,03,22350,,F,C,C,A,A,H,-,C,D,0,,,,,Y,,D,22,0,0,3,0,0,0,0,0,0,"- ","- ",36.052539825439453,-119.03936004638672,TULARE,PORTERVILLE,-119.03936004638672,36.052539825439453
91371075,2020,2020-12-18,9480,2020-12-12,0940,015282,,6,1,9,5400,0,1,3,,1,021,"STATE ROUTE 63 (ROAD 128)","AVENUE 413",0.00,,Y,B,-,Y,,,,,,,,,,Y,4,0,1,2,A,-,12,21453,A,N,D,C,A,B,H,-,A,A,0,,,,,Y,,D,22,0,0,1,0,0,0,0,0,0,"- ","- ",36.539310455322266,-119.28684997558594,TULARE,UNINCORPORATED,,
91371793,2020,2020-12-21,9481,2020-12-13,1735,020238,,7,2,9,5400,0,1,3,,1,053,"STATE ROUTE 65(SB)TOSTATE ROUTE 190(EB)","STATE ROUTE 190",75.00,S,N,C,-,Y,,,190,,,,,,,Y,4,0,2,1,A,-,08,22107,,N,E,I,A,B,H,-,D,D,0,,,,,Y,,A,01,0,0,2,0,0,0,0,0,0,"- ","- ",36.05126953125,-119.04035949707031,TULARE,UNINCORPORATED,-119.04035949707031,36.051559448242188
91373124,2020,2020-12-22,9481,2020-12-19,1845,020238,,6,2,9,5400,0,3,5,,2,050,"ROAD 248","AVENUE 90",50.00,N,N,A,-,N,,,,,,,,,,N,4,0,1,3,A,-,08,22107,,N,E,J,E,B,D,-,D,A,0,Y,,,,Y,,A,01,0,0,1,0,1,0,0,0,0,"- ","- ",35.953289031982422,-119.01812744140625,TULARE,UNINCORPORATED,-119.01811218261719,35.953327178955078
91374016,2020,2020-12-23,9480,2020-11-06,1940,019697,,5,2,9,5400,0,3,5,,2,005,"AVENUE 56 (SIERRA AVENUE)","ROAD 144",275.00,E,N,A,-,N,,,,,,,,,,Y,1,1,0,1,A,-,01,23152,A,N,E,I,A,A,H,-,D,D,0,,,,,Y,Y,A,01,0,0,0,0,0,0,0,0,0,"- ","- ",35.89202880859375,-119.25,TULARE,UNINCORPORATED,-119.24948883056641,35.891910552978516
91375682,2020,2020-12-28,9481,2020-11-20,1750,018029,,5,2,9,5400,0,1,3,,1,032,SR-190,"ROAD 184",2640.00,W,N,A,-,Y,,,190,,,,,,,Y,3,0,1,2,A,-,08,22107,,N,B,C,A,A,H,-,D,D,0,,,,Y,Y,,G,25,0,1,0,0,0,0,0,0,0,"- ","- ",36.051231384277344,-119.16980743408203,TULARE,UNINCORPORATED,-119.16980743408203,36.051246643066406
91375944,2020,2020-12-28,9480,2020-12-17,0348,019828,,4,3,4,5406,0,1,3,,2,093,"SR-99 N/B","PAIGE AVE.",285.00,S,N,A,-,Y,,,99,,,,,,N,Y,4,0,1,1,A,-,08,22107,,N,E,I,A,A,H,-,D,D,0,,,,Y,Y,,F,26,0,0,1,0,0,0,0,0,0,"- ","- ",36.182479858398438,-119.32852172851562,TULARE,TULARE,-119.3284912109375,36.182479858398438
91377085,2020,2020-12-29,9480,2020-12-24,0530,017108,,4,3,9,5400,0,3,5,,2,005,"COURT AVE","PALM ROAD",0.00,,Y,E,-,N,,,,,,,,,,Y,3,0,1,1,A,-,03,22350,,N,F,A,A,A,H,-,D,A,0,,,,,Y,,D,22,0,1,0,0,0,0,0,0,0,"- ","- ",36.971538543701172,-119.26831817626953,TULARE,UNINCORPORATED,-119.26833343505859,35.971549987792969
91377351,2020,2020-12-29,9480,2020-12-27,1105,017108,,7,1,5,5407,0,1,3,,2,093,"STATE ROUTE 99 NB TO STATE ROUTE 198 EB","STATE ROUTE 198",440.00,S,N,B,-,Y,,,99,,,,R,,N,Y,3,0,2,1,A,-,08,22107,,N,F,A,A,B,H,-,A,D,0,,,,,Y,,A,01,0,2,0,0,0,0,0,0,0,"- ","- ",36.324790954589844,-119.40280914306641,TULARE,VISALIA,-119.40280914306641,36.324790954589844
91377901,2020,2020-12-30,9480,2020-12-28,0645,013821,,1,1,9,5400,0,1,3,,2,093,"SR-99 N/B","AVENUE 280 O/C",5280.00,S,N,B,C,Y,,,99,,,,,,N,Y,4,0,2,1,A,-,03,22350,,N,E,I,A,B,H,-,B,D,0,,,,,Y,,A,01,0,0,2,0,0,0,0,0,0,"- ","- ",36.285228729248047,-119.37641906738281,TULARE,UNINCORPORATED,-119.37667083740234,36.285064697265625
91378120,2020,2020-12-30,9480,2020-09-29,1550,016240,,2,2,9,5400,0,1,3,,2,091,"STATE ROUTE 99 SOUTHBOUND","AVENUE 384",4224.00,S,N,A,-,Y,,,99,,,,,,S,Y,1,1,0,1,A,-,08,22107,,N,E,I,A,A,H,-,A,D,0,,,,Y,Y,,G,25,0,0,0,0,0,0,0,0,0,"- ","- ",36.479328155517578,-119.50595855712891,TULARE,UNINCORPORATED,-119.50607299804688,36.479255676269531
91379808,2020,2021-01-04,9481,2020-12-27,2250,020917,,7,3,9,5400,0,2,4,,2,052,"INDIAN RESERVATION DRIVE","WATER TOWER ROAD (BIA 233)",275.00,W,N,B,-,N,,,,,,,,,,Y,3,0,1,1,A,-,08,22107,,N,E,J,A,A,H,-,D,D,0,,,,,Y,,D,22,0,1,0,0,0,0,0,0,0,"- ","- ",36.020359039306641,-118.82083892822266,TULARE,UNINCORPORATED,-118.820677,36.020409999999998
91379837,2020,2021-01-04,9480,2020-12-21,1135,016210,,1,1,9,5400,0,3,5,,2,006,"AVENUE 288","ROAD 148",318.00,E,N,A,-,N,,,,,,,,,,Y,3,0,1,1,A,-,08,22107,,N,E,I,A,A,H,-,A,D,0,,,,,Y,,A,01,0,1,0,0,0,0,0,0,0,"- ","- ",36.3125,-119.24147796630859,TULARE,UNINCORPORATED,-119.24153900146484,36.312572479248047
91380904,2020,2021-01-05,9480,2020-12-27,1115,018521,,7,1,4,5406,0,1,3,,2,091,"SR-99 N/B","PAIGE AVE",80.00,N,N,B,-,Y,,,99,,,,,,N,Y,4,0,1,2,A,-,03,22350,,N,D,C,A,B,H,-,A,D,0,,,,,Y,,A,01,0,0,1,0,0,0,0,0,0,"- ","- ",36.182449340820312,-119.32843017578125,TULARE,TULARE,-119.3284912109375,36.182449340820312
9138115,2020,2020-09-16,5403,2020-07-21,1322,837,,2,5,2,5403,0,0,0,,0,002,"W VISALIA RD","S VENTURA AV",136.00,E,N,A,-,N,,,,,,,,,,Y,4,0,1,2,A,-,08,22107,,N,D,C,A,A,H,-,A,D,0,,,,,Y,,D,22,0,0,1,0,0,0,0,0,0,"- ","- ",,,TULARE,FARMERSVILLE,-119.21125793457031,36.29779052734375
91384000,2020,2021-01-08,9480,2020-12-26,2350,020450,,6,3,9,5400,0,1,3,,1,044,"SR-198 E/B","LONG DR",4224.00,E,N,A,-,Y,,,198,,,,,,E,Y,2,0,2,2,A,-,01,23152,A,N,D,C,A,A,H,-,D,A,0,,,,,Y,Y,A,01,1,0,1,0,0,0,0,0,0,"- ","- ",36.404560089111328,-118.99777221679688,TULARE,UNINCORPORATED,-118.99777221679688,36.404567718505859
91384847,2021,2021-01-11,9480,2021-01-05,2045,019846,,2,2,9,5400,0,1,3,,2,093,"SR-99 S/B (GOLDEN STATE FREEWAY)","AVENUE 152",1637.00,N,N,A,-,Y,,,99,,,,,,S,Y,2,0,1,1,A,-,08,22107,,N,E,I,A,A,H,-,D,D,0,,,,,Y,,A,07,1,0,0,0,0,0,0,0,0,"- ","- ",36.070228576660156,-119.31639099121094,TULARE,UNINCORPORATED,-119.31632995605469,36.070259094238281
91384919,2020,2021-01-11,9481,2020-12-20,1515,018029,,7,2,9,5400,0,2,4,,1,031,"AVENUE 152","ROAD 192",1320.00,E,N,A,-,N,,,,,,,,,,Y,3,0,1,1,A,-,01,23152,F,M,E,I,A,A,H,-,A,D,0,,,,,Y,,A,01,0,1,0,0,0,0,0,0,0,"- ","- ",36.065841674804688,-119.13935852050781,TULARE,UNINCORPORATED,-119.13870239257812,36.065860748291016
91387395,2021,2021-01-14,9480,2021-01-06,1807,019427,,3,2,9,5400,0,1,3,,2,091,"STATE ROUTE 99 S/B TO BETTY DRIVE","BETTY DRIVE",30.00,N,N,A,-,Y,,,99,,,,R,,S,Y,4,0,3,2,A,-,03,22350,,N,C,C,A,A,H,-,C,D,0,,,,,Y,,A,01,0,0,3,0,0,0,0,0,0,"- ","- ",36.350879669189453,-119.42880249023438,TULARE,UNINCORPORATED,-119.42880249023438,36.350879669189453
91387641,2021,2021-01-14,9481,2021-01-03,0820,018595,,7,1,9,5400,0,3,5,,2,010,"AVENUE 168","ROAD 152",0.00,,Y,A,-,N,,,,,,,,,,Y,2,0,1,2,A,-,09,21802,A,N,D,C,A,A,H,-,A,A,0,,,,,Y,,D,22,1,0,0,0,0,0,0,0,0,"- ","- ",36.094699859619141,-119.23233032226562,TULARE,UNINCORPORATED,-119.23230743408203,36.094707489013672
91388387,2020,2021-01-28,9480,2020-12-30,0115,016210,,3,3,9,5400,0,3,5,,2,006,"ROAD 92B","AVENUE 264",250.00,E,N,A,-,N,,,,,,,,,,Y,1,1,0,1,A,-,01,23152,A,N,E,I,A,A,H,-,D,A,0,,,,,Y,Y,A,07,0,0,0,0,0,0,0,0,0,"- ","- ",36.268760681152344,-119.36176300048828,TULARE,UNINCORPORATED,,
91388688,2021,2021-01-18,9481,2021-01-09,0123,021175,,6,3,9,5400,0,1,3,,1,012,"STATE ROUTE 65 N/B","AVENUE 184",1056.00,N,N,A,-,Y,,,65,,,,,,N,Y,3,0,1,1,A,-,01,23152,A,N,E,I,A,A,H,-,D,D,0,,,,,Y,Y,A,01,0,1,0,0,0,0,0,0,0,"- ","- ",36.124828338623047,-119.05638885498047,TULARE,UNINCORPORATED,-119.05641174316406,36.12481689453125
9138871,2020,2020-10-24,5405,2020-08-09,0400,263,1,7,5,4,5405,0,0,0,,0,,"BELLEVIEW AV","MATHEW ST",77.00,E,N,A,-,N,,,,,,,,,,N,3,0,1,1,A,-,03,22350,,N,E,I,A,A,H,-,C,D,0,,,,,Y,,A,01,0,1,0,0,0,0,0,0,0,"- ","- ",,,TULARE,PORTERVILLE,-119.06159210205078,36.075469970703125
9138874,2020,2020-10-23,5405,2020-08-07,0101,251,,5,5,4,5405,0,0,0,,0,003,"S PLANO ST","WORTH AV",247.00,S,N,A,-,N,,,,,,,,,,Y,4,0,1,1,A,-,01,23152,A,N,E,I,A,A,H,-,C,D,0,,,,,Y,Y,A,01,0,0,1,0,0,0,0,0,0,"- ","- ",36.044040679931641,-119.00845336914062,TULARE,PORTERVILLE,-119.00848499999999,36.043322000000003
91388982,2021,2021-01-18,9481,2021-01-05,1700,020238,,2,2,9,5400,0,2,4,,1,011,"AVENUE 192","ROAD 196",1260.00,E,N,A,-,N,,,,,,,,,,Y,4,0,3,2,A,-,05,21650,,N,A,C,A,A,H,-,D,D,0,,,,,Y,,D,22,0,0,3,0,0,0,0,0,0,"- ","- ",36.138351440429688,-119.1304931640625,TULARE,UNINCORPORATED,-119.12982940673828,36.138290405273438
91389867,2021,2021-01-18,9480,2021-01-13,1240,016233,,3,1,9,5400,0,3,5,,2,001,"AVE 308","EAGLE ST.",0.00,,Y,A,-,N,,,,,,,,,,Y,4,0,1,2,A,-,09,21802,A,N,D,C,A,A,H,-,A,D,0,,,,,Y,,A,01,0,0,1,0,0,0,0,0,0,"- ","- ",36.349010467529297,-119.40901947021484,TULARE,UNINCORPORATED,-119.40904998779297,36.349002838134766
91391243,2021,2021-01-20,9480,2021-01-08,2301,018421,,5,3,9,5400,0,1,3,,1,040,SR-216,"ROAD 152",275.00,E,N,E,-,Y,,,216,,,,,,,Y,2,0,1,1,A,-,01,23152,A,N,E,I,A,A,H,-,D,A,0,,,,,Y,Y,D,22,1,0,0,0,0,0,0,0,0,"- ","- ",36.346279144287109,-119.23246765136719,TULARE,UNINCORPORATED,-119.23248291015625,36.346305847167969
91391276,2021,2021-01-20,9480,2021-01-17,1130,013914,,7,1,9,5400,0,1,3,,1,025,"STATE ROUTE 245","BOYD DRIVE",9400.00,S,N,A,-,Y,,,245,,,,,,,Y,3,0,2,3,A,-,05,21460,A,N,A,C,A,A,H,-,A,D,0,,,Y,,Y,,-,"- ",0,1,1,0,0,0,0,0,2,"- ","- ",36.543220520019531,-119.12651062011719,TULARE,UNINCORPORATED,-119.12637329101562,36.543094635009766
91393715,2021,2021-01-25,9480,2021-01-20,1324,017108,,3,1,9,5400,0,3,5,,2,003,"AVENUE 280","ROAD 48",60.00,E,N,A,-,N,,,,,,,,,,Y,2,0,1,2,A,-,08,22107,,N,A,C,A,A,H,-,A,D,0,,,,Y,Y,,D,22,1,0,0,0,0,0,0,0,0,"- ","- ",36.297779083251953,-119.46521759033203,TULARE,UNINCORPORATED,-119.46524810791016,36.297836303710938
91393720,2021,2021-01-25,9481,2021-01-24,0805,016147,,7,1,9,5400,0,3,5,,2,010,"ROAD 208","AVENUE 176",1056.00,N,N,B,-,N,,,,,,,,,,Y,4,0,1,1,A,-,08,22107,,N,E,I,A,A,H,-,A,D,0,,,,,Y,,A,01,0,0,1,0,0,0,0,0,0,"- ","- ",36.112400054931641,-119.10726928710938,TULARE,UNINCORPORATED,-119.10752868652344,36.112106323242188
91394182,2020,2021-01-26,9481,2020-11-22,0438,018595,,7,3,9,5400,0,3,5,,2,010,"ROAD 152","AVENUE 168",1802.00,S,N,A,-,N,,,,,,,,,,Y,1,1,1,2,A,-,01,23152,G,N,A,C,A,A,H,-,D,D,0,,,,,Y,Y,A,08,1,0,0,0,0,0,0,0,0,"- ","- ",36.089679718017578,-119.23233032226562,TULARE,UNINCORPORATED,-119.23230743408203,36.089763641357422
91394895,2021,2021-01-27,9480,2021-01-24,2141,020837,,7,2,9,5400,0,1,3,,2,095,"STATE ROUTE 99 SOUTHBOUND","AVENUE 48",3960.00,S,N,B,C,Y,,,99,,,,,,S,Y,3,0,1,2,A,-,01,23152,A,N,C,C,A,B,H,-,D,D,0,,,,Y,Y,Y,D,22,0,1,0,0,0,0,0,0,0,"- ","- ",35.866378784179688,-119.27017974853516,TULARE,UNINCORPORATED,-119.27021789550781,35.866371154785156
91395262,2021,2021-01-27,9480,2021-01-22,1635,016995,,5,2,9,5400,0,1,3,,1,021,"STATE ROUTE 63","AVENUE 322",20.00,N,N,C,-,Y,,,63,,,,,,,Y,4,0,1,2,A,-,03,22350,,N,C,C,A,B,H,-,D,D,0,,,,,Y,,A,01,0,0,1,0,0,0,0,0,0,"- ","- ",36.375141143798828,-119.29691314697266,TULARE,UNINCORPORATED,-119.29692077636719,36.375141143798828
91398450,2021,2021-01-29,9480,2021-01-11,0900,020273,,1,1,9,5400,0,3,5,,2,003,"AVENUE 152","ROAD 96",0.00,,Y,E,-,N,,,,,,,,,,Y,3,0,1,2,A,-,03,22350,,N,D,C,A,B,H,-,A,A,0,,,,Y,Y,,G,24,0,1,0,0,0,0,0,0,0,"- ","- ",36.065708160400391,-119.35765075683594,TULARE,UNINCORPORATED,-119.35768127441406,36.065662384033203
91399475,2021,2021-02-01,9481,2021-01-25,1620,021234,,1,2,9,5400,0,3,5,,2,030,"ROAD 192","AVENUE 104",106.00,S,N,B,-,N,,,,,,,,,,Y,3,0,1,1,C,-,18,,,N,H,H,A,B,H,-,A,D,0,,,,,Y,,-,"- ",0,1,0,0,0,0,0,0,0,"- ","- ",35.978561401367188,-119.14321899414062,TULARE,UNINCORPORATED,-119.14324951171875,35.978618621826172
91401136,2021,2021-02-02,9480,2021-02-02,0620,018202,,2,1,9,5400,0,1,3,,2,095,"SR-99 S/B","AVE 48",4752.00,S,N,A,-,Y,,,99,,,,,,S,Y,3,0,1,1,A,-,08,22107,,N,E,I,A,A,H,-,B,D,0,,,,,Y,,A,01,0,1,0,0,0,0,0,0,0,"- ","- ",35.864398956298828,-119.26966857910156,TULARE,UNINCORPORATED,-119.26974487304688,35.8643798828125
91402392,2021,2021-02-04,9480,2021-01-30,1838,019846,,6,2,9,5400,0,3,5,,2,006,"ROAD 188","AVENUE 264",1848.00,N,N,A,-,N,,,,,,,,,,Y,2,0,1,1,A,-,01,23152,A,N,E,J,A,A,H,-,C,D,0,,,,,Y,Y,A,01,1,0,0,0,0,0,0,0,0,"- ","- ",36.273300170898438,-119.15411376953125,TULARE,UNINCORPORATED,-119.15415191650391,36.273399353027344
91403178,2021,2021-02-09,9480,2021-02-04,2245,016145,,4,3,9,5400,0,3,5,,2,002,"ROAD 144","AVENUE 392",932.00,N,N,A,-,N,,,,,,,,,,Y,3,0,2,1,A,-,08,22107,,N,F,A,A,A,H,-,D,D,0,,,,,Y,,A,01,0,1,1,0,0,0,0,0,0,"- ","- ",36.503440856933594,-119.25077056884766,TULARE,UNINCORPORATED,-119.2506103515625,36.503276824951172
9140343,2020,2020-10-01,5408,2020-03-01,1341,576,WOODL,7,5,2,5408,0,0,0,,0,,"RT 216","RD 196",0.00,,Y,A,-,Y,TUL,6,216,-,-,12.010,I,5,E,Y,2,0,4,2,A,-,09,21802,,N,D,C,A,A,H,-,A,D,0,,,,,Y,,-,,1,0,3,0,0,0,0,0,0,"- ","- ",,,TULARE,WOODLAKE,-119.13468933105469,36.413803100585938
91404023,2020,2021-02-08,9480,2020-10-11,0400,019828,,7,3,9,5400,0,1,3,,2,095,"STATE ROUTE 99 NORTHBOUND","AVENUE 48",2640.00,S,N,A,-,Y,,,99,,,,,,N,Y,1,1,1,1,A,-,08,22107,,N,E,I,A,A,H,-,D,D,0,,,,,Y,,A,07,0,0,1,0,0,0,0,0,0,"- ","- ",35.870460510253906,-119.27056884765625,TULARE,UNINCORPORATED,-119.27062225341797,35.870456695556641
91404623,2021,2021-02-08,9480,2021-01-30,1600,016995,,6,2,9,5400,0,3,5,,2,004,"AVENUE 296","ROAD 164",0.00,,Y,A,-,N,,,,,,,,,,Y,3,0,2,2,A,-,09,21802,A,N,D,C,A,A,H,-,A,A,0,,,,,Y,,D,22,0,2,0,0,0,0,0,0,0,"- ","- ",36.328060150146484,-119.209228515625,TULARE,UNINCORPORATED,-119.209194,36.328057000000001
91404653,2021,2021-02-08,9481,2021-01-25,1600,021227,,1,2,9,5400,0,2,4,,2,052,"MOUNTAIN ROAD 137 (RESERVATION ROAD)","POTHOLE ROAD",1056.00,W,N,B,C,N,,,,,,,,,,Y,3,0,1,1,A,-,08,22107,,N,E,I,A,B,H,-,A,D,0,,,,,Y,,A,01,0,1,0,0,0,0,0,0,0,"- ","- ",36.031219482421875,-118.88655853271484,TULARE,UNINCORPORATED,-118.88355799999999,36.031182000000001
91405154,2021,2021-02-09,9480,2021-01-30,0002,017291,,6,3,9,5400,0,1,3,,2,091,"STATE ROUTE 99 (NORTHBOUND)","AVENUE 384",63.00,N,N,A,-,Y,,,99,,,,,,,Y,2,0,1,2,A,-,01,23152,A,N,B,C,A,A,H,-,D,D,0,,,,,Y,Y,A,01,1,0,0,0,0,0,0,0,0,"- ","- ",36.4910888671875,-119.52027893066406,TULARE,UNINCORPORATED,-119.52022552490234,36.491176605224609
91405863,2021,2021-02-10,9480,2021-02-03,1228,013914,,3,1,9,5400,0,1,3,,1,044,"STATE ROUTE 198","HAWK HOLLOW DRIVE",110.00,W,N,B,-,Y,,,198,,,,,,,Y,3,0,4,1,A,-,08,22107,,N,F,A,A,A,H,-,A,D,0,,,,,Y,,A,07,0,4,0,0,0,0,0,0,0,"- ","- ",36.452709197998047,-118.89453125,TULARE,UNINCORPORATED,-118.89486694335938,36.452735900878906
91407176,2021,2021-02-11,9480,2021-02-07,2500,017108,,7,4,9,5400,0,3,5,,2,005,"AVE 88","ROAD 120",0.00,,Y,A,-,N,,,,,,,,,,Y,3,0,1,1,A,-,03,22350,,N,E,I,A,A,H,-,D,A,0,,,,,Y,,A,01,0,1,0,0,0,0,0,0,0,"- ","- ",35.949741363525391,-119.30365753173828,TULARE,UNINCORPORATED,-119.30374145507812,35.94970703125
91407690,2021,2021-02-12,9480,2021-02-08,0530,017108,,1,3,9,5400,0,1,3,,1,065,"STATE ROUTE 65","ATKINSON WAY",200.00,N,N,A,-,Y,,,65,,,,,,,Y,4,0,1,1,A,-,08,22107,,N,E,I,A,A,H,-,D,D,0,,,,,Y,,A,01,0,0,1,0,0,0,0,0,0,"- ","- ",36.305751800537109,-119.13552856445312,TULARE,UNINCORPORATED,-119.13559722900391,36.305755615234375
91407772,2021,2021-02-12,9480,2021-02-09,1051,013914,,2,1,9,5400,0,3,5,,2,002,"AVENUE 420","ROAD 142",0.00,,Y,B,-,N,,,,,,,,,,Y,3,0,4,2,A,-,12,22450,A,N,D,C,A,A,H,-,A,A,0,,,,,Y,,A,01,0,3,1,0,0,0,0,0,0,"- ","- ",36.551620483398438,-119.25553131103516,TULARE,UNINCORPORATED,-119.25543212890625,36.551582336425781
91407936,2021,2021-02-12,9480,2021-02-06,1415,016995,,6,2,9,5400,0,3,5,,2,006,"STATE ROUTE 65 (KAWEAH AVE)","GLAZE AVE",30.00,N,N,A,-,Y,,,65,,,,,,,Y,4,0,3,2,A,-,01,23152,A,N,C,C,A,A,H,-,A,D,0,,,,,Y,Y,D,22,0,0,3,0,0,0,0,0,0,"- ","- ",36.282730102539062,-119.13619232177734,TULARE,UNINCORPORATED,-119.13618469238281,36.282730102539062
91408389,2021,2021-02-15,9481,2021-01-30,1845,21227,,6,2,4,5405,0,3,5,,2,050,"S. PARK STREET","E. SUCCESS DR",9.00,N,N,A,-,N,,,,,,,,,,Y,3,0,1,1,A,-,01,23152,A,N,E,I,A,A,H,-,C,A,0,,,,,Y,Y,A,01,0,1,0,0,0,0,0,0,0,"- ","- ",36.059719085693359,-119.00385284423828,TULARE,PORTERVILLE,-119.0037841796875,36.059722900390625
91408704,2021,2021-02-16,9480,2021-02-06,2220,018421,,6,3,9,5400,0,3,5,,2,002,"ASH AVE","BIRCH RD",155.00,W,N,A,-,N,,,,,,,,,,Y,3,0,1,2,A,-,01,23152,A,N,C,E,A,A,H,-,C,D,0,,,,,Y,Y,A,01,0,1,0,0,0,0,0,0,0,"- ","- ",36.535850524902344,-119.29736328125,TULARE,UNINCORPORATED,-119.29724884033203,36.535762786865234
91408808,2021,2021-02-16,9481,2021-02-10,2315,018595,,3,3,9,5400,0,3,5,,2,050,"HILLCREST STREET","AVENUE 128 (TEAPOT DOME AVENUE)",0.00,,Y,A,-,N,,,,,,,,,,Y,2,0,1,1,A,-,12,22450,A,N,E,J,A,A,H,-,D,A,0,,,,,Y,,A,07,1,0,0,0,0,0,0,0,0,"- ","- ",36.022228240966797,-118.99118041992188,TULARE,UNINCORPORATED,-118.99114400000001,36.022286000000001
91409772,2021,2021-03-01,9481,2021-02-13,1120,018113,,6,1,9,5400,0,3,5,,2,050,"AVENUE 88","ROAD 248",0.00,,Y,B,-,N,,,,,,,,,,Y,4,0,1,2,A,-,09,21802,A,N,D,C,A,A,H,-,A,A,0,,,,,Y,,A,01,0,0,1,0,0,0,0,0,0,"- ","- ",35.949539184570312,-119.01809692382812,TULARE,UNINCORPORATED,-119.01810455322266,35.949546813964844
91410924,2020,2021-02-18,9480,2020-12-30,0925,016210,,3,1,9,5400,0,3,5,,2,006,"ROAD 132","AVENUE 266",1056.00,N,N,A,-,N,,,,,,,,,,Y,1,1,0,1,A,-,08,22107,,N,E,I,A,A,H,-,A,D,0,,,,,Y,,A,01,0,0,0,0,0,0,0,0,0,"- ","- ",36.2781982421875,-119.27855682373047,TULARE,UNINCORPORATED,-119.27869415283203,36.277729034423828