CASE_ID,ACCIDENT_YEAR,PROC_DATE,JURIS,COLLISION_DATE,COLLISION_TIME,OFFICER_ID,REPORTING_DISTRICT,DAY_OF_WEEK,CHP_SHIFT,POPULATION,CNTY_CITY_LOC,SPECIAL_COND,BEAT_TYPE,CHP_BEAT_TYPE,CITY_DIVISION_LAPD,CHP_BEAT_CLASS,BEAT_NUMBER,PRIMARY_RD,SECONDARY_RD,DISTANCE,DIRECTION,INTERSECTION,WEATHER_1,WEATHER_2,STATE_HWY_IND,CALTRANS_COUNTY,CALTRANS_DISTRICT,STATE_ROUTE,ROUTE_SUFFIX,POSTMILE_PREFIX,POSTMILE,LOCATION_TYPE,RAMP_INTERSECTION,SIDE_OF_HWY,TOW_AWAY,COLLISION_SEVERITY,NUMBER_KILLED,NUMBER_INJURED,PARTY_COUNT,PRIMARY_COLL_FACTOR,PCF_CODE_OF_VIOL,PCF_VIOL_CATEGORY,PCF_VIOLATION,PCF_VIOL_SUBSECTION,HIT_AND_RUN,TYPE_OF_COLLISION,MVIW,PED_ACTION,ROAD_SURFACE,ROAD_COND_1,ROAD_COND_2,LIGHTING,CONTROL_DEVICE,CHP_ROAD_TYPE,PEDESTRIAN_ACCIDENT,BICYCLE_ACCIDENT,MOTORCYCLE_ACCIDENT,TRUCK_ACCIDENT,NOT_PRIVATE_PROPERTY,ALCOHOL_INVOLVED,STWD_VEHTYPE_AT_FAULT,CHP_VEHTYPE_AT_FAULT,COUNT_SEVERE_INJ,COUNT_VISIBLE_INJ,COUNT_COMPLAINT_PAIN,COUNT_PED_KILLED,COUNT_PED_INJURED,COUNT_BICYCLIST_KILLED,COUNT_BICYCLIST_INJURED,COUNT_MC_KILLED,COUNT_MC_INJURED,PRIMARY_RAMP,SECONDARY_RAMP,LATITUDE,LONGITUDE,COUNTY,CITY,POINT_X,POINT_Y
92062194,2023,2023-05-05,9480,2023-05-01,"145 ",020926,,1,3,9,5400,0,1,3,,2,093,"SR-99 S/B",SR-190,898.00,N,N,A,-,Y,TUL,,99," "," ",18.590,H,,L,Y,4,0,1,1,A,-,08,22107,,N,E,I,A,A,H,-,D,D,0,,,,Y,Y,,F,25,0,0,1,0,0,0,0,0,0,"- ","- ",36.053619384765625,-119.31092071533203,TULARE,UNINCORPORATED,-119.31102752685547,36.053615570068359
92062200,2023,2023-05-05,9480,2023-05-01,"558 ",021175,,1,3,9,5400,0,1,3,,2,095,"NORTHBOUND STATE ROUTE 99","AVENUE 56",5808.00,N,N,A,-,Y,TUL,,99," "," ",8.516,H,,R,Y,4,0,1,2,A,-,03,22350,,N,C,D,A,A,H,-,B,D,0,,,,,Y,,A,01,0,0,1,0,0,0,0,0,0,"- ","- ",35.910690307617188,-119.28005218505859,TULARE,UNINCORPORATED,-119.28009796142578,35.910682678222656
92062221,2023,2023-05-05,9480,2023-05-04,1535,020837,,4,2,5,5407,0,1,3,,1,064,"STATE ROUTE 198 EASTBOUND","DEMAREE STREET",800.00,W,N,A,-,Y,TUL,,198," "," ",7.604,H,,R,N,4,0,1,2,A,-,03,22350,,N,C,C,A,A,H,-,A,A,0,,,,,Y,,D,22,0,0,1,0,0,0,0,0,0,"- ","- ",36.327079772949219,-119.33461761474609,TULARE,VISALIA,-119.33460998535156,36.327259063720703
92062447,2023,2023-05-05,9480,2023-04-29,1020,016723,,6,1,5,5407,0,1,3,,1,064,"STATE ROUTE 198","BEN MADDOX WAY",390.00,W,N,A,-,Y,TUL,,198," ",R,10.648,H,,R,Y,3,0,1,2,A,-,03,22350,,N,C,C,A,A,H,-,A,D,0,,,Y,,Y,,C,02,0,1,0,0,0,0,0,0,1,"- ","- ",36.326740264892578,-119.28009033203125,TULARE,VISALIA,-119.28009033203125,36.326766967773438
92062487,2023,2023-05-05,9481,2023-05-02,"735 ",017957,,2,1,9,5400,0,3,5,,2,020,"AVENUE 216","ROAD 244",0.00,,Y,A,-,N,,,,,,,,,,Y,3,0,1,2,A,-,12,22450,A,N,D,2,A,A,H,-,A,A,0,,,,,Y,,D,22,0,1,0,0,0,0,0,0,0,"- ","- ",36.181800842285156,-119.02796936035156,TULARE,UNINCORPORATED,-119.02788543701172,36.181816101074219
92063282,2023,2023-05-08,9481,2023-04-27,"120 ",019578,,4,3,9,5400,0,3,5,,2,050,"OLD STAGE ROAD","AVENUE 88",1045.00,S,N,A,-,N,,,,,,,,,,Y,2,0,1,1,A,-,01,23152,A,N,F,A,A,A,H,-,D,D,0,,,,,Y,Y,A,08,1,0,0,0,0,0,0,0,0,"- ","- ",35.9468994140625,-118.94924926757812,TULARE,UNINCORPORATED,-118.94932556152344,35.946933746337891
92063476,2023,2023-05-08,9480,2023-04-29,"955 ",017108,,6,1,4,5406,0,1,3,,2,093,"SR-99 NORTHBOUND TO PROSPERITY AVE","PROSPERITY AVENUE",1584.00,S,N,A,-,Y,,,,,,,,,,Y,4,0,1,1,A,-,03,22350,,N,E,8,A,A,H,-,A,D,0,,,,,Y,,D,22,0,0,1,0,0,0,0,0,0,"- ","- ",36.22100830078125,-119.3309326171875,TULARE,TULARE,-119.3309326171875,36.22100830078125
92063561,2023,2023-05-08,9480,2023-04-29,1940,018421,,6,2,9,5400,0,3,5,,2,006,"ROAD 214","PALM ST",500.00,S,N,A,-,N,,,,,,,,,,N,2,0,1,2,A,-,08,22107,,F,G,B,E,A,H,-,B,D,0,Y,,,,Y,Y,-,99,1,0,0,0,1,0,0,0,0,"- ","- ",36.222808837890625,-119.09615325927734,TULARE,UNINCORPORATED,-119.09620666503906,36.222850799560547
92063652,2022,2023-05-08,9480,2022-06-28,1546,019349,,2,2,5,5407,0,1,3,,1,064,"STATE ROUTE 198 EASTBOUND","STATE ROUTE 63 (MOONEY BOULEVARD)",95.00,W,N,A,-,Y,TUL,,198,,R,8.733,H,,R,Y,1,1,0,2,A,-,08,22107,,N,C,C,A,A,H,-,A,D,0,,,,Y,Y,,A,01,0,0,0,0,0,0,0,0,0,"- ","- ",36.326881408691406,-119.31446075439453,TULARE,VISALIA,-119.31446075439453,36.326896667480469
92063814,2023,2023-05-08,9480,2023-05-05,1950,020890,,5,2,9,5400,0,3,5,,2,005,"AVENUE 56","ROAD 152",1056.00,W,N,A,-,N,,,,,,,,,,Y,4,0,1,1,A,-,08,22107,,N,E,I,A,A,H,-,D,D,0,,,,,Y,,A,01,0,0,1,0,0,0,0,0,0,"- ","- ",35.891880035400391,-119.23548889160156,TULARE,UNINCORPORATED,-119.23618316650391,35.891929626464844
92064749,2023,2023-05-09,9480,2023-05-06,1215,016233,,6,1,5,5407,0,1,3,,1,064,"SR-198 E/B","PLAZA DR",655.00,E,N,A,-,Y,TUL,,198," ",R,5.065,H,,R,N,4,0,1,2,A,-,07,21658,A,N,B,C,A,A,H,-,A,D,0,,,,,Y,,A,01,0,0,1,0,0,0,0,0,0,"- ","- ",36.327098846435547,-119.38520812988281,TULARE,VISALIA,-119.38520812988281,36.327098846435547
92065846,2023,2023-05-10,9480,2023-05-05,1631,017291,,5,2,9,5400,0,1,3,,1,020,"STATE ROUTE 201 (AVENUE 400)","ROAD 40",0.00,,Y,A,-,Y,TUL,,201," "," ",2.939,H,,R,N,4,0,3,3,A,-,09,21802,A,N,D,C,A,A,H,-,A,D,0,,,,,Y,,A,07,0,0,3,0,0,0,0,0,0,"- ","- ",36.517620086669922,-119.48471832275391,TULARE,UNINCORPORATED,-119.48471832275391,36.517620086669922
92066068,2023,2023-05-10,9480,2023-05-08,1545,018202,,1,2,9,5400,0,1,3,,1,044,"SR-198 W/B",SR-65,528.00,E,N,A,-,Y,TUL,,198," ",R,18.894,H,,L,N,4,0,1,2,A,-,03,22350,,N,C,C,A,A,H,-,A,D,0,,,,,Y,,A,07,0,0,1,0,0,0,0,0,0,"- ","- ",36.326320648193359,-119.13250732421875,TULARE,UNINCORPORATED,-119.13250732421875,36.326316833496094
92066993,2023,2023-05-11,9480,2023-05-05,1631,017713,,5,2,9,5400,0,3,5,,2,006,"RD. 140","AVE. 260",250.00,N,N,A,-,N,,,,,,,,,,Y,3,0,1,1,A,-,08,22107,,N,F,I,A,A,H,-,A,D,0,,,,,Y,,A,07,0,1,0,0,0,0,0,0,0,"- ","- ",36.263698577880859,-119.26064300537109,TULARE,UNINCORPORATED,-119.26069641113281,36.26397705078125
92067468,2023,2023-05-12,9481,2023-05-08,1430,018029,,1,2,9,5400,0,1,3,,1,032,SR-190,"ROAD 224",0.00,,Y,A,-,Y,TUL,,190," "," ",13.451,H,,R,Y,3,0,1,2,A,-,09,21802,A,N,D,C,A,A,H,-,A,A,0,,,,,Y,,A,01,0,1,0,0,0,0,0,0,0,"- ","- ",36.05126953125,-119.07089996337891,TULARE,UNINCORPORATED,-119.07089996337891,36.051261901855469
92068622,2023,2023-05-15,9480,2023-05-10,1145,017108,,3,1,9,5400,0,3,5,,2,002,"COUNTY ROAD 112","AVENUE 360",14.00,S,N,A,-,N,,,,,,,,,,Y,4,0,1,2,A,-,09,21802,A,M,E,8,A,A,H,-,A,A,0,,,,,Y,,A,08,0,0,1,0,0,0,0,0,0,"- ","- ",36.443470001220703,-119.32273864746094,TULARE,UNINCORPORATED,-119.32264709472656,36.443492889404297
92069099,2023,2023-05-15,9480,2023-05-15,"538 ",018840,,1,3,9,5400,0,3,5,,2,003,"AVE 184","ROAD 36",634.00,E,N,A,-,N,,,,,,,,,,Y,4,0,1,2,A,-,08,22107,,N,B,C,A,A,H,-,A,D,0,,,,,Y,,A,07,0,0,1,0,0,0,0,0,0,"- ","- ",36.123439788818359,-119.48948669433594,TULARE,UNINCORPORATED,-119.48949432373047,36.123420715332031
9206988,2020,2021-02-18,5402,2020-12-04,1148,844,,5,5,2,5402,0,0,0,,0,,"S BELMONT","FIREBAUGH AV",90.00,N,N,A,-,N,,,,,,,,,,N,2,0,1,2,A,-,07,21658,,N,G,B,F,A,H,-,A,-,0,Y,,,Y,Y,,F,26,1,0,0,0,1,0,0,0,0,"- ","- ",,,TULARE,EXETER,-119.15406036376953,36.290348052978516
9207216,2020,2021-02-19,5405,2020-12-16,1745,231,"SEC 1",3,5,4,5405,0,0,0,,0,SECTOR,"NEWCOMB ST","SAN LUCIA AV",0.00,,Y,A,-,N,,,,,,,,,,N,3,0,1,2,A,-,09,21801,A,N,B,C,A,A,H,-,C,A,0,,,Y,,Y,,A,01,0,1,0,0,0,0,0,0,1,"- ","- ",36.087608337402344,-119.05275726318359,TULARE,PORTERVILLE,-119.05277252197266,36.086139678955078
92072903,2023,2023-05-19,9481,2023-05-12,1700,018113,,5,2,9,5400,0,3,5,,2,020,"ROAD 320 (CAMPBELL CREEK DRIVE)","AVENUE 176",5808.00,N,N,A,-,N,,,,,,,,,,Y,3,0,1,1,A,-,01,23152,A,N,E,I,A,A,H,-,A,D,0,,,,,Y,Y,A,01,0,1,0,0,0,0,0,0,0,"- ","- ",36.122928619384766,-118.85897827148438,TULARE,UNINCORPORATED,-118.86155700683594,36.108070373535156
92072927,2023,2023-05-19,9480,2023-05-17,"640 ",016233,,3,1,9,5400,0,3,5,,2,006,"AVE 296","RD 152",1585.00,W,N,A,-,N,,,,,,,,,,Y,4,0,1,1,A,-,08,22107,,N,E,I,A,A,H,-,A,D,0,,,,,Y,,A,01,0,0,1,0,0,0,0,0,0,"- ","- ",36.326808929443359,-119.24024963378906,TULARE,UNINCORPORATED,-119.23918151855469,36.327152252197266
92073028,2023,2023-05-19,9480,2023-05-19,"730 ",016233,,5,1,9,5400,0,3,5,,2,006,"AVE 248","RD. 124",1322.00,E,N,A,-,N,,,,,,,,,,Y,4,0,1,2,A,-,08,22107,,N,A,C,A,A,H,-,A,D,0,,,,,Y,,M,46,0,0,1,0,0,0,0,0,0,"- ","- ",36.240371704101562,-119.29151153564453,TULARE,UNINCORPORATED,-119.29161071777344,36.240352630615234
92074964,2023,2023-05-23,9481,2023-05-11,2105,018029,,4,2,9,5400,0,2,4,,1,051,"ROAD 238","AVENUE 112",5808.00,N,N,A,-,N,,,,,,,,,,Y,3,0,1,2,A,-,01,23152,A,N,A,2,A,A,H,-,D,D,0,,,,Y,Y,Y,A,01,0,1,0,0,0,0,0,0,0,"- ","- ",36.002010345458984,-119.03797149658203,TULARE,UNINCORPORATED,-119.03460693359375,36.007549285888672
92075203,2023,2023-05-23,9481,2023-05-16,"532 ",017991,,2,3,9,5400,0,3,5,,2,030,"COUNTY LINE ROAD","ROAD 192",78.00,W,N,A,-,N,,,,,,,,,,N,3,0,1,3,A,-,03,22350,,N,C,C,A,A,H,-,B,D,0,,,,,Y,,D,22,0,1,0,0,0,0,0,0,0,"- ","- ",35.790699005126953,-119.14341735839844,TULARE,UNINCORPORATED,,
92076046,2023,2023-05-24,9481,2023-05-15,1855,018029,,1,2,9,5400,0,3,5,,2,030,"AVENUE 136","ROAD 208",0.00,,Y,A,-,N,,,,,,,,,,Y,3,0,3,2,A,-,12,22450,A,N,D,C,A,A,H,-,A,A,0,,,,,Y,,A,01,0,2,1,0,0,0,0,0,0,"- ","- ",36.036811828613281,-119.10749053955078,TULARE,UNINCORPORATED,-119.10746002197266,36.036781311035156
92076167,2023,2023-05-24,9480,2023-05-13,"120 ",021044,,6,3,9,5400,0,3,5,,2,004,"CITRUS AVE.",SR-216,100.00,W,N,A,-,Y,,,,,,,,,,N,4,0,2,2,A,-,01,23152,F,N,C,E,A,A,H,-,D,D,0,,,,,Y,,A,01,0,0,2,0,0,0,0,0,0,"- ","- ",36.380031585693359,-119.21613311767578,TULARE,UNINCORPORATED,-119.21598052978516,36.380054473876953
92077407,2023,2023-05-25,9480,2023-05-15,"438 ",021044,,1,3,9,5400,0,1,3,,1,030,SR-137,"RD. 56",500.00,W,N,A,-,Y,,,,,,,,,,Y,4,0,1,2,A,-,03,22350,,N,F,0,A,D,H,-,D,D,0,,,,,Y,,A,07,0,0,1,0,0,0,0,0,0,"- ","- ",,,TULARE,UNINCORPORATED,-119.44993591308594,36.203121185302734
92079406,2023,2023-05-26,9481,2023-05-24,"600 ",017957,,3,1,9,5400,0,3,5,,2,030,"AVENUE 136","ROAD 184",0.00,,Y,A,-,N,,,,,,,,,,Y,4,0,1,2,A,-,12,22450,A,N,D,C,A,A,H,-,A,A,0,,,,,Y,,A,01,0,0,1,0,0,0,0,0,0,"- ","- ",36.037120819091797,-119.16143035888672,TULARE,UNINCORPORATED,-119.16146087646484,36.037071228027344
92081001,2023,2023-05-30,9480,2023-05-20,2219,021044,,6,3,9,5400,0,1,3,,2,095,"SR-99 N/B","AVENUE 120",5280.00,S,N,A,-,Y,TUL,,99," "," ",14.440,H,,R,Y,3,0,1,1,A,-,08,22107,,N,E,8,A,A,H,-,D,D,0,,,,,Y,,A,01,0,1,0,0,0,0,0,0,0,"- ","- ",35.994388580322266,-119.29937744140625,TULARE,UNINCORPORATED,-119.29942321777344,35.994384765625
92082343,2023,2023-05-31,9481,2023-05-30,1230,017957,,2,1,9,5400,0,3,5,,2,050,"ROAD 240","AVENUE 88",0.00,,Y,A,-,N,,,,,,,,,,Y,4,0,2,2,A,-,09,21802,A,N,D,C,A,A,H,-,A,A,0,,,,,Y,,A,01,0,0,2,0,0,0,0,0,0,"- ","- ",35.949649810791016,-119.03611755371094,TULARE,UNINCORPORATED,-119.03612518310547,35.949653625488281
9208269,2020,2021-01-28,5407,2020-09-24,1505,M226,480,4,5,5,5407,0,0,0,,0,011,"W LARK AV","N CROWE ST",114.00,E,N,A,-,N,,,,,,,,,,N,3,0,1,2,A,-,09,21804,A,N,D,C,A,A,H,-,A,A,0,,Y,,,Y,,L,04,0,1,0,0,0,0,1,0,0,"- ","- ",36.558101654052734,-119.317138671875,TULARE,VISALIA,-119.31684112548828,36.355838775634766
92083445,2023,2023-06-01,9480,2023-05-29,1440,017291,,1,2,9,5400,0,1,3,,1,020,"STATE ROUTE 201","ROAD 24",0.00,,Y,A,-,Y,TUL,,201," "," ",0.902,H,,R,N,4,0,5,2,A,-,09,21802,A,N,D,C,A,A,H,-,A,A,0,,,,,Y,,A,08,0,0,5,0,0,0,0,0,0,"- ","- ",36.517948150634766,-119.52107238769531,TULARE,UNINCORPORATED,-119.52107238769531,36.517871856689453
92086757,2023,2023-06-07,9481,2023-05-18,"505 ",020238,,4,3,9,5400,0,2,4,,1,035,"AVENUE 56","ROAD 168",260.00,W,N,A,-,N,,,,,,,,,,Y,1,1,1,3,A,-,06,21751,,N,A,C,A,A,H,-,D,D,0,,,,Y,Y,,D,22,1,0,0,0,0,0,0,0,0,"- ","- ",35.891971588134766,-119.19814300537109,TULARE,UNINCORPORATED,-119.19807434082031,35.891952514648438
92086804,2023,2023-06-06,9481,2023-05-19,1557,018029,,5,2,9,5400,0,3,5,,2,010,"AVENUE 184","ROAD 208",0.00,,Y,A,-,N,,,,,,,,,,Y,1,1,1,2,A,-,12,22450,A,N,D,2,A,A,H,-,A,A,0,,,,,Y,,D,22,0,1,0,0,0,0,0,0,0,"- ","- ",36.123790740966797,-119.10749816894531,TULARE,UNINCORPORATED,-119.10752105712891,36.123786926269531
92088469,2023,2023-06-07,9480,2023-05-26,1335,020926,,5,1,9,5400,0,3,5,,2,003,"SR-137 (ROAD 36)","SR-137 (AVENUE 199)",0.00,,Y,A,-,Y,TUL,,137," "," ",3.547,H,,R,Y,2,0,2,2,A,-,03,22350,,N,B,C,A,A,H,-,A,D,0,,,,,Y,,A,01,1,0,1,0,0,0,0,0,0,"- ","- ",36.150539398193359,-119.49304962158203,TULARE,UNINCORPORATED,-119.49309539794922,36.150554656982422
92088513,2023,2023-10-10,9480,2023-05-31,1800,016995,,3,2,9,5400,0,1,3,,1,021,"STATE ROUTE 63","MILLER AVE",0.00,,Y,A,-,Y,TUL,,63," ",R,23.643,H,,R,N,4,0,1,2,A,-,08,22107,,N,B,C,A,A,H,-,A,D,0,,,,,Y,,A,01,0,0,1,0,0,0,0,0,0,"- ","- ",36.545799255371094,-119.28697967529297,TULARE,UNINCORPORATED,-119.28696441650391,36.545799255371094
92089031,2023,2023-06-08,9480,2023-06-01,"629 ",018861,,4,1,9,5400,0,1,3,,1,034,"SR-99 S/B FROM SR-198 E/B","SR-198 E/B",487.00,S,N,A,-,Y,TUL,,99," ",R,38.662,H,,L,Y,3,0,1,1,A,-,01,23152,A,N,E,I,A,A,H,-,A,D,0,,,,,Y,Y,A,01,0,1,0,0,0,0,0,0,0,"- ","- ",36.324970245361328,-119.40643310546875,TULARE,UNINCORPORATED,-119.40618133544922,36.325107574462891
92090296,2023,2023-06-09,9480,2023-06-02,1215,016233,,5,1,9,5400,0,3,5,,2,006,"AVE 256",SR-63,200.00,E,N,A,-,N,,,,,,,,,,N,4,0,1,2,A,-,08,22107,,N,D,C,A,A,H,-,A,D,0,,,,,Y,,A,07,0,0,1,0,0,0,0,0,0,"- ","- ",36.255020141601562,-119.31228637695312,TULARE,UNINCORPORATED,,
92091273,2023,2023-06-12,9481,2023-06-06,"500 ",020784,,2,3,9,5400,0,2,4,,1,011,"AVENUE 192","ROAD 192",0.00,,Y,A,-,N,,,,,,,,,,Y,4,0,1,2,A,-,05,21752,D,N,D,2,A,A,H,-,B,D,0,,,,,Y,,D,22,0,0,1,0,0,0,0,0,0,"- ","- ",36.138271331787109,-119.14322662353516,TULARE,UNINCORPORATED,-119.14317321777344,36.138294219970703
92092660,2023,2023-06-13,9480,2023-06-08,1701,017311,,4,2,9,5400,0,1,3,,1,064,"STATE ROUTE 198","FARMERSVILLE BLVD",528.00,E,N,A,-,Y,TUL,,198," ",R,14.759,H,,R,N,3,0,1,2,A,-,03,22350,,N,C,C,A,A,H,-,A,D,0,,,,,Y,,A,01,0,1,0,0,0,0,0,0,0,"- ","- ",36.326629638671875,-119.20662689208984,TULARE,UNINCORPORATED,-119.20662689208984,36.326656341552734
92093617,2023,2023-06-14,9480,2023-06-09,1855,021249,,5,2,9,5400,0,3,5,,2,001,"CLARKSON AVE","ACADEMY AVE",0.00,,Y,A,-,N,,,,,,,,,,Y,3,0,2,2,A,-,12,22450,A,N,D,D,A,A,H,-,A,A,0,,,,,Y,,A,01,0,2,0,0,0,0,0,0,0,"- ","- ",36.503108978271484,-119.55677032470703,TULARE,UNINCORPORATED,-119.55683898925781,36.503360748291016
92097634,2023,2023-06-20,9480,2023-06-13,1714,019048,,2,2,9,5400,0,1,3,,1,064,"SR-198 E/B",SR-65,100.00,E,N,A,-,Y,TUL,,198," ",R,18.914,H,,R,N,3,0,2,4,A,-,01,23152,A,N,C,C,A,A,H,-,A,A,0,,,,,Y,Y,A,01,0,1,1,0,0,0,0,0,0,"- ","- ",36.326278686523438,-119.13215637207031,TULARE,UNINCORPORATED,-119.13215637207031,36.326187133789062
92100157,2023,2023-06-22,9480,2023-06-16,1535,020890,,5,2,9,5400,0,3,5,,2,006,"ROAD 204","AVENUE 242",528.00,N,N,A,-,N,,,,,,,,,,N,4,0,1,2,A,-,09,21801,A,N,D,C,A,A,H,-,A,D,0,,,,,Y,,A,07,0,0,1,0,0,0,0,0,0,"- ","- ",36.229209899902344,-119.11849212646484,TULARE,UNINCORPORATED,-119.11847686767578,36.229438781738281
92100862,2023,2023-06-23,9480,2023-06-19,1225,016240,,1,1,9,5400,0,3,5,,2,002,"AVENUE 416","SR-63 (ROAD 128)",120.00,W,N,A,-,N,,,,,,,,,,Y,3,0,1,2,A,-,08,22107,,N,D,C,A,A,H,-,A,D,0,,,,,Y,,D,22,0,1,0,0,0,0,0,0,0,"- ","- ",36.544830322265625,-119.28721618652344,TULARE,UNINCORPORATED,,
92102349,2023,2023-06-28,9480,2023-06-22,"700 ",016233,,4,1,9,5400,0,1,3,,1,063,SR-63,"AVE. 256",0.00,,Y,A,-,Y,TUL,,63," "," ",3.005,H,,R,Y,3,0,3,2,A,-,09,21453,C,N,D,C,A,A,H,-,A,A,0,,,,,Y,,A,07,0,3,0,0,0,0,0,0,0,"- ","- ",36.254951477050781,-119.31320190429688,TULARE,UNINCORPORATED,-119.31307983398438,36.254951477050781
92103011,2023,2023-06-27,9481,2023-06-23,1949,018113,,5,2,9,5400,0,3,5,,2,010,"ROAD 232","ZACHARY COURT",189.00,S,N,A,-,N,,,,,,,,,,Y,4,0,1,2,A,-,09,21804,A,N,D,C,A,A,H,-,A,D,0,,,,,Y,,A,07,0,0,1,0,0,0,0,0,0,"- ","- ",36.107879638671875,-119.05371856689453,TULARE,UNINCORPORATED,,
92106900,2023,2023-06-30,9481,2023-06-21,1540,019422,,3,2,9,5400,0,3,5,,2,030,"AVENUE 112","ROAD 224",1070.00,W,N,A,-,N,,,,,,,,,,Y,2,0,3,2,A,-,01,23152,G,N,C,2,A,A,H,-,A,D,0,,,,,Y,Y,A,01,2,1,0,0,0,0,0,0,0,"- ","- ",35.993309020996094,-119.07415771484375,TULARE,UNINCORPORATED,-119.07498168945312,35.993293762207031
92107137,2023,2024-06-20,9481,2023-06-21,"512 ",016776,,3,3,9,5400,0,3,5,,2,010,"AVENUE 176","ROAD 208",0.00,,Y,A,-,N,,,,,,,,,,Y,2,0,4,2,A,-,12,22450,A,N,D,C,A,A,H,-,A,A,0,,,,Y,Y,,G,26,2,0,2,0,0,0,0,0,0,"- ","- ",36.109241485595703,-119.10755920410156,TULARE,UNINCORPORATED,-119.10755157470703,36.109207153320312
92107199,2023,2023-06-30,9480,2023-06-22,"655 ",016240,,4,1,9,5400,0,3,5,,2,002,"ROAD 112","AVENUE 328",1480.00,N,N,A,-,N,,,,,,,,,,Y,2,0,1,2,A,-,06,21750,A,N,B,C,A,A,H,-,A,D,0,,,Y,Y,Y,,C,02,1,0,0,0,0,0,0,0,1,"- ","- ",36.389579772949219,-119.32317352294922,TULARE,UNINCORPORATED,-119.32316589355469,36.389560699462891
92107385,2023,2023-06-30,9480,2023-06-25,1532,021249,,7,2,9,5400,0,1,3,,2,093,"SR-99 S/B","DRIVE 92B",2376.00,S,N,A,-,Y,TUL,,99," "," ",33.373,H,,L,Y,4,0,1,2,A,-,08,22107,,N,B,C,A,A,D,-,A,D,0,,,,Y,Y,,B,01,0,0,1,0,0,0,0,0,0,"- ","- ",36.258960723876953,-119.3602294921875,TULARE,UNINCORPORATED,-119.36012268066406,36.258995056152344
92108007,2023,2023-07-03,9481,2023-06-17,2035,020238,,6,2,9,5400,0,3,5,,2,030,"ROAD 208","AVENUE 96",900.00,N,N,A,-,N,,,,,,,,,,Y,1,1,0,1,A,-,08,22107,,N,F,A,A,A,H,-,B,D,0,,,,,Y,,A,01,0,0,0,0,0,0,0,0,0,"- ","- ",35.966819763183594,-119.10749053955078,TULARE,UNINCORPORATED,-119.10741424560547,35.966758728027344
92108525,2023,2023-07-03,9481,2023-06-24,2110,019578,,6,2,9,5400,0,2,4,,1,031,"OLIVE AVENUE","SALISBURY STREET",500.00,E,N,A,-,N,,,,,,,,,,Y,3,0,1,5,A,-,01,23152,A,N,C,E,A,A,H,-,C,D,0,,,,,Y,Y,A,01,0,1,0,0,0,0,0,0,0,"- ","- ",36.065879821777344,-119.05568695068359,TULARE,UNINCORPORATED,-119.05574035644531,36.065822601318359
92109800,2023,2023-07-05,9480,2023-06-29,1945,017291,,4,2,9,5400,0,3,5,,2,002,"AVENUE 384","ROAD 76",0.00,,Y,A,-,N,,,,,,,,,,N,4,0,1,2,A,-,05,21752,D,N,D,C,A,A,H,-,A,D,0,,,Y,,Y,,C,02,0,0,1,0,0,0,0,0,1,"- ","- ",36.488010406494141,-119.40251159667969,TULARE,UNINCORPORATED,-119.40251922607422,36.488006591796875
92109859,2023,2023-07-05,9480,2023-06-30,1001,018521,,5,1,9,5400,0,3,5,,2,005,"THOMPSON RD","SIERRA AVE",20.00,S,N,A,-,N,,,,,,,,,,N,4,0,1,2,A,-,03,22350,,N,C,C,A,A,H,-,A,D,0,,,,,Y,,D,22,0,0,1,0,0,0,0,0,0,"- ","- ",35.891788482666016,-119.26412200927734,TULARE,UNINCORPORATED,-119.26416015625,35.891834259033203
92110240,2023,2023-07-05,9480,2023-07-01,1415,020837,,6,2,9,5400,0,1,3,,1,044,"STATE ROUTE 198","NORTH FORK DRIVE",250.00,E,N,A,-,Y,TUL,,198," "," ",38.540,H,,R,Y,3,0,3,2,A,-,09,21801,A,N,D,C,A,A,H,-,A,D,0,,,,,Y,,A,01,0,3,0,0,0,0,0,0,0,"- ","- ",36.438449859619141,-118.9051513671875,TULARE,UNINCORPORATED,-118.90514373779297,36.438449859619141
92110720,2023,2023-07-06,9480,2023-06-29,"441 ",017452,,4,3,9,5400,0,1,3,,2,091,"SR-99 S/B","BETTY  DRIVE",739.00,S,N,A,-,Y,TUL,,99," "," ",40.711,H,,L,Y,3,0,3,2,A,-,08,22107,,N,C,C,A,A,H,-,D,D,0,,,,,Y,,D,22,0,1,2,0,0,0,0,0,0,"- ","- ",36.348918914794922,-119.42600250244141,TULARE,UNINCORPORATED,-119.42601013183594,36.348915100097656