CASE_ID,ACCIDENT_YEAR,PROC_DATE,JURIS,COLLISION_DATE,COLLISION_TIME,OFFICER_ID,REPORTING_DISTRICT,DAY_OF_WEEK,CHP_SHIFT,POPULATION,CNTY_CITY_LOC,SPECIAL_COND,BEAT_TYPE,CHP_BEAT_TYPE,CITY_DIVISION_LAPD,CHP_BEAT_CLASS,BEAT_NUMBER,PRIMARY_RD,SECONDARY_RD,DISTANCE,DIRECTION,INTERSECTION,WEATHER_1,WEATHER_2,STATE_HWY_IND,CALTRANS_COUNTY,CALTRANS_DISTRICT,STATE_ROUTE,ROUTE_SUFFIX,POSTMILE_PREFIX,POSTMILE,LOCATION_TYPE,RAMP_INTERSECTION,SIDE_OF_HWY,TOW_AWAY,COLLISION_SEVERITY,NUMBER_KILLED,NUMBER_INJURED,PARTY_COUNT,PRIMARY_COLL_FACTOR,PCF_CODE_OF_VIOL,PCF_VIOL_CATEGORY,PCF_VIOLATION,PCF_VIOL_SUBSECTION,HIT_AND_RUN,TYPE_OF_COLLISION,MVIW,PED_ACTION,ROAD_SURFACE,ROAD_COND_1,ROAD_COND_2,LIGHTING,CONTROL_DEVICE,CHP_ROAD_TYPE,PEDESTRIAN_ACCIDENT,BICYCLE_ACCIDENT,MOTORCYCLE_ACCIDENT,TRUCK_ACCIDENT,NOT_PRIVATE_PROPERTY,ALCOHOL_INVOLVED,STWD_VEHTYPE_AT_FAULT,CHP_VEHTYPE_AT_FAULT,COUNT_SEVERE_INJ,COUNT_VISIBLE_INJ,COUNT_COMPLAINT_PAIN,COUNT_PED_KILLED,COUNT_PED_INJURED,COUNT_BICYCLIST_KILLED,COUNT_BICYCLIST_INJURED,COUNT_MC_KILLED,COUNT_MC_INJURED,PRIMARY_RAMP,SECONDARY_RAMP,LATITUDE,LONGITUDE,COUNTY,CITY,POINT_X,POINT_Y
9287617,2021,2021-07-28,5402,2021-05-17,1052,817,,1,5,2,5402,0,0,0,,0,12E,"RT 65","SOCAL EDISON POLE 1382601E",17.00,W,N,A,-,Y,TUL,6,65,-,-,37.650,I,5,N,N,4,0,1,2,A,-,04,21703,,N,C,C,A,A,H,-,A,D,0,,,,,Y,,-,,0,0,1,0,0,0,0,0,0,"- ","- ",,,TULARE,EXETER,-119.13606262207031,36.298049926757812
9287703,2021,2021-07-30,5405,2021-07-11,2246,229,,7,5,4,5405,0,0,0,,0,"SEC 1","RT 65","NORTH GRAND AV",1431.00,S,N,A,-,Y,TUL,6,65,-,-,21.110,H,-,N,Y,2,0,1,1,C,-,18,,,N,E,J,A,A,C,-,C,D,0,,,Y,,Y,,-,"- ",1,0,0,0,0,0,0,0,1,"- ","- ",33.609828948974609,-119.04012298583984,TULARE,PORTERVILLE,-119.03946685791016,36.094417572021484
92877770,2024,2024-08-20,9480,2024-07-21,"825 ",021547,,7,1,9,5400,0,3,5,,2,006,"AVE 224","MUNSON RD",0.00,,Y,A,-,N,,,,,,,,,,N,4,0,3,2,A,-,09,21801,A,M,D,C,A,A,H,-,A,D,0,,,,Y,Y,,G,27,0,0,3,0,0,0,0,0,0,"- ","- ",36.196430206298828,-119.2825927734375,TULARE,UNINCORPORATED,-119.28298950195312,36.196388244628906
92878276,2024,2024-07-30,9481,2024-07-21,2235,019578,,7,3,9,5400,0,1,3,,1,037,"STATE ROUTE 65","AVENUE 80",0.00,,Y,A,-,Y,TUL,,65," ",R,9.985,H,,R,Y,3,0,2,2,A,-,01,23152,A,F,D,2,A,A,H,-,D,A,0,,,,,Y,Y,A,01,0,1,1,0,0,0,0,0,0,"- ","- ",35.93524169921875,-119.05361938476562,TULARE,UNINCORPORATED,-119.05362701416016,35.93524169921875
92878639,2024,2024-07-30,9480,2024-07-21,1224,022131,,7,1,9,5400,0,1,3,,2,095,"SR-99 NORTHBOUND","COUNTYLINE ROAD",1584.00,N,N,A,-,Y,TUL,,99," "," ",0.406,H,,R,Y,2,0,2,1,A,-,08,22107,,N,F,9,A,A,H,-,A,A,0,,,,,Y,,A,01,1,1,0,0,0,0,0,0,0,"- ","- ",35.795799255371094,-119.25350952148438,TULARE,UNINCORPORATED,-119.25356292724609,35.795791625976562
9288286,2021,2021-07-15,5407,2021-05-24,0510,A341,480,1,5,5,5407,0,0,0,,0,012,"W WALNUT AV","S DEMAREE ST",0.00,,Y,A,-,N,,,,,,,,,,Y,3,0,1,2,A,-,12,21453,A,N,D,C,A,A,H,-,B,A,0,,,,Y,Y,,F,26,0,1,0,0,0,0,0,0,0,"- ","- ",36.312820434570312,-119.33168029785156,TULARE,VISALIA,-119.33167266845703,36.312812805175781
9288287,2021,2021-08-13,5407,2021-06-11,1458,C51,480,5,5,5,5407,0,0,0,,0,026,"E MINERAL KING AV","S MCAULIFF ST",0.00,,Y,A,-,N,,,,,,,,,,Y,4,0,3,3,A,-,03,22350,,N,C,C,A,-,H,-,A,A,0,,,,,Y,,D,22,0,0,3,0,0,0,0,0,0,"- ","- ",,,TULARE,VISALIA,-119.25194549560547,36.327060699462891
9288295,2021,2021-07-16,5407,2021-06-18,1744,C57,480,5,5,5,5407,0,0,0,,0,026,"E MINERAL KING AV","S BRIDGE ST",0.00,,Y,A,-,N,,,,,,,,,,Y,3,0,2,3,A,-,12,21453,A,N,D,C,A,A,H,-,A,A,0,,,,,Y,,A,07,0,2,0,0,0,0,0,0,0,"- ","- ",36.327449798583984,-119.28893280029297,TULARE,VISALIA,-119.28895568847656,36.327438354492188
9288298,2021,2021-07-15,5407,2021-06-13,2229,A340,480,7,5,5,5407,0,0,0,,0,N25,"LOCUST ST","RACE AV",0.00,,Y,A,-,Y,TUL,6,63,-,-,8.563,I,5,S,Y,3,0,2,3,A,-,01,23152,B,N,D,C,A,A,H,-,C,A,0,,,,Y,Y,Y,A,08,0,2,0,0,0,0,0,0,0,"- ","- ",,,TULARE,VISALIA,-119.29351043701172,36.335338592529297
9288304,2021,2021-07-21,5406,2021-06-23,2122,24,5406,3,5,4,5406,0,0,0,,0,0AO,PROSPERITY,SACRAMENTO,39.00,E,N,A,-,N,,,,,,,,,,Y,4,0,1,2,A,-,03,22350,,N,C,C,A,A,H,-,C,D,0,,,,,Y,,D,22,0,0,1,0,0,0,0,0,0,"- ","- ",,,TULARE,TULARE,-119.36405944824219,36.225681304931641
9288442,2021,2021-07-07,5407,2021-05-17,2020,C57,480,1,5,5,5407,0,0,0,,0,025,VISALIA,"S LOVERS LN",0.00,,Y,A,-,N,,,,,,,,,,Y,3,0,1,2,A,-,09,21801,A,N,D,C,A,A,H,-,C,A,0,,,,,Y,,A,07,0,1,0,0,0,0,0,0,0,"- ","- ",36.328128814697266,-119.26077270507812,TULARE,VISALIA,,
9288444,2021,2021-07-07,5407,2021-05-23,2215,A341,480,7,5,5,5407,0,0,0,,0,033,"E NOBLE AV","S GODDARD ST",450.00,E,N,A,-,N,,,,,,,,,,N,2,0,1,2,A,-,11,21956,,N,G,B,E,A,H,-,C,A,0,Y,,,,Y,,N,60,1,0,0,0,1,0,0,0,0,"- ","- ",36.326641082763672,-119.26077270507812,TULARE,VISALIA,-119.264892578125,36.326919555664062
9288447,2021,2021-07-07,5407,2021-05-13,1923,A327,480,4,5,5,5407,0,0,0,,0,026,"COURT ST","E RIGGIN AV",0.00,,Y,A,-,N,,,,,,,,,,Y,4,0,1,2,A,-,21,22106,,N,C,C,A,A,H,-,A,A,0,,,,,Y,,A,01,0,0,1,0,0,0,0,0,0,"- ","- ",36.356330871582031,-119.29392242431641,TULARE,VISALIA,-119.29395294189453,36.356399536132812
9288554,2021,2021-09-07,5407,2021-06-10,0914,A333,480,4,5,5,5407,0,0,0,,0,026,"N BEN MADDOX WY","E CENTER AV",0.00,,Y,A,-,N,,,,,,,,,,Y,3,0,1,2,A,-,09,21801,A,N,D,C,A,A,H,-,A,D,0,,,,,Y,,A,01,0,1,0,0,0,0,0,0,0,"- ","- ",,,TULARE,VISALIA,-119.27871704101562,36.331108093261719
9288556,2021,2021-09-07,5407,2021-06-06,1635,C57,480,7,5,5,5407,0,0,0,,0,026,"N LOVERS LN","E GOSHEN AV",0.00,,Y,A,-,N,,,,,,,,,,Y,2,0,1,2,A,-,09,21801,A,N,D,C,A,A,H,-,A,A,0,,,Y,,Y,,A,07,1,0,0,0,0,0,0,0,1,"- ","- ",,,TULARE,VISALIA,-119.26063537597656,36.334682464599609
9288559,2021,2021-09-07,5407,2021-06-20,1528,C57,480,7,5,5,5407,0,0,0,,0,025,"W HOUSTON AV","N TURNER ST",0.00,,Y,A,-,N,,,,,,,,,,Y,4,0,1,2,A,-,12,22450,A,M,D,C,A,A,H,-,A,A,0,,,,,Y,,A,01,0,0,1,0,0,0,0,0,0,"- ","- ",36.341850280761719,-119.30330657958984,TULARE,VISALIA,-119.30329895019531,36.341854095458984
92898304,2024,2024-07-30,9480,2024-07-24,"331 ",019828,,3,3,4,5406,0,1,3,,2,093,"SR-99 N/B","CARTMILL AVE.",130.00,N,N,A,-,Y,TUL,,99," "," ",31.893,H,,R,Y,3,0,1,2,A,-,09,21804,A,N,B,2,A,A,D,-,D,D,0,,,,Y,Y,,A,01,0,1,0,0,0,0,0,0,0,"- ","- ",36.240779876708984,-119.34596252441406,TULARE,TULARE,-119.34592437744141,36.240798950195312
9291231,2021,2021-07-19,5405,2021-06-26,1311,243,,6,5,4,5405,0,0,0,,0,001,"LINDA VISTA AV","NEWCOMB ST",0.00,,Y,A,-,N,,,,,,,,,,N,3,0,2,2,A,-,01,23152,B,N,D,C,A,A,H,-,A,A,0,,,,,Y,Y,A,01,0,1,1,0,0,0,0,0,0,"- ","- ",36.1055908203125,-119.05364990234375,TULARE,PORTERVILLE,-119.05365753173828,36.105587005615234
9294036,2021,2021-09-10,5405,2021-07-09,0842,268,"SEC 4",5,5,4,5405,0,0,0,,0,"SEC 4","OLIVE AV","VILLA ST",75.00,W,N,A,-,N,,,,,,,,,,N,4,0,1,2,A,-,09,21804,A,N,B,C,A,A,H,-,A,D,0,,,,,Y,,A,01,0,0,1,0,0,0,0,0,0,"- ","- ",36.065780639648438,-119.03118896484375,TULARE,PORTERVILLE,-119.03087615966797,36.065910339355469
9294243,2021,2021-08-23,5405,2021-07-07,1919,229,,3,5,4,5405,0,0,0,,0,SEC3,"ORANGE AV","WALLACE ST",81.00,W,N,A,-,N,,,,,,,,,,Y,3,0,1,1,A,-,08,22107,,N,A,I,A,A,H,-,A,D,0,,,,,Y,,A,01,0,1,0,0,0,0,0,0,0,"- ","- ",36.061111450195312,-119.01223754882812,TULARE,PORTERVILLE,-119.01206970214844,36.061119079589844
9294593,2021,2021-09-14,5404,2021-07-12,1155,686,20L,1,5,2,5404,0,0,0,,0,010,TULARE,ELMWOOD,12.00,W,N,A,-,N,,,,,,,,,,N,4,0,1,2,A,-,03,22350,,M,C,C,A,A,H,-,A,D,0,,,,,Y,,-,,0,0,1,0,0,0,0,0,0,"- ","- ",,,TULARE,LINDSAY,-119.09249114990234,36.210559844970703
9297782,2021,2021-08-17,5405,2021-07-27,1430,CSO26,1,2,5,4,5405,0,0,0,,0,,"PEARSON DR","MORTON AV",90.00,S,N,A,-,N,,,,,,,,,,N,3,0,1,2,A,-,03,22350,,N,C,C,A,A,H,-,A,D,0,,,,,Y,,A,07,0,1,0,0,0,0,0,0,0,"- ","- ",,,TULARE,PORTERVILLE,-119.02760314941406,36.072971343994141
9297784,2021,2021-08-17,5405,2021-07-23,2040,257,SEC4,5,5,4,5405,0,0,0,,0,004,"AVENUE 152",DOGWOOD,156.00,W,N,A,-,N,,,,,,,,,,Y,2,0,1,2,A,-,01,23152,A,N,C,E,A,A,H,-,C,D,0,,,,,Y,Y,-,,1,0,0,0,0,0,0,0,0,"- ","- ",36.066009521484375,-119.07362365722656,TULARE,PORTERVILLE,-119.07367706298828,36.065818786621094
9297785,2021,2021-08-17,5405,2021-07-14,1125,259,SEC4,3,5,4,5405,0,0,0,,0,,"PUTNAM AV","VILLA ST",0.00,,Y,A,-,N,,,,,,,,,,Y,4,0,1,2,A,-,09,21801,A,N,A,C,A,A,H,-,A,A,0,,,,,Y,,A,01,0,0,1,0,0,0,0,0,0,"- ","- ",36.069591522216797,-119.03066253662109,TULARE,PORTERVILLE,-119.03068542480469,36.069595336914062
9297787,2021,2021-08-17,5405,2021-07-20,1808,216,SEC1,2,5,4,5405,0,0,0,,0,001,"N WESTWOOD ST","KINGS CROSS WY",12.00,W,N,A,-,N,,,,,,,,,,Y,4,0,1,2,A,-,08,22107,,N,D,C,A,A,H,-,A,D,0,,,,,Y,,A,01,0,0,1,0,0,0,0,0,0,"- ","- ",36.080318450927734,-119.07080078125,TULARE,PORTERVILLE,-119.07083129882812,36.079029083251953
9297791,2021,2021-09-01,5405,2021-07-18,1457,268,SEC3,7,5,4,5405,0,0,0,,0,SEC3,"WORTH AV","BLUE HERON PKWY",450.00,E,N,A,-,N,,,,,,,,,,Y,3,0,1,1,A,-,03,22350,,N,A,I,A,A,H,-,A,D,0,,,,,Y,,A,01,0,1,0,0,0,0,0,0,0,"- ","- ",36.043910980224609,-118.98050689697266,TULARE,PORTERVILLE,-118.97898864746094,36.043899536132812
9297806,2021,2021-09-03,5407,2021-07-07,2220,A318,480,3,5,5,5407,0,0,0,,0,033,"W NOBLE AV","S GIDDINGS ST",135.00,E,N,A,-,N,,,,,,,,,,N,3,0,1,2,A,-,07,21658,A,N,B,G,A,A,H,-,D,D,0,,Y,,,Y,,L,04,0,1,0,0,0,0,1,0,0,"- ","- ",,,TULARE,VISALIA,-119.30500030517578,36.326492309570312
9297808,2021,2021-09-03,5407,2021-07-01,1546,M333,480,4,5,5,5407,0,0,0,,0,R12,"S DEMAREE ST","W TULARE AV",0.00,,Y,A,-,N,,,,,,,,,,Y,4,0,2,3,A,-,12,21453,A,N,D,C,A,A,H,-,A,A,0,,,,,Y,,A,01,0,0,2,0,0,0,0,0,0,"- ","- ",,,TULARE,VISALIA,-119.33172607421875,36.320056915283203
9297809,2021,2021-09-03,5407,2021-07-01,1142,M194,480,4,5,5,5407,0,0,0,,0,034,ASHLAND,STEVENSON,0.00,,Y,A,-,N,,,,,,,,,,N,4,0,1,2,A,-,11,21954,A,N,G,B,D,A,H,-,A,D,0,Y,,,,Y,,A,01,0,0,1,0,1,0,0,0,0,"- ","- ",36.30889892578125,-119.29901885986328,TULARE,VISALIA,-119.29904174804688,36.308780670166016
9297988,2021,2021-08-11,5407,2021-06-23,1808,C51,480,3,5,5,5407,0,0,0,,0,P33,"E NOBLE AV","S BURKE ST",0.00,,Y,A,-,N,,,,,,,,,,N,4,0,1,2,A,-,12,21453,A,N,D,C,A,A,H,-,A,A,0,,,,,Y,,A,01,0,0,1,0,0,0,0,0,0,"- ","- ",36.326400756835938,-119.28323364257812,TULARE,VISALIA,-119.28324890136719,36.326393127441406
9297989,2021,2021-08-11,5407,2021-06-22,1412,C51,480,2,5,5,5407,0,0,0,,0,N25,"N ENCINA ST","W OAK AV",65.00,S,N,A,-,N,,,,,,,,,,Y,3,0,1,1,A,-,03,22350,,N,A,I,A,A,H,-,A,A,0,,,,,Y,,A,01,0,1,0,0,0,0,0,0,0,"- ","- ",36.336879730224609,-119.29463958740234,TULARE,VISALIA,-119.29457855224609,36.331729888916016
9297990,2021,2021-08-13,5407,2021-06-22,1249,M203,480,2,5,5,5407,0,0,0,,0,,HOUSTON,WILLIS,0.00,,Y,A,-,N,,,,,,,,,,N,3,0,1,2,A,-,11,21950,B,N,G,B,E,A,H,-,A,A,0,Y,,,,Y,Y,N,60,0,1,0,0,1,0,0,0,0,"- ","- ",36.342281341552734,-119.29692840576172,TULARE,VISALIA,-119.29766082763672,36.341838836669922
9297997,2021,2021-08-11,5407,2021-06-19,0112,A330,480,6,5,5,5407,0,0,0,,0,,"S DEMAREE ST","PACKWOOD AV",420.00,S,N,A,-,N,,,,,,,,,,Y,2,0,1,1,A,-,03,22350,,N,E,I,A,A,H,-,C,A,0,,,,,Y,,A,01,1,0,0,0,0,0,0,0,0,"- ","- ",36.298370361328125,-119.33148956298828,TULARE,VISALIA,-119.33158874511719,36.293487548828125
9301220,2021,2021-08-17,5407,2021-06-30,1529,C51,480,3,5,5,5407,0,0,0,,0,026,"RT 65","N LOVERS LN",88.00,E,N,A,-,Y,TUL,6,216,-,-,2.070,H,-,W,Y,4,0,2,2,A,-,03,22350,,N,C,C,A,A,H,-,A,A,0,,,,,Y,,A,01,0,0,2,0,0,0,0,0,0,"- ","- ",36.341960906982422,-119.260986328125,TULARE,VISALIA,-119.25814056396484,36.341995239257812
9301345,2021,2021-08-19,5406,2021-07-25,1558,86,5206,7,5,4,5406,0,0,0,,0,0ES,MOONEY,CROSS,0.00,,Y,A,-,Y,TUL,6,63,-,-,0.750,I,5,S,Y,3,0,4,2,A,-,09,21802,A,N,D,C,A,A,H,-,A,A,0,,,,,Y,,A,01,0,1,3,0,0,0,0,0,0,"- ","- ",,,TULARE,TULARE,-119.31308746337891,36.222122192382812
9301710,2021,2023-06-24,5407,2021-05-29,0100,M194,480,6,5,5,5407,0,0,0,,0,012,WALNUT,LINWOOD,428.00,W,N,A,-,N,,,,,,,,,,Y,1,2,0,1,A,-,05,21650,,N,E,I,A,A,H,-,C,A,0,,,,,Y,Y,A,01,0,0,0,0,0,0,0,0,0,"- ","- ",36.312908172607422,-119.34258270263672,TULARE,VISALIA,-119.34209442138672,36.312786102294922
9301911,2021,2021-09-22,5406,2021-08-05,2146,40,5406,4,5,4,5406,0,0,0,,0,0ES,HILLMAN,CARTMILL,650.00,S,N,A,-,N,,,,,,,,,,N,3,0,1,2,A,-,11,21954,A,N,G,B,D,A,H,-,C,D,0,Y,,,,Y,,N,60,0,1,0,0,1,0,0,0,0,"- ","- ",,,TULARE,TULARE,-119.33114624023438,36.238536834716797
9302448,2021,2021-09-30,5406,2021-06-28,1638,136,5406,1,5,4,5406,0,0,0,,0,0AO,TULARE,HIGHLAND,123.00,W,N,A,-,Y,TUL,6,137,-,-,16.330,H,-,W,Y,4,0,2,2,A,-,03,22350,,N,C,C,A,A,H,-,A,D,0,,,,,Y,,A,07,0,0,2,0,0,0,0,0,0,"- ","- ",,,TULARE,TULARE,-119.33358001708984,36.209674835205078
93050855,2024,2024-07-31,9480,2024-07-27,2316,022293,,6,3,5,5407,0,2,S,,2,901,"MINERAL KING AVENUE","WOODLAND STREET",0.00,,Y,A,-,N,,,,,,,,,,Y,3,0,1,1,A,-,03,22350,,N,E,I,A,A,H,-,C,A,0,,,,,Y,,A,01,0,1,0,0,0,0,0,0,0,"- ","- ",36.327640533447266,-119.31855773925781,TULARE,VISALIA,-119.31849670410156,36.327690124511719
9309564,2021,2021-10-08,5405,2021-08-04,1632,C33,"SEC 4",3,5,4,5405,0,0,0,,0,,"OLIVE AV","ATKINS WY",0.00,,Y,A,-,N,,,,,,,,,,Y,4,0,1,2,A,-,09,21801,A,N,D,C,A,A,H,-,A,D,0,,,,,Y,,A,01,0,0,1,0,0,0,0,0,0,"- ","- ",36.066211700439453,-119.04715728759766,TULARE,PORTERVILLE,-119.04721832275391,36.065887451171875
9312187,2021,2021-09-09,5407,2021-07-21,2221,A323,480,3,5,5,5407,0,0,0,,0,012,"W NOBLE AV","S CHINOWTH ST",0.00,,Y,A,-,N,,,,,,,,,,Y,4,0,1,2,A,-,12,21453,A,N,D,C,A,A,H,-,C,A,0,,,,,Y,,D,22,0,0,1,0,0,0,0,0,0,"- ","- ",36.326999664306641,-119.33625030517578,TULARE,VISALIA,-119.33625030517578,36.326969146728516
9312730,2021,2021-09-10,5405,2021-08-05,1605,C33,SEC3,4,5,4,5405,0,0,0,,0,,"JAYE ST","DATE AV",9.00,S,N,A,-,N,,,,,,,,,,Y,4,0,1,2,A,-,09,21801,A,N,D,C,A,A,H,-,A,D,0,,,,,Y,,A,01,0,0,1,0,0,0,0,0,0,"- ","- ",36.058658599853516,-119.02629852294922,TULARE,PORTERVILLE,-119.02626800537109,36.058647155761719
9314829,2021,2021-10-05,5405,2021-08-16,1035,246,SEC4,1,5,4,5405,0,0,0,,0,004,"OLIVE AV","INDIANA ST",0.00,,Y,A,-,N,,,,,,,,,,Y,3,0,1,2,A,-,12,21453,A,N,D,C,A,A,H,-,A,A,0,,,,,Y,,A,01,0,1,0,0,0,0,0,0,0,"- ","- ",,,TULARE,PORTERVILLE,-119.03517913818359,36.06597900390625
9314830,2021,2021-10-05,5405,2021-08-17,0748,259,SEC1,2,5,4,5405,0,0,0,,0,,"NEWCOMB ST","CASTLE AV",15.00,N,N,A,-,N,,,,,,,,,,Y,3,0,1,3,A,-,09,21801,A,N,D,C,A,A,H,-,A,A,0,,,,,Y,,A,01,0,1,0,0,0,0,0,0,0,"- ","- ",36.094768524169922,-119.05307769775391,TULARE,PORTERVILLE,-119.05309295654297,36.094810485839844
9314834,2021,2021-10-05,5405,2021-08-13,1857,229,,5,5,4,5405,0,0,0,,0,SEC4,"OLIVE AV","VILLA ST",66.00,W,N,A,-,N,,,,,,,,,,N,3,0,1,2,A,-,05,21650,,N,D,G,A,A,H,-,A,D,0,,Y,,,Y,,L,04,0,1,0,0,0,0,1,0,0,"- ","- ",36.065971374511719,-119.03061676025391,TULARE,PORTERVILLE,-119.03084564208984,36.065910339355469
9315547,2021,2021-09-03,5405,2021-08-17,1859,229,,2,5,4,5405,0,0,0,,0,SEC1,"WESTFIELD AV","WESTWOOD ST",0.00,,Y,A,-,N,,,,,,,,,,Y,4,0,2,2,A,-,12,22450,A,N,D,C,A,A,H,-,B,A,0,,,,,Y,,A,07,0,0,2,0,0,0,0,0,0,"- ","- ",36.087581634521484,-119.07080078125,TULARE,PORTERVILLE,-119.07080078125,36.087570190429688
9315695,2021,2021-09-08,5407,2021-07-12,2130,A341,480,1,5,5,5407,0,0,0,,0,012,"W WHITENDALE AV","S CHINOWTH ST",0.00,,Y,A,-,N,,,,,,,,,,Y,4,0,1,2,A,-,12,21453,A,N,D,C,A,A,H,-,C,A,0,,,,,Y,,A,01,0,0,1,0,0,0,0,0,0,"- ","- ",36.305530548095703,-119.3360595703125,TULARE,VISALIA,-119.33607482910156,36.305522918701172
9315731,2021,2021-09-08,5407,2021-07-17,1606,C57,480,6,5,5,5407,0,0,0,,0,012,"W HURLEY AV","N AKERS ST",0.00,,Y,A,-,N,,,,,,,,,,Y,3,0,1,2,A,-,12,21453,A,N,D,C,A,A,H,-,A,A,0,,,,,Y,,D,22,0,1,0,0,0,0,0,0,0,"- ","- ",36.334491729736328,-119.34976959228516,TULARE,VISALIA,-119.34986114501953,36.334495544433594
93158586,2024,2024-08-01,9481,2024-07-25,1620,019149,,4,2,9,5400,0,1,3,,1,053,"STATE ROUTE 190","WISHON DRIVE",5808.00,E,N,A,-,Y,TUL,,190," "," ",41.283,H,,R,Y,4,0,2,2,A,-,12,21453,A,N,A,C,A,A,D,E,A,A,0,,,,,Y,,A,01,0,0,2,0,0,0,0,0,0,"- ","- ",36.159351348876953,-118.69500732421875,TULARE,UNINCORPORATED,-118.69499969482422,36.159343719482422
9316010,2021,2021-09-10,5407,2021-07-03,1222,C57,480,6,5,5,5407,0,0,0,,0,033,"E TULARE AV","S BEN MADDOX WY",21.00,W,N,A,-,N,,,,,,,,,,N,3,0,2,2,A,-,12,21453,A,N,C,C,A,A,H,-,A,A,0,,,,,Y,,A,01,0,1,1,0,0,0,0,0,0,"- ","- ",36.320121765136719,-119.27655792236328,TULARE,VISALIA,-119.27671051025391,36.320121765136719
9316014,2021,2021-09-10,5407,2021-07-16,2302,A331,480,5,5,5,5407,0,0,0,,0,P33,"E TULARE AV","S BURKE ST",0.00,,Y,A,-,N,,,,,,,,,,Y,4,0,1,2,A,-,12,22450,A,N,D,C,A,A,H,-,D,A,0,,,,,Y,,A,01,0,0,1,0,0,0,0,0,0,"- ","- ",36.320140838623047,-119.28304290771484,TULARE,VISALIA,-119.28307342529297,36.320148468017578
9316019,2021,2021-09-10,5407,2021-07-29,0128,A330,480,4,5,5,5407,0,0,0,,0,,"E CALDWELL AV","LOVERS LN",5.00,W,N,A,-,N,,,,,,,,,,Y,4,0,1,2,A,-,01,23152,A,N,C,C,A,A,H,-,C,A,0,,,,,Y,Y,A,01,0,0,1,0,0,0,0,0,0,"- ","- ",36.298591613769531,-119.26077270507812,TULARE,VISALIA,-119.26081848144531,36.298240661621094
9316108,2021,2021-09-22,5407,2021-08-12,2034,A306,480,4,5,5,5407,0,0,0,,0,012,"MOONEY BL","ORCHARD AV",3.00,N,N,A,-,N,,,,,,,,,,N,4,0,1,2,A,-,03,22350,,N,C,C,A,A,H,-,C,A,0,,,,,Y,,-,,0,0,1,0,0,0,0,0,0,"- ","- ",,,TULARE,VISALIA,-119.31376647949219,36.300277709960938
9316109,2021,2021-09-18,5407,2021-08-06,2118,A346,480,5,5,5,5407,0,0,0,,0,011,"AKERS ST","BUENA VISTA AV",322.00,S,N,A,-,N,,,,,,,,,,Y,3,0,1,1,A,-,03,22350,,N,E,I,A,A,H,-,C,A,0,,,,,Y,,A,01,0,1,0,0,0,0,0,0,0,"- ","- ",36.341808319091797,-119.34986114501953,TULARE,VISALIA,-119.35006713867188,36.346057891845703
9316320,2021,2021-09-22,5405,2021-08-26,1557,241,SEC4,4,5,4,5405,0,0,0,,0,,"NORTH CARMELITA ST","WEST PUTNAM AV",0.00,,Y,A,-,N,,,,,,,,,,N,3,0,1,2,A,-,09,21804,A,F,D,G,A,A,H,-,A,A,0,,Y,,,Y,,A,01,0,1,0,0,0,0,1,0,0,"- ","- ",36.069591522216797,-119.02889251708984,TULARE,PORTERVILLE,-119.02895355224609,36.069587707519531
93167703,2023,2024-08-01,9480,2023-12-03,1817,018521,,7,2,9,5400,0,3,5,,2,001,"ROAD 56","AVENUE 430",370.00,N,N,A,-,N,,,,,,,,,,Y,1,2,3,2,A,-,01,23152,A,N,A,C,A,A,H,-,D,D,0,,,,,Y,Y,D,22,1,0,2,0,0,0,0,0,0,"- ","- ",36.572780609130859,-119.44879150390625,TULARE,UNINCORPORATED,-119.44880676269531,36.572734832763672
9318281,2021,2021-11-10,5405,2021-09-03,1929,172,SEC4,5,5,4,5405,0,0,0,,0,004,"UNION AV","WESTERN ST",246.00,E,N,A,-,N,,,,,,,,,,Y,3,0,1,1,A,-,01,23152,A,N,E,I,A,A,H,-,A,A,0,,,,,Y,Y,A,01,0,1,0,0,0,0,0,0,0,"- ","- ",36.060451507568359,-119.02620697021484,TULARE,PORTERVILLE,-119.02751922607422,36.060459136962891
9318326,2021,2021-09-27,5405,2021-08-23,1543,259,SEC3,1,5,4,5405,0,0,0,,0,,"OLIVE AV","F ST",8.00,W,N,A,-,N,,,,,,,,,,N,4,0,1,2,A,-,03,22350,,N,C,C,A,A,H,-,A,D,0,,,,,Y,,A,01,0,0,1,0,0,0,0,0,0,"- ","- ",36.065231323242188,-119.02134704589844,TULARE,PORTERVILLE,-119.02137756347656,36.065170288085938
9318507,2021,2021-09-11,5402,2021-01-01,0145,812,,5,5,2,5402,0,0,0,,0,12E,"S ORANGE ST","W CHESTNUT ST",0.00,,Y,A,-,N,,,,,,,,,,N,3,0,1,2,A,-,03,22350,,F,E,B,F,A,H,-,C,D,0,Y,,,,Y,,-,,0,1,0,0,1,0,0,0,0,"- ","- ",,,TULARE,EXETER,-119.14781188964844,36.291942596435547
9319609,2021,2021-10-01,5405,2021-08-17,1510,259,SEC3,2,5,4,5405,0,0,0,,0,,"MAIN ST","GIBBONS AV",0.00,,Y,A,-,N,,,,,,,,,,Y,4,0,1,3,A,-,09,21802,A,N,D,C,A,A,H,-,A,A,0,,,,,Y,,A,01,0,0,1,0,0,0,0,0,0,"- ","- ",36.040618896484375,-119.01792907714844,TULARE,PORTERVILLE,-119.01757049560547,36.040382385253906