CASE_ID,ACCIDENT_YEAR,PROC_DATE,JURIS,COLLISION_DATE,COLLISION_TIME,OFFICER_ID,REPORTING_DISTRICT,DAY_OF_WEEK,CHP_SHIFT,POPULATION,CNTY_CITY_LOC,SPECIAL_COND,BEAT_TYPE,CHP_BEAT_TYPE,CITY_DIVISION_LAPD,CHP_BEAT_CLASS,BEAT_NUMBER,PRIMARY_RD,SECONDARY_RD,DISTANCE,DIRECTION,INTERSECTION,WEATHER_1,WEATHER_2,STATE_HWY_IND,CALTRANS_COUNTY,CALTRANS_DISTRICT,STATE_ROUTE,ROUTE_SUFFIX,POSTMILE_PREFIX,POSTMILE,LOCATION_TYPE,RAMP_INTERSECTION,SIDE_OF_HWY,TOW_AWAY,COLLISION_SEVERITY,NUMBER_KILLED,NUMBER_INJURED,PARTY_COUNT,PRIMARY_COLL_FACTOR,PCF_CODE_OF_VIOL,PCF_VIOL_CATEGORY,PCF_VIOLATION,PCF_VIOL_SUBSECTION,HIT_AND_RUN,TYPE_OF_COLLISION,MVIW,PED_ACTION,ROAD_SURFACE,ROAD_COND_1,ROAD_COND_2,LIGHTING,CONTROL_DEVICE,CHP_ROAD_TYPE,PEDESTRIAN_ACCIDENT,BICYCLE_ACCIDENT,MOTORCYCLE_ACCIDENT,TRUCK_ACCIDENT,NOT_PRIVATE_PROPERTY,ALCOHOL_INVOLVED,STWD_VEHTYPE_AT_FAULT,CHP_VEHTYPE_AT_FAULT,COUNT_SEVERE_INJ,COUNT_VISIBLE_INJ,COUNT_COMPLAINT_PAIN,COUNT_PED_KILLED,COUNT_PED_INJURED,COUNT_BICYCLIST_KILLED,COUNT_BICYCLIST_INJURED,COUNT_MC_KILLED,COUNT_MC_INJURED,PRIMARY_RAMP,SECONDARY_RAMP,LATITUDE,LONGITUDE,COUNTY,CITY,POINT_X,POINT_Y
94611851,2025,2025-03-20,9480,2025-01-10,1800,020612,,5,2,9,5400,0,3,5,,2,006,"AVENUE 280","ROAD 156",0.00,,Y,A,-,N,,,,,,,,,,N,4,0,1,2,A,-,03,22350,,N,C,C,A,A,H,-,C,A,0,,,,,Y,,A,07,0,0,1,0,0,0,0,0,0,"- ","- ",36.297859191894531,-119.22469329833984,TULARE,UNINCORPORATED,-119.22489166259766,36.297874450683594
94612171,2025,2025-03-20,9480,2025-03-17,1141,016233,,1,1,9,5400,0,1,3,,1,063,"SR-63 S/B","AVE. 261",400.00,N,N,B,C,Y,TUL,,63," "," ",3.750,H,,L,N,4,0,1,2,A,-,03,22350,,N,C,C,A,B,H,-,A,D,0,,,,,Y,,A,07,0,0,1,0,0,0,0,0,0,"- ","- ",36.265708923339844,-119.31331634521484,TULARE,UNINCORPORATED,-119.31336212158203,36.265708923339844
94612220,2025,2025-03-20,9481,2025-03-20,"940 ",018595,,4,1,9,5400,0,1,3,,1,053,"STATE ROUTE 190","GLOBE DRIVE",285.00,E,N,A,-,Y,TUL,,190," "," ",28.566,H,,R,Y,3,0,1,2,A,-,08,22107,,N,D,C,A,A,H,-,A,D,0,,,,,Y,,D,22,0,1,0,0,0,0,0,0,0,"- ","- ",36.100639343261719,-118.83647155761719,TULARE,UNINCORPORATED,-118.83647155761719,36.100608825683594
94613048,2025,2025-03-21,9480,2025-01-10,1917,021682,,5,2,9,5400,0,1,3,,2,095,"STATE ROUTE 99 NORTHBOUND","AVENUE 24",2482.00,S,N,A,-,Y,TUL,,99," "," ",2.596,H,,R,N,1,1,0,2,A,-,11,21956,A,N,G,B,E,A,H,-,D,D,0,Y,,,Y,Y,Y,N,60,0,0,0,1,0,0,0,0,0,"- ","- ",35.827159881591797,-119.2587890625,TULARE,UNINCORPORATED,-119.25876617431641,35.827163696289062
94613057,2025,2025-03-21,9480,2025-03-17,1140,016233,,1,1,9,5400,0,1,3,,1,063,SR-63,"AVE 261",400.00,N,N,B,C,Y,TUL,,63," "," ",3.757,H,,R,N,3,0,1,2,A,-,03,22350,,N,C,C,F,B,H,-,A,D,0,Y,,,Y,Y,,-,"- ",0,1,0,0,1,0,0,0,0,"- ","- ",36.265800476074219,-119.31336975097656,TULARE,UNINCORPORATED,-119.31320190429688,36.265800476074219
94613642,2025,2025-03-24,9480,2025-03-17,1100,019048,,1,1,9,5400,0,1,3,,2,091,"SR-99 N/B","BETTY DR",200.00,N,N,B,C,Y,TUL,,99," "," ",40.855,H,,R,Y,4,0,1,1,A,-,03,22350,,N,E,I,A,B,H,-,A,D,0,,,,,Y,,A,01,0,0,1,0,0,0,0,0,0,"- ","- ",36.351428985595703,-119.42726898193359,TULARE,UNINCORPORATED,-119.42719268798828,36.351451873779297
94613729,2025,2025-03-24,9481,2025-03-15,"120 ",021983,,6,3,9,5400,0,1,3,,1,012,"STATE ROUTE 65 N/B","DRIVE 216",1700.00,N,N,B,C,Y,TUL,,65," "," ",28.347,H,,R,Y,2,0,3,1,A,-,01,23152,A,N,E,8,A,B,H,-,D,D,0,,,,,Y,Y,A,01,1,2,0,0,0,0,0,0,0,"- ","- ",36.188640594482422,-119.09471893310547,TULARE,UNINCORPORATED,-119.09476470947266,36.188621520996094
9462406,2022,2022-07-21,5406,2022-06-04,0834,49,,6,5,4,5406,0,0,0,,0,0SE,LASPINA,WALNUT,27.00,N,N,A,-,N,,,,,,,,,,N,4,0,1,2,B,-,22,,,M,G,G,A,A,H,-,A,D,0,,Y,,,Y,,-,,0,0,1,0,0,0,1,0,0,"- ","- ",,,TULARE,TULARE,-119.32282257080078,36.192886352539062
94625683,2025,2025-03-25,9480,2025-03-03,1900,019186,,1,2,9,5400,0,1,3,,1,021,SR-63,"AVENUE 328",630.00,S,N,A,-,Y,TUL,,63," "," ",12.010,H,,R,N,4,0,1,2,A,-,08,22107,,F,C,G,A,A,H,-,D,D,0,,Y,,,Y,,-,99,0,0,1,0,0,0,1,0,0,"- ","- ",36.383800506591797,-119.29673767089844,TULARE,UNINCORPORATED,-119.29684448242188,36.383800506591797
94627015,2025,2025-03-26,9480,2025-03-24,"900 ",016233,,1,1,9,5400,0,1,3,,1,065,"RT 65","AVE 295",1959.00,S,N,A,-,Y,TUL,,65," "," ",39.103,H,,R,Y,4,0,4,2,A,-,03,22350,,N,C,C,A,A,H,-,A,D,0,,,,,Y,,A,01,0,0,4,0,0,0,0,0,0,"- ","- ",36.319320678710938,-119.13504028320312,TULARE,UNINCORPORATED,-119.13507080078125,36.319320678710938
94628601,2025,2025-03-27,9480,2025-03-17,1425,018861,,1,2,9,5400,0,1,3,,2,093,"SR-99 S/B","SR-198 E/B",6230.00,S,N,B,C,Y,TUL,,99," ",R,38.365,H,,L,N,3,0,1,2,A,-,08,22107,,N,D,C,A,B,H,-,A,D,0,,,,,Y,,A,01,0,1,0,0,0,0,0,0,0,"- ","- ",36.321720123291016,-119.40274810791016,TULARE,UNINCORPORATED,-119.40273284912109,36.321735382080078
94632615,2025,2025-04-01,9481,2025-03-24,1730,019578,,1,2,9,5400,0,3,5,,2,020,"ROAD 232","AVENUE 194",195.00,N,N,A,-,N,,,,,,,,,,Y,3,0,2,1,A,-,01,23152,A,N,E,8,A,A,H,-,A,D,0,,,,,Y,Y,A,01,0,2,0,0,0,0,0,0,0,"- ","- ",36.142490386962891,-119.05375671386719,TULARE,UNINCORPORATED,-119.05377197265625,36.142433166503906
94634046,2025,2025-04-08,9480,2025-03-23,2050,022131,,7,2,9,5400,0,3,5,,2,001,"AVENUE 400","ROAD 33",0.00,,Y,A,-,N,,,,,,,,,,Y,4,0,2,2,A,-,09,21802,A,N,D,C,A,A,H,-,C,A,0,,,,,Y,,A,01,0,0,2,0,0,0,0,0,0,"- ","- ",36.517780303955078,-119.50042724609375,TULARE,UNINCORPORATED,-119.50039672851562,36.517795562744141
94636019,2025,2025-04-03,9480,2025-03-27,1650,016723,,4,2,9,5400,0,3,5,,2,002,"ROAD 124","AMETHYST AVENUE",250.00,S,N,A,-,N,,,,,,,,,,Y,4,0,1,2,A,-,01,23152,A,N,D,C,A,A,H,-,A,D,0,,,,,Y,Y,D,23,0,0,1,0,0,0,0,0,0,"- ","- ",36.527351379394531,-119.29575347900391,TULARE,UNINCORPORATED,-119.29578399658203,36.52734375
94639415,2025,2025-04-07,9481,2025-03-27,"134 ",022423,,4,3,4,5405,0,1,3,,1,037,"STATE ROUTE 65 N/B","OLIVE AVENUE",2323.00,S,N,A,-,Y,TUL,,65," "," ",18.711,H,,R,Y,2,0,1,1,A,-,01,23152,A,N,B,8,A,A,H,-,D,D,0,,,,,Y,Y,A,01,1,0,0,0,0,0,0,0,0,"- ","- ",36.05950927734375,-119.03920745849609,TULARE,PORTERVILLE,-119.03924560546875,36.05950927734375
94639673,2025,2025-04-07,9480,2025-03-28,"945 ",019349,,5,1,9,5400,0,3,5,,2,001,"STATE ROUTE 201 (AVENUE 400)","ROAD 74",0.00,,Y,A,-,Y,TUL,,201," "," ",7.189,H,,R,Y,4,0,2,2,A,-,12,22450,A,N,D,C,A,A,H,-,A,A,0,,,,,Y,,A,07,0,0,2,0,0,0,0,0,0,"- ","- ",36.517078399658203,-119.40837860107422,TULARE,UNINCORPORATED,-119.40837860107422,36.517055511474609
94640021,2025,2025-04-07,9480,2025-03-31,"449 ",021044,,1,3,9,5400,0,3,5,,2,002,"ROAD 100","AVENUE 320",0.00,,Y,A,-,N,,,,,,,,,,N,3,0,1,1,A,-,03,22350,,N,E,8,A,A,H,-,D,A,0,,,,,Y,,J,48,0,1,0,0,0,0,0,0,0,"- ","- ",36.370948791503906,-119.35005950927734,TULARE,UNINCORPORATED,-119.35002899169922,36.370998382568359
94641505,2025,2025-04-08,9480,2025-04-03,1850,022173,,4,2,9,5400,0,1,3,,1,064,"SR-198 E/B FROM FARMERSVILLE BLVD","FARMERSVILLE BLVD",100.00,E,N,A,-,Y,,,,,,,,,,N,4,0,1,2,A,-,21,22106,,N,B,C,A,A,H,-,A,D,0,,,,,Y,,D,22,0,0,1,0,0,0,0,0,0,"- ","- ",36.325981140136719,-119.20916748046875,TULARE,UNINCORPORATED,-119.20836639404297,36.326679229736328
94642001,2025,2025-04-08,9480,2025-04-06,1120,017311,,7,1,9,5400,0,3,5,,2,004,"DRY CREEK DRIVE","LOMITAS DRIVE",1584.00,N,N,A,-,N,,,,,,,,,,Y,3,0,1,1,A,-,03,22350,,N,F,A,A,A,G,-,A,D,0,,,Y,,Y,,C,02,0,1,0,0,0,0,0,0,1,"- ","- ",36.404838562011719,-119.02751922607422,TULARE,UNINCORPORATED,-119.02774810791016,36.404548645019531
94642104,2025,2025-04-08,9481,2025-04-08,"610 ",016776,,2,1,9,5400,0,1,3,,1,012,"STATE ROUTE 65","STATE ROUTE 137",0.00,,Y,A,-,Y,TUL,,65," "," ",31.546,H,,R,Y,4,0,1,2,A,-,12,21453,A,N,D,2,A,A,H,-,A,A,0,,,,,Y,,D,22,0,0,1,0,0,0,0,0,0,"- ","- ",36.210788726806641,-119.13620758056641,TULARE,UNINCORPORATED,-119.13619995117188,36.210819244384766
94644341,2025,2025-04-10,9480,2025-04-05,1430,021547,,6,2,9,5400,0,3,5,,2,005,"ROAD 136","BOBBIE AVE",2640.00,N,N,A,-,N,,,,,,,,,,Y,2,0,1,1,A,-,03,22350,,N,F,A,A,A,H,-,A,D,0,,,Y,,Y,,C,02,1,0,0,0,0,0,0,0,1,"- ","- ",35.897830963134766,-119.26820373535156,TULARE,UNINCORPORATED,-119.26811981201172,35.90234375
94645233,2025,2025-04-10,9480,2025-04-03,1418,016723,,4,2,9,5400,0,1,3,,1,021,"STATE ROUTE 63","AVENUE 368",0.00,,Y,A,-,Y,TUL,,63," "," ",17.109,H,,R,Y,2,0,3,2,A,-,09,21802,A,N,D,C,A,A,H,-,A,A,0,,,,,Y,,A,01,1,0,2,0,0,0,0,0,0,"- ","- ",36.457729339599609,-119.29543304443359,TULARE,UNINCORPORATED,-119.29544830322266,36.457729339599609
94647957,2025,2025-04-14,9480,2025-03-31,"947 ",018861,,1,1,9,5400,0,3,5,,2,003,"AVENUE 144","BURNETT DRIVE",0.00,,Y,B,-,N,,,,,,,,,,N,4,0,1,2,A,-,12,22450,A,N,D,C,A,A,H,-,A,A,0,,,,Y,Y,,A,07,0,0,1,0,0,0,0,0,0,"- ","- ",36.051231384277344,-119.31266021728516,TULARE,UNINCORPORATED,-119.31268310546875,36.051273345947266
94648275,2025,2025-04-14,9480,2025-03-29,"725 ",022387,,6,1,9,5400,0,1,3,,2,095,"SR-99 N/B","AVE 24",3168.00,S,N,A,-,Y,TUL,,99," "," ",2.489,H,,R,N,4,0,1,2,D,-,00,,,N,B,C,A,A,H,-,A,D,0,,,,Y,Y,,-,"- ",0,0,1,0,0,0,0,0,0,"- ","- ",35.825618743896484,-119.25852966308594,TULARE,UNINCORPORATED,-119.25852203369141,35.825618743896484
94650149,2025,2025-04-15,9480,2025-04-10,2110,022387,,4,2,9,5400,0,1,3,,2,095,"SR-99 S/B TO SIERRA AVE","SIERRA AVE",0.00,,Y,A,-,N,,,,,,,,,,N,4,0,2,2,A,-,09,21802,A,N,D,2,A,A,H,-,C,A,0,,,,,Y,,A,07,0,0,2,0,0,0,0,0,0,"- ","- ",35.891918182373047,-119.27456665039062,TULARE,UNINCORPORATED,-119.27415466308594,35.891891479492188
94650206,2025,2025-04-15,9480,2025-04-11,1055,017108,,5,1,9,5400,0,3,5,,2,004,"AVENUE 296","FARMERSVILLE BOULEVARD",0.00,,Y,A,-,N,,,,,,,,,,Y,4,0,1,2,A,-,09,21802,A,N,D,C,A,A,H,-,A,A,0,,,,,Y,,A,01,0,0,1,0,0,0,0,0,0,"- ","- ",36.328029632568359,-119.20919036865234,TULARE,UNINCORPORATED,-119.20919799804688,36.328060150146484
94655369,2025,2025-04-18,9480,2025-04-17,1508,019932,,4,2,9,5400,0,1,3,,2,095,"SR-99 S/B","AVE 56",100.00,S,N,B,-,Y,TUL,,99," "," ",7.110,H,,L,Y,3,0,1,2,A,-,07,21658,A,F,B,2,A,A,H,-,A,A,0,,,,,Y,,-,99,0,1,0,0,0,0,0,0,0,"- ","- ",35.891128540039062,-119.27381896972656,TULARE,UNINCORPORATED,-119.27381134033203,35.891132354736328
94656495,2025,2025-04-21,9480,2025-04-13,2000,021628,,7,2,9,5400,0,1,3,,1,063,"AVENUE 264","STATE ROUTE 63",15.00,W,N,A,-,Y,TUL,,63," "," ",4.015,H,,L,Y,4,0,1,2,A,-,09,21801,A,M,E,I,A,A,H,-,C,A,0,,,,,Y,,-,99,0,0,1,0,0,0,0,0,0,"- ","- ",36.269508361816406,-119.3134765625,TULARE,UNINCORPORATED,-119.31339263916016,36.269512176513672
94658293,2025,2025-04-22,9481,2025-04-09,1943,021948,,3,2,9,5400,0,3,5,,2,030,"ROAD 190","AVENUE 147",220.00,N,N,A,-,N,,,,,,,,,,Y,4,0,1,2,A,-,08,22107,,M,A,C,A,A,H,-,B,D,0,,,,,Y,,A,01,0,0,1,0,0,0,0,0,0,"- ","- ",36.057109832763672,-119.14794158935547,TULARE,UNINCORPORATED,-119.14790344238281,36.057064056396484
94658330,2025,2025-04-22,9481,2025-04-13,1335,019162,,7,1,9,5400,0,1,3,,1,053,"STATE ROUTE 190","GLOBE DRIVE",2112.00,E,N,A,-,Y,TUL,,190," "," ",29.093,H,,R,N,4,0,4,2,A,-,09,21801,A,N,B,C,A,A,H,-,A,D,0,,,,,Y,,A,01,0,0,4,0,0,0,0,0,0,"- ","- ",36.101200103759766,-118.82711029052734,TULARE,UNINCORPORATED,-118.82711029052734,36.101234436035156
94658409,2025,2025-04-22,9481,2025-04-13,1330,019149,,7,1,9,5400,0,3,5,,2,030,"HOT SPRINGS ROAD","OLD STAGE ROAD",6336.00,E,N,A,-,N,,,,,,,,,,Y,4,0,1,1,A,-,08,22107,,N,E,8,A,A,H,-,A,D,0,,,,,Y,,A,01,0,0,1,0,0,0,0,0,0,"- ","- ",35.891590118408203,-118.89778900146484,TULARE,UNINCORPORATED,-118.89801788330078,35.89154052734375
9465996,2022,2022-12-16,5407,2022-11-04,1642,12478,480,5,5,5,5407,0,0,0,,0,025,"N DEMAREE ST","BUENA VISTA",0.00,,Y,A,-,N,,,,,,,,,,Y,4,0,1,2,A,-,08,22107,,N,D,C,A,A,H,-,A,A,0,,,,,Y,Y,A,01,0,0,1,0,0,0,0,0,0,"- ","- ",36.346668243408203,-119.33191680908203,TULARE,VISALIA,-119.3316650390625,36.345504760742188
94660725,2025,2025-04-24,9480,2025-04-08,1745,019186,,2,2,9,5400,0,1,3,,1,021,SR-63,"BERMUDA AVENUE",140.00,N,N,A,-,Y,TUL,,63," "," ",11.340,H,,R,N,4,0,4,2,A,-,00,22017,,N,C,E,A,A,H,-,A,D,0,,,,,Y,,A,07,0,0,4,0,0,0,0,0,0,"- ","- ",36.374141693115234,-119.29698944091797,TULARE,UNINCORPORATED,-119.29693603515625,36.374137878417969
94664637,2025,2025-04-25,9480,2025-04-24,"759 ",018204,,4,1,5,5407,0,1,3,,1,064,"RT 198","MOONEY BLVD",450.00,W,N,A,-,Y,TUL,,198," ",R,8.654,H,,R,Y,4,0,1,2,A,-,03,22350,,N,C,C,A,A,H,-,A,D,0,,,,,Y,,A,01,0,0,1,0,0,0,0,0,0,"- ","- ",36.326999664306641,-119.31584930419922,TULARE,VISALIA,-119.31585693359375,36.326961517333984
94666834,2025,2025-04-28,9480,2025-04-21,1230,019048,,1,1,3,5401,0,3,5,,2,001,"AVENUE 416","ROAD 56",0.00,,Y,A,-,N,,,,,,,,,,Y,4,0,1,2,A,-,12,21453,A,M,B,C,A,A,H,-,A,A,0,,,,Y,Y,,G,25,0,0,1,0,0,0,0,0,0,"- ","- ",36.546390533447266,-119.44853210449219,TULARE,DINUBA,,
94666941,2025,2025-04-28,9480,2025-04-20,2055,022173,,7,2,9,5400,0,3,5,,2,006,"ROAD 156","AVENUE 288",1000.00,N,N,A,-,N,,,,,,,,,,N,3,0,1,2,A,-,08,22107,,F,C,C,A,A,H,-,D,D,0,,,,,Y,,-,99,0,1,0,0,0,0,0,0,0,"- ","- ",36.313819885253906,-119.22467041015625,TULARE,UNINCORPORATED,-119.22467803955078,36.315193176269531
94669163,2025,2025-04-29,9480,2025-04-26,"840 ",021547,,6,1,9,5400,0,1,3,,2,095,"SR-99 SB","AVE 24",2640.00,N,N,B,C,Y,TUL,,99," "," ",4.357,H,,L,Y,4,0,1,1,A,-,08,22107,,N,F,A,A,B,H,-,A,D,0,,,,,Y,,D,22,0,0,1,0,0,0,0,0,0,"- ","- ",35.851779937744141,-119.26648712158203,TULARE,UNINCORPORATED,-119.26681518554688,35.851730346679688
94670913,2025,2025-04-30,9481,2025-04-22,"550 ",018029,,2,3,9,5400,0,1,3,,1,032,"STATE ROUTE 190 (AVENUE 144)","ROAD 160",2400.00,W,N,A,-,Y,TUL,,190," "," ",4.993,H,,R,Y,4,0,1,2,A,-,03,22350,,N,C,C,A,A,H,-,B,D,0,,,,,Y,,A,01,0,0,1,0,0,0,0,0,0,"- ","- ",36.051410675048828,-119.22264862060547,TULARE,UNINCORPORATED,-119.22264862060547,36.051342010498047
94670918,2025,2025-04-30,9480,2025-04-29,1823,017452,,2,2,9,5400,0,3,5,,2,002,"ROAD 112","AVENUE 340",465.00,N,N,A,-,N,,,,,,,,,,Y,3,0,4,2,A,-,03,22350,,N,C,C,A,A,H,-,A,D,0,,,,,Y,,D,22,0,4,0,0,0,0,0,0,0,"- ","- ",36.408481597900391,-119.32306671142578,TULARE,UNINCORPORATED,-119.32308197021484,36.408424377441406
94675885,2025,2025-05-05,9480,2025-04-26,1320,016995,,6,1,9,5400,0,1,3,,1,045,"STATE ROUTE 245","ROAD 212",0.00,,Y,B,C,Y,TUL,,245," "," ",3.268,H,,R,Y,4,0,3,2,A,-,03,22350,,N,A,C,A,B,H,-,A,D,0,,,,,Y,,D,22,0,0,3,0,0,0,0,0,0,"- ","- ",36.35858154296875,-119.09854125976562,TULARE,UNINCORPORATED,-119.0985107421875,36.358570098876953
94677044,2025,2025-05-06,9480,2025-04-28,1900,019828,,1,2,9,5400,0,3,5,,2,006,"RD. 100","AVE. 264",0.00,,Y,A,-,N,,,,,,,,,,N,4,0,1,2,A,-,09,21800,A,N,D,C,A,A,H,-,A,A,0,,,,,Y,,A,07,0,0,1,0,0,0,0,0,0,"- ","- ",36.269149780273438,-119.3492431640625,TULARE,UNINCORPORATED,-119.34925079345703,36.269153594970703
94677324,2025,2025-05-06,9480,2025-04-30,1710,016233,,3,2,9,5400,0,1,3,,1,065,"SR-65 (RD 196)","MYER AVE (AVE 268)",0.00,,Y,A,-,Y,TUL,,65," "," ",36.081,H,,R,N,4,0,2,2,A,-,04,21703,,N,C,C,A,A,H,-,A,D,0,,,,Y,Y,,G,25,0,0,2,0,0,0,0,0,0,"- ","- ",36.275310516357422,-119.13623046875,TULARE,UNINCORPORATED,-119.13623046875,36.275310516357422
94677568,2025,2025-05-06,9480,2025-04-28,1538,018861,,1,2,9,5400,0,3,5,,2,002,"NANCY ROAD","CANNON AVENUE",192.00,S,N,A,-,N,,,,,,,,,,N,3,0,3,2,A,-,08,22107,,N,D,C,A,A,H,-,A,D,0,,,,,Y,,A,07,0,2,1,0,0,0,0,0,0,"- ","- ",36.521499633789062,-119.28034210205078,TULARE,UNINCORPORATED,-119.28028869628906,36.521484375
94680410,2025,2025-05-08,9481,2025-04-29,2220,021234,,2,3,9,5400,0,3,5,,2,050,"SUCCESS DRIVE","RUTH AVENUE",712.00,W,N,A,-,N,,,,,,,,,,N,4,0,1,2,A,-,11,21954,A,N,G,B,D,A,H,-,D,D,0,Y,,,,Y,,N,60,0,0,1,0,1,0,0,0,0,"- ","- ",36.058578491210938,-118.99564361572266,TULARE,UNINCORPORATED,-118.99329376220703,36.057907104492188
94680593,2025,2025-05-08,9480,2025-05-02,"940 ",021299,,5,1,9,5400,0,3,5,,2,003,"WADE AVE","PRATT ST",50.00,E,N,A,-,N,,,,,,,,,,Y,4,0,1,2,A,-,03,22350,,N,A,C,A,A,H,-,A,A,0,,,,,Y,,A,07,0,0,1,0,0,0,0,0,0,"- ","- ",36.173900604248047,-119.35749053955078,TULARE,UNINCORPORATED,-119.35751342773438,36.173900604248047
94681737,2025,2025-05-09,9480,2025-05-02,1816,021682,,5,2,9,5400,0,3,5,,2,004,"PALM DRIVE","POWELL DRIVE",400.00,N,N,A,-,N,,,,,,,,,,Y,4,0,1,1,A,-,01,23152,F,N,E,I,A,A,H,-,A,D,0,,,,,Y,,D,22,0,0,1,0,0,0,0,0,0,"- ","- ",36.335201263427734,-119.04013061523438,TULARE,UNINCORPORATED,-119.04010772705078,36.335136413574219
94683551,2025,2025-05-12,9481,2025-05-01,2015,022338,,4,2,9,5400,0,2,4,,1,035,"COUNTY LINE ROAD","ROAD 192",0.00,,Y,A,-,N,,,,,,,,,,Y,4,0,2,3,A,-,09,21801,A,N,D,C,A,A,H,-,C,D,0,,,,,Y,,D,22,0,0,2,0,0,0,0,0,0,"- ","- ",35.790699005126953,-119.14308166503906,TULARE,UNINCORPORATED,,
94684309,2025,2025-05-12,9480,2025-05-04,1215,016995,,7,1,9,5400,0,1,3,,1,060,"STATE ROUTE 137","ROAD 152",0.00,,Y,A,-,Y,TUL,,137," "," ",21.955,H,,R,Y,2,0,6,2,A,-,09,21801,A,N,D,C,A,A,H,-,A,A,0,,,,,Y,,A,01,3,1,2,0,0,0,0,0,0,"- ","- ",36.210880279541016,-119.2335205078125,TULARE,UNINCORPORATED,-119.2335205078125,36.210826873779297
94684451,2025,2025-05-12,9481,2025-05-02,1811,022338,,5,2,4,5405,0,2,4,,1,031,"AVENUE 152","REDWOOD ROAD",194.00,W,N,A,-,N,,,,,,,,,,Y,4,0,1,1,A,-,03,22350,,N,E,I,A,A,H,-,A,D,0,,,,,Y,,A,01,0,0,1,0,0,0,0,0,0,"- ","- ",36.065818786621094,-119.07750701904297,TULARE,PORTERVILLE,-119.07991790771484,36.065811157226562
94685102,2025,2025-05-13,9480,2025-04-10,1145,016233,,4,1,9,5400,0,3,5,,2,006,"SPACER DRIVE","AVENUE 200",3168.00,S,N,A,-,N,,,,,,,,,,Y,1,1,0,1,A,-,08,22107,,N,F,A,A,A,H,-,A,D,0,,,,,Y,,D,22,0,0,0,0,0,0,0,0,0,"- ","- ",36.146438598632812,-119.27825927734375,TULARE,UNINCORPORATED,-119.27877807617188,36.146663665771484
94685737,2025,2025-05-13,9480,2025-05-08,1359,019932,,4,1,9,5400,0,3,5,,2,005,"AVENUE 96 (TERRA BELLA AVE)","AIRPORT ST",1500.00,W,N,A,-,N,,,,,,,,,,Y,3,0,1,1,D,-,00,,,N,E,I,A,A,H,-,A,D,0,,,,,Y,,-,"- ",0,1,0,0,0,0,0,0,0,"- ","- ",35.964260101318359,-119.30776214599609,TULARE,UNINCORPORATED,,
94687188,2025,2025-05-14,9480,2025-05-09,1515,016723,,5,2,9,5400,0,1,3,,1,021,"STATE ROUTE 63","AVENUE 413",177.00,N,N,A,-,Y,TUL,,63," "," ",23.233,H,,R,Y,4,0,1,2,A,-,09,21804,A,N,A,C,A,A,H,-,A,D,0,,,,,Y,,A,01,0,0,1,0,0,0,0,0,0,"- ","- ",36.539920806884766,-119.28684234619141,TULARE,UNINCORPORATED,-119.286865234375,36.539920806884766
94687268,2025,2025-05-14,9480,2025-05-10,2215,022819,,6,3,9,5400,0,3,5,,2,005,"AVENUE 54","ROAD 34",459.00,E,N,A,-,N,,,,,,,,,,Y,3,0,1,1,A,-,08,22107,,M,E,8,A,A,H,-,D,D,0,,,,,Y,,D,22,0,1,0,0,0,0,0,0,0,"- ","- ",35.887718200683594,-119.49459075927734,TULARE,UNINCORPORATED,-119.49472808837891,35.887683868408203
94687305,2025,2025-05-14,9480,2025-05-12,"8   ",021589,,1,3,9,5400,0,1,3,,1,064,SR-198,"RD 182",2006.00,E,N,A,-,Y,TUL,,198," ",R,17.392,H,,R,Y,4,0,2,2,A,-,08,22107,,N,C,C,A,A,H,-,D,D,0,,,,,Y,,A,01,0,0,2,0,0,0,0,0,0,"- ","- ",36.326358795166016,-119.15946960449219,TULARE,UNINCORPORATED,-119.15946960449219,36.326377868652344
94687682,2025,2025-05-14,9480,2025-05-13,1820,021971,,2,2,9,5400,0,3,5,,2,003,"TULARE AVE (RD 84)","ENTERPRISE ST",0.00,,Y,A,-,N,,,,,,,,,,Y,4,0,2,2,A,-,12,22450,A,N,D,C,A,A,H,-,A,D,0,,,,,Y,,A,07,0,0,2,0,0,0,0,0,0,"- ","- ",36.210731506347656,-119.38439178466797,TULARE,UNINCORPORATED,-119.38436889648438,36.210742950439453
94688662,2025,2025-05-15,9480,2025-05-04,"415 ",022728,,7,3,9,5400,0,1,3,,2,093,"STATE ROUTE 99 S/B","AVENUE 184",8290.00,S,N,C,-,Y,TUL,,99," "," ",21.910,H,,L,N,3,0,1,1,A,-,08,22107,,N,E,I,A,B,H,-,D,D,0,,,Y,,Y,,C,02,0,1,0,0,0,0,0,0,1,"- ","- ",36.100631713867188,-119.32273864746094,TULARE,UNINCORPORATED,-119.32286834716797,36.100624084472656