CASE_ID,ACCIDENT_YEAR,PROC_DATE,JURIS,COLLISION_DATE,COLLISION_TIME,OFFICER_ID,REPORTING_DISTRICT,DAY_OF_WEEK,CHP_SHIFT,POPULATION,CNTY_CITY_LOC,SPECIAL_COND,BEAT_TYPE,CHP_BEAT_TYPE,CITY_DIVISION_LAPD,CHP_BEAT_CLASS,BEAT_NUMBER,PRIMARY_RD,SECONDARY_RD,DISTANCE,DIRECTION,INTERSECTION,WEATHER_1,WEATHER_2,STATE_HWY_IND,CALTRANS_COUNTY,CALTRANS_DISTRICT,STATE_ROUTE,ROUTE_SUFFIX,POSTMILE_PREFIX,POSTMILE,LOCATION_TYPE,RAMP_INTERSECTION,SIDE_OF_HWY,TOW_AWAY,COLLISION_SEVERITY,NUMBER_KILLED,NUMBER_INJURED,PARTY_COUNT,PRIMARY_COLL_FACTOR,PCF_CODE_OF_VIOL,PCF_VIOL_CATEGORY,PCF_VIOLATION,PCF_VIOL_SUBSECTION,HIT_AND_RUN,TYPE_OF_COLLISION,MVIW,PED_ACTION,ROAD_SURFACE,ROAD_COND_1,ROAD_COND_2,LIGHTING,CONTROL_DEVICE,CHP_ROAD_TYPE,PEDESTRIAN_ACCIDENT,BICYCLE_ACCIDENT,MOTORCYCLE_ACCIDENT,TRUCK_ACCIDENT,NOT_PRIVATE_PROPERTY,ALCOHOL_INVOLVED,STWD_VEHTYPE_AT_FAULT,CHP_VEHTYPE_AT_FAULT,COUNT_SEVERE_INJ,COUNT_VISIBLE_INJ,COUNT_COMPLAINT_PAIN,COUNT_PED_KILLED,COUNT_PED_INJURED,COUNT_BICYCLIST_KILLED,COUNT_BICYCLIST_INJURED,COUNT_MC_KILLED,COUNT_MC_INJURED,PRIMARY_RAMP,SECONDARY_RAMP,LATITUDE,LONGITUDE,COUNTY,CITY,POINT_X,POINT_Y
9684202,2024,2024-05-10,5406,2024-03-29,1845,WJNGH,DIST3,5,5,4,5406,0,0,0,,0,,"S SPRUCE ST","WALNUT AVE",584.00,S,N,A,-,N,,,,,,,,,,Y,3,0,1,2,A,-,08,22103,,F,D,C,A,A,H,-,A,D,0,,,,,Y,Y,A,01,0,1,0,0,0,0,0,0,0,"- ","- ",,,TULARE,TULARE,-119.32726287841797,36.191436767578125
9685238,2024,2024-06-26,5405,2024-04-23,1032,296,SEC3,2,5,4,5405,0,0,0,,0,,"PLANO ST","CHASE AV",136.00,N,N,A,-,N,,,,,,,,,,N,3,0,2,2,A,-,09,21804,A,N,D,C,A,A,H,-,A,D,0,,,Y,,Y,,D,22,0,2,0,0,0,0,0,0,1,"- ","- ",36.054000854492188,-119.00800323486328,TULARE,PORTERVILLE,-119.00812530517578,36.054153442382812
9685240,2024,2024-06-26,5405,2024-04-22,1808,293,SEC4,1,5,4,5405,0,0,0,,0,,"OLIVE AV","WESTWOOD ST",0.00,,Y,A,-,N,,,,,,,,,,Y,3,0,2,2,A,-,01,23153,A,N,A,C,A,A,H,-,A,A,0,,,,,Y,Y,D,22,0,1,1,0,0,0,0,0,0,"- ","- ",36.064998626708984,-119.07080078125,TULARE,PORTERVILLE,-119.07086944580078,36.065799713134766
9685243,2024,2024-06-26,5405,2024-04-16,1211,236,SEC1,2,5,4,5405,0,0,0,,0,,"HENDERSON AV","RT 65",0.00,,Y,A,-,N,,,,,,,,,,Y,4,0,1,2,A,-,12,21453,A,N,D,C,A,A,H,-,A,A,0,,,,,Y,,D,22,0,0,1,0,0,0,0,0,0,"- ","- ",36.080398559570312,-119.03919982910156,TULARE,PORTERVILLE,-119.03912353515625,36.080532073974609
9685887,2024,2024-06-12,5407,2024-04-12,1731,12452,480,5,5,5,5407,0,0,0,,0,P33,"E TULARE AVE","S BURKE ST",60.00,W,N,A,-,N,,,,,,,,,,Y,3,0,1,2,A,-,08,22107,,N,D,C,A,A,H,-,A,A,0,,,,,Y,,A,01,0,1,0,0,0,0,0,0,0,"- ","- ",36.320220947265625,-119.28359222412109,TULARE,VISALIA,-119.28327178955078,36.320148468017578
9685888,2024,2024-06-12,5407,2024-04-13,"120 ",12626,480,6,5,5,5407,0,0,0,,0,026,"E MAIN ST","CHURCH ST",132.00,E,N,A,-,N,,,,,,,,,,Y,4,0,1,2,A,-,01,23152,B,N,G,B,E,A,H,-,C,D,0,Y,,,,Y,Y,A,01,0,0,1,0,1,0,0,0,0,"- ","- ",36.330059051513672,-119.29093933105469,TULARE,VISALIA,-119.29071044921875,36.330165863037109
9685892,2024,2024-07-29,5407,2024-04-17,1902,A372,480,3,5,5,5407,0,0,0,,0,P33,"S LOVERS LANE","E WESTCOTT AVE",0.00,,Y,A,-,N,,,,,,,,,,Y,3,0,2,2,A,-,03,22350,,N,C,C,A,A,H,-,B,A,0,,,,,Y,,A,01,0,2,0,0,0,0,0,0,0,"- ","- ",36.322231292724609,-119.26068115234375,TULARE,VISALIA,-119.26061248779297,36.322261810302734
9685897,2024,2024-06-12,5407,2024-04-22,"39  ",11976,480,1,5,5,5407,0,0,0,,0,011,"GOSHEN AV","AMERICAN AVE",138.00,E,N,A,-,N,,,,,,,,,,Y,3,0,1,1,A,-,01,23152,A,N,E,I,A,A,H,-,C,D,0,,,,,Y,Y,A,07,0,1,0,0,0,0,0,0,0,"- ","- ",,,TULARE,VISALIA,-119.40309143066406,36.342044830322266
9685899,2024,2024-06-12,5407,2024-04-16,"732 ",M186,480,2,5,5,5407,0,0,0,,0,011,AKERS,RIGGIN,73.00,S,N,A,-,N,,,,,,,,,,Y,4,0,1,2,A,-,03,22350,,N,C,C,A,A,H,-,A,A,0,,,,,Y,,A,01,0,0,1,0,0,0,0,0,0,"- ","- ",36.356258392333984,-119.34990692138672,TULARE,VISALIA,-119.34992218017578,36.356330871582031
9687008,2024,2024-07-25,5407,2024-05-14,"817 ",M333,480,2,5,5,5407,0,0,0,,0,P33,"E TULARE AV","S DIVISADERO ST",322.00,E,N,A,-,N,,,,,,,,,,Y,3,0,1,2,A,-,03,22350,,N,C,C,A,A,H,-,A,D,0,,,,,Y,,D,22,0,1,0,0,0,0,0,0,0,"- ","- ",,,TULARE,VISALIA,-119.30876922607422,36.320205688476562
9687015,2024,2024-07-19,5407,2024-05-29,"727 ",M186,480,3,5,5,5407,0,0,0,,0,034,"W WALNUT AVE",ENCINA,48.00,E,N,A,-,N,,,,,,,,,,Y,4,0,2,4,A,-,05,21460,A,N,A,C,A,A,H,-,A,A,0,,,,,Y,,D,22,0,0,2,0,0,0,0,0,0,"- ","- ",36.312850952148438,-119.29454803466797,TULARE,VISALIA,-119.29463958740234,36.312870025634766
9687021,2024,2024-07-18,5407,2024-05-23,"851 ",C67,480,4,5,5,5407,0,0,0,,0,P33,"EAST WALNUT AVE","SOUTH SANTA SE ST",6.00,W,N,A,-,N,,,,,,,,,,N,3,0,1,2,A,-,09,21804,A,N,D,G,A,A,H,-,A,A,0,,Y,,,Y,,L,04,0,1,0,0,0,0,1,0,0,"- ","- ",36.312858581542969,-119.28740692138672,TULARE,VISALIA,-119.28749847412109,36.312877655029297
9687395,2024,2024-05-14,5407,2024-03-01,2235,A367,480,5,5,5,5407,0,0,0,,0,026,"E MAIN ST","BRIDGE ST",0.00,,Y,A,-,N,,,,,,,,,,N,4,0,2,3,A,-,10,21950,A,N,G,B,B,B,H,-,C,A,0,Y,,,,Y,Y,A,07,0,0,2,0,2,0,0,0,0,"- ","- ",36.330169677734375,-119.28897094726562,TULARE,VISALIA,-119.28896331787109,36.330173492431641
9687398,2024,2024-05-14,5407,2024-03-09,2228,A395,480,6,5,5,5407,0,0,0,,0,012,"W WHITENDALE AV","S COUNTY CENTER DR",0.00,,Y,A,-,N,,,,,,,,,,Y,4,0,1,2,A,-,12,21453,A,N,D,C,A,A,H,-,C,A,0,,,,,Y,,A,01,0,0,1,0,0,0,0,0,0,"- ","- ",36.305629730224609,-119.32266235351562,TULARE,VISALIA,-119.32267761230469,36.305622100830078
9687400,2024,2024-05-15,5407,2024-03-07,1248,M333,480,4,5,5,5407,0,0,0,,0,Q34,"W WALNUT AV","S GIDDINGS ST",0.00,,Y,A,-,N,,,,,,,,,,Y,3,0,1,2,A,-,12,21453,A,N,D,C,A,A,H,-,A,A,0,,,,,Y,,A,07,0,1,0,0,0,0,0,0,0,"- ","- ",,,TULARE,VISALIA,-119.30535888671875,36.312911987304688
9688013,2024,2024-08-14,5405,2024-04-02,1505,CS043,"SEC 3",2,5,4,5405,0,0,0,,0,,"GIBBONS AV","KESSING ST",9.00,E,N,A,-,N,,,,,,,,,,N,3,0,1,1,A,-,03,22350,,N,F,A,A,A,H,-,A,D,0,,,Y,,Y,,C,02,0,1,0,0,0,0,0,0,1,"- ","- ",36.040138244628906,-119.02497100830078,TULARE,PORTERVILLE,-119.02525329589844,36.040390014648438
9688822,2024,2024-05-08,5405,2024-03-26,"806 ",CSO43,"SEC 3",2,5,4,5405,0,0,0,,0,,"PLANO ST","COLLEGE ST",602.00,S,N,A,-,N,,,,,,,,,,Y,3,0,1,2,A,-,21,22106,,N,D,C,A,A,H,-,A,A,0,,,,,Y,,A,01,0,1,0,0,0,0,0,0,0,"- ","- ",36.044040679931641,-119.00845336914062,TULARE,PORTERVILLE,-119.00835418701172,36.046737670898438
9689555,2024,2024-06-12,5405,2024-04-15,1922,310,"SEC 1",1,5,4,5405,0,0,0,,0,,"PORTER RD","HENDERSON AV",0.00,,Y,A,-,N,,,,,,,,,,Y,3,0,1,2,A,-,12,21453,A,F,A,C,A,A,H,-,B,A,0,,,,,Y,,A,01,0,1,0,0,0,0,0,0,0,"- ","- ",36.080478668212891,-119.03784942626953,TULARE,PORTERVILLE,-119.03786468505859,36.080398559570312
9689557,2024,2024-06-12,5405,2024-04-08,1440,312,"SEC 4",1,5,4,5405,0,0,0,,0,,"OLIVE AV","INDIANA ST",180.00,E,N,A,-,N,,,,,,,,,,N,3,0,1,2,A,-,03,22350,,N,C,C,A,A,H,-,A,A,0,,,,,Y,,A,01,0,1,0,0,0,0,0,0,0,"- ","- ",36.065898895263672,-119.03517913818359,TULARE,PORTERVILLE,-119.03456878662109,36.06597900390625
9690347,2024,2024-05-10,5407,2024-03-18,1810,A360,480,1,5,5,5407,0,0,0,,0,025,"W PROSPECT AVE","N CONYER ST",0.00,,Y,A,-,N,,,,,,,,,,Y,4,0,2,3,A,-,09,21802,A,N,D,C,A,A,H,-,A,B,0,,,,,Y,,A,07,0,0,2,0,0,0,0,0,0,"- ","- ",,,TULARE,VISALIA,-119.30119323730469,36.34521484375
9690537,2024,2024-06-21,5407,2024-04-06,1035,12461,480,6,5,5,5407,0,0,0,,0,026,"DINUBA BL","SHANNON PKWY",0.00,,Y,A,-,N,,,,,,,,,,Y,3,0,1,2,A,-,12,21453,A,N,D,C,A,A,H,-,A,A,0,,,,,Y,Y,A,01,0,1,0,0,0,0,0,0,0,"- ","- ",,,TULARE,VISALIA,-119.2969970703125,36.359981536865234
9690538,2024,2024-06-21,5407,2024-04-02,1122,M203,480,2,5,5,5407,0,0,0,,0,026,"N GARDEN ST","E SCHOOL AV",0.00,,Y,A,-,N,,,,,,,,,,N,3,0,1,2,A,-,09,21802,A,N,F,I,A,A,H,-,A,A,0,,,Y,,Y,,C,02,0,1,0,0,0,0,0,0,1,"- ","- ",36.332878112792969,-119.29010772705078,TULARE,VISALIA,-119.29010772705078,36.332847595214844
9691650,2024,2024-06-04,5405,2024-04-10,1310,CS043,SEC1,3,5,4,5405,0,0,0,,0,,"RT 65","NORTH GRAND AV",765.00,S,N,A,-,Y,TUL,6,65,-,-,21.240,H,-,N,N,3,0,1,2,A,-,03,22350,,N,C,C,A,A,H,-,A,A,0,,,,,Y,,A,01,0,1,0,0,0,0,0,0,0,"- ","- ",,,TULARE,PORTERVILLE,-119.03960418701172,36.096317291259766
9691675,2024,2024-05-14,5407,2024-03-22,"732 ",M293,480,5,5,5,5407,0,0,0,,0,025,"PINE ST","RT 63",7.00,E,N,A,-,Y,TUL,6,63,-,-,8.681,I,6,S,N,3,0,1,2,A,-,09,21802,A,N,D,G,A,A,H,-,A,A,0,,Y,,,Y,,A,01,0,1,0,0,0,0,1,0,0,"- ","- ",36.337131500244141,-119.29345703125,TULARE,VISALIA,-119.29353332519531,36.337024688720703
9692389,2024,2024-06-13,5406,2024-04-17,2044,VDR5H,DIST3,3,5,4,5406,0,0,0,,0,EAST,ONEAL,"O ST",281.00,W,N,A,-,N,,,,,,,,,,N,2,0,1,2,A,-,11,21954,A,N,G,B,E,A,H,-,D,D,0,Y,,,,Y,,N,60,1,0,0,0,1,0,0,0,0,"- ","- ",36.194248199462891,-119.34005737304688,TULARE,TULARE,-119.34084320068359,36.193984985351562
9692397,2024,2024-07-26,5406,2024-04-03,2120,6WA4R,DIST1,3,5,4,5406,0,0,0,,0,0AO,PAIGE,"I ST",76.00,E,N,A,-,N,,,,,,,,,,Y,2,0,3,2,A,-,03,22350,,N,C,C,A,A,H,-,C,A,0,,,,,Y,,D,22,1,2,0,0,0,0,0,0,0,NO,"- ",36.18212890625,-119.34297943115234,TULARE,TULARE,-119.34279632568359,36.182071685791016
9692914,2024,2024-06-13,5403,2024-04-14,1840,847,,7,5,2,5403,0,0,0,,0,,"ROSE AV","ASH ST",105.00,N,N,A,-,N,,,,,,,,,,Y,3,0,2,3,A,-,03,22350,,F,C,C,A,A,H,-,B,A,0,,,,,Y,,A,01,0,2,0,0,0,0,0,0,0,"- ","- ",,,TULARE,FARMERSVILLE,-119.20363616943359,36.302036285400391
9694601,2024,2024-05-04,5407,2024-03-31,"40  ",A395,480,7,5,5,5407,0,0,0,,0,012,"W CALDWELL AV","S MOONEY BL",0.00,,Y,A,-,N,,,,,,,,,,Y,2,0,2,2,A,-,01,23152,A,N,C,C,A,A,H,-,C,A,0,,,,,Y,Y,-,"- ",1,1,0,0,0,0,0,0,0,"- ","- ",36.298469543457031,-119.31366729736328,TULARE,VISALIA,-119.31375122070312,36.298557281494141
9694801,2022,2024-05-07,5401,2022-10-24,1435,2125,CITY,1,5,3,5401,0,0,0,,0,00A,"W EL MONTE WY","ENGLEHART AV",0.00,,Y,A,-,N,,,,,,,,,,Y,4,0,1,2,A,-,12,21453,A,N,D,C,A,A,H,-,A,A,0,,,,,Y,,A,08,0,0,1,0,0,0,0,0,0,"- ","- ",,,TULARE,DINUBA,-119.41285705566406,36.546092987060547
9694802,2022,2024-05-07,5401,2022-08-05,0733,2120,5401,5,5,3,5401,0,0,0,,0,002,"N ALTA AV","SEQUOIA DR",22.00,W,N,C,-,N,,,,,,,,,,Y,4,0,1,2,A,-,09,21802,A,N,D,C,A,B,G,-,A,A,0,,,,,Y,,A,07,0,0,1,0,0,0,0,0,0,"- ","- ",,,TULARE,DINUBA,-119.39511871337891,36.554908752441406
9694810,2022,2024-05-07,5401,2022-05-16,1550,2132,5401,1,5,3,5401,0,0,0,,0,001,"ALICE AVE","W NORTH WY",402.00,N,N,A,-,N,,,,,,,,,,N,3,0,1,1,A,-,03,22350,,N,H,-,A,A,H,-,A,D,0,,,,,Y,,M,94,0,1,0,0,0,0,0,0,0,"- ","- ",,,TULARE,DINUBA,-119.40448760986328,36.550628662109375
9694812,2022,2024-05-07,5401,2022-01-19,1533,2122,5401,3,5,3,5401,0,0,0,,0,00B,"E EL MONTE WAY","CALIFORNIA AV",0.00,,Y,A,-,N,,,,,,,,,,N,4,0,2,2,D,-,00,,,N,B,C,A,A,H,-,A,A,0,,,,,Y,,-,"- ",0,0,2,0,0,0,0,0,0,"- ","- ",,,TULARE,DINUBA,-119.38199615478516,36.545562744140625
9694815,2022,2024-05-07,5401,2022-06-25,1436,2132,5401,6,5,3,5401,0,0,0,,0,001,"EL MONTE WEST WY","ENGLEHART AV",346.00,W,N,A,-,N,,,,,,,,,,Y,3,0,1,1,A,-,03,22350,,N,F,-,A,A,H,-,A,D,0,,,,,Y,,A,01,0,1,0,0,0,0,0,0,0,"- ","- ",,,TULARE,DINUBA,-119.41403961181641,36.546100616455078
9694873,2022,2024-05-07,5401,2022-05-13,1548,2132,5401,5,5,3,5401,0,0,0,,0,002,"E EL MONTE WY","N CRAWFORD AV",170.00,E,N,A,-,N,,,,,,,,,,Y,4,0,2,2,A,-,08,22107,,N,D,C,A,A,H,-,A,A,0,,,,,Y,,A,01,0,0,2,0,0,0,0,0,0,"- ","- ",,,TULARE,DINUBA,-119.37630462646484,36.545436859130859
9694878,2022,2024-05-07,5401,2022-03-31,1807,2131,5401,4,5,3,5401,0,0,0,,0,00F,"E EL MONTE WY","N CRAWFORD AV",227.00,W,N,A,-,N,,,,,,,,,,Y,3,0,1,1,A,-,03,22350,,N,H,A,A,A,H,-,A,D,0,,,Y,,Y,,C,02,0,1,0,0,0,0,0,0,1,"- ","- ",,,TULARE,DINUBA,-119.37765502929688,36.545448303222656
9694880,2022,2024-05-07,5401,2022-01-02,0114,2118,5401,7,5,3,5401,0,0,0,,0,00B,"AVENUE 416","RD 62",50.00,W,N,A,-,N,,,,,,,,,,N,4,0,2,2,A,-,03,22350,,N,C,C,A,A,H,-,C,A,0,,,,,Y,,A,01,0,0,2,0,0,0,0,0,0,"- ","- ",,,TULARE,DINUBA,,
9694933,2024,2024-06-26,5405,2024-04-12,"807 ",236,SEC2,5,5,4,5405,0,0,0,,0,,"MORTON AV","PLANO ST",0.00,,Y,A,-,N,,,,,,,,,,N,4,0,4,2,A,-,12,21453,A,N,D,C,A,A,H,-,A,A,0,,,,,Y,,A,07,0,0,4,0,0,0,0,0,0,"- ","- ",36.073001861572266,-119.00581359863281,TULARE,PORTERVILLE,-119.00851440429688,36.072998046875
9695232,2024,2024-05-22,5407,2024-03-21,1213,M186,480,4,5,5,5407,0,0,0,,0,,"RT 63",MEADOW,25.00,N,N,A,-,Y,TUL,6,63,-,-,7.650,H,-,N,Y,3,0,2,2,A,-,03,22350,,N,C,C,A,A,H,-,A,A,0,,,,,Y,,D,22,0,2,0,0,0,0,0,0,0,"- ","- ",36.322048187255859,-119.31394958496094,TULARE,VISALIA,-119.31390380859375,36.322212219238281
9695357,2024,2024-06-25,5407,2024-04-01,1704,12452,480,1,5,5,5407,0,0,0,,0,M11,"AKERS ST","HILLSDALE AV",0.00,,Y,A,-,N,,,,,,,,,,N,3,0,1,2,A,-,03,22350,,N,C,C,A,A,H,-,A,A,0,,,,,Y,,D,22,0,1,0,0,0,0,0,0,0,"- ","- ",36.328998565673828,-119.3489990234375,TULARE,VISALIA,-119.34980010986328,36.329551696777344
9696532,2024,2024-06-20,5405,2024-05-02,"59  ",305,SEC3,4,5,4,5405,0,0,0,,0,,"JAYE ST","RT 190",10.00,S,N,A,-,Y,TUL,6,190,-,-,15.950,I,5,E,Y,4,0,1,1,-,-,"- ",,,N,A,I,A,A,H,-,C,A,0,,,,,Y,,A,01,0,0,1,0,0,0,0,0,0,"- ","- ",,,TULARE,PORTERVILLE,-119.02632904052734,36.051479339599609
9696671,2024,2024-06-21,5405,2024-04-17,"754 ",318,TRAFF,3,5,4,5405,0,0,0,,0,004,"MATTHEW ST","MORTON AV",6.00,S,N,A,-,N,,,,,,,,,,N,3,0,1,2,A,-,05,21650,1,N,D,G,A,A,H,-,A,A,0,,Y,,,Y,,L,04,0,1,0,0,0,0,1,0,0,"- ","- ",36.073089599609375,-119.06189727783203,TULARE,PORTERVILLE,-119.06188201904297,36.073101043701172
9700511,2024,2024-07-10,5407,2024-05-08,1431,11895,480,3,5,5,5407,0,0,0,,0,026,"E MILL CREEK PKWY","N LOVERS LANE",411.00,E,N,A,-,N,,,,,,,,,,Y,3,0,1,1,A,-,03,22350,,N,A,I,A,A,H,-,A,A,0,,,,,Y,,A,01,0,1,0,0,0,0,0,0,0,"- ","- ",36.332649230957031,-119.26071166992188,TULARE,VISALIA,-119.25926971435547,36.332843780517578
9701544,2023,2024-05-31,5401,2023-02-02,1805,2122,DPD,4,5,3,5401,0,0,0,,0,00B,"E ELMONTE WY","N K ST",0.00,,Y,A,-,N,,,,,,,,,,N,4,0,1,2,A,-,03,22350,,N,C,C,A,A,H,-,A,D,0,,,,,Y,Y,D,22,0,0,1,0,0,0,0,0,0,"- ","- ",,,TULARE,DINUBA,-119.39392852783203,36.545848846435547
9701548,2023,2024-05-23,5401,2023-11-10,1745,2115,5401,5,5,3,5401,0,0,0,,0,00B,"W ELMONTE WY","S ARKONA ST",228.00,E,N,A,-,N,,,,,,,,,,Y,4,0,1,2,A,-,09,21804,A,N,D,C,A,A,H,-,C,D,0,,,,,Y,,A,01,0,0,1,0,0,0,0,0,0,"- ","- ",,,TULARE,DINUBA,-119.39644622802734,36.545902252197266
9701549,2023,2024-05-23,5401,2023-02-04,2118,2121,CITY,6,5,3,5401,0,0,0,,0,00A,"AVENUE 416 AV","ROAD 62 RD",0.00,,Y,C,-,N,,,,,,,,,,Y,4,0,1,2,A,-,12,21453,A,N,A,C,A,B,H,-,C,A,0,,,,,Y,,A,01,0,0,1,0,0,0,0,0,0,"- ","- ",,,TULARE,DINUBA,,
9701551,2023,2024-05-23,5401,2023-10-05,"926 ",2123,DPD,4,5,3,5401,0,0,0,,0,00B,"W TULARE ST","N URUAPAN DR",27.00,W,N,A,-,N,,,,,,,,,,N,4,0,1,2,A,-,10,21950,A,F,G,B,B,A,H,-,A,D,0,Y,,,,Y,,A,01,0,0,1,0,1,0,0,0,0,"- ","- ",,,TULARE,DINUBA,-119.39248657226562,36.539249420166016
9701552,2023,2024-05-23,5401,2023-07-13,2030,2122,5401,4,5,3,5401,0,0,0,,0,001,"E MAGNOLIA WY","MYRTLE AV",111.00,W,N,A,-,N,,,,,,,,,,Y,4,0,1,2,A,-,09,21801,A,N,B,C,A,A,H,-,A,A,0,,,Y,,Y,,A,01,0,0,1,0,0,0,0,0,0,"- ","- ",,,TULARE,DINUBA,-119.37952423095703,36.541446685791016
9701556,2023,2024-05-23,5401,2023-10-28,1936,2115,5401,6,5,3,5401,0,0,0,,0,00A,"EUCLID AV","LYNN AV",58.00,S,N,A,-,N,,,,,,,,,,Y,4,0,1,2,B,-,22,,,N,C,C,A,A,H,-,C,D,0,,,,,Y,,A,07,0,0,1,0,0,0,0,0,0,"- ","- ",,,TULARE,DINUBA,-119.399658203125,36.551589965820312
9701557,2023,2024-05-23,5401,2023-06-19,"813 ",2112,5401,1,5,3,5401,0,0,0,,0,00A,"W ELMONTE WY","ENGLEHART AV",119.00,E,N,A,-,N,,,,,,,,,,Y,4,0,1,3,A,-,03,22350,,N,C,C,A,A,H,-,A,D,0,,,,,Y,,A,01,0,0,1,0,0,0,0,0,0,"- ","- ",,,TULARE,DINUBA,-119.41245269775391,36.546089172363281
9701619,2024,2024-05-24,5401,2024-03-31,1647,2136,5401,7,5,3,5401,0,0,0,,0,00A,"N SMITH AV","W ELMONTE WY",33.00,N,N,A,-,N,,,,,,,,,,Y,3,0,1,2,A,-,08,22107,,N,E,E,A,A,H,-,A,D,0,,,Y,,Y,,C,02,0,1,0,0,0,0,0,0,1,"- ","- ",,,TULARE,DINUBA,-119.40294647216797,36.54608154296875
9701646,2024,2024-05-24,5401,2024-03-04,"801 ",2133,5401,1,5,3,5401,0,0,0,,0,00B,"SEQUOIA DR","N BATES AVE",4.00,W,N,A,-,N,,,,,,,,,,Y,4,0,1,2,A,-,09,21801,B,N,A,C,A,A,H,-,A,D,0,,,,,Y,,A,07,0,0,1,0,0,0,0,0,0,"- ","- ",,,TULARE,DINUBA,-119.39282989501953,36.554855346679688
9702052,2024,2024-06-27,5407,2024-03-18,2246,12536,480,1,5,5,5407,0,0,0,,0,034,"RT 63","VISALIA PKWY",0.00,,Y,A,-,Y,TUL,6,63,-,-,5.510,H,-,N,N,2,0,3,3,A,-,03,22350,,M,C,C,A,A,H,-,A,A,0,,,,,Y,,A,01,1,1,1,0,0,0,0,0,0,"- ","- ",,,TULARE,VISALIA,-119.31352233886719,36.291244506835938
9703038,2024,2024-08-14,5405,2024-05-30,1908,310,SEC3,4,5,4,5405,0,0,0,,0,,"PUTNAM AV","THIRF ST",0.00,,Y,A,-,N,,,,,,,,,,Y,3,0,1,2,A,-,09,21802,A,N,D,C,A,A,H,-,A,A,0,,,,,Y,,A,01,0,1,0,0,0,0,0,0,0,"- ","- ",36.069431304931641,-119.01416015625,TULARE,PORTERVILLE,,
9703676,2024,2024-07-02,5403,2024-05-17,"743 ",834,,5,5,2,5403,0,0,0,,0,,"FARMERSVILLE BL","NOBLE AV",0.00,,Y,A,-,N,,,,,,,,,,Y,3,0,3,1,A,-,08,22107,,N,E,I,A,A,H,-,A,D,0,,,,,Y,,A,01,0,1,2,0,0,0,0,0,0,"- ","- ",,,TULARE,FARMERSVILLE,-119.20812225341797,36.325386047363281
9703893,2024,2024-08-13,5405,2024-06-13,1531,282,SEC3,4,5,4,5405,0,0,0,,0,,"PUTNAM AV","E STREET",0.00,,Y,A,-,N,,,,,,,,,,N,3,0,1,2,A,-,09,21800,A,F,D,G,A,A,H,-,A,A,0,,Y,,,Y,,A,01,0,1,0,0,0,0,1,0,0,"- ","- ",36.066368103027344,-119.01760864257812,TULARE,PORTERVILLE,-119.01994323730469,36.069721221923828
9704246,2024,2024-07-25,5404,2024-05-28,1615,689,5404,2,5,2,5404,0,0,0,,0,20L,"MIRAGE AV","SAMOA ST",0.00,,Y,A,-,N,,,,,,,,,,Y,3,0,5,2,A,-,08,22107,,N,A,C,A,A,H,-,A,D,0,,,,,Y,,D,22,0,4,1,0,0,0,0,0,0,"- ","- ",,,TULARE,LINDSAY,-119.08944702148438,36.204227447509766
9704490,2024,2024-08-12,5405,2024-06-09,1552,246,SEC4,7,5,4,5405,0,0,0,,0,,"PUTNAM AV","INDIANA ST",267.00,E,N,A,-,N,,,,,,,,,,Y,3,0,1,3,A,-,01,23152,G,N,C,E,A,A,H,-,A,D,0,,,,,Y,Y,A,01,0,1,0,0,0,0,0,0,0,"- ","- ",36.069480895996094,-119.03440093994141,TULARE,PORTERVILLE,-119.03421020507812,36.069610595703125
9704491,2024,2024-08-29,5405,2024-06-05,2155,318,SEC1,3,5,4,5405,0,0,0,,0,001,"WESTFIELD AV","PROSPECT ST",72.00,W,N,A,-,N,,,,,,,,,,Y,3,0,1,2,A,-,09,21801,A,N,A,C,A,A,H,-,C,A,0,,,Y,,Y,,D,22,0,1,0,0,0,0,0,0,1,"- ","- ",36.0877685546875,-119.04451751708984,TULARE,PORTERVILLE,-119.04434967041016,36.087612152099609
9706492,2024,2024-07-26,5407,2024-06-03,"830 ",M292,480,1,5,5,5407,0,0,0,,0,026,"MINERAL KING AV","RT 198",0.00,,Y,A,-,Y,TUL,6,198,-,R,11.920,R,4,W,N,3,0,1,2,A,-,09,21801,A,N,A,C,A,A,H,-,A,A,0,,,,,Y,,A,01,0,1,0,0,0,0,0,0,0,"- ",WF,,,TULARE,VISALIA,-119.2574462890625,36.327362060546875
9706496,2024,2024-08-02,5407,2024-06-04,"626 ",12619,480,2,5,5,5407,0,0,0,,0,025,"RT 63","HOUSTON AV",0.00,,Y,A,-,Y,TUL,6,63,-,R,9.095,I,5,S,N,3,0,1,2,A,-,12,21453,A,N,D,G,A,A,H,-,A,A,0,,Y,,,Y,,L,04,0,1,0,0,0,0,1,0,0,"- ","- ",,,TULARE,VISALIA,-119.29674530029297,36.341827392578125
9706498,2023,2024-07-11,5407,2023-07-29,1734,A305,480,6,5,5,5407,0,0,0,,0,026,"N COURT ST",RACE,0.00,,Y,A,-,N,,,,,,,,,,N,2,0,1,2,D,-,00,,,F,G,G,A,A,H,-,A,D,0,,Y,,,Y,,-,"- ",1,0,0,0,0,0,1,0,0,"- ","- ",36.335338592529297,-119.29238128662109,TULARE,VISALIA,-119.29239654541016,36.335338592529297
9706546,2024,2024-07-26,5407,2024-05-26,"659 ",12466,480,7,5,5,5407,0,0,0,,0,025,"RT 63","W RACE AV",0.00,,Y,A,-,Y,TUL,6,63,-,-,8.563,I,5,S,Y,4,0,1,2,A,-,09,21802,A,N,D,C,A,A,H,-,A,A,0,,,,,Y,,A,01,0,0,1,0,0,0,0,0,0,"- ","- ",36.335319519042969,-119.29348754882812,TULARE,VISALIA,-119.29351043701172,36.335353851318359