CASE_ID,ACCIDENT_YEAR,PROC_DATE,JURIS,COLLISION_DATE,COLLISION_TIME,OFFICER_ID,REPORTING_DISTRICT,DAY_OF_WEEK,CHP_SHIFT,POPULATION,CNTY_CITY_LOC,SPECIAL_COND,BEAT_TYPE,CHP_BEAT_TYPE,CITY_DIVISION_LAPD,CHP_BEAT_CLASS,BEAT_NUMBER,PRIMARY_RD,SECONDARY_RD,DISTANCE,DIRECTION,INTERSECTION,WEATHER_1,WEATHER_2,STATE_HWY_IND,CALTRANS_COUNTY,CALTRANS_DISTRICT,STATE_ROUTE,ROUTE_SUFFIX,POSTMILE_PREFIX,POSTMILE,LOCATION_TYPE,RAMP_INTERSECTION,SIDE_OF_HWY,TOW_AWAY,COLLISION_SEVERITY,NUMBER_KILLED,NUMBER_INJURED,PARTY_COUNT,PRIMARY_COLL_FACTOR,PCF_CODE_OF_VIOL,PCF_VIOL_CATEGORY,PCF_VIOLATION,PCF_VIOL_SUBSECTION,HIT_AND_RUN,TYPE_OF_COLLISION,MVIW,PED_ACTION,ROAD_SURFACE,ROAD_COND_1,ROAD_COND_2,LIGHTING,CONTROL_DEVICE,CHP_ROAD_TYPE,PEDESTRIAN_ACCIDENT,BICYCLE_ACCIDENT,MOTORCYCLE_ACCIDENT,TRUCK_ACCIDENT,NOT_PRIVATE_PROPERTY,ALCOHOL_INVOLVED,STWD_VEHTYPE_AT_FAULT,CHP_VEHTYPE_AT_FAULT,COUNT_SEVERE_INJ,COUNT_VISIBLE_INJ,COUNT_COMPLAINT_PAIN,COUNT_PED_KILLED,COUNT_PED_INJURED,COUNT_BICYCLIST_KILLED,COUNT_BICYCLIST_INJURED,COUNT_MC_KILLED,COUNT_MC_INJURED,PRIMARY_RAMP,SECONDARY_RAMP,LATITUDE,LONGITUDE,COUNTY,CITY,POINT_X,POINT_Y
6547147,2014,2014-08-13,5406,2014-06-09,1653,22,5406,1,5,4,5406,0,0,0,,0,0AO,WEST,"SE LIGHTPOLE 2287175E",109.00,N,N,A,-,N,,,,,,,,,,Y,2,0,3,2,A,-,05,21650,,N,A,C,A,A,H,-,A,D,0,,,,,Y,,A,01,3,0,0,0,0,0,0,0,0,"- ","- ",,,TULARE,TULARE,,
6549440,2014,2016-05-13,9480,2014-07-02,1610,016856,,3,2,9,5400,0,1,3,,2,091,"RT 99","MERRITT DR",5280.00,S,N,A,-,Y,TUL,6,99,-,-,47.710,H,-,S,Y,3,0,1,1,A,-,08,22107,,N,E,I,A,A,D,H,A,D,1,,,,,Y,,A,01,0,1,0,0,0,0,0,0,0,"- ","- ",36.430840000000003,-119.47418,TULARE,UNINCORPORATED,-119.48058526,36.44066084
6556831,2014,2014-08-20,5407,2014-06-26,0644,M214,480,4,5,5,5407,0,0,0,,0,033,"LOVERS LN","WALNUT AV",0.00,,Y,A,-,N,,,,,,,,,,Y,4,0,1,2,A,-,12,21453,A,N,D,C,A,A,H,-,A,A,0,,,,,Y,,A,01,0,0,1,0,0,0,0,0,0,"- ","- ",,,TULARE,VISALIA,-119.26064984999999,36.312710070000001
6558598,2014,2014-08-14,9420,2014-06-29,1150,20304,,7,1,9,5400,0,3,5,,2,020,"MOUNTAIN RD 99","FAIRVIEW HELISPOT",7392.00,N,N,A,-,N,,,,,,,,,,Y,2,0,1,1,A,-,03,22350,,N,F,A,A,A,H,-,A,D,0,,,Y,,Y,,C,02,1,0,0,0,0,0,0,0,1,"- ","- ",35.92304,-118.49584,TULARE,UNINCORPORATED,-118.49584668999999,35.922956849999998
6560577,2014,2014-08-12,5403,2014-06-14,1800,842,,6,5,2,5403,0,0,0,,0,,"VISALIA RD","STEVEN AV",0.00,,Y,A,-,N,,,,,,,,,,N,4,0,1,3,A,-,03,22350,,N,C,C,A,A,H,-,A,D,0,,,,,Y,,A,01,0,0,1,0,0,0,0,0,0,"- ","- ",,,TULARE,FARMERSVILLE,-119.21340999,36.297820010000002
6566482,2014,2015-04-30,5405,2014-07-02,0950,207,,3,5,4,5405,0,0,0,,0,001,"INDIANA ST","MORTON AV",159.00,N,N,A,-,N,,,,,,,,,,Y,4,0,1,1,C,-,18,,,N,E,I,A,A,H,-,A,D,0,,,,,Y,,-,"- ",0,0,1,0,0,0,0,0,0,"- ","- ",,,TULARE,PORTERVILLE,-119.03508479,36.073716230000002
6566827,2014,2014-08-27,9480,2014-07-20,2120,012046,,7,2,9,5400,0,3,5,,2,002,"AVENUE 408","ROAD 124",0.00,,Y,A,-,N,,,,,,,,,,N,4,0,1,3,A,-,12,22450,A,F,D,C,A,A,H,-,C,A,0,,,,,Y,,D,22,0,0,1,0,0,0,0,0,0,"- ","- ",36.530419999999999,-119.29576,TULARE,UNINCORPORATED,-119.29574991,36.53031
6590277,2014,2016-05-11,5407,2014-07-26,1010,A160,480,6,5,5,5407,0,0,0,,0,033,"RT 63",LOCUST,0.00,,Y,A,-,Y,TUL,6,63,-,L,9.120,H,-,N,Y,3,0,2,2,A,-,12,21453,A,N,D,C,A,A,H,-,A,A,0,,,,,Y,,D,22,0,2,0,0,0,0,0,0,0,"- ","- ",,,TULARE,VISALIA,-119.29343025999999,36.326434620000001
6590281,2014,2014-08-22,5407,2014-07-27,1918,A244,,7,5,5,5407,0,0,0,,0,011,"MINERAL KING","COUNTY CENTER",0.00,,Y,A,-,N,,,,,,,,,,Y,3,0,3,2,A,-,12,21453,A,N,D,C,A,A,H,-,A,A,0,,,,,Y,,A,,0,3,0,0,0,0,0,0,0,"- ","- ",,,TULARE,VISALIA,-119.32579986,36.327490040000001
6590301,2014,2014-08-22,5407,2014-07-22,1102,M203,480,2,5,5,5407,0,0,0,,0,,CALDWELL,"SANTA FE",150.00,E,N,A,-,N,,,,,,,,,,Y,4,0,1,3,A,-,03,22350,,N,C,C,A,A,H,-,A,A,0,,,,,Y,,D,22,0,0,1,0,0,0,0,0,0,"- ","- ",,,TULARE,VISALIA,-119.28666155000001,36.298154029999999
6590732,2014,2014-09-03,9481,2014-08-05,1750,18314,,2,2,9,5400,0,2,4,,1,011,"RD 196","OKLAHOMA AV",0.00,,Y,A,-,N,,,,,,,,,,N,2,0,1,2,A,-,03,22350,,N,C,C,A,A,H,-,A,D,0,,,,,Y,,D,22,1,0,0,0,0,0,0,0,0,"- ","- ",36.142919999999997,-119.13414,TULARE,UNINCORPORATED,-119.13422993,36.142830099999998
6592362,2014,2014-09-02,5406,2014-07-06,2137,30,,7,5,4,5406,0,0,0,,0,0AO,"N SACRAMENTO","W CROSS",47.00,S,N,A,-,N,,,,,,,,,,N,3,0,1,2,D,-,00,,,F,D,G,A,A,H,-,C,A,0,,Y,,,Y,,-,"- ",0,1,0,0,0,0,1,0,0,"- ","- ",,,TULARE,TULARE,-119.36279414000001,36.210801099999998
6595647,2014,2014-08-29,5407,2014-07-27,1851,267,480,7,5,5,5407,0,0,0,,0,026,MINERAL,"BRIDGE ST",0.00,,Y,-,-,N,,,,,,,,,,Y,4,0,1,2,A,-,12,21453,A,N,D,C,A,A,H,-,A,A,0,,,,,Y,,A,01,0,0,1,0,0,0,0,0,0,"- ","- ",,,TULARE,VISALIA,-119.28895199999999,36.327438000000001
6595650,2014,2014-08-28,5407,2014-07-06,0439,A263,480,7,5,5,5407,0,0,0,,0,011,"RIGGIN AV","ROEBEN ST",528.00,E,N,A,-,N,,,,,,,,,,Y,3,0,1,1,A,-,01,23152,A,N,B,I,A,A,H,-,D,A,0,,,,,Y,Y,A,01,0,1,0,0,0,0,0,0,0,"- ","- ",,,TULARE,VISALIA,-119.35709238,36.356504229999999
6595655,2014,2014-08-29,5407,2014-07-28,0837,C40,480,1,5,5,5407,0,0,0,,0,012,"EVERGREEN AV","COUNTY CENTER",15.00,W,N,A,-,N,,,,,,,,,,Y,3,0,1,1,A,-,05,21650,,N,E,I,A,A,H,-,A,A,0,,,,,Y,,A,07,0,1,0,0,0,0,0,0,0,"- ","- ",,,TULARE,VISALIA,-119.32274086,36.307109850000003
6598049,2014,2014-09-08,9480,2014-08-01,0610,16233,,5,1,9,5400,0,3,5,,2,005,"RD 128","AVE 80",1584.00,N,N,A,-,N,,,,,,,,,,Y,4,0,3,1,A,-,08,22107,,N,E,I,A,A,H,-,A,D,0,,,,,Y,,A,01,0,0,3,0,0,0,0,0,0,"- ","- ",35.936369999999997,-119.28545,TULARE,UNINCORPORATED,-119.39337999999999,36.022109999999998
6601483,2014,2014-09-09,5405,2014-08-27,1020,207,,3,5,4,5405,0,0,0,,0,002,"E ST","MORTON AV",180.00,N,N,A,-,N,,,,,,,,,,Y,4,0,1,1,A,-,08,22107,,N,E,I,A,-,H,-,A,D,0,,,,,Y,,-,,0,0,1,0,0,0,0,0,0,"- ","- ",,,TULARE,PORTERVILLE,-119.02024025,36.073663799999999
6601487,2014,2014-09-09,5405,2014-08-25,0811,222,,1,5,4,5405,0,0,0,,0,001,"MULBERRY AV","LU ANN PL",57.00,E,N,A,-,N,,,,,,,,,,Y,3,0,2,3,A,-,01,23152,E,N,C,E,A,A,H,-,A,D,0,,,,,Y,,-,,0,1,1,0,0,0,0,0,0,"- ","- ",,,TULARE,PORTERVILLE,-119.05874733,36.083970000000001
6601519,2014,2014-09-09,5405,2014-08-16,1509,186,,6,5,4,5405,0,0,0,,0,001,"HENDERSON AV","PORTER ST",62.00,E,N,A,-,N,,,,,,,,,,Y,4,0,1,2,A,-,08,22107,,N,B,C,A,A,H,-,A,A,0,,,,,Y,,A,01,0,0,1,0,0,0,0,0,0,"- ","- ",,,TULARE,PORTERVILLE,-119.03765045999999,36.080402390000003
6602763,2014,2016-05-11,9480,2014-08-14,1420,017108,,4,2,9,5400,0,1,3,,1,051,"RT 43","PALMER AV",552.00,S,N,A,-,Y,TUL,6,43,-,-,5.430,H,-,N,Y,4,0,1,1,A,-,08,22107,,N,F,A,A,A,H,-,A,D,0,,,,,Y,,A,01,0,0,1,0,0,0,0,0,0,"- ","- ",35.862879999999997,-119.38387,TULARE,UNINCORPORATED,-119.38432154,35.863451980000001
6605587,2014,2014-09-10,9480,2014-08-20,1604,016723,,3,2,9,5400,0,3,5,,2,001,"RD 80","RT 201",2112.00,N,N,A,-,N,,,,,,,,,,Y,3,0,2,1,A,-,08,22107,,N,E,I,A,A,H,-,A,D,0,,,,,Y,,A,01,0,1,1,0,0,0,0,0,0,"- ","- ",36.523200000000003,-119.39507999999999,TULARE,UNINCORPORATED,-119.39500988,36.523208160000003
6606199,2014,2015-04-20,9480,2014-06-24,1915,017311,,2,2,9,5400,0,1,3,,1,020,"RT 201","RD 56",0.00,,Y,A,-,Y,TUL,6,201,-,-,4.940,I,5,E,Y,1,2,2,3,A,-,12,22450,A,N,D,C,A,A,H,-,A,A,0,,,,Y,Y,,G,25,0,0,2,0,0,0,0,0,0,"- ","- ",36.517270000000003,-119.4487,TULARE,UNINCORPORATED,-119.44869735,36.51737808
6610630,2014,2014-09-19,9481,2014-08-26,0600,16065,,2,1,9,5400,0,3,5,,2,030,"COUNTY LINE RD","ZACHARY AV",80.00,E,N,A,-,N,,,,,,,,,,Y,3,0,1,2,A,-,03,22350,,N,C,C,A,A,H,-,A,D,0,,,,Y,Y,,A,01,0,1,0,0,0,0,0,0,0,"- ","- ",35.790579999999999,-119.18810999999999,TULARE,UNINCORPORATED,-119.187271,35.790535269999999
6622994,2014,2014-10-02,9480,2014-09-03,0626,016723,,3,1,9,5400,0,3,5,,2,002,"AVE 328","RD 108",4752.00,W,N,A,-,N,,,,,,,,,,Y,3,0,2,2,A,-,03,22350,,N,C,C,A,A,H,-,B,D,0,,,,,Y,,A,01,0,1,1,0,0,0,0,0,0,"- ","- ",36.385379999999998,-119.34894,TULARE,UNINCORPORATED,-119.34833657999999,36.385314800000003
6625606,2014,2015-05-05,5405,2014-08-27,0639,222,,3,5,4,5405,0,0,0,,0,SECTOR,"NORTH WESTWOOD ST","PORTER CREEK AV",117.00,S,N,A,-,N,,,,,,,,,,Y,3,0,1,1,A,-,08,22107,,N,E,I,A,A,H,-,A,D,0,,,,,Y,,-,,0,1,0,0,0,0,0,0,0,"- ","- ",,,TULARE,PORTERVILLE,-119.07080999999999,36.081968979999999
6627467,2014,2016-05-13,9480,2014-09-12,1352,016233,,5,1,9,5400,0,1,3,,2,093,"RT 99","THOMPSON RD",63.00,W,N,A,-,Y,TUL,6,99,-,-,19.295,R,1,N,Y,3,0,1,2,A,-,03,22350,,N,F,C,A,A,H,-,A,D,1,,,,Y,Y,,G,25,0,1,0,0,0,0,0,0,0,"- ","- ",36.06465,-119.31268,TULARE,UNINCORPORATED,-119.31311651999999,36.06366431
6627519,2014,2014-11-03,9480,2014-09-03,0730,016723,,3,1,9,5400,0,3,5,,2,002,"AVE 328","ROAD 108",40.00,E,N,A,-,N,,,,,,,,,,Y,4,0,2,3,A,-,03,22350,,N,C,C,A,A,H,-,A,A,0,,,,,Y,,D,22,0,0,2,0,0,0,0,0,0,"- ","- ",36.385550000000002,-119.33143,TULARE,UNINCORPORATED,-119.33207424,36.38547045
6629808,2014,2014-10-01,5405,2014-09-02,1940,203,,2,5,4,5405,0,0,0,,0,001,"HENDERSON AV","NEWCOMB AV",1000.00,E,N,A,-,N,,,,,,,,,,N,4,0,1,2,A,-,09,21804,A,N,D,C,A,A,H,-,C,D,0,,,,,Y,,-,,0,0,1,0,0,0,0,0,0,"- ","- ",,,TULARE,PORTERVILLE,-119.04949007,36.080370549999998
6629812,2014,2016-02-08,5405,2014-09-08,2105,203,,1,5,4,5405,0,0,0,,0,004,"JAYE ST","VANDALIA AV",0.00,,Y,A,-,N,,,,,,,,,,Y,4,0,1,2,A,-,12,21453,A,F,D,C,A,A,H,-,C,A,0,,,,,Y,,-,,0,0,1,0,0,0,0,0,0,"- ","- ",,,TULARE,PORTERVILLE,-119.02623006,36.053510080000002
6632795,2014,2014-10-07,5407,2014-08-03,2114,A14,480,7,5,5,5407,0,0,0,,0,026,"MINERAL KING AV","BRIDGE ST",0.00,,Y,A,-,N,,,,,,,,,,Y,3,0,2,2,A,-,12,21453,A,N,D,C,A,A,H,-,C,A,0,,,,,Y,,A,01,0,2,0,0,0,0,0,0,0,"- ","- ",,,TULARE,VISALIA,-119.28894991,36.327440070000002
6634088,2014,2014-11-03,9480,2014-09-15,0705,16046,,1,1,9,5400,0,3,5,,2,003,"AVE 144","ROAD 96",1056.00,W,N,A,-,N,,,,,,,,,,Y,4,0,1,2,A,-,03,22350,,N,C,C,A,A,H,-,A,D,0,,,,,Y,,A,01,0,0,1,0,0,0,0,0,0,"- ","- ",36.051200000000001,-119.36521,TULARE,UNINCORPORATED,-119.36120882,36.051153980000002
6634869,2014,2014-10-07,5407,2014-08-22,1257,M203,480,5,5,5,5407,0,0,0,,0,033,TULARE,CONYER,0.00,,Y,A,-,N,,,,,,,,,,Y,4,0,2,2,A,-,12,21453,A,N,D,C,A,A,H,-,A,A,0,,,,,Y,,D,22,0,0,2,0,0,0,0,0,0,"- ","- ",,,TULARE,VISALIA,-119.30098988,36.32005006
6638041,2014,2014-10-01,5407,2014-08-31,1244,A160,480,7,5,5,5407,0,0,0,,0,011,CHINOWTH,NICHOLAS,348.00,N,N,A,-,N,,,,,,,,,,Y,4,0,1,2,A,-,08,22107,,N,C,E,A,A,H,-,A,D,0,,,,,Y,,A,01,0,0,1,0,0,0,0,0,0,"- ","- ",,,TULARE,VISALIA,-119.33630300999999,36.336774820000002
6638054,2014,2014-10-01,5407,2014-08-18,1820,267,480,1,5,5,5407,0,0,0,,0,025,"WILLIS ST","MAIN ST",0.00,,Y,A,-,N,,,,,,,,,,Y,3,0,1,2,A,-,09,21801,A,N,D,C,A,A,H,-,A,A,0,,,Y,,Y,,A,01,0,1,0,0,0,0,0,0,1,"- ","- ",,,TULARE,VISALIA,-119.29771992000001,36.330160100000001
6638059,2014,2014-10-01,5407,2014-08-11,0941,M218,480,1,5,5,5407,0,0,0,,0,025,MAIN,WILLIS,0.00,,Y,A,-,N,,,,,,,,,,Y,3,0,2,2,A,-,12,21453,A,N,D,C,A,A,H,-,A,A,0,,,,,Y,,A,01,0,1,1,0,0,0,0,0,0,"- ","- ",,,TULARE,VISALIA,-119.29771992000001,36.330160100000001
6639070,2014,2014-11-03,9481,2014-09-14,0520,016065,,7,3,9,5400,0,3,5,,2,030,"RD 208","AVE 112",2640.00,N,N,A,-,N,,,,,,,,,,Y,3,0,1,1,A,-,08,22107,,N,F,A,A,A,H,-,D,D,0,,,,,Y,,A,01,0,1,0,0,0,0,0,0,0,"- ","- ",,,TULARE,UNINCORPORATED,-119.10743001,36.000523880000003
6646350,2014,2014-11-10,5405,2014-09-20,1918,169,,6,5,4,5405,0,0,0,,0,003,"MAIN ST","THURMAN AV",28.00,S,N,A,-,N,,,,,,,,,,N,4,0,1,2,A,-,03,22350,,N,C,C,A,A,H,-,B,A,0,,,,,Y,,A,01,0,0,1,0,0,0,0,0,0,"- ","- ",,,TULARE,PORTERVILLE,-119.01618185,36.071303190000002
6648473,2014,2014-12-05,9480,2014-10-05,1825,19186,,7,2,9,5400,0,1,3,,2,093,"RT 99","PAIGE AV",5280.00,S,N,A,-,Y,,,,,,,,,,Y,4,0,2,3,A,-,01,23152,A,N,C,C,A,A,H,-,D,D,0,,,,,Y,Y,D,22,0,0,2,0,0,0,0,0,0,"- ","- ",36.171239999999997,-119.33067,TULARE,UNINCORPORATED,-119.33116674,36.16783616
6658579,2014,2014-12-11,9480,2014-10-10,1715,018563,,5,2,9,5400,0,3,5,,2,001,"RD 80","RT 201",160.00,S,N,A,-,Y,,,,,,,,,,Y,4,0,1,2,A,-,08,22107,,N,D,C,A,A,-,-,A,D,0,,,,,Y,,A,08,0,0,1,0,0,0,0,0,0,"- ","- ",36.516280000000002,-119.39476999999999,TULARE,UNINCORPORATED,,
6658785,2014,2014-12-18,9481,2014-10-07,0630,015218,,2,1,9,5400,0,3,5,,2,030,"AVENUE 56","ROAD 192",495.00,E,N,A,-,N,,,,,,,,,,Y,4,0,2,2,A,-,08,22107,,N,D,C,A,A,H,-,D,D,0,,,,,Y,,E,22,0,0,2,0,0,0,0,0,0,"- ","- ",35.891770000000001,-119.14221000000001,TULARE,UNINCORPORATED,-119.14201076000001,35.891845400000001
6659667,2014,2014-11-14,9480,2014-10-04,2300,017778,,6,3,9,5400,0,3,5,,2,004,"MINERAL KING RD","OAK GROVE DR",17424.00,S,N,A,-,N,,,,,,,,,,Y,2,0,1,1,A,-,08,22107,,N,E,I,A,A,H,-,D,D,0,,,,,Y,Y,A,01,1,0,0,0,0,0,0,0,0,"- ","- ",36.453510000000001,-118.82438999999999,TULARE,UNINCORPORATED,-118.84656,36.471609999999998
6659679,2014,2014-11-14,9480,2014-10-01,0800,016723,,3,1,9,5400,0,1,3,,1,021,"AVENUE 416","RT 63",0.00,,Y,A,-,Y,,,,,,,,,,Y,4,0,1,2,A,-,09,21801,A,N,A,C,A,A,H,-,A,A,0,,,,,Y,,A,01,0,0,1,0,0,0,0,0,0,"- ","- ",36.544750000000001,-119.28673000000001,TULARE,UNINCORPORATED,,
6667388,2014,2015-05-30,9480,2014-10-05,0118,018563,,7,3,9,5400,0,1,3,,2,091,"RT 99","BETTY DR",1320.00,N,N,A,-,Y,,,99,,,,,,,Y,4,0,3,1,A,-,08,22107,,N,E,I,A,A,D,-,D,D,0,,,,,Y,,A,01,0,0,3,0,0,0,0,0,0,"- ","- ",36.355739999999997,-119.42846,TULARE,UNINCORPORATED,-119.42842567,36.35574269
6668333,2014,2014-12-15,5404,2014-10-08,1700,L28,20L,3,5,2,5404,0,0,0,,0,,"ONO CITY PKWY",SEQUOIA,442.00,E,N,A,-,N,,,,,,,,,,N,3,0,1,2,A,-,09,21802,A,N,G,B,E,A,H,-,A,D,0,Y,,,,Y,,N,60,0,1,0,0,1,0,0,0,0,"- ","- ",,,TULARE,LINDSAY,,
6669100,2014,2014-12-15,9480,2014-10-07,0525,012046,,2,3,9,5400,0,3,5,,2,001,"AVE 328","RD 80",0.00,,Y,A,-,N,,,,,,,,,,Y,4,0,1,2,A,-,09,21801,A,N,B,C,A,A,H,-,C,A,0,,,,,Y,,A,01,0,0,1,0,0,0,0,0,0,"- ","- ",36.385359999999999,-119.39463000000001,TULARE,UNINCORPORATED,-119.39460397000001,36.385359989999998
6669104,2014,2014-12-15,9480,2014-10-08,1740,016145,,3,2,9,5400,0,3,5,,2,002,"RD 124","AVE 419",230.00,N,N,A,-,N,,,,,,,,,,Y,2,0,1,1,A,-,08,22107,,N,E,I,A,A,H,-,A,A,0,,,,,Y,,A,07,1,0,0,0,0,0,0,0,0,"- ","- ",36.325659999999999,-119.34621,TULARE,UNINCORPORATED,-119.29595349,36.550851129999998
6669108,2014,2014-12-15,9480,2014-10-11,1705,017854,,6,2,9,5400,0,1,3,,1,044,"RT 198","PIERCE DR",800.00,W,N,A,-,Y,,,198,,,,,,,Y,3,0,1,1,A,-,01,23152,A,N,E,I,A,A,H,-,A,D,0,,,Y,,Y,Y,C,02,0,1,0,0,0,0,0,0,1,"- ","- ",36.411709999999999,-118.93468,TULARE,UNINCORPORATED,-118.93467857,36.411696640000002
6674743,2014,2014-12-23,9480,2014-10-20,1529,012251,,1,2,9,5400,0,3,5,,2,006,"ROAD 164","AVENUE 264",2587.00,S,N,A,-,N,,,,,,,,,,Y,4,0,1,2,A,-,08,22107,,N,D,C,A,A,H,-,A,D,0,,,,,Y,,A,07,0,0,1,0,0,0,0,0,0,"- ","- ",36.26155,-119.20708,TULARE,UNINCORPORATED,-119.20701295000001,36.261552450000003
6674972,2014,2014-11-07,5407,2014-09-21,1631,A245,480,7,5,5,5407,0,0,0,,0,034,TULARE,WATSON,27.00,W,N,A,-,N,,,,,,,,,,N,3,0,2,2,A,-,03,22350,,N,C,C,A,A,H,-,A,A,0,,,,,Y,,A,08,0,1,1,0,0,0,0,0,0,"- ","- ",,,TULARE,VISALIA,-119.29605156,36.320100279999998
6679398,2014,2014-12-19,9480,2014-10-13,1950,016856,,1,2,9,5400,0,3,5,,2,006,"TURNER DR","FOSTER DR",5280.00,S,N,A,-,N,,,,,,,,,,Y,4,0,1,1,A,-,08,22107,,N,E,I,A,A,H,-,A,D,0,,,,,Y,,A,01,0,0,1,0,0,0,0,0,0,"- ","- ",36.173589999999997,-119.30265,TULARE,UNINCORPORATED,-119.30406782999999,36.174470239999998
6680825,2014,2014-12-15,5405,2014-10-20,1623,186,,1,5,4,5405,0,0,0,,0,003,"OLIVE AV","F ST",0.00,,Y,A,-,N,,,,,,,,,,Y,4,0,2,2,A,-,09,21802,A,N,D,C,A,A,H,-,A,A,0,,,,,Y,,A,08,0,0,2,0,0,0,0,0,0,"- ","- ",,,TULARE,PORTERVILLE,-119.02135009,36.065270060000003
6680830,2014,2014-12-12,5405,2014-10-10,1830,202,5405,5,5,4,5405,0,0,0,,0,004,"OLIVE AV","CHESS TER",57.00,E,N,A,-,N,,,,,,,,,,N,2,0,1,2,A,-,11,21954,A,F,G,B,D,A,H,-,B,A,0,Y,,,,Y,Y,N,60,1,0,0,0,1,0,0,0,0,"- ","- ",,,TULARE,PORTERVILLE,-119.03145739,36.066031889999998
6680831,2014,2014-12-12,5405,2014-10-11,1235,169,,6,5,4,5405,0,0,0,,0,001,"HENDERSON AV","PROSPECT ST",546.00,W,N,A,-,N,,,,,,,,,,N,3,0,1,2,A,-,08,22107,,N,D,G,A,A,H,-,A,A,0,,Y,,,Y,,A,01,0,1,0,0,0,0,1,0,0,"- ","- ",,,TULARE,PORTERVILLE,-119.04581532,36.080399579999998
6680833,2014,2014-12-12,5405,2014-10-07,0750,207,,2,5,4,5405,0,0,0,,0,001,"NEWCOMB ST",MULBERRY,25.00,N,N,A,-,N,,,,,,,,,,N,4,0,1,2,A,-,03,22350,,N,C,C,A,A,H,-,A,A,0,,,,,Y,,-,,0,0,1,0,0,0,0,0,0,"- ","- ",,,TULARE,PORTERVILLE,-119.05282809000001,36.084058579999997
6686902,2014,2014-12-08,9480,2014-10-20,1644,16046,,1,2,9,5400,0,3,5,,2,001,"AVE 416","ROAD 48",0.00,,Y,A,-,N,,,,,,,,,,Y,4,0,2,3,A,-,03,22350,,N,C,C,A,A,H,-,A,D,0,,,,,Y,Y,A,01,0,0,2,0,0,0,0,0,0,"- ","- ",36.546489999999999,-119.46662999999999,TULARE,UNINCORPORATED,-119.4667688,36.546483690000002
6686910,2014,2016-03-21,9480,2014-10-04,0605,016210,,6,1,9,5400,0,3,5,,2,002,"AVENUE 328","RT 63",1584.00,W,N,A,-,N,,,,,,,,,,Y,4,0,1,2,A,-,05,21650,,N,D,C,A,A,H,-,D,D,0,,,,,Y,,D,22,0,0,1,0,0,0,0,0,0,"- ","- ",36.385460000000002,-119.30251,TULARE,UNINCORPORATED,-119.30250943,36.385506829999997
6687069,2014,2014-12-22,9480,2014-10-20,0844,16046,,1,1,9,5400,0,1,3,,1,010,"RT 201","ROAD 74",357.00,W,N,A,-,Y,,,201,,,,,,,Y,3,0,3,2,A,-,12,22450,A,N,F,A,A,A,H,-,A,A,0,,,,,Y,,A,01,0,1,2,0,0,0,0,0,0,"- ","- ",36.517119999999998,-119.40996,TULARE,UNINCORPORATED,-119.40996054,36.51707734
6687071,2014,2014-12-22,9480,2014-10-24,1610,020612,,5,2,9,5400,0,1,3,,2,095,"RT 99","COUNTY LINE RD",5280.00,N,N,A,-,Y,,,99,,,,,,,Y,4,0,1,1,A,-,08,22107,,N,E,I,A,A,H,-,A,D,0,,,,,Y,,A,01,0,0,1,0,0,0,0,0,0,"- ","- ",35.810130000000001,-119.25677,TULARE,UNINCORPORATED,-119.25686905000001,35.810107049999999
6699234,2014,2014-11-19,9480,2014-10-28,0550,013914,,2,3,9,5400,0,1,3,,1,040,"RT 216","AVENUE 336",5423.00,W,N,A,-,Y,,,216,,,,,,,N,4,0,1,2,A,-,08,22107,,N,D,C,A,A,H,-,D,D,0,,,,,Y,,A,01,0,0,1,0,0,0,0,0,0,"- ","- ",36.39188,-119.18495,TULARE,UNINCORPORATED,-119.18493276,36.39184461
6700912,2014,2014-12-08,5406,2014-10-24,1042,40,A2,5,5,4,5406,0,0,0,,0,0NW,"N J ST",SANDRA,1113.00,N,N,A,-,N,,,,,,,,,,Y,3,0,1,2,A,-,08,22102,,N,D,C,A,A,H,-,A,D,0,,,,,Y,,A,08,0,1,0,0,0,0,0,0,0,"- ","- ",,,TULARE,TULARE,-119.35392047000001,36.233651049999999
6704678,2014,2015-01-13,9480,2014-11-06,1655,020612,,4,2,9,5400,0,1,3,,2,091,"RT 99","AVENUE 384",500.00,N,N,A,-,Y,,,99,,,,,,,N,4,0,1,2,D,-,00,,,N,C,C,A,A,D,-,D,D,0,,,,Y,Y,,-,"- ",0,0,1,0,0,0,0,0,0,"- ","- ",36.492190000000001,-119.52265,TULARE,UNINCORPORATED,-119.52257901999999,36.492309310000003
6704686,2014,2015-03-05,9480,2014-11-18,1155,012251,,2,1,9,5400,0,1,3,,1,060,"RT 137","ROAD 124",1260.00,W,N,B,-,Y,,,137,,,,,,,Y,4,0,1,2,A,-,05,21650,,N,A,C,A,A,H,-,A,D,0,,,,Y,Y,,A,01,0,0,1,0,0,0,0,0,0,"- ","- ",36.210979999999999,-119.30038,TULARE,UNINCORPORATED,-119.30038098,36.210938319999997
6708512,2014,2015-01-08,9480,2014-11-06,1926,019258,,4,2,9,5400,0,1,3,,2,095,"RT 99","COUNTY LINE RD",800.00,N,N,A,-,Y,,,99,,,,,,,Y,4,0,2,2,A,-,03,22350,,N,C,C,A,A,D,-,D,D,0,,,,,Y,,A,01,0,0,2,0,0,0,0,0,0,"- ","- ",35.797020000000003,-119.25423000000001,TULARE,UNINCORPORATED,-119.25413851,35.797040930000001
6713347,2014,2015-01-09,9481,2014-11-16,2025,18657,,7,2,9,5400,0,3,5,,2,030,"AVENUE 152","ROAD 184",528.00,W,N,A,-,N,,,,,,,,,,Y,4,0,1,1,C,-,18,,,N,H,H,A,A,H,-,D,D,0,,,,,Y,,-,"- ",0,0,1,0,0,0,0,0,0,"- ","- ",36.065800000000003,-119.16412,TULARE,UNINCORPORATED,-119.16283448,36.065729109999999
6719392,2014,2014-12-15,5407,2014-10-28,0831,C39,480,2,5,5,5407,0,0,0,,0,034,GIDDINGS,KAWEAH,0.00,,Y,A,-,N,,,,,,,,,,Y,3,0,1,3,A,-,09,21802,A,N,A,C,A,A,H,-,A,A,0,,,,,Y,,A,07,0,1,0,0,0,0,0,0,0,"- ","- ",,,TULARE,VISALIA,-119.30544997,36.325600039999998