CASE_ID,ACCIDENT_YEAR,PROC_DATE,JURIS,COLLISION_DATE,COLLISION_TIME,OFFICER_ID,REPORTING_DISTRICT,DAY_OF_WEEK,CHP_SHIFT,POPULATION,CNTY_CITY_LOC,SPECIAL_COND,BEAT_TYPE,CHP_BEAT_TYPE,CITY_DIVISION_LAPD,CHP_BEAT_CLASS,BEAT_NUMBER,PRIMARY_RD,SECONDARY_RD,DISTANCE,DIRECTION,INTERSECTION,WEATHER_1,WEATHER_2,STATE_HWY_IND,CALTRANS_COUNTY,CALTRANS_DISTRICT,STATE_ROUTE,ROUTE_SUFFIX,POSTMILE_PREFIX,POSTMILE,LOCATION_TYPE,RAMP_INTERSECTION,SIDE_OF_HWY,TOW_AWAY,COLLISION_SEVERITY,NUMBER_KILLED,NUMBER_INJURED,PARTY_COUNT,PRIMARY_COLL_FACTOR,PCF_CODE_OF_VIOL,PCF_VIOL_CATEGORY,PCF_VIOLATION,PCF_VIOL_SUBSECTION,HIT_AND_RUN,TYPE_OF_COLLISION,MVIW,PED_ACTION,ROAD_SURFACE,ROAD_COND_1,ROAD_COND_2,LIGHTING,CONTROL_DEVICE,CHP_ROAD_TYPE,PEDESTRIAN_ACCIDENT,BICYCLE_ACCIDENT,MOTORCYCLE_ACCIDENT,TRUCK_ACCIDENT,NOT_PRIVATE_PROPERTY,ALCOHOL_INVOLVED,STWD_VEHTYPE_AT_FAULT,CHP_VEHTYPE_AT_FAULT,COUNT_SEVERE_INJ,COUNT_VISIBLE_INJ,COUNT_COMPLAINT_PAIN,COUNT_PED_KILLED,COUNT_PED_INJURED,COUNT_BICYCLIST_KILLED,COUNT_BICYCLIST_INJURED,COUNT_MC_KILLED,COUNT_MC_INJURED,PRIMARY_RAMP,SECONDARY_RAMP,LATITUDE,LONGITUDE,COUNTY,CITY,POINT_X,POINT_Y
6723384,2014,2014-12-11,5407,2014-10-14,1622,M214,480,2,5,5,5407,0,0,0,,0,026,"SANTA FE ST","ACEQUIA AV",0.00,,Y,A,-,N,,,,,,,,,,N,3,0,1,2,A,-,09,21802,A,N,D,G,A,A,H,-,A,A,0,,Y,,,Y,,D,22,0,1,0,0,0,0,1,0,0,"- ","- ",,,TULARE,VISALIA,-119.28780999,36.329240030000001
6736371,2014,2015-01-28,9480,2014-12-02,1755,12046,,2,2,9,5400,0,1,3,,1,010,"RT 201","RD 48",0.00,,Y,B,-,Y,,,201,,,,,,,Y,3,0,4,2,A,-,09,21801,A,N,A,C,A,A,H,-,D,D,0,,,,,Y,,A,07,0,1,3,0,0,0,0,0,0,"- ","- ",36.518000000000001,-119.46680000000001,TULARE,UNINCORPORATED,-119.46680376,36.517518500000001
6740046,2015,2015-05-27,9480,2015-03-05,1755,017311,,4,2,9,5400,0,1,3,,1,010,"RT 201","MADSEN AV",2112.00,E,N,A,-,Y,TUL,6,201,-,-,0.310,H,-,E,Y,1,1,0,2,A,-,08,22107,,N,B,C,A,A,H,-,B,D,0,,,,Y,Y,,A,01,0,0,0,0,0,0,0,0,0,"- ","- ",36.517870000000002,-119.53113,TULARE,UNINCORPORATED,-119.53168066000001,36.517877319999997
6745526,2014,2015-01-20,9480,2014-11-20,1735,017854,,4,2,5,5407,0,3,5,,2,006,"AVE 288","RD 156",475.00,E,N,B,-,N,,,,,,,,,,N,4,0,1,2,A,-,08,22107,,N,G,B,E,A,H,-,D,D,0,Y,,,,Y,,A,08,0,0,1,0,1,0,0,0,0,"- ","- ",36.297939999999997,-119.22268,TULARE,VISALIA,-119.22307976,36.31243181
6746618,2014,2016-03-21,5407,2014-11-04,1014,M218,480,2,5,5,5407,0,0,0,,0,033,"SANTA FE",NOBLE,0.00,,Y,A,-,N,,,,,,,,,,Y,4,0,1,2,A,-,12,21453,A,N,D,C,A,A,H,-,A,A,0,,,,,Y,,D,22,0,0,1,0,0,0,0,0,0,"- ","- ",,,TULARE,VISALIA,-119.28773993999999,36.32640001
6746802,2014,2015-01-26,5407,2014-11-15,0030,A249,480,6,5,5,5407,0,0,0,,0,025,CENTER,HALL,0.00,,Y,A,-,N,,,,,,,,,,Y,3,0,2,1,A,-,01,23152,A,N,A,I,A,A,H,-,C,A,0,,,,,Y,Y,A,,0,2,0,0,0,0,0,0,0,"- ","- ",,,TULARE,VISALIA,-119.30877995,36.330980080000003
6746814,2014,2015-01-26,5407,2014-11-07,1923,A33,480,5,5,5,5407,0,0,0,,0,026,BRIDGE,"MINERAL KING",0.00,,Y,A,-,N,,,,,,,,,,Y,3,0,3,2,A,-,12,21453,A,N,D,C,A,A,H,-,C,A,0,,,,,Y,,A,,0,1,2,0,0,0,0,0,0,"- ","- ",,,TULARE,VISALIA,-119.28894991,36.327440070000002
6747791,2014,2015-02-12,9480,2014-12-10,0740,020612,,3,1,9,5400,0,3,5,,2,004,"AVENUE 320","ROAD 132",1090.00,W,N,B,E,N,,,,,,,,,,Y,4,0,1,2,A,-,09,21804,A,N,D,C,A,B,F,H,B,D,0,,,,,Y,,D,22,0,0,1,0,0,0,0,0,0,"- ","- ",36.371029999999998,-119.2824,TULARE,UNINCORPORATED,-119.28239644,36.370960449999998
6747807,2014,2015-01-30,9480,2014-12-05,2225,017854,,5,3,9,5400,0,3,5,,2,002,"AV 424","RD 104",0.00,,Y,A,-,N,,,,,,,,,,Y,3,0,2,2,A,-,09,21802,A,M,D,C,A,A,H,-,D,A,0,,,,,Y,,A,01,0,1,1,0,0,0,0,0,0,"- ","- ",36.559730000000002,-119.34057,TULARE,UNINCORPORATED,-119.34056991999999,36.559730070000001
6748164,2014,2015-02-03,9480,2014-12-14,0825,013914,,7,1,9,5400,0,1,3,,1,045,"RT 245","AV 322",408.00,S,N,B,E,Y,,,245,,,,,,,Y,4,0,1,2,A,-,01,23152,A,N,C,C,A,A,H,-,A,D,0,,,,,Y,Y,A,01,0,0,1,0,0,0,0,0,0,"- ","- ",36.371090000000002,-119.09824999999999,TULARE,UNINCORPORATED,-119.09820007,36.371091270000001
6748314,2014,2015-02-02,9480,2014-12-10,2030,18742,,3,2,9,5400,0,3,5,,2,002,"RD 120","AV 384",0.00,,Y,A,-,N,,,,,,,,,,Y,2,0,2,1,A,-,01,23152,A,N,E,I,A,A,H,-,C,A,0,,,,,Y,Y,A,01,2,0,0,0,0,0,0,0,0,"- ","- ",36.486960000000003,-119.30445,TULARE,UNINCORPORATED,-119.30442995,36.486900089999999
6748957,2014,2016-03-21,5406,2014-12-04,1835,211,,4,5,4,5406,0,0,0,,0,001,"NORTH GRAND AV","RT 65",405.00,W,N,A,-,N,,,,,,,,,,Y,4,0,2,2,A,-,03,22350,,N,C,C,A,A,H,-,C,A,0,,,,,Y,,-,,0,0,2,0,0,0,0,0,0,"- ","- ",,,TULARE,TULARE,-119.0415891,36.098274050000001
6748960,2014,2015-02-03,5405,2014-12-07,0030,224,,7,5,4,5405,0,0,0,,0,001,"HENDERSON AV","KENSINGTON WY",0.00,,Y,A,-,N,,,,,,,,,,Y,3,0,1,3,A,-,12,22450,A,F,A,C,A,A,H,-,C,A,0,,,,,Y,,-,,0,1,0,0,0,0,0,0,0,"- ","- ",,,TULARE,PORTERVILLE,-119.06832011,36.080300059999999
6748962,2014,2015-02-03,5405,2014-12-02,0610,191,,2,5,4,5405,0,0,0,,0,,"NEWCOMB ST","PIONEER AV",0.00,,Y,-,-,N,,,,,,,,,,Y,4,0,1,2,A,-,09,21802,A,N,-,-,A,-,-,-,-,-,0,,,,,Y,,-,,0,0,1,0,0,0,0,0,0,"- ","- ",,,TULARE,PORTERVILLE,-119.05289001,36.09121012
6750054,2014,2015-02-18,5404,2014-12-16,1844,L16,PSC,2,5,2,5404,0,0,0,,0,20C,"RT 65",TULARE,12.00,S,N,A,-,Y,,,,,,,,,,Y,4,0,5,3,A,-,"- ",,,N,-,C,A,A,H,-,C,A,0,,,,,Y,,D,22,0,0,5,0,0,0,0,0,0,"- ","- ",,,TULARE,LINDSAY,-119.11202,36.210680000000004
6763696,2014,2015-02-03,9481,2014-12-16,1700,18657,,2,2,9,5400,0,3,5,,2,050,"TULE RIVER DR","MALCOLM DR",528.00,W,N,A,-,N,,,,,,,,,,N,4,0,2,2,A,-,05,21650,,N,A,C,A,A,H,-,C,D,0,,,,,Y,,A,07,0,0,2,0,0,0,0,0,0,"- ","- ",36.124139999999997,-118.82120999999999,TULARE,UNINCORPORATED,-118.82181215,36.123242849999997
6766492,2014,2015-02-10,5407,2014-12-11,0251,A109,400,4,5,5,5407,0,0,0,,0,034,DOROTHEA,STOVER,123.00,W,N,A,-,N,,,,,,,,,,Y,3,0,1,2,A,-,01,23152,,N,E,E,A,A,H,-,C,D,0,,,,,Y,,A,01,0,1,0,0,0,0,0,0,0,"- ","- ",,,TULARE,VISALIA,-119.27640389,36.300520779999999
6767120,2014,2015-02-04,9480,2014-12-20,1005,15282,,6,1,9,5400,0,3,5,,2,002,"AVENUE 404","ROAD 140",0.00,,Y,B,-,N,,,,,,,,,,Y,4,0,1,2,A,-,09,21802,A,M,D,C,A,A,H,-,A,A,0,,,,,Y,,A,01,0,0,1,0,0,0,0,0,0,"- ","- ",36.522660000000002,-119.25977,TULARE,UNINCORPORATED,-119.25974988,36.522610010000001
6768966,2015,2016-12-01,9481,2015-04-01,1605,17957,,3,2,9,5400,0,1,3,,1,012,"RD 228","RT 65",0.00,,Y,A,-,Y,TUL,6,65,-,-,29.491,I,5,N,Y,4,0,3,2,A,-,09,21801,,N,D,C,A,A,H,-,A,A,0,,,,,Y,,A,07,0,0,3,0,0,0,0,0,0,"- ","- ",36.134410000000003,-119.06404999999999,TULARE,UNINCORPORATED,-119.10452054,36.203449339999999
6773329,2014,2015-02-13,5406,2014-12-04,1923,42,B3,4,5,4,5406,0,0,0,,0,0ES,"CROSS AV",AUBURN,110.00,W,N,A,-,N,,,,,,,,,,Y,4,0,1,2,A,-,"- ",,,F,H,G,A,A,H,-,E,D,0,,Y,,,Y,,A,01,0,0,1,0,0,0,1,0,0,"- ","- ",,,TULARE,TULARE,-119.33913002,36.21467509
6776998,2014,2015-02-17,5405,2014-12-29,1240,186,,1,5,4,5405,0,0,0,,0,004,"INDIANA ST","OLIVE AV",23.00,S,N,A,-,N,,,,,,,,,,N,4,0,1,2,A,-,03,22350,,N,C,C,A,A,H,-,A,A,0,,,,,Y,,A,07,0,0,1,0,0,0,0,0,0,"- ","- ",,,TULARE,PORTERVILLE,-119.03518,36.065916889999997
6777836,2015,2016-09-15,9480,2015-01-16,1345,017108,,5,1,9,5400,0,1,3,,2,095,"RT 99","AVE 96",1153.00,S,N,A,-,Y,TUL,6,99,-,-,12.080,H,-,N,N,4,0,1,2,A,-,07,21658,A,N,B,C,A,A,B,-,A,D,1,,,,Y,Y,,G,27,0,0,1,0,0,0,0,0,0,"- ","- ",35.96105,-119.29058999999999,TULARE,UNINCORPORATED,-119.29055633,35.961210209999997
6780494,2014,2015-01-26,5407,2014-11-30,1750,A203,480,7,5,5,5407,0,0,0,,0,033,BRIDGE,NOBLE,0.00,,Y,B,-,N,,,,,,,,,,Y,4,0,3,2,A,-,12,21453,A,N,D,C,A,B,H,-,C,A,0,,,,,Y,,A,01,0,0,3,0,0,0,0,0,0,"- ","- ",,,TULARE,VISALIA,-119.28893988999999,36.32640001
6781690,2015,2015-02-20,9481,2015-01-15,2300,018830,,4,3,9,5400,0,3,5,,2,020,"REID AV","LIME ST",1320.00,E,N,B,-,N,,,,,,,,,,Y,3,0,2,1,A,-,08,22107,,N,E,I,A,B,H,-,D,D,0,,,,,Y,,A,01,0,2,0,0,0,0,0,0,0,"- ","- ",36.096899999999998,-119.01627999999999,TULARE,UNINCORPORATED,-119.0133379,36.096454610000002
6786098,2015,2015-07-30,9481,2015-01-11,1035,14265,,7,1,9,5400,0,3,5,,2,010,"ROAD 188","AVENUE 208",0.00,,Y,B,-,N,,,,,,,,,,Y,4,0,1,4,A,-,12,22450,A,N,D,C,A,B,H,-,A,A,0,,,,,Y,,D,22,0,0,1,0,0,0,0,0,0,"- ","- ",36.167290000000001,-119.15309000000001,TULARE,UNINCORPORATED,-119.15283997,36.167240049999997
6799821,2015,2015-02-24,5405,2015-01-18,1528,107,,7,5,4,5405,0,0,0,,0,001,"HENDERSON AV","PROSPECT ST",739.00,W,N,A,-,N,,,,,,,,,,N,3,0,1,2,A,-,05,21650,1,N,D,G,A,A,H,-,A,D,0,,Y,,,Y,,L,04,0,1,0,0,0,0,1,0,0,"- ","- ",,,TULARE,PORTERVILLE,-119.04646760999999,36.080392349999997
6799826,2015,2015-02-24,5405,2015-01-13,1440,186,,2,5,4,5405,0,0,0,,0,004,"OLIVE AV","ATKINS ST",0.00,,Y,A,-,N,,,,,,,,,,Y,4,0,1,2,A,-,09,21801,A,N,D,C,A,A,H,-,A,A,0,,,,,Y,,A,07,0,0,1,0,0,0,0,0,0,"- ","- ",,,TULARE,PORTERVILLE,-119.04723011999999,36.065890109999998
6801856,2015,2015-04-09,9480,2015-01-30,1012,20612,,5,1,9,5400,0,3,5,,2,001,"RD 80","AVENUE 360",0.00,,Y,A,-,N,,,,,,,,,,Y,2,0,2,2,A,-,12,21453,A,N,D,C,A,A,H,-,A,A,0,,,,Y,Y,,G,27,1,0,1,0,0,0,0,0,0,"- ","- ",36.26652,-119.23688,TULARE,UNINCORPORATED,-119.3948505,36.443961000000002
6804926,2015,2015-04-09,9481,2015-02-01,1155,14265,,7,1,9,5400,0,3,5,,2,020,"LINDMORE ST","LINDSAY ST",0.00,,Y,A,-,N,,,,,,,,,,Y,3,0,1,2,A,-,09,21802,A,N,D,C,A,A,H,-,A,A,0,,,,,Y,,D,22,0,1,0,0,0,0,0,0,0,"- ","- ",36.196040000000004,-119.09097,TULARE,UNINCORPORATED,-119.09121008,36.196120049999998
6809994,2015,2015-03-04,5405,2015-01-29,1158,207,,4,5,4,5405,0,0,0,,0,004,"OLIVE AV","JAYE ST",60.00,E,N,A,-,N,,,,,,,,,,N,3,0,1,2,A,-,12,21453,A,N,B,C,A,A,H,-,A,A,0,,,,,Y,,-,,0,1,0,0,0,0,0,0,0,"- ","- ",,,TULARE,PORTERVILLE,-119.02586588,36.065882459999997
6811386,2015,2016-10-20,9480,2015-01-20,1845,16856,,2,2,9,5400,0,1,3,,1,034,"RT 198","RT 99",20.00,W,N,B,-,Y,TUL,6,198,-,R,38.688,R,1,W,Y,4,0,1,1,C,-,18,,,N,E,J,A,B,H,-,C,D,0,,,,,Y,,-,"- ",0,0,1,0,0,0,0,0,0,WO,"- ",36.326259999999998,-119.40716999999999,TULARE,UNINCORPORATED,-118.90424650999999,36.44052507
6811932,2015,2016-09-15,9480,2015-01-26,1530,012568,,1,2,9,5400,0,3,5,,2,003,"AVE 280","RT 99",66.00,W,N,B,-,Y,TUL,6,99,-,-,36.269,R,4,S,Y,4,0,1,2,A,-,09,21801,A,N,D,C,A,A,H,-,A,D,1,,,,,Y,,A,01,0,0,1,0,0,0,0,0,0,"- ","- ",36.298009999999998,-119.38523000000001,TULARE,UNINCORPORATED,-119.38373473,36.296270530000001
6812529,2015,2015-03-30,9480,2015-01-21,1021,015875,,3,1,9,5400,0,3,5,,2,003,"AVE 248","RD 68",0.00,,Y,B,-,N,,,,,,,,,,Y,4,0,1,2,A,-,09,21802,A,N,D,C,A,A,H,-,A,A,0,,,,Y,Y,,G,25,0,0,1,0,0,0,0,0,0,"- ","- ",36.240079999999999,-119.4212,TULARE,UNINCORPORATED,-119.42111988000001,36.239860010000001
6812530,2015,2015-03-12,9480,2015-02-03,1153,14628,,2,1,9,5400,0,3,5,,2,001,"BREWER DR","AVE 368",80.00,N,N,A,-,N,,,,,,,,,,Y,4,0,1,2,A,-,03,22350,,N,C,C,A,A,H,-,A,D,0,,,,Y,Y,,A,01,0,0,1,0,0,0,0,0,0,"- ","- ",36.459350000000001,-119.47445,TULARE,UNINCORPORATED,-119.47452835,36.459179550000002
6815989,2015,2016-10-31,9480,2015-02-04,0810,018861,,3,1,9,5400,0,1,3,,1,051,"RT 43","AVE 120",88.00,S,N,E,-,Y,TUL,6,43,-,R,17.080,H,-,N,N,4,0,1,2,A,-,03,22350,,N,C,C,A,A,H,-,A,D,0,,,,,Y,,A,01,0,0,1,0,0,0,0,0,0,"- ","- ",36.00694,-119.48961,TULARE,UNINCORPORATED,-119.48977278,36.00708771
6816249,2015,2015-03-06,5405,2015-02-03,1700,186,,2,5,4,5405,0,0,0,,0,003,"PUTNAM AV","3RD ST",0.00,,Y,A,-,N,,,,,,,,,,N,4,0,1,2,A,-,10,21950,A,N,G,B,B,A,H,-,B,A,0,Y,,,,Y,,A,01,0,0,1,0,1,0,0,0,0,"- ","- ",,,TULARE,PORTERVILLE,-119.01424009,36.06946009
6818846,2015,2015-02-26,5407,2015-01-23,0817,M33,480,5,5,5,5407,0,0,0,,0,026,MCAULIFF,"ST JOHNS PKWY",100.00,N,N,B,-,N,,,,,,,,,,Y,4,0,2,2,A,-,08,22107,,N,D,C,A,A,H,-,A,A,0,,,,,Y,,A,01,0,0,2,0,0,0,0,0,0,"- ","- ",,,TULARE,VISALIA,-119.25203734,36.345824399999998
6818854,2015,2015-02-26,5407,2015-01-18,1803,A260,480,7,5,5,5407,0,0,0,,0,012,WALNUT,TERRACE,0.00,,Y,A,-,N,,,,,,,,,,N,3,0,1,2,A,-,09,21802,A,N,-,G,A,-,H,-,C,A,0,,Y,,,Y,,A,08,0,1,0,0,0,0,1,0,0,"- ","- ",,,TULARE,VISALIA,-119.31986999,36.312930049999999
6818858,2015,2015-03-06,5407,2015-01-16,1316,M222,480,5,5,5,5407,0,0,0,,0,012,WOODLAND,NOBLE,0.00,,Y,B,-,N,,,,,,,,,,Y,3,0,3,2,A,-,12,21453,A,N,D,C,A,A,H,-,-,A,0,,,,,Y,,A,01,0,1,2,0,0,0,0,0,0,"- ","- ",,,TULARE,VISALIA,-119.31847993,36.326930109999999
6820685,2015,2016-10-20,9480,2015-02-06,1633,016233,,5,2,9,5400,0,1,3,,1,064,"RT 198","LINWOOD ST",709.00,W,N,A,-,Y,TUL,6,198,-,-,7.120,H,-,E,Y,3,0,3,3,A,-,07,21658,A,N,B,C,A,A,-,-,A,D,1,,,,,Y,,A,01,0,3,0,0,0,0,0,0,0,"- ","- ",36.327719999999999,-119.34196,TULARE,UNINCORPORATED,-119.34325045999999,36.327384270000003
6820688,2015,2016-10-20,9480,2015-02-10,0650,012568,,2,1,9,5400,0,1,3,,1,064,"RT 198","ROAD 182",1056.00,E,N,B,-,Y,TUL,6,198,-,R,17.210,H,-,W,Y,3,0,1,1,A,-,08,22107,,N,F,A,A,A,H,-,A,D,0,,,,,Y,,A,01,0,1,0,0,0,0,0,0,0,"- ","- ",36.326349999999998,-119.16271999999999,TULARE,UNINCORPORATED,-119.16271451,36.326562099999997
6828550,2015,2015-03-10,9480,2015-02-19,0837,013914,,4,1,9,5400,0,3,5,,2,006,"ROAD 140","AVENUE 212",1320.00,S,N,E,-,N,,,,,,,,,,N,3,0,1,2,A,-,03,22350,,N,C,C,A,A,H,-,A,D,0,,,,,Y,,A,07,0,1,0,0,0,0,0,0,0,"- ","- ",36.170929999999998,-119.25981,TULARE,UNINCORPORATED,-119.25974497999999,36.170947900000002
6831588,2015,2015-03-13,9481,2015-02-09,1900,19104,,1,2,9,5400,0,3,5,,2,050,"POPLAR AV","RUTH ST",0.00,,Y,B,-,N,,,,,,,,,,Y,4,0,1,2,A,-,09,21801,A,N,D,C,A,A,H,-,D,D,0,,,,,Y,,D,22,0,0,1,0,0,0,0,0,0,"- ","- ",36.051400000000001,-118.99245999999999,TULARE,UNINCORPORATED,-118.99263014,36.051340019999998
6836108,2015,2016-10-31,9480,2015-02-20,1050,020612,,5,1,9,5400,0,1,3,,1,051,"RT 43","PALMER AV",600.00,S,N,-,-,Y,TUL,6,43,-,-,5.420,H,-,N,Y,4,0,1,1,A,-,08,22107,,N,F,A,A,-,-,-,A,D,0,,,,,Y,,A,01,0,0,1,0,0,0,0,0,0,"- ","- ",36.863190000000003,-119.38401,TULARE,UNINCORPORATED,-119.38422554,35.863322969999999
6839484,2015,2016-10-20,9480,2015-02-26,2056,018742,,4,2,9,5400,0,1,3,,1,060,"RT 137","ROAD 152",98.00,W,N,A,-,Y,TUL,6,137,-,-,21.940,H,-,E,N,4,0,1,2,A,-,03,22350,,N,C,C,A,A,H,-,C,D,0,,,,,Y,,A,01,0,0,1,0,0,0,0,0,0,"- ","- ",36.21078,-119.23396,TULARE,UNINCORPORATED,-119.23384715,36.210830190000003
6839500,2015,2015-03-13,9480,2015-02-27,1710,018563,,5,2,9,5400,0,3,5,,2,001,"BREWER DR","AVENUE 384",30.00,S,N,A,-,N,,,,,,,,,,N,4,0,1,2,A,-,03,22350,,N,C,C,A,A,B,-,A,D,0,,,,,Y,,A,01,0,0,1,0,0,0,0,0,0,"- ","- ",36.48836,-118.46631000000001,TULARE,UNINCORPORATED,-119.46630626,36.488478720000003
6840734,2015,2016-10-20,9480,2015-03-02,0915,16046,,1,1,9,5400,0,1,3,,1,034,"RT 198","ROAD 68",1056.00,E,N,B,-,Y,TUL,6,198,-,-,3.210,H,-,W,Y,3,0,1,2,C,-,18,,,N,C,E,A,B,H,-,A,D,0,,,,Y,Y,,-,"- ",0,1,0,0,0,0,0,0,0,"- ","- ",36.327500000000001,-119.41734,TULARE,UNINCORPORATED,-119.41744894999999,36.327436579999997
6841831,2015,2016-10-06,9481,2015-03-09,1400,18029,,1,2,9,5400,0,1,3,,1,037,"RT 65","AVENUE 95",3696.00,S,N,A,-,Y,TUL,6,65,-,R,11.160,H,-,S,Y,4,0,1,2,A,-,06,21751,,N,D,C,A,A,H,-,A,D,0,,,,,Y,,A,01,0,0,1,0,0,0,0,0,0,"- ","- ",35.952959999999997,-119.05362,TULARE,UNINCORPORATED,-119.05370245,35.95228745
6841839,2015,2015-03-24,9481,2015-03-11,0440,18595,,3,3,9,5400,0,3,5,,2,020,"ROAD 220","AVENUE 216",1100.00,S,N,A,-,N,,,,,,,,,,Y,3,0,1,1,A,-,08,22107,,N,E,I,A,A,H,-,D,D,0,,,,,Y,,A,01,0,1,0,0,0,0,0,0,0,"- ","- ",36.177019999999999,-119.08172,TULARE,UNINCORPORATED,,
6845603,2015,2015-03-23,5404,2015-03-08,1141,L28,20L,7,5,2,5404,0,0,0,,0,,TULARE,MAPLE,0.00,,Y,A,-,N,,,,,,,,,,Y,4,0,1,2,A,-,09,21802,A,N,D,C,A,A,H,-,A,A,0,,,,,Y,,A,01,0,0,1,0,0,0,0,0,0,"- ","- ",,,TULARE,LINDSAY,-119.10344007,36.210510110000001
6848190,2015,2015-03-20,9481,2015-03-10,1355,018029,,2,1,9,5400,0,3,5,,2,030,"AVE 8","RD 192",1056.00,E,N,A,-,N,,,,,,,,,,Y,3,0,1,2,A,-,01,23152,A,N,C,C,A,A,H,-,A,D,0,,,,,Y,Y,A,01,0,1,0,0,0,0,0,0,0,"- ","- ",35.805230000000002,-119.14026,TULARE,UNINCORPORATED,-119.14023757,35.80514376
6848504,2015,2015-03-30,5407,2015-02-13,1537,C39,480,5,5,5,5407,0,0,0,,0,012,"S DEMAREE ST","W MONTE VISTA CT",0.00,,Y,A,-,N,,,,,,,,,,N,3,0,1,2,A,-,09,21801,A,N,D,C,A,A,H,-,A,A,0,,,Y,,Y,,A,01,0,1,0,0,0,0,0,0,1,"- ","- ",,,TULARE,VISALIA,-119.33156991,36.304750050000003
6858739,2015,2016-10-20,9480,2015-03-14,0855,020612,,6,1,5,5407,0,1,3,,1,064,"RT 198","COUNTY CENTER DR",500.00,W,N,A,-,Y,TUL,6,198,-,-,8.086,R,1,W,Y,4,0,1,2,A,-,03,22350,,N,C,C,A,A,H,-,A,A,1,,,,,Y,,A,01,0,0,1,0,0,0,0,0,0,TO,"- ",36.327449999999999,-119.32943,TULARE,VISALIA,-119.32597699999999,36.327156019999997
6866082,2015,2015-04-18,5407,2015-03-17,1714,A269,480,2,5,5,5407,0,0,0,,0,011,"W MINERAL KING AV","AKERS ST",600.00,E,N,A,-,N,,,,,,,,,,Y,4,0,1,3,A,-,07,21658,A,N,A,C,A,A,H,-,A,D,0,,,,,Y,,A,,0,0,1,0,0,0,0,0,0,"- ","- ",,,TULARE,VISALIA,-119.34775517,36.327827310000004
6866110,2015,2015-04-18,5407,2015-03-06,1319,M186,480,5,5,5,5407,0,0,0,,0,034,CALDWELL,COURT,0.00,,Y,A,-,N,,,,,,,,,,Y,3,0,3,2,A,-,12,21453,A,N,D,C,A,A,H,-,A,A,0,,,,,Y,,D,22,0,1,2,0,0,0,0,0,0,"- ","- ",,,TULARE,VISALIA,-119.29153989,36.298140009999997
6866135,2015,2016-10-31,5407,2015-03-10,1031,A275,480,2,5,5,5407,0,0,0,,0,033,"RT 63",LOCUST,0.00,,Y,A,-,Y,TUL,6,63,-,-,9.120,I,5,S,Y,3,0,2,2,A,-,12,21453,A,N,D,C,A,A,H,-,A,A,0,,,,,Y,,A,01,0,1,1,0,0,0,0,0,0,"- ","- ",,,TULARE,VISALIA,-119.29682502,36.341992660000003
6869484,2015,2015-04-08,9480,2015-03-23,0100,17291,,1,3,9,5400,0,3,5,,2,002,"DRIVE 152","JOHNSON DR",21120.00,N,N,A,-,N,,,,,,,,,,Y,3,0,3,1,A,-,01,23152,A,N,F,A,A,A,H,-,D,D,0,,,,,Y,Y,A,01,0,1,2,0,0,0,0,0,0,"- ","- ",36.630859999999998,-119.20153000000001,TULARE,UNINCORPORATED,-119.20153000000001,36.630859999999998
6870619,2015,2016-09-15,9480,2015-03-26,1745,18563,,4,2,9,5400,0,1,3,,2,091,"RT 99","AVENUE 328",3168.00,S,N,A,-,Y,TUL,6,99,-,-,42.810,H,-,N,Y,4,0,1,2,A,-,03,22350,,N,C,C,A,A,D,-,A,D,1,,,,,Y,,A,07,0,0,1,0,0,0,0,0,0,"- ","- ",36.377899999999997,-119.43897,TULARE,UNINCORPORATED,-119.4388556,36.377902020000001
6875844,2015,2015-04-15,5407,2015-03-03,1603,M222,480,2,5,5,5407,0,0,0,,0,012,AKERS,CAMBRIDGE,0.00,,Y,A,-,N,,,,,,,,,,Y,3,0,1,2,A,-,09,21801,A,N,D,C,A,A,H,-,A,A,0,,,Y,,Y,,A,01,0,1,0,0,0,0,0,0,1,"- ","- ",,,TULARE,VISALIA,-119.34970998,36.314710050000002
6876053,2015,2016-09-15,9480,2015-03-27,2132,018403,,5,2,9,5400,0,1,3,,2,095,"RT 99","AVE 48",200.00,N,N,A,-,Y,TUL,6,99,-,-,6.190,H,-,N,Y,3,0,2,2,A,-,03,22350,,N,C,C,A,A,H,-,D,D,1,,,,,Y,,A,01,0,1,1,0,0,0,0,0,0,"- ","- ",35.878019999999999,-119.27045,TULARE,UNINCORPORATED,-119.27052738,35.877993959999998
6876317,2015,2015-09-11,5405,2015-03-27,0255,223,,5,5,4,5405,0,0,0,,0,002,"PLANO ST","KANAI AV",79.00,N,N,A,-,N,,,,,,,,,,Y,4,0,1,2,A,-,08,22107,,M,B,E,A,A,H,-,C,D,0,,,,,Y,,-,,0,0,1,0,0,0,0,0,0,"- ","- ",,,TULARE,PORTERVILLE,-119.00854613,36.075766690000002
6878839,2015,2015-04-17,5403,2015-03-16,1200,845,,1,5,2,5403,0,0,0,,0,,"NORTH FARMERSVILLE BL","ASHLEY ST",75.00,S,N,A,-,N,,,,,,,,,,N,3,0,1,2,A,-,09,21804,A,N,B,G,A,A,H,-,A,A,0,,Y,,,Y,,A,01,0,1,0,0,0,0,1,0,0,"- ","- ",,,TULARE,FARMERSVILLE,-119.20704092,36.310024200000001
6879549,2015,2015-04-17,5407,2015-02-26,1839,A274,480,4,5,5,5407,0,0,0,,0,012,"WHITENDALE AV","DEMAREE ST",150.00,E,N,A,-,N,,,,,,,,,,Y,4,0,1,3,A,-,04,21703,,N,C,C,A,A,H,-,C,A,0,,,,,Y,,A,01,0,0,1,0,0,0,0,0,0,"- ","- ",,,TULARE,VISALIA,-119.33107144,36.305537770000001
6890933,2015,2015-09-01,5405,2015-03-20,2249,221,,5,5,4,5405,0,0,0,,0,001,"PROSPECT ST","MORTON AV",0.00,,Y,A,-,N,,,,,,,,,,Y,4,0,1,3,A,-,01,23153,A,F,A,C,A,A,H,-,C,A,0,,,,,Y,Y,-,,0,0,1,0,0,0,0,0,0,"- ","- ",,,TULARE,PORTERVILLE,-119.04392014,36.073280009999998