CASE_ID,ACCIDENT_YEAR,PROC_DATE,JURIS,COLLISION_DATE,COLLISION_TIME,OFFICER_ID,REPORTING_DISTRICT,DAY_OF_WEEK,CHP_SHIFT,POPULATION,CNTY_CITY_LOC,SPECIAL_COND,BEAT_TYPE,CHP_BEAT_TYPE,CITY_DIVISION_LAPD,CHP_BEAT_CLASS,BEAT_NUMBER,PRIMARY_RD,SECONDARY_RD,DISTANCE,DIRECTION,INTERSECTION,WEATHER_1,WEATHER_2,STATE_HWY_IND,CALTRANS_COUNTY,CALTRANS_DISTRICT,STATE_ROUTE,ROUTE_SUFFIX,POSTMILE_PREFIX,POSTMILE,LOCATION_TYPE,RAMP_INTERSECTION,SIDE_OF_HWY,TOW_AWAY,COLLISION_SEVERITY,NUMBER_KILLED,NUMBER_INJURED,PARTY_COUNT,PRIMARY_COLL_FACTOR,PCF_CODE_OF_VIOL,PCF_VIOL_CATEGORY,PCF_VIOLATION,PCF_VIOL_SUBSECTION,HIT_AND_RUN,TYPE_OF_COLLISION,MVIW,PED_ACTION,ROAD_SURFACE,ROAD_COND_1,ROAD_COND_2,LIGHTING,CONTROL_DEVICE,CHP_ROAD_TYPE,PEDESTRIAN_ACCIDENT,BICYCLE_ACCIDENT,MOTORCYCLE_ACCIDENT,TRUCK_ACCIDENT,NOT_PRIVATE_PROPERTY,ALCOHOL_INVOLVED,STWD_VEHTYPE_AT_FAULT,CHP_VEHTYPE_AT_FAULT,COUNT_SEVERE_INJ,COUNT_VISIBLE_INJ,COUNT_COMPLAINT_PAIN,COUNT_PED_KILLED,COUNT_PED_INJURED,COUNT_BICYCLIST_KILLED,COUNT_BICYCLIST_INJURED,COUNT_MC_KILLED,COUNT_MC_INJURED,PRIMARY_RAMP,SECONDARY_RAMP,LATITUDE,LONGITUDE,COUNTY,CITY,POINT_X,POINT_Y
90131858,2016,2016-03-08,9480,2016-02-23,1055,014628,,2,1,9,5400,0,3,5,,2,005,"WILSON AVENUE","CHURCH ROAD",0.00,,Y,A,-,N,,,,,,,,,,N,3,0,1,2,A,-,09,21802,A,N,H,G,A,A,H,-,A,D,0,,Y,,,Y,,A,01,0,1,0,0,0,0,1,0,0,"- ","- ",35.88008,-119.26814,TULARE,UNINCORPORATED,-119.26816993,35.880110080000001
90132010,2016,2016-03-08,9480,2016-02-25,1415,020612,,4,2,9,5400,0,3,5,,2,001,"AVENUE 384","ROAD 40",1250.00,E,N,A,-,N,,,,,,,,,,Y,3,0,2,1,A,-,08,22107,,N,E,I,A,A,H,-,A,D,0,,,,,Y,,A,01,0,2,0,0,0,0,0,0,0,"- ","- ",36.488630000000001,-119.47309,TULARE,UNINCORPORATED,-119.48057231999999,36.488618410000001
90133345,2016,2016-03-10,9480,2016-02-25,1820,018148,,4,2,9,5400,0,1,3,,1,051,"SR-43 (CENTRAL VALLEY HWY)","AVENUE 56",1056.00,N,N,A,-,Y,,,43,,,,,,,Y,3,0,2,3,A,-,05,21650,,N,B,C,A,A,H,-,B,D,0,,,,,Y,,A,01,0,2,0,0,0,0,0,0,0,"- ","- ",35.90907,-119.41834,TULARE,UNINCORPORATED,-119.41826361,35.909125899999999
90134025,2016,2016-03-14,9480,2016-03-05,0816,019048,,6,1,5,5407,0,1,3,,1,064,"SR-198 E/B FROM DEMAREE RD","DEMAREE RD",150.00,E,N,C,-,Y,,,198,,,,R,,E,Y,4,0,1,1,A,-,03,22350,,N,E,I,A,B,H,-,A,D,0,,,,,Y,,D,22,0,0,1,0,0,0,0,0,0,"- ","- ",36.32676,-119.33031,TULARE,VISALIA,-119.33031,36.32676
90139548,2016,2016-03-18,9480,2016-03-02,1450,016210,,3,2,9,5400,0,1,3,,2,093,"SR-99 N/B","PAIGE AVE",5280.00,S,N,A,-,Y,,,,,,,,,,Y,3,0,1,2,A,-,07,21658,A,N,B,C,A,A,H,-,A,D,0,,,Y,,Y,,D,22,0,1,0,0,0,0,0,0,1,"- ","- ",36.162100000000002,-119.33205,TULARE,UNINCORPORATED,-119.33094730000001,36.167837140000003
90142808,2016,2016-03-24,9481,2016-03-15,0705,016065,,2,1,9,5400,0,1,3,,1,053,"STATE ROUTE 190","ROAD 284",1056.00,W,N,A,-,Y,,,190,,,,,,,N,4,0,1,2,A,-,08,22107,,F,B,C,A,A,H,-,B,D,0,,,,,Y,,-,99,0,0,1,0,0,0,0,0,0,"- ","- ",36.047110000000004,-118.94103,TULARE,UNINCORPORATED,-118.9410202,36.047078550000002
90147230,2016,2016-03-29,9480,2016-03-12,1750,018809,,6,2,9,5400,0,3,5,,2,006,"ROAD 140","AVENUE 192",0.00,,Y,A,-,N,,,,,,,,,,N,4,0,3,2,A,-,09,21802,A,N,D,C,A,A,H,-,A,A,0,,,,,Y,,A,01,0,0,3,0,0,0,0,0,0,"- ","- ",36.138289999999998,-119.25924000000001,TULARE,UNINCORPORATED,-119.25950991000001,36.138280049999999
90150808,2016,2016-04-13,9481,2016-03-27,1946,017795,,7,2,9,5400,0,3,5,,2,050,"LEGGET STREET","EAST DATE AVENUE",0.00,,Y,A,-,N,,,,,,,,,,Y,4,0,4,2,A,-,12,21453,A,N,D,C,A,A,H,-,C,A,0,,,,,Y,,A,01,0,0,4,0,0,0,0,0,0,"- ","- ",36.058340000000001,-118.9995,TULARE,UNINCORPORATED,-118.99959002999999,36.058450069999999
90156902,2016,2016-04-13,9480,2016-04-10,1510,017778,,7,2,9,5400,0,3,5,,2,005,"PARK DRIVE","COURT AVENUE",0.00,,Y,B,-,N,,,,,,,,,,Y,3,0,2,2,A,-,12,22450,A,N,D,C,A,A,H,-,A,D,0,,,,,Y,,A,07,0,1,1,0,0,0,0,0,0,"- ","- ",35.972189999999998,-119.29159,TULARE,UNINCORPORATED,-119.29174992999999,35.971550049999998
90157709,2016,2016-04-14,9481,2016-04-09,1035,018595,,6,1,9,5400,0,3,5,,2,020,"AVENUE 196","ROAD 248",1056.00,W,N,B,-,N,,,,,,,,,,Y,4,0,1,3,A,-,09,21801,A,N,D,C,A,A,H,-,A,D,0,,,,,Y,,A,07,0,0,1,0,0,0,0,0,0,"- ","- ",36.145580000000002,-119.02209000000001,TULARE,UNINCORPORATED,-119.02162171000001,36.145587919999997
90159972,2016,2016-04-18,9480,2016-04-05,0740,017709,,2,1,9,5400,0,3,5,,2,002,"ROAD 126 S/B","AVENUE 419",1320.00,N,N,A,-,N,,,,,,,,,,Y,4,0,2,2,A,-,09,21801,A,N,D,C,A,A,H,-,A,D,0,,,,,Y,,A,01,0,0,2,0,0,0,0,0,0,"- ","- ",36.553530000000002,-119.29142,TULARE,UNINCORPORATED,-119.29142,36.553530000000002
9016261,2020,2020-02-25,5407,2020-01-28,0955,M226,480,2,5,5,5407,0,0,0,,0,011,"S CHINOWTH ST","W MINERAL KING AV",0.00,,Y,A,-,N,,,,,,,,,,Y,4,0,1,2,A,-,12,21453,A,N,D,C,A,A,H,-,A,A,0,,,,,Y,,A,01,0,0,1,0,0,0,0,0,0,"- ","- ",36.32781982421875,-119.33624267578125,TULARE,VISALIA,-119.33625030517578,36.327850341796875
90164993,2016,2016-04-25,9481,2016-04-16,1650,019149,,6,2,9,5400,0,3,5,,2,050,"TULSA ROAD","ROBY AVENUE",171.00,S,N,A,-,N,,,,,,,,,,N,3,0,1,1,A,-,08,22107,,N,E,I,A,A,H,-,A,D,0,,,Y,,Y,,C,03,0,1,0,0,0,0,0,0,1,"- ","- ",36.06183,-118.97711,TULARE,UNINCORPORATED,-118.9771161,36.06176086
90166558,2016,2016-04-27,9480,2016-04-15,0700,018148,,5,1,9,5400,0,3,5,,2,006,"MEHRTEN DRIVE","SUNRISE MEADOW DRIVE",600.00,S,N,A,-,N,,,,,,,,,,Y,4,0,1,2,A,-,03,22350,,N,H,H,E,A,H,-,B,D,0,Y,,,,Y,,A,01,0,0,1,0,1,0,0,0,0,"- ","- ",36.339269999999999,-119.04489,TULARE,UNINCORPORATED,-119.04701,36.339410000000001
90166648,2016,2016-04-27,9480,2016-04-16,2500,018148,,6,4,9,5400,0,3,5,,2,006,"ROAD 140","AVENUE 260",285.00,S,N,A,-,N,,,,,,,,,,N,4,0,1,2,A,-,05,21650,,F,G,B,E,A,H,-,D,D,0,Y,,,,Y,,-,99,0,0,1,0,1,0,0,0,0,"- ","- ",36.262410000000003,-119.26067,TULARE,UNINCORPORATED,-119.26069647,36.262496839999997
90175262,2016,2016-05-09,9480,2016-04-28,1410,013656,,4,2,9,5400,0,3,5,,2,006,"AVENUE 224","ROAD 148",125.00,W,N,A,-,N,,,,,,,,,,Y,3,0,1,1,A,-,08,22107,,N,E,I,A,A,H,-,A,D,0,,,,,Y,,A,01,0,1,0,0,0,0,0,0,0,"- ","- ",36.196359999999999,-119.24248,TULARE,UNINCORPORATED,-119.24267319,36.196420510000003
90178148,2016,2016-05-12,9480,2016-05-07,0525,016723,,6,3,9,5400,0,1,3,,1,020,"STATE ROUTE 201 (AVENUE 384)","ROAD 176",805.00,W,N,A,-,Y,,,201,,,,,,,Y,2,0,1,2,A,-,06,21750,,N,B,C,A,A,H,-,D,D,0,,,,,Y,,A,01,1,0,0,0,0,0,0,0,0,"- ","- ",36.48556,-119.17995999999999,TULARE,UNINCORPORATED,-119.17996062,36.485496439999999
90181622,2015,2016-05-17,9480,2015-12-19,1648,018521,,6,2,9,5400,0,3,5,,2,002,"AVENUE 384","ROAD 108",686.00,W,N,C,-,N,,,,,,,,,,Y,1,1,2,2,A,-,05,21650,,N,B,C,A,B,H,-,D,D,0,,,,Y,Y,,F,55,1,1,0,0,0,0,0,0,0,"- ","- ",36.487229999999997,-119.33351999999999,TULARE,UNINCORPORATED,-119.3330909,36.487154279999999
90187942,2016,2016-05-26,9480,2016-05-17,1620,017778,,2,2,9,5400,0,3,5,,2,006,"SPRUCE ROAD (ROAD 204)","MORGAN AVENUE",80.00,S,N,A,-,N,,,,,,,,,,Y,4,0,2,3,A,-,05,21650,,N,B,C,A,A,D,-,A,D,0,,,,,Y,,A,08,0,0,2,0,0,0,0,0,0,"- ","- ",36.28575,-119.11796,TULARE,UNINCORPORATED,-119.11786257999999,36.286309660000001
90188339,2016,2016-05-26,9480,2016-05-19,1612,020612,,4,2,4,5406,0,1,3,,2,093,"STATE ROUTE 99 N/B TO PAIGE AVENUE","PAIGE AVENUE",140.00,S,N,A,-,Y,,,99,,,,R,,N,Y,3,0,1,1,A,-,08,22107,,N,E,I,A,A,H,-,A,D,0,,,,Y,Y,,G,25,0,1,0,0,0,0,0,0,0,"- ","- ",36.181739999999998,-119.32771,TULARE,TULARE,-119.32771,36.181739999999998
90189817,2016,2016-05-31,9481,2016-05-18,1000,018815,,3,1,9,5400,0,2,4,,1,021,"S. MIRAGE AVENUE","E. LINDMORE STREET",0.00,,Y,A,-,N,,,,,,,,,,Y,3,0,3,2,A,-,12,22450,A,N,D,C,A,A,H,-,A,A,0,,,,,Y,,A,01,0,1,2,0,0,0,0,0,0,"- ","- ",36.198419999999999,-119.06533,TULARE,UNINCORPORATED,-119.086569,36.196190999999999
90191780,2016,2016-05-31,9480,2016-05-20,1829,019427,,5,2,4,5406,0,1,3,,2,093,"STATE ROUTE 99 TO PAIGE AVE","PAIGE AVE",180.00,S,N,A,-,Y,,,99,,,,R,,,Y,2,0,1,1,A,-,03,22350,,N,F,A,A,A,H,-,A,D,0,,,Y,,Y,,C,02,1,0,0,0,0,0,0,0,1,"- ","- ",36.181829999999998,-119.32801000000001,TULARE,TULARE,-119.32801000000001,36.181829999999998
90194891,2016,2016-06-20,9480,2016-05-24,1540,017497,,2,2,9,5400,0,3,5,,2,001,"ROAD 44","AVENUE 368",0.00,,Y,A,-,N,,,,,,,,,,Y,3,0,2,2,A,-,12,22450,A,N,D,C,A,A,H,-,A,D,0,,,,,Y,,D,22,0,1,1,0,0,0,0,0,0,"- ","- ",36.458680000000001,-119.54738,TULARE,UNINCORPORATED,-119.474532,36.458964000000002
90203930,2016,2016-06-17,9480,2016-06-02,1350,015282,,4,1,9,5400,0,1,3,,1,021,"STATE ROUTE 63 (ROAD 128)","DAWSON AVENUE",22.00,N,N,B,-,Y,,,63,,,,,,,Y,4,0,2,2,A,-,03,22350,,N,C,C,A,A,H,-,A,D,0,,,,,Y,,A,07,0,0,2,0,0,0,0,0,0,"- ","- ",36.540210000000002,-119.28684,TULARE,UNINCORPORATED,-119.28686408999999,36.540209920000002
90204014,2016,2016-06-17,9480,2016-06-02,0647,016723,,4,1,9,5400,0,3,5,,2,001,"BOSTON AVENUE","6TH AVENUE",1320.00,E,N,A,-,N,,,,,,,,,,N,3,0,1,1,C,-,18,,,N,H,H,A,A,H,-,A,D,0,,,Y,,Y,,-,"- ",0,1,0,0,0,0,0,0,1,"- ","- ",36.488810000000001,-119.56895,TULARE,UNINCORPORATED,-119.55948204000001,36.488801440000003
90205894,2016,2016-06-21,9480,2016-06-12,1200,017709,,7,1,5,5407,0,1,3,,1,064,"SR-198 W/B","SHIRK ROAD O/C",2112.00,E,N,A,-,Y,,,198,,,,,,W,Y,4,0,1,3,A,-,03,22350,,N,C,C,A,A,D,-,A,D,0,,,,,Y,,A,01,0,0,1,0,0,0,0,0,0,"- ","- ",36.327190000000002,-119.35946,TULARE,VISALIA,-119.35946,36.327193559999998
90205980,2016,2016-06-21,9481,2016-06-12,1100,017957,,7,1,9,5400,0,3,5,,2,020,"ROAD 256","AVENUE 196",0.00,,Y,A,-,N,,,,,,,,,,Y,2,0,2,2,A,-,09,21802,A,N,D,C,A,A,H,-,A,A,0,,,Y,,Y,,A,01,2,0,0,0,0,0,0,0,2,"- ","- ",36.14564,-119.00015999999999,TULARE,UNINCORPORATED,-119.00017012000001,36.145500069999997
90207297,2016,2016-06-22,9480,2016-06-19,1626,012251,,7,2,9,5400,0,3,5,,2,006,"ROAD 188 SB","AVENUE 256 EB",0.00,,Y,A,-,N,,,,,,,,,,Y,4,0,2,2,A,-,12,22450,A,N,D,C,A,A,H,-,A,A,0,,,,,Y,,A,01,0,0,2,0,0,0,0,0,0,"- ","- ",36.253729999999997,-119.15451,TULARE,UNINCORPORATED,-119.15422887,36.253754690000001
90211051,2016,2016-06-28,9480,2016-06-15,1650,014628,,3,2,9,5400,0,1,3,,2,091,"SR-99 S/B","SR-198 W/B",1596.00,N,N,A,-,Y,,,99,,,,,,S,Y,2,0,2,2,A,-,07,21658,A,N,C,C,A,A,H,-,A,D,0,,,,Y,Y,,D,22,2,0,0,0,0,0,0,0,0,"- ","- ",36.331910000000001,-119.41199,TULARE,UNINCORPORATED,-119.41193875,36.331952620000003
90211912,2016,2016-06-29,9480,2016-06-20,2145,017452,,1,2,9,5400,0,3,5,,2,005,"AVENUE 128","ROAD 124",528.00,W,N,A,-,N,,,,,,,,,,Y,4,0,1,1,A,-,01,23152,A,N,E,I,A,A,H,-,D,D,0,,,,,Y,Y,A,01,0,0,1,0,0,0,0,0,0,"- ","- ",36.021990000000002,-119.29637,TULARE,UNINCORPORATED,-119.29654361,36.02203797
90218179,2016,2016-07-07,9480,2016-06-23,1325,020612,,4,1,5,5407,0,1,3,,1,064,"SR-198 W/B TO SR-63",SR-63,840.00,E,N,A,-,Y,,,198,,,,R,,W,Y,4,0,4,4,A,-,03,22350,,N,C,C,A,A,H,-,A,D,0,,,,,Y,,A,01,0,0,4,0,0,0,0,0,0,"- ","- ",36.327330000000003,-119.31129,TULARE,VISALIA,-119.31129,36.327330000000003
90219123,2016,2016-07-08,9480,2016-07-01,1335,017778,,5,1,9,5400,0,3,5,,2,003,"SR-99 S/B TO DRIVE 92B","DRIVE 92B",0.00,,Y,A,-,Y,,,,,,,,,,Y,3,0,1,2,A,-,09,21802,A,N,D,C,A,A,H,-,A,D,0,,,,,Y,,A,01,0,1,0,0,0,0,0,0,0,"- ","- ",36.264200000000002,-119.36664,TULARE,UNINCORPORATED,,
90220128,2016,2016-07-11,9481,2016-07-02,1525,017523,,6,2,9,5400,0,1,3,,1,012,"STATE ROUTE 65 SOUTHBOUND","MORTON AVENUE",250.00,N,N,A,-,Y,,,,,,,,,,Y,3,0,1,1,A,-,08,22107,,N,E,I,A,A,H,-,A,D,0,,,,,Y,,A,07,0,1,0,0,0,0,0,0,0,"- ","- ",36.074199999999998,-119.03986,TULARE,UNINCORPORATED,,
90221924,2016,2016-07-13,9480,2016-06-29,1822,017291,,3,2,9,5400,0,1,3,,2,091,"STATE ROUTE 99 (SOUTHBOUND)","AVENUE 384",1584.00,S,N,A,-,Y,,,,,,,,,,Y,4,0,2,2,A,-,08,22107,,N,D,C,A,A,H,-,A,D,0,,,,Y,Y,,G,55,0,0,2,0,0,0,0,0,0,"- ","- ",36.484200000000001,-119.51130000000001,TULARE,UNINCORPORATED,,
90222729,2016,2016-07-14,9480,2016-07-02,2052,018861,,6,2,9,5400,0,1,3,,1,032,"SR-190 (AVENUE 144)","CALLISON ROAD",21.00,W,N,A,-,Y,,,,,,,,,,Y,4,0,1,1,A,-,08,22107,,N,E,I,A,A,H,-,D,D,0,,,,,Y,,A,01,0,0,1,0,0,0,0,0,0,"- ","- ",36.051279999999998,-119.30410000000001,TULARE,UNINCORPORATED,,
90225251,2016,2016-07-19,9480,2016-07-07,0915,018883,,4,1,9,5400,0,3,5,,2,006,"LASPINA ST","HOSFIELD DR",0.00,,Y,A,-,N,,,,,,,,,,N,4,0,2,2,A,-,09,21802,A,N,D,C,A,A,H,-,A,A,0,,,,,Y,,A,01,0,0,2,0,0,0,0,0,0,"- ","- ",36.150730000000003,-119.32007,TULARE,UNINCORPORATED,-119.32023989,36.150750070000001
90229374,2016,2016-07-25,9481,2016-07-11,0650,015218,,1,1,9,5400,0,3,5,,2,030,"AVENUE 24","ROAD 208",0.00,,Y,A,-,N,,,,,,,,,,Y,4,0,1,2,A,-,12,22450,A,N,D,C,A,A,H,-,A,A,0,,,,,Y,,A,01,0,0,1,0,0,0,0,0,0,"- ","- ",35.834229999999998,-119.10760999999999,TULARE,UNINCORPORATED,-119.10764012999999,35.834240090000002
90230896,2016,2016-07-26,9480,2016-07-14,0518,013914,,4,3,9,5400,0,3,5,,2,001,"ROAD 56","AVENUE 432",12.00,S,N,A,-,N,,,,,,,,,,Y,4,0,1,2,A,-,03,22350,,N,C,C,A,A,H,-,B,D,0,,,,,Y,,A,01,0,0,1,0,0,0,0,0,0,"- ","- ",36.575249999999997,-119.44878,TULARE,UNINCORPORATED,-119.44881982,36.575267070000002
90232456,2016,2016-07-28,9480,2016-07-07,1315,020871,,4,1,9,5400,0,3,5,,2,005,"AVENUE 84","ROAD 80",400.00,W,N,A,-,N,,,,,,,,,,Y,3,0,1,1,A,-,08,22107,,N,F,A,A,A,H,-,A,D,0,,,,,Y,,D,22,0,1,0,0,0,0,0,0,0,"- ","- ",35.942509999999999,-119.39448,TULARE,UNINCORPORATED,-119.39480983999999,35.942472799999997
90232735,2016,2016-07-28,9480,2016-07-15,1150,013821,,5,1,9,5400,0,1,3,,2,093,"SR-99 S/B","CARTMILL AVENUE",1056.00,N,N,A,-,Y,,,,,,,,,,Y,4,0,1,2,A,-,08,22107,,N,D,C,A,A,H,-,A,D,0,,,,,Y,,A,01,0,0,1,0,0,0,0,0,0,"- ","- ",36.120199999999997,-119.1105,TULARE,UNINCORPORATED,,
90233807,2016,2016-08-01,9480,2016-07-16,0250,019697,,6,3,9,5400,0,3,5,,2,006,"ROCKY HILL DRIVE","YOKOHL DRIVE",4752.00,W,N,A,-,N,,,,,,,,,,Y,3,0,2,1,A,-,01,23152,A,N,E,I,A,A,H,-,D,D,0,,,,,Y,Y,A,07,0,1,1,0,0,0,0,0,0,"- ","- ",36.297460000000001,-119.081,TULARE,UNINCORPORATED,-119.08101708,36.297437639999998
90233838,2016,2016-08-01,9480,2016-07-18,1330,012401,,1,1,9,5400,0,1,3,,2,095,"SR-99 S/B","AVE 24 O/C",600.00,N,N,A,-,Y,,,,,,,,,,Y,3,0,2,2,A,-,03,22350,,N,C,C,A,A,H,-,A,D,0,,,,,Y,,A,01,0,2,0,0,0,0,0,0,0,"- ","- ",36.95722,-119.6491,TULARE,UNINCORPORATED,,
90234821,2016,2016-08-01,9480,2016-07-22,2310,019697,,5,3,9,5400,0,3,5,,2,001,"ROAD 80","AVE 360",8976.00,S,N,A,-,N,,,,,,,,,,Y,3,0,2,1,A,-,01,23152,A,N,E,I,A,A,H,-,D,D,0,,,,,Y,Y,A,01,0,1,1,0,0,0,0,0,0,"- ","- ",36.418709999999997,-119.39443,TULARE,UNINCORPORATED,-119.39483464,36.418738480000002
90244639,2016,2016-08-15,9481,2016-08-09,2150,017957,,2,2,9,5400,0,3,5,,2,010,"AVENUE 196","ROAD 224",300.00,W,N,A,-,N,,,,,,,,,,Y,2,0,1,1,A,-,08,22107,,N,E,I,A,A,H,-,D,D,0,,,,,Y,,A,01,1,0,0,0,0,0,0,0,0,"- ","- ",36.145440000000001,-119.07369,TULARE,UNINCORPORATED,-119.07407486,36.145523179999998
90245261,2016,2016-08-15,9480,2016-08-02,1033,018521,,2,1,9,5400,0,3,5,,2,004,"AVENUE 336","ROAD 196",1056.00,E,N,A,-,N,,,,,,,,,,Y,4,0,1,1,A,-,08,22107,,N,F,A,A,A,H,-,A,D,0,,,,,Y,,A,01,0,0,1,0,0,0,0,0,0,"- ","- ",36.3994,-119.1313,TULARE,UNINCORPORATED,-119.13174588,36.399317689999997
90249360,2016,2016-08-22,9480,2016-05-21,2127,019427,,6,2,9,5400,0,3,5,,2,002,"ROAD 120","SAND CREEK",371.00,S,N,A,-,N,,,,,,,,,,N,1,1,0,2,A,-,11,21954,A,F,G,B,E,A,H,-,D,D,0,Y,,,,Y,Y,N,60,0,0,0,1,0,0,0,0,0,"- ","- ",36.5197,-119.30473000000001,TULARE,UNINCORPORATED,-119.30478214999999,36.519696109999998
90249674,2016,2016-08-22,9480,2016-07-29,0740,013821,,5,1,9,5400,0,1,3,,1,064,SR-198,"FARMERSVILLE BLVD O/C",200.00,W,N,A,-,Y,,,198,,,,,,,Y,4,0,1,1,A,-,08,22107,,N,F,A,A,A,H,-,A,D,0,,,,,Y,,A,07,0,0,1,0,0,0,0,0,0,"- ","- ",36.326639999999998,-119.20946000000001,TULARE,UNINCORPORATED,-119.20945844000001,36.326809140000002
90252537,2016,2016-08-25,9480,2016-08-07,0317,019789,,7,3,5,5407,0,1,3,,1,064,"SR-198 W/B","PLAZA DR",0.00,,N,A,-,Y,,,198,,,,,,W,Y,3,0,1,1,A,-,01,23152,A,N,F,A,A,A,H,-,A,D,0,,,,,Y,Y,A,07,0,1,0,0,0,0,0,0,0,"- ","- ",36.32734,-119.38892,TULARE,VISALIA,-119.38892349,36.32723721
90254433,2016,2016-08-30,9481,2016-06-12,1540,017957,,7,2,9,5400,0,1,3,,1,012,"STATE ROUTE 65","ROAD 201",57.00,N,N,A,-,Y,,,65,,,,,,,Y,1,1,6,2,A,-,01,23152,A,N,A,C,A,A,H,-,A,A,0,,,,,Y,Y,A,01,3,3,0,0,0,0,0,0,0,"- ","- ",36.210810000000002,-119.12527,TULARE,UNINCORPORATED,-119.12527,36.21080319
9025556,2020,2020-03-18,5405,2020-01-10,1625,223,PSC,5,5,4,5405,0,0,0,,0,002,"MAIN ST","NORTH GRAND AV",0.00,,Y,A,-,N,,,,,,,,,,Y,4,0,1,2,A,-,09,21802,A,N,D,C,A,A,H,-,A,A,0,,,,,Y,,-,,0,0,1,0,0,0,0,0,0,"- ","- ",,,TULARE,PORTERVILLE,-119.03516999999999,36.098219999999998
9025564,2020,2020-03-18,5405,2020-01-23,0253,237,,4,5,4,5405,0,0,0,,0,003,"SPRINGVILLE AV","DOYLE ST",129.00,,N,A,-,N,,,,,,,,,,Y,3,0,1,2,A,-,01,23152,G,M,D,E,A,A,H,-,D,A,0,,,,,Y,Y,-,,0,1,0,0,0,0,0,0,0,"- ","- ",,,TULARE,PORTERVILLE,-118.96388244628906,36.055061340332031
90255809,2016,2016-08-30,9481,2016-08-23,1645,018982,,2,2,9,5400,0,3,5,,2,030,"AVENUE 88","ROAD 224",0.00,,Y,A,-,N,,,,,,,,,,Y,3,0,3,2,A,-,09,21802,A,N,D,C,A,A,H,-,A,A,0,,,,,Y,,E,22,0,1,2,0,0,0,0,0,0,"- ","- ",35.9497,-119.07174000000001,TULARE,UNINCORPORATED,-119.0717401,35.94965002
90255879,2016,2016-08-29,9481,2016-08-19,1835,019149,,5,2,9,5400,0,3,5,,2,050,"SPRINGVILLE AVENUE","SUCCESS DRIVE",124.00,E,N,A,-,N,,,,,,,,,,Y,3,0,1,1,A,-,08,22107,,N,E,I,A,A,H,-,A,D,0,,,,,Y,,A,01,0,1,0,0,0,0,0,0,0,"- ","- ",36.055079999999997,-118.97324,TULARE,UNINCORPORATED,-118.99116896,36.05702247
90257657,2016,2016-08-31,9480,2016-08-18,0755,020612,,4,1,5,5407,0,1,3,,1,064,"STATE ROUTE 198 WESTBOUND","COURT STREET",200.00,E,N,A,-,Y,,,198,,,,,,W,Y,3,0,1,2,A,-,03,22350,,N,C,C,A,A,H,-,A,D,0,,,,,Y,,D,22,0,1,0,0,0,0,0,0,0,"- ","- ",36.32696,-119.2919,TULARE,VISALIA,-119.29189993,36.326904480000003
90258101,2016,2016-08-31,9480,2016-08-25,1345,013914,,4,1,9,5400,0,3,5,,2,001,"AVENUE 416","ROAD 32",1445.00,E,N,A,-,N,,,,,,,,,,Y,3,0,3,2,A,-,08,22107,,N,D,C,A,A,H,-,A,D,0,,,,,Y,,A,07,0,1,2,0,0,0,0,0,0,"- ","- ",36.54683,-119.49787999999999,TULARE,UNINCORPORATED,-119.49790925000001,36.546750160000002
90258165,2016,2016-08-31,9480,2016-08-28,1705,016145,,7,2,9,5400,0,1,3,,1,021,SR-63,"AVE 424",0.00,,Y,A,-,Y,,,63,,,,,,,Y,3,0,3,2,A,-,05,21752,D,N,D,C,A,A,H,-,A,A,0,,,,,Y,,M,47,0,1,2,0,0,0,0,0,0,"- ","- ",36.559330000000003,-119.28702,TULARE,UNINCORPORATED,-119.28704246,36.559329650000002
90260208,2016,2016-09-02,9481,2016-08-27,2035,016995,,6,2,9,5400,0,3,5,,2,050,"CRABTREE AVENUE","TULSA ROAD",266.00,W,N,A,-,N,,,,,,,,,,N,2,0,1,2,A,-,11,21954,A,N,G,B,D,A,H,-,D,D,0,Y,,,,Y,,N,60,1,0,0,0,1,0,0,0,0,"- ","- ",36.058619999999998,-118.97817000000001,TULARE,UNINCORPORATED,-118.97798873000001,36.058611679999999
90261280,2016,2016-09-06,9480,2016-08-15,0310,018657,,1,3,9,5400,0,3,5,,2,005,"HOWARD ROAD","AVENUE 24",5280.00,N,N,A,-,N,,,,,,,,,,Y,4,0,1,1,A,-,17,21701,,N,E,I,A,A,H,-,D,D,0,,,,,Y,,A,01,0,0,1,0,0,0,0,0,0,"- ","- ",35.844619999999999,-119.28592999999999,TULARE,UNINCORPORATED,-119.28586453,35.848219729999997
90263975,2016,2016-09-08,9480,2016-07-26,2030,016145,,2,2,9,5400,0,3,5,,2,002,"AVENUE 424","ROAD 92",1056.00,E,N,A,-,N,,,,,,,,,,Y,1,2,0,1,A,-,08,22107,,N,E,I,A,A,H,-,B,D,0,,,,,Y,,A,01,0,0,0,0,0,0,0,0,0,"- ","- ",36.560110000000002,-119.36502,TULARE,UNINCORPORATED,-119.36414932,36.56001354
90264870,2016,2016-09-09,9481,2016-09-01,1835,019154,,4,2,9,5400,0,3,5,,2,010,"AVENUE 228","ROAD 204",0.00,,Y,A,-,N,,,,,,,,,,Y,3,0,2,1,A,-,08,22107,,N,E,I,A,A,H,-,A,A,0,,,,,Y,,D,22,0,1,1,0,0,0,0,0,0,"- ","- ",36.203710000000001,-119.11793,TULARE,UNINCORPORATED,-119.0631001,36.160060100000003
90265819,2016,2016-09-12,9480,2016-08-29,0420,013821,,1,3,4,5406,0,1,3,,2,093,"SR-99 S/B TO AVENUE 200","AVENUE 200 O/C",300.00,N,N,A,-,Y,,,,,,,,,,Y,4,0,1,1,A,-,03,22350,,N,E,I,A,A,H,-,C,D,0,,,,,Y,,A,01,0,0,1,0,0,0,0,0,0,"- ","- ",36.090299999999999,-119.19499999999999,TULARE,TULARE,-119.33140236,36.151921399999999