CASE_ID,ACCIDENT_YEAR,PROC_DATE,JURIS,COLLISION_DATE,COLLISION_TIME,OFFICER_ID,REPORTING_DISTRICT,DAY_OF_WEEK,CHP_SHIFT,POPULATION,CNTY_CITY_LOC,SPECIAL_COND,BEAT_TYPE,CHP_BEAT_TYPE,CITY_DIVISION_LAPD,CHP_BEAT_CLASS,BEAT_NUMBER,PRIMARY_RD,SECONDARY_RD,DISTANCE,DIRECTION,INTERSECTION,WEATHER_1,WEATHER_2,STATE_HWY_IND,CALTRANS_COUNTY,CALTRANS_DISTRICT,STATE_ROUTE,ROUTE_SUFFIX,POSTMILE_PREFIX,POSTMILE,LOCATION_TYPE,RAMP_INTERSECTION,SIDE_OF_HWY,TOW_AWAY,COLLISION_SEVERITY,NUMBER_KILLED,NUMBER_INJURED,PARTY_COUNT,PRIMARY_COLL_FACTOR,PCF_CODE_OF_VIOL,PCF_VIOL_CATEGORY,PCF_VIOLATION,PCF_VIOL_SUBSECTION,HIT_AND_RUN,TYPE_OF_COLLISION,MVIW,PED_ACTION,ROAD_SURFACE,ROAD_COND_1,ROAD_COND_2,LIGHTING,CONTROL_DEVICE,CHP_ROAD_TYPE,PEDESTRIAN_ACCIDENT,BICYCLE_ACCIDENT,MOTORCYCLE_ACCIDENT,TRUCK_ACCIDENT,NOT_PRIVATE_PROPERTY,ALCOHOL_INVOLVED,STWD_VEHTYPE_AT_FAULT,CHP_VEHTYPE_AT_FAULT,COUNT_SEVERE_INJ,COUNT_VISIBLE_INJ,COUNT_COMPLAINT_PAIN,COUNT_PED_KILLED,COUNT_PED_INJURED,COUNT_BICYCLIST_KILLED,COUNT_BICYCLIST_INJURED,COUNT_MC_KILLED,COUNT_MC_INJURED,PRIMARY_RAMP,SECONDARY_RAMP,LATITUDE,LONGITUDE,COUNTY,CITY,POINT_X,POINT_Y
90463409,2017,2017-05-25,9481,2017-05-14,1419,021234,,7,2,9,5400,0,1,3,,1,053,"STATE ROUTE 190 WESTBOUND","ROAD 284",2534.00,E,N,A,-,Y,,,190,,,,,,W,Y,3,0,2,1,A,-,08,22107,,N,E,I,A,A,H,-,A,D,0,,,,,Y,,A,01,0,1,1,0,0,0,0,0,0,"- ","- ",36.048180000000002,-118.92843999999999,TULARE,UNINCORPORATED,-118.92834433,36.047978630000003
90463975,2017,2017-05-30,9480,2017-05-17,0945,015282,,3,1,9,5400,0,1,3,,1,064,"STATE ROUTE 198 WESTBOUND","ROAD 182",0.00,,Y,B,-,Y,,,198,,,,,,W,Y,4,0,1,2,A,-,09,21801,A,F,E,I,A,A,H,-,A,D,0,,,,,Y,,A,01,0,0,1,0,0,0,0,0,0,"- ","- ",36.326970000000003,-119.16656999999999,TULARE,UNINCORPORATED,-119.16656906999999,36.326594470000003
90465521,2017,2017-05-26,9480,2017-05-21,2115,016145,,7,2,9,5400,0,3,5,,2,004,"NORTH FORK DRIVE","KAWEAH DRIVE",325.00,N,N,A,-,N,,,,,,,,,,Y,3,0,1,1,A,-,01,23152,A,N,E,I,A,A,H,-,D,D,0,,,,,Y,Y,A,07,0,1,0,0,0,0,0,0,0,"- ","- ",36.451309999999999,-118.90595,TULARE,UNINCORPORATED,-118.90576532999999,36.451118270000002
90466868,2017,2017-05-30,9480,2017-05-27,1245,012568,,6,1,9,5400,0,1,3,,1,060,SR-137,RD.148,1115.00,E,N,A,-,Y,,,137,,,,,,,Y,2,0,5,4,A,-,01,23152,A,N,B,C,A,A,H,-,A,D,0,,,,,Y,Y,A,01,1,2,2,0,0,0,0,0,0,"- ","- ",36.210880000000003,-119.23761,TULARE,UNINCORPORATED,-119.23761001,36.21087481
90466933,2017,2017-05-30,9481,2017-05-21,2040,019154,,7,2,9,5400,0,3,5,,2,020,"19661 WALLACE ROAD","AVENUE 196",320.00,N,N,A,-,N,,,,,,,,,,Y,4,0,1,2,A,-,01,23152,A,M,E,I,A,A,H,-,C,D,0,,,,,Y,Y,D,22,0,0,1,0,0,0,0,0,0,"- ","- ",36.14667,-119.0573,TULARE,UNINCORPORATED,-119.05719000000001,36.146577999999998
90466951,2017,2017-05-30,9480,2017-05-13,1050,012568,,6,1,4,5406,0,1,3,,2,093,"SR-99 N/B","CARTMILL AVE. O/C",2349.00,S,N,A,-,Y,,,99,,,,,,N,Y,3,0,4,2,A,-,07,21658,A,F,F,A,A,A,H,-,A,D,0,,,,,Y,,A,07,0,2,2,0,0,0,0,0,0,"- ","- ",36.234470000000002,-119.34112,TULARE,TULARE,-119.34123345,36.234386839999999
90468212,2017,2017-05-31,9480,2017-05-09,1505,019186,,2,2,5,5407,0,2,S,,2,901,"DEMAREE STREET","GOSHEN AVENUE",100.00,N,N,A,-,N,,,,,,,,,,N,4,0,3,2,A,-,03,22350,,N,C,C,A,A,H,-,A,D,0,,,,,Y,,A,07,0,0,3,0,0,0,0,0,0,"- ","- ",36.339379999999998,-119.3319,TULARE,VISALIA,-119.3319726,36.339315849999998
90469088,2017,2017-06-01,9480,2017-05-26,1733,014351,,5,2,5,5407,0,1,3,,1,064,"SR 198 E/B","SHIRK RD",1056.00,W,N,A,-,Y,,,198,,,,,,E,Y,4,0,3,2,A,-,03,22350,,N,C,C,A,A,H,-,A,D,0,,,,,Y,,D,22,0,0,3,0,0,0,0,0,0,"- ","- ",36.326999999999998,-119.3745,TULARE,VISALIA,-119.37450035000001,36.327175199999999
90471015,2017,2017-06-05,9481,2017-05-28,2125,021234,,7,2,9,5400,0,2,4,,1,011,"ROAD 224","AVENUE 192",804.00,N,N,A,-,N,,,,,,,,,,Y,3,0,1,1,A,-,08,22107,,N,E,I,A,A,H,-,D,D,0,,,,,Y,,A,07,0,1,0,0,0,0,0,0,0,"- ","- ",36.138660000000002,-119.07156000000001,TULARE,UNINCORPORATED,-119.07174999999999,36.138300000000001
90471611,2017,2017-06-06,9480,2017-05-30,0530,016723,,2,3,9,5400,0,3,5,,2,001,"AVENUE 376","ROAD 76",90.00,W,N,A,-,N,,,,,,,,,,Y,3,0,3,2,A,-,08,22107,,N,D,C,A,A,H,-,B,D,0,,,,,Y,,A,01,0,1,2,0,0,0,0,0,0,"- ","- ",36.473230000000001,-119.40356,TULARE,UNINCORPORATED,-119.40332569,36.473192769999997
90473302,2017,2017-06-07,9480,2017-06-05,0500,017311,,1,3,9,5400,0,1,3,,1,021,SR-63,"AVE 352",0.00,,Y,A,-,Y,,,63,,,,,,,Y,4,0,2,2,A,-,03,22350,,N,C,C,A,A,H,-,B,D,0,,,,,Y,,D,22,0,0,2,0,0,0,0,0,0,"- ","- ",36.428910000000002,-119.29577,TULARE,UNINCORPORATED,-119.29587967000001,36.428911909999997
90479279,2017,2017-06-15,9480,2017-06-10,1651,017778,,6,2,9,5400,0,1,3,,2,095,"STATE ROUTE 99 N/B","AVENUE 120",5280.00,S,N,A,-,Y,,,99,,,,,,N,Y,4,0,1,2,A,-,03,22350,,N,C,C,A,A,H,-,A,D,0,,,,,Y,,A,01,0,0,1,0,0,0,0,0,0,"- ","- ",35.99868,-119.30027,TULARE,UNINCORPORATED,-119.30036592,35.998658640000002
90479842,2017,2017-06-16,9480,2017-06-09,1539,019789,,5,2,9,5400,0,3,5,,2,005,"ROAD 124","AVENUE 120",0.00,,Y,A,-,N,,,,,,,,,,Y,4,0,2,2,A,-,09,21802,A,N,D,C,A,A,H,-,A,A,0,,,,Y,Y,,A,01,0,0,2,0,0,0,0,0,0,"- ","- ",36.007669999999997,-119.2949,TULARE,UNINCORPORATED,-119.29490998999999,36.00766007
90480647,2017,2017-06-19,9480,2017-06-08,0730,012401,,4,1,9,5400,0,3,5,,2,003,"AVE 184","RD 68",528.00,W,N,A,-,N,,,,,,,,,,Y,3,0,1,1,C,-,18,,,N,H,H,A,A,H,-,A,D,0,,,Y,,Y,,-,"- ",0,1,0,0,0,0,0,0,1,"- ","- ",36.129779999999997,-119.8746,TULARE,UNINCORPORATED,,
90480859,2017,2017-06-19,9481,2017-06-15,1505,017523,,4,2,9,5400,0,1,3,,1,012,"SR-65 SOUTHBOUND","LINDA VISTA AVENUE",0.00,,Y,A,-,Y,,,65,,,,,,S,Y,4,0,4,2,A,-,09,21801,A,N,D,C,A,A,H,-,A,D,0,,,,,Y,,A,01,0,0,4,0,0,0,0,0,0,"- ","- ",36.104100000000003,-119.04336000000001,TULARE,UNINCORPORATED,-119.04312967,36.104237390000002
90482463,2017,2017-06-29,9480,2017-06-09,1903,014351,,5,2,9,5400,0,3,5,,2,004,"AVENUE 352","ROAD 132",0.00,,Y,A,-,N,,,,,,,,,,Y,2,0,4,2,A,-,12,22450,A,N,D,C,A,A,H,-,A,A,0,,,,,Y,,D,22,1,1,2,0,0,0,0,0,0,"- ","- ",36.4285,-119.2771,TULARE,UNINCORPORATED,-119.27787996000001,36.428630120000001
90487523,2017,2017-06-29,9481,2017-06-16,1210,017523,,5,1,9,5400,0,1,3,,1,012,"STATE ROUTE 65","ROAD 196",83.00,S,N,A,-,Y,,,65,,,,,,,Y,3,0,3,2,A,-,09,21804,A,N,D,C,A,A,H,-,A,D,0,,,,Y,Y,,A,01,0,2,1,0,0,0,0,0,0,"- ","- ",36.210740000000001,-119.13558999999999,TULARE,UNINCORPORATED,-119.13559002,36.210814020000001
90489708,2017,2017-06-28,9480,2017-06-15,0955,015282,,4,1,9,5400,0,1,3,,1,045,"STATE ROUTE 245 (ROAD 204)","AVENUE 300",1056.00,S,N,A,-,Y,,,245,,,,,,,Y,4,0,3,2,A,-,09,21804,A,N,D,C,A,A,H,-,A,D,0,,,,,Y,,M,44,0,0,3,0,0,0,0,0,0,"- ","- ",36.330289999999998,-119.11678000000001,TULARE,UNINCORPORATED,-119.11689111,36.330292270000001
9049051,2020,2020-11-03,5407,2020-01-03,1158,C03,NN709,5,5,5,5407,0,0,0,,0,00N,"RT 63","WILLOW AV",24.00,S,N,A,-,Y,TUL,6,63,-,-,8.076,I,5,S,Y,4,0,3,2,A,-,08,22107,,F,B,C,A,A,H,-,A,A,0,,,,,Y,,A,07,0,0,3,0,0,0,0,0,0,"- ","- ",36.327430725097656,-119.29341125488281,TULARE,VISALIA,-119.29342651367188,36.328342437744141
9049783,2020,2020-05-21,5405,2020-02-18,1435,262,,2,5,4,5405,0,0,0,,0,002,"HENDERSON AV","2ND ST",12.00,W,N,A,-,N,,,,,,,,,,Y,4,0,1,2,A,-,09,21802,A,N,D,C,A,A,H,-,A,A,0,,,,,Y,,-,,0,0,1,0,0,0,0,0,0,"- ","- ",,,TULARE,PORTERVILLE,-119.01499176025391,36.080158233642578
90497867,2017,2017-07-11,9480,2017-06-17,1730,019697,,6,2,9,5400,0,3,5,,2,002,"AVE 424","ROAD 120",1163.00,W,N,A,-,N,,,,,,,,,,Y,3,0,1,1,A,-,01,23152,A,N,E,I,A,A,H,-,A,D,0,,,,,Y,Y,D,22,0,1,0,0,0,0,0,0,0,"- ","- ",36.559460000000001,-119.30902,TULARE,UNINCORPORATED,-119.30896572,36.55943456
90499087,2017,2017-07-12,9480,2017-07-07,2020,020871,,5,2,9,5400,0,3,5,,2,003,"ROAD 80","AVENUE 176",130.00,N,N,A,-,N,,,,,,,,,,N,3,0,1,2,A,-,03,22350,,N,C,C,A,A,H,-,B,D,0,,,Y,,Y,,C,06,0,1,0,0,0,0,0,0,1,"- ","- ",36.109290000000001,-119.39366,TULARE,UNINCORPORATED,-119.39368,36.109256780000003
90499409,2017,2017-07-12,9480,2017-07-08,0700,017252,,6,1,9,5400,0,1,3,,2,091,"STATE ROUTE 99, NORTHBOUND","BETTY DRIVE",512.00,S,N,A,-,Y,,,99,,,,,,N,Y,4,0,1,1,A,-,08,22107,,N,E,I,A,A,D,-,A,D,0,,,,,Y,,A,01,0,0,1,0,0,0,0,0,0,"- ","- ",36.349429999999998,-119.42626,TULARE,UNINCORPORATED,-119.42614396,36.349504039999999
9049972,2020,2020-06-05,5407,2020-02-04,2043,A218,480,2,5,5,5407,0,0,0,,0,011,"CHINOWTH ST","MINERAL KING AV",0.00,,Y,A,-,N,,,,,,,,,,Y,4,0,1,2,A,-,12,21453,A,N,B,C,A,A,H,-,C,A,0,,,,,Y,,A,01,0,0,1,0,0,0,0,0,0,"- ","- ",36.327808380126953,-119.33624267578125,TULARE,VISALIA,-119.33625030517578,36.327850341796875
90499963,2017,2017-08-08,9480,2017-06-10,1514,019789,,6,2,9,5400,0,1,3,,2,095,"STATE ROUTE 99 N/B","AVENUE 120",3749.00,S,N,A,-,Y,,,99,,,,,,N,Y,1,1,0,1,A,-,01,23152,F,N,E,I,A,A,H,-,A,D,0,,,,Y,Y,,G,25,0,0,0,0,0,0,0,0,0,"- ","- ",35.998899999999999,-119.30032,TULARE,UNINCORPORATED,-119.30041511,35.998877929999999
90500083,2017,2017-07-13,9480,2017-07-11,1255,017108,,2,1,9,5400,0,3,5,,2,001,"RIGGIN AVENUE","ROAD 72",184.00,E,N,A,-,N,,,,,,,,,,Y,4,0,3,2,A,-,03,22350,,N,C,C,A,A,H,-,A,D,0,,,,,Y,,D,22,0,0,3,0,0,0,0,0,0,"- ","- ",36.356250000000003,-119.41143,TULARE,UNINCORPORATED,-119.41180586999999,36.356206139999998
90502070,2017,2017-08-25,9480,2017-05-13,0110,018521,,6,3,9,5400,0,1,3,,2,093,"STATE ROUTE 99 SOUTHBOUND","AVENUE 200",3168.00,N,N,A,-,Y,,,,,,,,,,Y,1,1,1,1,A,-,01,23152,A,F,E,I,A,A,H,-,D,D,0,,,,,Y,Y,A,01,0,1,0,0,0,0,0,0,0,"- ","- ",36.161900000000003,-119.33280000000001,TULARE,UNINCORPORATED,,
90506605,2017,2017-10-13,9481,2017-07-08,0001,020252,,6,3,9,5400,0,3,5,,2,030,"RICHGROVE DRIVE","AVENUE 56",0.00,,N,A,-,N,,,,,,,,,,Y,2,0,1,1,A,-,08,22107,,N,F,A,A,A,H,-,D,D,0,,,,,Y,,A,01,1,0,0,0,0,0,0,0,0,"- ","- ",35.881030000000003,-119.05370000000001,TULARE,UNINCORPORATED,-119.05393013,35.891700090000001
90507166,2017,2017-07-24,9480,2017-07-18,1204,017252,,2,1,9,5400,0,3,5,,2,001,"ROAD 80","AVENUE 360",0.00,,Y,A,-,N,,,,,,,,,,Y,4,0,2,2,A,-,09,21801,A,N,D,C,A,A,H,-,A,A,0,,,,,Y,,A,01,0,0,2,0,0,0,0,0,0,"- ","- ",36.444600000000001,-119.39465,TULARE,UNINCORPORATED,-119.39486146,36.443954249999997
90507244,2017,2017-07-24,9481,2017-07-17,1520,016065,,1,2,9,5400,0,3,5,,2,050,"ROAD 236","AVENUE 88",250.00,N,N,A,-,N,,,,,,,,,,Y,3,0,4,1,A,-,08,22107,,N,F,A,A,A,H,-,A,D,0,,,,,Y,,A,01,0,2,2,0,0,0,0,0,0,"- ","- ",35.951000000000001,-119.04479000000001,TULARE,UNINCORPORATED,-119.04475347,35.95035592
90509140,2017,2017-07-26,9480,2017-07-22,1025,017252,,6,1,9,5400,0,3,5,,2,001,"AVENUE 424","ROAD 64",300.00,W,N,A,-,N,,,,,,,,,,Y,3,0,1,1,A,-,08,22107,,N,E,I,A,A,H,-,A,D,0,,,,,Y,Y,A,01,0,1,0,0,0,0,0,0,0,"- ","- ",36.564309999999999,-119.43118,TULARE,UNINCORPORATED,-119.43035,36.560690000000001
90514759,2017,2017-08-02,9481,2017-07-30,2355,018029,,7,3,9,5400,0,1,3,,1,037,"STATE ROUTE 65","AVENUE 2",400.00,S,N,A,-,Y,,,65,,,,,,,Y,3,0,2,3,A,-,01,23152,A,F,B,C,A,A,H,-,D,D,0,,,,,Y,Y,A,08,0,1,1,0,0,0,0,0,0,"- ","- ",35.792270000000002,-119.05345,TULARE,UNINCORPORATED,-119.05345397000001,35.792269939999997
90518174,2017,2017-08-07,9480,2017-08-04,1630,017778,,5,2,9,5400,0,3,5,,2,003,"I DRIVE","AVENUE 184",225.00,N,N,A,-,N,,,,,,,,,,Y,4,0,1,2,A,-,08,22107,,F,D,C,A,A,H,-,A,D,0,,,,,Y,,A,07,0,0,1,0,0,0,0,0,0,"- ","- ",36.124499999999998,-119.33022,TULARE,UNINCORPORATED,-119.33006259,36.124208029999998
90518266,2017,2017-08-07,9480,2017-08-04,1812,019111,,5,2,5,5407,0,1,3,,1,064,"STATE ROUTE 198","SHIRK RD",1056.00,W,N,A,-,Y,,,198,,,,,,,Y,4,0,2,2,A,-,03,22350,,N,C,C,A,A,H,-,A,D,0,,,,,Y,,A,01,0,0,2,0,0,0,0,0,0,"- ","- ",36.327199999999998,-119.3747,TULARE,VISALIA,-119.37469994999999,36.327174929999998
90518591,2017,2017-08-08,9481,2017-08-01,2130,019578,,2,2,9,5400,0,2,4,,1,021,"AVENUE 208","ORANGE BELT DRIVE",0.00,,Y,A,-,N,,,,,,,,,,Y,3,0,3,2,A,-,12,22450,A,N,D,C,A,A,H,-,D,A,0,,,,,Y,,A,01,0,1,2,0,0,0,0,0,0,"- ","- ",36.167290000000001,-119.07286999999999,TULARE,UNINCORPORATED,-119.07283012000001,36.167300019999999
90521896,2017,2017-08-11,9480,2017-08-08,2055,013656,,2,2,9,5400,0,3,5,,2,006,"ROAD 152","AVENUE 240",0.00,,Y,A,-,N,,,,,,,,,,Y,3,0,1,2,A,-,09,21801,A,N,A,C,A,A,H,-,D,D,0,,,,,Y,,D,22,0,1,0,0,0,0,0,0,0,"- ","- ",36.225470000000001,-119.23352,TULARE,UNINCORPORATED,-119.23353985999999,36.225459999999998
90522617,2017,2017-08-14,9481,2017-08-02,1910,018029,,3,2,9,5400,0,3,5,,2,030,"AVENUE 56","MTN 109",2640.00,W,N,A,-,N,,,,,,,,,,N,4,0,1,2,A,-,03,22350,,N,C,C,A,A,H,-,A,D,0,,,,,Y,,A,01,0,0,1,0,0,0,0,0,0,"- ","- ",35.89161,-118.92429,TULARE,UNINCORPORATED,-118.92429739000001,35.891575070000002
90522643,2017,2017-08-14,9480,2017-08-04,0810,016210,,5,1,9,5400,0,3,5,,2,006,"FOOTHILL AVE","FIR ST",3168.00,N,N,A,-,N,,,,,,,,,,Y,3,0,1,1,A,-,08,22107,,N,F,A,A,A,H,-,A,D,0,,,,,Y,,D,22,0,1,0,0,0,0,0,0,0,"- ","- ",36.229669999999999,-119.0716,TULARE,UNINCORPORATED,-119.07377,36.223939999999999
90523960,2017,2017-08-15,9480,2017-08-12,1507,019048,,6,2,9,5400,0,3,5,,2,004,"AVENUE 296","ROAD 158",528.00,W,N,A,-,N,,,,,,,,,,N,4,0,1,2,A,-,03,22350,,N,C,C,A,A,H,-,A,D,0,,,,,Y,,A,01,0,0,1,0,0,0,0,0,0,"- ","- ",36.327060000000003,-119.22154,TULARE,UNINCORPORATED,-119.22208024,36.327085820000001
90528207,2017,2017-08-22,9481,2017-08-14,1510,015218,,1,2,9,5400,0,3,5,,2,030,"COUNTY LINE ROAD","SAN FELICE STREET",150.00,W,N,A,-,N,,,,,,,,,,Y,4,0,2,2,A,-,03,22350,,N,C,C,A,A,H,-,A,D,0,,,,,Y,,A,01,0,0,2,0,0,0,0,0,0,"- ","- ",35.79034,-119.22049,TULARE,UNINCORPORATED,-119.22038376,35.790490300000002
90534976,2017,2017-08-28,9480,2017-08-16,0600,012401,,3,1,9,5400,0,1,3,,2,093,"SR-99 N/B","AVE 120",1000.00,S,N,A,-,Y,,,,,,,,,,Y,4,0,1,1,C,-,18,,,N,E,I,A,A,H,-,A,D,0,,,,,Y,,-,"- ",0,0,1,0,0,0,0,0,0,"- ","- ",36.634210000000003,-119.49975999999999,TULARE,UNINCORPORATED,-119.30149192,36.00490971
90535063,2017,2017-08-28,9480,2017-08-18,2155,019349,,5,2,5,5407,0,1,3,,1,064,"STATE ROUTE 198 E/B","AKERS ST",1410.00,E,N,A,-,Y,,,,,,,,,,Y,4,0,3,2,A,-,08,22107,,F,B,C,A,A,H,-,C,D,0,,,,,Y,,A,01,0,0,3,0,0,0,0,0,0,"- ","- ",36.328679999999999,-119.34497,TULARE,VISALIA,-119.34961,36.32714
90541187,2017,2017-09-05,9481,2017-08-29,0600,018982,,2,1,9,5400,0,3,5,,2,030,"AVENUE 56","ROAD 200",27.00,W,N,A,-,N,,,,,,,,,,Y,4,0,1,2,A,-,09,21801,A,N,B,C,A,A,H,-,B,D,0,,,,,Y,,D,22,0,0,1,0,0,0,0,0,0,"- ","- ",35.891779999999997,-119.12613,TULARE,UNINCORPORATED,-119.12604105,35.891800259999997
90543614,2017,2017-09-08,9480,2017-09-06,1705,017108,,3,2,9,5400,0,3,5,,2,006,"ROAD 216","AVENUE 247",310.00,N,N,A,-,N,,,,,,,,,,Y,3,0,1,2,A,-,05,21650,,N,E,I,A,A,H,-,A,D,0,,,,,Y,,A,01,0,1,0,0,0,0,0,0,0,"- ","- ",36.239190000000001,-119.09164,TULARE,UNINCORPORATED,-119.09157336,36.237905869999999
90543776,2017,2017-09-08,9480,2017-09-06,0910,015282,,3,1,9,5400,0,3,5,,2,002,"ROAD 112","AVENUE 340",1400.00,N,N,A,-,N,,,,,,,,,,Y,3,0,2,2,A,-,03,22350,,N,D,C,A,A,H,-,A,D,0,,,,,Y,,A,01,0,1,1,0,0,0,0,0,0,"- ","- ",36.411200000000001,-119.32313000000001,TULARE,UNINCORPORATED,-119.32306466999999,36.41099182
90550007,2017,2017-09-18,9480,2017-09-11,1510,017108,,1,2,9,5400,0,3,5,,2,002,"AVENUE 436","ROAD 136",0.00,,Y,A,-,N,,,,,,,,,,Y,4,0,1,1,A,-,03,22350,,N,E,I,A,A,H,-,A,A,0,,,,,Y,Y,A,01,0,0,1,0,0,0,0,0,0,"- ","- ",36.580399999999997,-119.26913999999999,TULARE,UNINCORPORATED,-119.26916991,36.580410090000001
90550921,2017,2017-09-19,9480,2017-09-14,2223,018861,,4,3,9,5400,0,1,3,,2,093,"SR-99 N/B","DRIVE 92B",495.00,N,N,A,-,Y,,,99,,,,,,N,Y,3,0,3,2,A,-,01,23152,A,N,C,C,A,A,H,-,D,D,0,,,,,Y,Y,A,01,0,1,2,0,0,0,0,0,0,"- ","- ",36.267890000000001,-119.36476999999999,TULARE,UNINCORPORATED,-119.36479687000001,36.267866410000003
90555212,2017,2017-09-25,9481,2017-09-08,1135,018595,,5,1,9,5400,0,3,5,,2,050,"AVENUE 138","ROAD 272",0.00,,N,A,-,N,,,,,,,,,,Y,3,0,1,1,A,-,01,23152,G,N,E,I,A,A,H,-,A,D,0,,,,,Y,Y,A,01,0,1,0,0,0,0,0,0,0,"- ","- ",36.040190000000003,-118.95447,TULARE,UNINCORPORATED,-118.96410007999999,36.04013003
90557500,2017,2017-09-27,9481,2017-09-17,1705,019286,,7,2,9,5400,0,3,5,,2,030,"ROAD 192","AVENUE 148",72.00,S,N,A,-,N,,,,,,,,,,Y,4,0,2,2,A,-,03,22350,,N,C,C,A,A,H,-,A,D,0,,,,,Y,,A,01,0,0,2,0,0,0,0,0,0,"- ","- ",36.058480000000003,-119.1431,TULARE,UNINCORPORATED,-119.14312,36.058362440000003
90559720,2017,2017-09-29,9480,2017-09-17,0159,018521,,7,3,9,5400,0,1,3,,2,095,"SR-99 S/B TO HIGH ST","COUNTY LINE RD",528.00,N,N,A,-,Y,,,99,,,,R,,S,Y,4,0,3,1,A,-,08,22107,,N,F,A,A,A,H,-,D,D,0,,,,,Y,,D,22,0,0,3,0,0,0,0,0,0,"- ","- ",35.792400000000001,-119.253,TULARE,UNINCORPORATED,-119.253,35.792400000000001
90559865,2017,2017-09-29,9480,2017-09-20,1610,019349,,3,2,9,5400,0,1,3,,2,095,"STATE ROUTE 99 N/B","DAVIS STREET",337.00,S,N,A,-,Y,,,,,,,,,,Y,3,0,1,2,A,-,07,21658,A,N,F,A,A,A,H,-,A,D,0,,,,Y,Y,,G,25,0,1,0,0,0,0,0,0,0,"- ","- ",35.967939999999999,-119.29237000000001,TULARE,UNINCORPORATED,-119.29127010000001,35.967712640000002
90563941,2017,2017-10-05,9481,2017-10-03,0415,019154,,2,3,9,5400,0,1,3,,1,037,"STATE ROUTE 65","AVENUE 95",4224.00,N,N,A,-,Y,,,65,,,,,,,Y,3,0,5,6,A,-,03,22350,,N,C,C,A,A,D,-,D,D,0,,,,,Y,,D,22,0,2,3,0,0,0,0,0,0,"- ","- ",35.973950000000002,-119.05362,TULARE,UNINCORPORATED,-119.05355422,35.973949560000001
90564106,2017,2017-10-05,9480,2017-10-02,1805,015290,,1,2,5,5407,0,1,3,,1,064,"SR-198 W/B","DEMAREE ST",650.00,E,N,A,-,Y,,,198,,,,,,W,Y,4,0,1,2,A,-,07,21658,A,N,B,C,A,A,H,-,D,D,0,,,,,Y,,A,01,0,0,1,0,0,0,0,0,0,"- ","- ",36.32714,-119.32948,TULARE,VISALIA,-119.32947926,36.327071750000002
9056562,2020,2020-03-23,5405,2020-03-11,1359,264,,3,5,4,5405,0,0,0,,0,003,"G ST","WILLOW AV",108.00,N,N,A,-,N,,,,,,,,,,N,3,0,1,2,A,-,11,21954,A,N,G,B,D,A,H,-,A,D,0,Y,,,,Y,,N,60,0,1,0,0,1,0,0,0,0,"- ","- ",,,TULARE,PORTERVILLE,-119.02293395996094,36.066825866699219
9056574,2020,2020-03-23,5405,2020-03-10,1830,246,PORTE,2,5,4,5405,0,0,0,,0,001,"NEWCOMB ST","MORTON AV",15.00,S,N,C,-,N,,,,,,,,,,Y,4,0,1,3,A,-,03,22350,,N,D,C,A,B,H,-,A,A,0,,,,,Y,,A,01,0,0,1,0,0,0,0,0,0,"- ","- ",,,TULARE,PORTERVILLE,-119.05294036865234,36.073078155517578
90567172,2017,2017-10-11,9480,2017-10-03,1155,014351,,2,1,9,5400,0,3,5,,2,004,"AVENUE 352","ROAD 156",0.00,,Y,A,-,N,,,,,,,,,,Y,4,0,2,2,A,-,09,21802,A,N,D,C,A,A,H,-,A,A,0,,,,Y,Y,,A,01,0,0,2,0,0,0,0,0,0,"- ","- ",36.428699999999999,-119.224,TULARE,UNINCORPORATED,-119.22395997,36.428460029999997
90567718,2017,2017-10-11,9480,2017-09-29,1920,016723,,5,2,9,5400,0,3,5,,2,004,"ROAD 152","MINERAL KING AVENUE",48.00,N,N,A,-,N,,,,,,,,,,Y,2,0,1,1,A,-,08,22107,,N,E,I,A,A,H,-,C,D,0,,,Y,,Y,,C,06,1,0,0,0,0,0,0,0,1,"- ","- ",36.327249999999999,-119.23379,TULARE,UNINCORPORATED,-119.23381895,36.327250970000001
90568832,2017,2017-10-19,9480,2017-10-04,0704,014351,,3,1,9,5400,1,3,5,,2,004,"ROAD 168","AVE 308",1989.00,N,N,A,-,N,,,,,,,,,,Y,3,0,3,3,A,-,03,22350,,N,C,C,A,A,H,-,A,A,0,,,,,Y,,A,01,0,2,1,0,0,0,0,0,0,"- ","- ",36.353999999999999,-119.1977,TULARE,UNINCORPORATED,-119.19784964,36.353937709999997
90569490,2017,2017-10-12,9480,2017-10-05,1705,017108,,4,2,9,5400,0,1,3,,1,025,"STATE ROUTE 245","BOYD DRIVE",2640.00,S,N,A,-,Y,,,245,,,,,,,Y,4,0,1,2,A,-,17,21662,A,N,F,A,A,A,H,-,A,D,0,,,Y,,Y,,C,02,0,0,1,0,0,0,0,0,1,"- ","- ",36.56277,-119.13172,TULARE,UNINCORPORATED,-119.13169926,36.562782249999998
90570119,2017,2017-10-13,9480,2017-10-12,1545,018204,,4,2,9,5400,0,3,5,,2,001,"AVE 416","RD 52",0.00,,Y,B,-,N,,,,,,,,,,Y,4,0,1,2,A,-,09,21801,A,N,D,C,A,A,D,-,A,D,0,,,,Y,Y,,G,25,0,0,1,0,0,0,0,0,0,"- ","- ",36.546869999999998,-119.45747,TULARE,UNINCORPORATED,-119.45766091,36.546591429999999