CASE_ID,ACCIDENT_YEAR,PROC_DATE,JURIS,COLLISION_DATE,COLLISION_TIME,OFFICER_ID,REPORTING_DISTRICT,DAY_OF_WEEK,CHP_SHIFT,POPULATION,CNTY_CITY_LOC,SPECIAL_COND,BEAT_TYPE,CHP_BEAT_TYPE,CITY_DIVISION_LAPD,CHP_BEAT_CLASS,BEAT_NUMBER,PRIMARY_RD,SECONDARY_RD,DISTANCE,DIRECTION,INTERSECTION,WEATHER_1,WEATHER_2,STATE_HWY_IND,CALTRANS_COUNTY,CALTRANS_DISTRICT,STATE_ROUTE,ROUTE_SUFFIX,POSTMILE_PREFIX,POSTMILE,LOCATION_TYPE,RAMP_INTERSECTION,SIDE_OF_HWY,TOW_AWAY,COLLISION_SEVERITY,NUMBER_KILLED,NUMBER_INJURED,PARTY_COUNT,PRIMARY_COLL_FACTOR,PCF_CODE_OF_VIOL,PCF_VIOL_CATEGORY,PCF_VIOLATION,PCF_VIOL_SUBSECTION,HIT_AND_RUN,TYPE_OF_COLLISION,MVIW,PED_ACTION,ROAD_SURFACE,ROAD_COND_1,ROAD_COND_2,LIGHTING,CONTROL_DEVICE,CHP_ROAD_TYPE,PEDESTRIAN_ACCIDENT,BICYCLE_ACCIDENT,MOTORCYCLE_ACCIDENT,TRUCK_ACCIDENT,NOT_PRIVATE_PROPERTY,ALCOHOL_INVOLVED,STWD_VEHTYPE_AT_FAULT,CHP_VEHTYPE_AT_FAULT,COUNT_SEVERE_INJ,COUNT_VISIBLE_INJ,COUNT_COMPLAINT_PAIN,COUNT_PED_KILLED,COUNT_PED_INJURED,COUNT_BICYCLIST_KILLED,COUNT_BICYCLIST_INJURED,COUNT_MC_KILLED,COUNT_MC_INJURED,PRIMARY_RAMP,SECONDARY_RAMP,LATITUDE,LONGITUDE,COUNTY,CITY,POINT_X,POINT_Y
91381544,2020,2021-01-06,9481,2020-11-19,2230,019149,,4,3,9,5400,0,3,5,,2,020,"ROAD 228","AVENUE 204",1056.00,N,N,A,-,N,,,,,,,,,,Y,3,0,1,1,A,-,08,22107,,M,E,I,A,A,H,-,D,D,0,,,,,Y,,A,01,0,1,0,0,0,0,0,0,0,"- ","- ",36.162830352783203,-119.06314849853516,TULARE,UNINCORPORATED,-119.06317138671875,36.162956237792969
91382484,2020,2021-01-06,9481,2020-12-26,1710,017991,,6,2,9,5400,0,3,5,,2,010,"STATE ROUTE 65","SPRUCE ROAD",120.00,E,N,A,-,Y,,,65,,,,,,,N,4,0,1,2,A,-,03,22350,,N,C,C,A,A,H,-,D,D,0,,,,,Y,,A,01,0,0,1,0,0,0,0,0,0,"- ","- ",36.210800170898438,-119.11752319335938,TULARE,UNINCORPORATED,-119.11752319335938,36.210773468017578
91383404,2021,2021-01-07,9480,2021-01-06,0720,013914,,3,1,9,5400,0,1,3,,1,021,"STATE ROUTE 63","AVENUE 368",0.00,,Y,B,E,Y,,,63,,,,,,,Y,3,0,1,2,A,-,03,22350,,N,D,C,A,A,H,-,A,A,0,,,,Y,Y,,A,01,0,1,0,0,0,0,0,0,0,"- ","- ",36.457759857177734,-119.29547882080078,TULARE,UNINCORPORATED,-119.29544830322266,36.457759857177734
91389129,2021,2021-01-18,9480,2021-01-15,0840,018202,,5,1,9,5400,0,1,3,,1,020,"SR-201 (AVENUE 400)","RD 40",0.00,,Y,A,-,Y,,,201,,,,,,,Y,4,0,1,2,A,-,09,21802,A,N,D,C,A,A,H,-,A,A,0,,,,,Y,,D,22,0,0,1,0,0,0,0,0,0,"- ","- ",36.517620086669922,-119.48473358154297,TULARE,UNINCORPORATED,-119.48473358154297,36.517620086669922
91389708,2021,2021-01-18,9480,2021-01-09,0205,018521,,6,3,9,5400,0,3,5,,2,005,"COURT AVE.","PALM ST.",0.00,,Y,E,-,N,,,,,,,,,,Y,4,0,1,1,A,-,01,23152,A,N,E,I,A,A,H,-,D,A,0,,,,,Y,Y,A,07,0,0,1,0,0,0,0,0,0,"- ","- ",35.971549987792969,-119.26822662353516,TULARE,UNINCORPORATED,-119.26832580566406,35.971549987792969
91389801,2021,2021-01-18,9480,2021-01-10,0225,019828,,7,3,9,5400,0,1,3,,2,093,"SR-99 S/B","RANKIN RD",3696.00,N,N,A,-,Y,,,,,,,,,,Y,4,0,1,1,A,-,08,22107,,N,E,I,A,A,H,-,D,D,0,,,,,Y,,D,22,0,0,1,0,0,0,0,0,0,"- ","- ",36.162689208984375,-119.33251953125,TULARE,UNINCORPORATED,,
91390858,2021,2021-01-19,9480,2021-01-15,1803,020060,,5,2,9,5400,0,1,3,,1,030,"STATE ROUTE 137 (ROAD 36)","AVENUE 208",1056.00,S,N,A,-,Y,,,,,,,,,,Y,2,0,2,2,A,-,08,22107,,N,D,C,A,A,H,-,D,D,0,,,,,Y,,A,01,2,0,0,0,0,0,0,0,0,"- ","- ",36.163021087646484,-119.49315643310547,TULARE,UNINCORPORATED,-119.49314117431641,36.163730621337891
91394250,2021,2021-01-26,9480,2021-01-24,1440,020837,,7,2,9,5400,0,3,5,,2,005,"ELM STREET","WASHINGTON AVENUE",100.00,S,N,B,-,N,,,,,,,,,,Y,4,0,1,1,A,-,03,22350,,N,E,I,A,A,H,-,A,D,0,,,,,Y,,A,01,0,0,1,0,0,0,0,0,0,"- ","- ",35.88433837890625,-119.26587677001953,TULARE,UNINCORPORATED,-119.26593780517578,35.884376525878906
91396037,2021,2021-01-28,9480,2021-01-22,1300,013821,,5,1,9,5400,0,1,3,,2,095,"SR-99 SB","AVENUE 24 U/C",7920.00,S,N,B,C,Y,,,99,,,,,,S,Y,4,0,1,2,A,-,03,22350,,N,C,C,A,B,H,-,A,D,0,,,,,Y,,A,01,0,0,1,0,0,0,0,0,0,"- ","- ",35.825248718261719,-119.25868988037109,TULARE,UNINCORPORATED,-119.25872802734375,35.825248718261719
91399771,2021,2021-02-01,9480,2021-01-20,1405,018202,,3,2,9,5400,0,3,5,,2,005,"RD 120","AVE 120",720.00,S,N,A,-,N,,,,,,,,,,Y,4,0,1,2,A,-,01,23152,A,N,D,C,A,A,H,-,A,D,0,,,,Y,Y,Y,D,22,0,0,1,0,0,0,0,0,0,"- ","- ",36.005111694335938,-119.30403900146484,TULARE,UNINCORPORATED,-119.30481719970703,36.005878448486328
91400483,2021,2021-02-02,9481,2021-01-23,1600,021227,,6,2,9,5400,0,3,5,,2,050,"MOUNTAIN ROAD 137 (RESERVATION ROAD)","POTHOLE ROAD",2112.00,W,N,B,C,N,,,,,,,,,,Y,4,0,1,1,A,-,08,22107,,N,E,I,A,B,H,-,A,D,0,,,,,Y,,A,01,0,0,1,0,0,0,0,0,0,"- ","- ",36.03131103515625,-118.88661193847656,TULARE,UNINCORPORATED,,
91400722,2021,2021-02-02,9480,2021-01-29,1020,018202,,5,1,9,5400,0,1,3,,2,091,"SR-99 S/B","AVE 284",2640.00,S,N,B,-,Y,,,99,,,,,,S,Y,2,0,1,1,A,-,01,23152,A,N,E,I,A,A,H,-,A,D,0,,,,,Y,Y,A,01,1,0,0,0,0,0,0,0,0,"- ","- ",36.484939575195312,-119.51071929931641,TULARE,UNINCORPORATED,-119.51069641113281,36.484970092773438
91408379,2021,2021-02-15,9481,2021-02-12,1116,018113,,5,1,9,5400,0,3,5,,2,010,"ROAD 152","AVENUE 224",0.00,,Y,B,-,N,,,,,,,,,,Y,4,0,1,1,A,-,08,22107,,N,E,I,A,A,H,-,A,D,0,,,,,Y,,A,08,0,0,1,0,0,0,0,0,0,"- ","- ",36.196510314941406,-119.23313903808594,TULARE,UNINCORPORATED,-119.23320770263672,36.196399688720703
91408385,2021,2021-02-15,9481,2021-02-13,0545,018113,,6,3,9,5400,0,3,5,,2,020,"AVENUE 181","ORANGE BELT DRIVE",0.00,,Y,A,-,N,,,,,,,,,,Y,4,0,1,2,A,-,09,21802,A,N,D,C,A,A,H,-,D,A,0,,,,,Y,,A,01,0,0,1,0,0,0,0,0,0,"- ","- ",36.118141174316406,-119.04709625244141,TULARE,UNINCORPORATED,-119.04711,36.118119999999998
91410705,2021,2021-02-18,9480,2021-02-10,1800,016723,,3,2,9,5400,0,3,5,,2,004,"AVENUE 328","ROAD 127",87.00,W,N,A,-,N,,,,,,,,,,Y,3,0,2,2,A,-,09,21804,A,N,D,C,A,A,H,-,D,D,0,,,,,Y,,A,07,0,1,1,0,0,0,0,0,0,"- ","- ",36.38555908203125,-119.29074096679688,TULARE,UNINCORPORATED,-119.29039764404297,36.385540008544922
91412400,2021,2021-02-22,9480,2021-02-14,2335,018521,,7,3,9,5400,0,1,3,,2,095,"SR-99 N/B","AVENUE 96",2112.00,S,N,A,-,Y,,,99,,,,,,N,Y,4,0,1,1,A,-,08,22107,,N,E,I,A,A,H,-,D,D,0,,,,,Y,,A,01,0,0,1,0,0,0,0,0,0,"- ","- ",35.958858489990234,-119.29078674316406,TULARE,UNINCORPORATED,-119.29096984863281,35.958869934082031
91412798,2021,2021-02-22,9480,2021-02-15,0646,013914,,1,1,9,5400,0,1,3,,1,021,"STATE ROUTE 63","AVENUE 328",0.00,,Y,B,-,Y,,,63,,,,,,,Y,3,0,1,2,A,-,09,21453,C,N,A,C,A,A,H,-,A,A,0,,,,,Y,,E,22,0,1,0,0,0,0,0,0,0,"- ","- ",36.385459899902344,-119.2967529296875,TULARE,UNINCORPORATED,-119.29676055908203,36.385459899902344
91417115,2021,2021-02-26,9480,2021-01-07,2135,020450,,4,2,9,5400,0,1,3,,2,095,"STATE ROUTE 99 NORTHBOUND","TIPTON OVERPASS",475.00,N,N,E,-,Y,,,99,,,,,,N,Y,1,1,1,1,A,-,08,22107,,N,E,I,A,A,H,-,D,D,0,,,,,Y,,A,07,1,0,0,0,0,0,0,0,0,"- ","- ",36.06005859375,-119.31202697753906,TULARE,UNINCORPORATED,-119.31215667724609,36.060028076171875
91417813,2021,2021-03-01,9481,2021-02-13,1810,021234,,6,2,9,5400,0,2,4,,1,051,"DATE AVENUE","LEGGET STREET",37.00,E,N,B,-,N,,,,,,,,,,N,3,0,1,2,A,-,03,22350,,N,C,C,A,A,H,-,C,D,0,,,,,Y,,A,01,0,1,0,0,0,0,0,0,0,"- ","- ",36.058441162109375,-118.99916839599609,TULARE,UNINCORPORATED,-118.99946594238281,36.058448791503906
91417924,2021,2021-03-01,9480,2021-02-05,1150,016233,,5,1,9,5400,0,1,3,,1,010,"SR-201 (AVE 400)","RD. 40",104.00,W,N,B,-,Y,,,201,,,,,,,Y,2,0,2,2,A,-,09,21801,A,N,A,C,A,A,H,-,A,D,0,,,,,Y,,A,01,1,1,0,0,0,0,0,0,0,"- ","- ",36.517559051513672,-119.48664855957031,TULARE,UNINCORPORATED,-119.48664855957031,36.517623901367188
91420732,2021,2021-03-04,9480,2021-02-26,1350,016723,,5,1,9,5400,0,1,3,,1,020,"STATE ROUTE 201 (AVENUE 384)","ROAD 144",985.00,W,N,A,-,Y,,,201,,,,,,,Y,4,0,1,2,D,-,00,,,N,B,C,A,A,H,-,A,D,0,,,,,Y,,-,"- ",0,0,1,0,0,0,0,0,0,"- ","- ",36.486301422119141,-119.25405883789062,TULARE,UNINCORPORATED,-119.25405883789062,36.486297607421875
91422366,2021,2021-03-11,9480,2021-02-26,1725,016723,,5,2,9,5400,0,1,3,,1,021,"STATE ROUTE 63","AVENUE 368",0.00,,Y,A,-,Y,,,63,,,,,,,Y,4,0,1,2,A,-,09,21801,A,N,A,C,A,A,H,-,A,D,0,,,,,Y,,A,01,0,0,1,0,0,0,0,0,0,"- ","- ",36.457740783691406,-119.29541778564453,TULARE,UNINCORPORATED,-119.29544830322266,36.457740783691406
91424132,2021,2021-03-10,9480,2021-03-06,2032,019697,,6,2,9,5400,0,3,5,,2,003,"WEST ST","CARTMILL AVE",0.00,,Y,A,-,N,,,,,,,,,,Y,2,0,2,2,A,-,01,23152,A,N,D,C,A,A,H,-,D,A,0,,,,,Y,Y,A,07,1,1,0,0,0,0,0,0,0,"- ","- ",36.240169525146484,-119.36682891845703,TULARE,UNINCORPORATED,-119.36685180664062,36.240154266357422
91425527,2021,2021-03-11,9480,2021-03-08,0755,017108,,1,1,9,5400,0,1,3,,1,065,"STATE ROUTE 65 (ROAD 196)","AVENUE 256",0.00,,Y,A,-,Y,,,65,,,,,,,Y,3,0,2,2,A,-,09,21802,A,N,D,C,A,A,H,-,A,A,0,,,,,Y,,A,01,0,2,0,0,0,0,0,0,0,"- ","- ",36.253578186035156,-119.13643646240234,TULARE,UNINCORPORATED,-119.13634490966797,36.253566741943359
91427404,2021,2021-03-15,9480,2021-03-06,2040,019846,,6,2,9,5400,0,3,5,,2,002,"ROAD 124","SHORT AVENUE",212.00,S,N,A,-,N,,,,,,,,,,Y,4,0,2,1,A,-,03,22350,,N,E,I,A,A,H,-,C,D,0,,,,,Y,,D,22,0,0,2,0,0,0,0,0,0,"- ","- ",36.525959014892578,-119.29579162597656,TULARE,UNINCORPORATED,-119.2957763671875,36.525978088378906
91427435,2021,2021-03-15,9481,2021-03-02,1330,021227,,2,1,9,5400,0,3,5,,2,010,"AVENUE 184","ROAD 192",800.00,W,N,A,-,N,,,,,,,,,,Y,2,0,1,2,A,-,03,22350,,N,C,C,A,A,H,-,A,D,0,,,,,Y,,D,22,1,0,0,0,0,0,0,0,0,"- ","- ",36.123638153076172,-119.15946197509766,TULARE,UNINCORPORATED,-119.14556884765625,36.123802185058594
91427453,2021,2021-03-15,9480,2021-03-06,0858,016233,,6,1,9,5400,0,3,5,,2,004,"RD. 132","AVE 352",3104.00,N,N,A,-,N,,,,,,,,,,Y,3,0,1,1,A,-,08,22107,,N,E,I,A,A,H,-,A,D,0,,,,,Y,,A,07,0,1,0,0,0,0,0,0,0,"- ","- ",36.437229156494141,-119.27790069580078,TULARE,UNINCORPORATED,-119.27780914306641,36.437149047851562
91428971,2021,2021-03-17,9481,2021-03-10,2010,017894,,3,2,9,5400,0,2,4,,1,021,"ORANGE BELT DRIVE","AVENUE 184",150.00,N,N,C,-,N,,,,,,,,,,N,4,0,1,2,A,-,06,21750,,F,B,C,A,B,H,-,C,D,0,,,,,Y,,D,22,0,0,1,0,0,0,0,0,0,"- ","- ",36.124038696289062,-119.04981994628906,TULARE,UNINCORPORATED,-119.04977416992188,36.123996734619141
91437446,2021,2021-03-29,9481,2021-03-09,1400,018029,,2,2,9,5400,0,3,5,,2,020,"AVENUE 216","ROAD 220",0.00,,Y,A,-,N,,,,,,,,,,Y,3,0,2,2,A,-,12,22450,A,N,D,C,A,A,H,-,A,A,0,,,,,Y,,A,01,0,2,0,0,0,0,0,0,0,"- ","- ",36.181751251220703,-119.08188629150391,TULARE,UNINCORPORATED,-119.081886,36.181750999999998
91440288,2021,2021-03-31,9480,2021-03-27,1055,018202,,6,1,9,5400,0,1,3,,1,064,"SR-198 W/B",SR-65,528.00,E,N,A,-,Y,,,198,,,,,,W,Y,4,0,1,3,A,-,03,22350,,N,C,C,A,A,H,-,A,D,0,,,,,Y,,A,01,0,0,1,0,0,0,0,0,0,"- ","- ",36.326309204101562,-119.13265991210938,TULARE,UNINCORPORATED,-119.13265991210938,36.326316833496094
91442805,2021,2021-04-05,9481,2021-03-27,1303,021687,,6,1,9,5400,0,3,5,,2,050,"AVENUE 104","ROAD 261",528.00,W,N,A,-,N,,,,,,,,,,Y,2,0,1,1,A,-,08,22107,,N,F,A,A,A,H,-,A,D,0,,,,,Y,,D,22,1,0,0,0,0,0,0,0,0,"- ","- ",35.978618621826172,-118.99053955078125,TULARE,UNINCORPORATED,-118.99081420898438,35.978702545166016
91444547,2021,2021-04-06,9480,2021-04-01,2045,020060,,4,2,9,5400,0,3,5,,2,003,"ROAD 28","AVENUE 232",2112.00,S,N,A,-,N,,,,,,,,,,Y,2,0,2,1,A,-,08,22107,,N,E,I,A,A,H,-,D,D,0,,,,,Y,,A,01,1,1,0,0,0,0,0,0,0,"- ","- ",36.205230712890625,-119.51071929931641,TULARE,UNINCORPORATED,-119.51077270507812,36.205184936523438
91445968,2021,2021-04-08,9480,2021-04-01,0255,020612,,4,3,9,5400,0,1,3,,2,095,"STATE ROUTE 99 NORTHBOUND","WASHINGTON AVENUE",500.00,N,N,A,-,Y,,,99,,,,,,N,Y,4,0,1,1,A,-,08,22107,,N,E,I,A,A,H,-,D,D,0,,,,,Y,,A,01,0,0,1,0,0,0,0,0,0,"- ","- ",35.885711669921875,-119.27227020263672,TULARE,UNINCORPORATED,-119.27225494384766,35.885711669921875
91446129,2021,2021-04-08,9480,2021-04-03,2335,020837,,6,3,9,5400,0,1,3,,2,095,"STATE ROUTE 99 SOUTHBOUND","AVENUE 56",5280.00,N,N,A,-,Y,,,99,,,,,,S,Y,3,0,1,2,A,-,01,23152,A,N,C,C,A,A,H,-,D,D,0,,,,,Y,Y,A,01,0,1,0,0,0,0,0,0,0,"- ","- ",35.905879974365234,-119.27919769287109,TULARE,UNINCORPORATED,-119.27916717529297,35.905887603759766
91447948,2021,2021-04-12,9480,2021-03-24,0930,013821,,3,1,9,5400,0,3,5,,2,004,"AVENUE 320","ROAD 132",0.00,,Y,A,-,N,,,,,,,,,,Y,3,0,3,2,A,-,09,21802,A,N,D,C,A,A,H,-,A,A,0,,,,,Y,,D,22,0,1,2,0,0,0,0,0,0,"- ","- ",36.370960235595703,-119.27877044677734,TULARE,UNINCORPORATED,-119.27877044677734,36.3709716796875
91449691,2021,2021-04-13,9480,2021-04-07,1328,017291,,3,1,9,5400,0,3,5,,2,001,"AVENUE 424","ROAD 64",147.00,E,N,A,-,N,,,,,,,,,,Y,3,0,2,2,A,-,01,23152,A,N,A,C,A,A,H,-,A,D,0,,,,,Y,Y,A,01,0,1,1,0,0,0,0,0,0,"- ","- ",36.560699462890625,-119.42967987060547,TULARE,UNINCORPORATED,-119.42984771728516,36.560688018798828
91449722,2021,2021-04-13,9480,2021-04-05,1615,019697,,1,2,9,5400,0,3,5,,2,006,"ROAD 204",SR-198,505.00,S,N,A,-,N,,,,,,,,,,Y,2,0,4,4,A,-,03,22350,,N,C,C,A,A,H,-,A,D,0,,,,,Y,,A,07,1,1,2,0,0,0,0,0,0,"- ","- ",36.324409484863281,-119.11686706542969,TULARE,UNINCORPORATED,-119.11698150634766,36.324485778808594
91452771,2021,2021-04-19,9481,2021-04-12,1315,017991,,1,1,9,5400,0,2,4,,1,021,"ORANGE BELT DRIVE","AVENUE 200",0.00,,Y,A,-,N,,,,,,,,,,Y,4,0,2,2,A,-,12,22450,A,N,D,C,A,A,H,-,A,A,0,,,,,Y,,A,01,0,0,2,0,0,0,0,0,0,"- ","- ",36.152778625488281,-119.06491851806641,TULARE,UNINCORPORATED,-119.06497192382812,36.152801513671875
91454335,2021,2021-04-20,9480,2021-04-10,2350,021249,,6,3,5,5407,0,1,3,,1,064,"SR-198 WB","DEMAREE ST",1150.00,E,N,A,-,Y,,,198,,,,,,W,Y,2,0,2,2,A,-,01,23152,A,N,B,C,A,A,H,-,D,D,0,,,,,Y,Y,A,01,1,0,1,0,0,0,0,0,0,"- ","- ",36.327201843261719,-119.32759094238281,TULARE,VISALIA,-119.32759094238281,36.327114105224609
91456842,2021,2021-04-23,9480,2021-04-14,0012,020890,,3,3,9,5400,0,1,3,,1,021,"STATE ROUTE 63","AVENUE 352",3168.00,N,N,A,-,Y,,,63,,,,,,,N,3,0,1,2,A,-,11,21956,A,N,G,B,E,A,H,-,D,D,0,Y,,,,Y,,N,60,0,1,0,0,1,0,0,0,0,"- ","- ",36.437519073486328,-119.29572296142578,TULARE,UNINCORPORATED,-119.29573059082031,36.437519073486328
91458218,2021,2021-04-26,9481,2021-04-21,0955,016065,,3,1,9,5400,0,2,4,,1,051,"ROAD 236","PEPPER AVENUE",77.00,N,N,A,-,N,,,,,,,,,,N,4,0,1,2,A,-,03,22350,,N,C,C,A,A,H,-,A,D,0,,,,,Y,,A,01,0,0,1,0,0,0,0,0,0,"- ","- ",35.959541320800781,-119.04431915283203,TULARE,UNINCORPORATED,-119.04433441162109,35.959621429443359
91461694,2021,2021-04-29,9480,2021-04-22,1815,016240,,4,2,9,5400,0,3,5,,2,001,"ROAD 80 N/B","AVENUE 328",158.00,S,N,A,-,N,,,,,,,,,,N,4,0,1,2,A,-,03,22350,,N,C,C,A,A,H,-,A,A,0,,,,,Y,,A,01,0,0,1,0,0,0,0,0,0,"- ","- ",36.385089874267578,-119.39444732666016,TULARE,UNINCORPORATED,-119.39475250244141,36.384925842285156
9146313,2020,2020-10-17,5405,2020-08-24,2010,262,,1,5,4,5405,0,0,0,,0,001,"MORTON AV","BEVERLY ST",117.00,E,N,A,-,N,,,,,,,,,,Y,3,0,1,2,A,-,05,21460,A,N,B,C,A,A,H,-,C,D,0,,,,,Y,,A,01,0,1,0,0,0,0,0,0,0,"- ","- ",36.073200225830078,-119.04902648925781,TULARE,PORTERVILLE,-119.04864501953125,36.073211669921875
91472429,2021,2021-05-27,9480,2021-05-06,0755,016723,,4,1,5,5407,0,1,3,,1,064,"STATE ROUTE 198 (EASTBOUND)","CONYER STREET OVERPASS",15.00,E,N,A,-,Y,,,198,,,,,,,Y,3,0,2,2,A,-,03,22350,,N,C,C,A,A,H,-,A,D,0,,,,,Y,,D,22,0,2,0,0,0,0,0,0,0,"- ","- ",36.326778411865234,-119.30097961425781,TULARE,VISALIA,-119.30097961425781,36.326927185058594
91472860,2021,2021-05-13,9480,2021-05-05,1712,016995,,3,2,9,5400,0,1,3,,1,063,"SR-63 (MOONEY BLVD)","AVENUE 248",250.00,N,N,A,-,Y,,,63,,,,,,,Y,4,0,1,2,A,-,03,22350,,N,C,C,A,A,H,-,A,A,0,,,,,Y,,A,07,0,0,1,0,0,0,0,0,0,"- ","- ",36.241329193115234,-119.31313323974609,TULARE,UNINCORPORATED,-119.3131103515625,36.241329193115234
91473805,2021,2021-05-14,9481,2021-05-08,1010,017991,,6,1,9,5400,0,3,5,,2,030,"ROAD 192","AVENUE 146",0.00,,Y,A,-,N,,,,,,,,,,Y,3,0,1,4,A,-,09,21802,A,N,D,C,A,A,H,-,A,A,0,,,,,Y,Y,D,22,0,1,0,0,0,0,0,0,0,"- ","- ",36.055000305175781,-119.14314270019531,TULARE,UNINCORPORATED,-119.14311218261719,36.054954528808594
91475478,2021,2021-05-18,9480,2021-05-05,1618,019048,,3,2,9,5400,0,1,3,,1,044,SR-198,"ROAD 217",30.00,W,N,A,-,Y,,,198,,,,,,,Y,4,0,1,1,A,-,01,23152,A,N,E,I,A,A,H,-,A,D,0,,,,,Y,Y,A,08,0,0,1,0,0,0,0,0,0,"- ","- ",36.325569152832031,-119.08788299560547,TULARE,UNINCORPORATED,-119.08788299560547,36.325485229492188
91476421,2021,2021-05-27,9481,2021-05-16,1345,018595,,7,1,9,5400,0,1,3,,1,037,"STATE ROUTE 65","DEER CREEK BRIDGE #16-213",1056.00,N,N,A,-,Y,,,65,,,,,,,Y,4,0,2,2,A,-,21,22106,,N,B,C,A,A,H,-,A,D,0,,,,,Y,,A,01,0,0,2,0,0,0,0,0,0,"- ","- ",35.983570098876953,-119.05187225341797,TULARE,UNINCORPORATED,-119.0518798828125,35.983573913574219
9147749,2020,2020-10-22,5405,2020-08-31,1410,257,SEC2,1,5,4,5405,0,0,0,,0,002,"WEST PUTNAM AV","NORTH E ST",0.00,,Y,A,-,N,,,,,,,,,,Y,3,0,1,2,A,-,12,22450,A,N,D,C,A,A,H,-,A,A,0,,,,,Y,,A,01,0,1,0,0,0,0,0,0,0,"- ","- ",36.069698333740234,-119.0198974609375,TULARE,PORTERVILLE,-119.01994323730469,36.069721221923828
91479670,2021,2021-05-24,9480,2021-05-07,1835,016995,,5,2,9,5400,0,1,3,,1,060,"STATE ROUTE 137","ROAD 126",200.00,W,N,A,-,Y,,,137,,,,,,,Y,4,0,1,2,A,-,03,22350,,N,C,C,A,A,H,-,A,D,0,,,,,Y,,A,01,0,0,1,0,0,0,0,0,0,"- ","- ",36.210800170898438,-119.29273986816406,TULARE,UNINCORPORATED,-119.29273986816406,36.210903167724609
91480837,2021,2021-05-27,9481,2021-05-11,1842,017894,,2,2,9,5400,0,2,4,,1,021,"AVENUE 208","ROAD 228",0.00,,Y,A,-,N,,,,,,,,,,Y,4,0,2,2,A,-,09,21802,A,N,D,C,A,A,H,-,A,A,0,,,,,Y,,A,01,0,0,2,0,0,0,0,0,0,"- ","- ",36.167278289794922,-119.06327819824219,TULARE,UNINCORPORATED,-119.06327819824219,36.167301177978516
91481209,2021,2021-05-27,9481,2021-05-20,2155,016776,,4,2,9,5400,0,3,5,,2,050,"SPRINGVILLE AVENUE","SUCCESS DRIVE",1000.00,W,N,A,-,N,,,,,,,,,,Y,3,0,1,2,A,-,03,22350,,N,C,C,A,A,H,-,D,D,0,,,,,Y,,A,01,0,1,0,0,0,0,0,0,0,"- ","- ",36.055091857910156,-118.97789001464844,TULARE,UNINCORPORATED,-118.99147796630859,36.0572509765625
91481356,2021,2021-05-27,9480,2021-05-18,1055,013914,,2,1,9,5400,0,1,3,,1,060,"STATE ROUTE 137","ROAD 126",449.00,W,N,A,-,Y,,,137,,,,,,,Y,3,0,1,2,A,-,08,22107,,N,D,C,A,A,H,-,A,D,0,,,,,Y,,A,07,0,1,0,0,0,0,0,0,0,"- ","- ",36.210899353027344,-119.29319763183594,TULARE,UNINCORPORATED,-119.29319763183594,36.210903167724609
91481716,2021,2021-05-27,9481,2021-05-14,1525,018029,,5,2,9,5400,0,3,5,,2,020,"BALCH PARK ROAD",SR-190,10560.00,N,N,A,-,N,,,,,,,,,,Y,4,0,1,1,A,-,08,22107,,N,E,I,A,A,H,-,A,D,0,,,,,Y,,D,22,0,0,1,0,0,0,0,0,0,"- ","- ",36.166061401367188,-118.80313873291016,TULARE,UNINCORPORATED,-118.80319213867188,36.166347503662109
91486787,2021,2021-06-01,9481,2021-05-26,0500,015290,,3,3,9,5400,0,3,5,,2,050,"PLEASANT OAK DRIVE","MUSTANG DRIVE",180.00,W,N,A,-,N,,,,,,,,,,Y,2,0,1,1,A,-,08,22107,,N,F,A,A,A,H,-,B,D,0,,,Y,,Y,,C,02,1,0,0,0,0,0,0,0,1,"- ","- ",36.095279693603516,-118.845458984375,TULARE,UNINCORPORATED,-118.845388,36.095213999999999
91487463,2021,2021-06-02,9480,2021-05-23,1755,020060,,7,2,9,5400,0,3,5,,2,006,"FIREBAUGH AVENUE","SPRUCE STREET",2.00,W,N,A,-,N,,,,,,,,,,Y,3,0,2,2,A,-,01,23152,A,N,D,C,A,A,H,-,A,D,0,,,,,Y,Y,A,07,0,1,1,0,0,0,0,0,0,"- ","- ",36.289649963378906,-119.11786651611328,TULARE,UNINCORPORATED,-119.11777496337891,36.289661407470703
91488321,2021,2021-06-03,9480,2021-04-28,2208,020890,,3,3,9,5400,0,1,3,,1,030,"STATE ROUTE 137","ROAD 46",250.00,E,N,A,-,Y,,,137,,,,,,,Y,4,0,2,3,A,-,02,22400,A,N,D,C,F,A,H,-,D,D,0,Y,,,,Y,,B,07,0,0,2,0,1,0,0,0,0,"- ","- ",36.202960968017578,-119.46985626220703,TULARE,UNINCORPORATED,-119.46985626220703,36.202949523925781