CASE_ID,ACCIDENT_YEAR,PROC_DATE,JURIS,COLLISION_DATE,COLLISION_TIME,OFFICER_ID,REPORTING_DISTRICT,DAY_OF_WEEK,CHP_SHIFT,POPULATION,CNTY_CITY_LOC,SPECIAL_COND,BEAT_TYPE,CHP_BEAT_TYPE,CITY_DIVISION_LAPD,CHP_BEAT_CLASS,BEAT_NUMBER,PRIMARY_RD,SECONDARY_RD,DISTANCE,DIRECTION,INTERSECTION,WEATHER_1,WEATHER_2,STATE_HWY_IND,CALTRANS_COUNTY,CALTRANS_DISTRICT,STATE_ROUTE,ROUTE_SUFFIX,POSTMILE_PREFIX,POSTMILE,LOCATION_TYPE,RAMP_INTERSECTION,SIDE_OF_HWY,TOW_AWAY,COLLISION_SEVERITY,NUMBER_KILLED,NUMBER_INJURED,PARTY_COUNT,PRIMARY_COLL_FACTOR,PCF_CODE_OF_VIOL,PCF_VIOL_CATEGORY,PCF_VIOLATION,PCF_VIOL_SUBSECTION,HIT_AND_RUN,TYPE_OF_COLLISION,MVIW,PED_ACTION,ROAD_SURFACE,ROAD_COND_1,ROAD_COND_2,LIGHTING,CONTROL_DEVICE,CHP_ROAD_TYPE,PEDESTRIAN_ACCIDENT,BICYCLE_ACCIDENT,MOTORCYCLE_ACCIDENT,TRUCK_ACCIDENT,NOT_PRIVATE_PROPERTY,ALCOHOL_INVOLVED,STWD_VEHTYPE_AT_FAULT,CHP_VEHTYPE_AT_FAULT,COUNT_SEVERE_INJ,COUNT_VISIBLE_INJ,COUNT_COMPLAINT_PAIN,COUNT_PED_KILLED,COUNT_PED_INJURED,COUNT_BICYCLIST_KILLED,COUNT_BICYCLIST_INJURED,COUNT_MC_KILLED,COUNT_MC_INJURED,PRIMARY_RAMP,SECONDARY_RAMP,LATITUDE,LONGITUDE,COUNTY,CITY,POINT_X,POINT_Y
91865192,2022,2022-09-15,9481,2022-09-08,1600,017957,,4,2,9,5400,0,3,5,,2,020,"ROAD 256","AVENUE 196",0.00,,Y,A,-,N,,,,,,,,,,Y,3,0,1,2,A,-,12,22450,A,N,D,C,A,A,H,-,A,A,0,,,,,Y,,A,07,0,1,0,0,0,0,0,0,0,"- ","- ",36.145538330078125,-119.00016021728516,TULARE,UNINCORPORATED,-119.00016784667969,36.145503997802734
91867014,2022,2022-09-19,9481,2022-09-08,0932,015290,,4,1,9,5400,0,3,5,,2,030,"ROAD 152","AVENUE 8",0.00,,Y,A,-,N,,,,,,,,,,Y,2,0,1,2,A,-,09,21802,A,N,D,C,A,A,H,-,A,A,0,,,,Y,Y,,F,25,1,0,0,0,0,0,0,0,0,"- ","- ",35.804981231689453,-119.23240661621094,TULARE,UNINCORPORATED,-119.23242950439453,35.804950714111328
91869767,2022,2022-09-21,9481,2022-09-19,0645,016147,,1,1,9,5400,0,1,3,,1,012,"STATE ROUTE 65","AVENUE 208",0.00,,Y,B,-,Y,TUL,,65,,,26.732,H,,R,Y,4,0,1,2,A,-,09,21802,A,N,D,C,A,A,H,-,A,A,0,,,,,Y,,A,08,0,0,1,0,0,0,0,0,0,"- ","- ",36.167289733886719,-119.08289337158203,TULARE,UNINCORPORATED,-119.08296203613281,36.167266845703125
91872908,2022,2022-09-26,9480,2022-09-15,1540,018840,,4,2,9,5400,0,3,5,,2,006,"AVENUE 280","AVENUE 156",1056.00,E,N,A,-,N,,,,,,,,,,N,4,0,1,2,A,-,03,22350,,F,C,C,A,A,D,-,A,A,0,,,,,Y,,-,99,0,0,1,0,0,0,0,0,0,"- ","- ",36.297908782958984,-119.22091674804688,TULARE,UNINCORPORATED,,
91875795,2022,2022-09-28,9480,2022-09-21,1255,018202,,3,1,9,5400,0,1,3,,1,020,"SR-201 E/B","RD 24",0.00,,Y,A,-,Y,TUL,,201,,,0.898,H,,R,Y,3,0,1,2,A,-,09,21801,A,N,D,C,A,A,H,-,A,A,0,,,,Y,Y,,A,01,0,1,0,0,0,0,0,0,0,"- ","- ",36.517890930175781,-119.52114105224609,TULARE,UNINCORPORATED,-119.52114105224609,36.517871856689453
91877194,2022,2022-09-29,9481,2022-09-16,1730,019422,,5,2,4,5405,0,1,3,,1,037,"STATE ROUTE 65(SOUTHBOUND) TO STATE ROUTE 190 (EAS","STATE ROUTE 190",0.00,,Y,A,-,Y,TUL,,65,,,18.135,H,,L,Y,3,0,1,1,A,-,03,22350,,N,F,A,A,A,H,-,A,D,0,,,Y,,Y,,C,02,0,1,0,0,0,0,0,0,1,"- ","- ",36.051231384277344,-119.03936004638672,TULARE,PORTERVILLE,-119.03913879394531,36.051227569580078
91880453,2022,2022-10-03,9480,2022-09-23,0650,016240,,5,1,9,5400,0,3,5,,2,004,"AVENUE 296","ROAD 196",0.00,,Y,A,-,N,,,,,,,,,,Y,4,0,1,2,A,-,09,21802,A,N,C,C,A,A,H,-,A,A,0,,,,,Y,,A,08,0,0,1,0,0,0,0,0,0,"- ","- ",36.312580108642578,-119.13343048095703,TULARE,UNINCORPORATED,-119.13491058349609,36.326259613037109
91881018,2022,2022-10-03,9480,2022-09-26,0804,016233,,1,1,9,5400,0,1,3,,1,021,SR-63,"AVE. 368",0.00,,Y,A,-,Y,TUL,,63,,,17.110,H,,R,N,4,0,1,2,A,-,09,21801,A,N,A,A,A,D,H,-,A,D,0,,,,,Y,,A,01,0,0,1,0,0,0,0,0,0,"- ","- ",36.457740783691406,-119.29544830322266,TULARE,UNINCORPORATED,-119.29544830322266,36.457740783691406
91885031,2022,2022-10-07,9480,2022-08-22,0725,016240,,1,1,9,5400,0,3,5,,2,001,"AVENUE 304","ROAD 48",0.00,,Y,A,-,N,,,,,,,,,,Y,4,0,1,2,A,-,05,21752,D,N,D,C,A,A,H,-,A,D,0,,,,Y,Y,,G,25,0,0,1,0,0,0,0,0,0,"- ","- ",36.340560913085938,-119.46691131591797,TULARE,UNINCORPORATED,-119.466552734375,36.341812133789062
91885311,2022,2022-10-07,9480,2022-09-25,2130,021044,,7,2,9,5400,0,1,3,,2,093,"SR-99 S/B","AVENUE 184",6864.00,S,N,A,-,Y,TUL,,99,,,22.145,H,,L,Y,3,0,1,1,A,-,01,23152,A,N,E,8,A,A,H,-,D,D,0,,,,,Y,Y,D,22,0,1,0,0,0,0,0,0,0,"- ","- ",36.104011535644531,-119.32327270507812,TULARE,UNINCORPORATED,-119.32317352294922,36.104015350341797
91888098,2022,2022-10-12,9481,2022-09-01,1105,020917,,4,1,9,5400,0,1,3,,1,053,"STATE ROUTE 190","SUCCESS VALLEY DRIVE",3696.00,E,N,A,-,Y,,,,,,,,,,Y,1,2,0,2,A,-,05,21460,A,N,A,C,A,A,H,-,A,D,0,,,,,Y,,D,22,0,0,0,0,0,0,0,0,0,"- ","- ",36.08734130859375,-118.89116668701172,TULARE,UNINCORPORATED,-118.89138793945312,36.087631225585938
91888129,2022,2022-10-12,9480,2022-10-01,1940,019427,,6,2,9,5400,0,3,5,,2,004,"MILLWOOD DRIVE","AVENUE 348",876.00,N,N,A,-,N,,,,,,,,,,N,4,0,1,2,A,-,01,23152,A,N,B,C,A,A,H,-,D,D,0,,,,,Y,Y,D,22,0,0,1,0,0,0,0,0,0,"- ","- ",36.423370361328125,-119.12358093261719,TULARE,UNINCORPORATED,-119.12363433837891,36.423225402832031
91888560,2022,2022-10-12,9480,2022-10-07,0620,013914,,5,1,9,5400,0,3,5,,2,006,"AVENUE 256","STATE ROUTE 63",1320.00,E,N,A,-,N,,,,,,,,,,Y,3,0,3,2,A,-,06,21750,A,N,D,D,A,A,H,-,B,D,0,,,,,Y,,A,01,0,3,0,0,0,0,0,0,0,"- ","- ",36.255268096923828,-119.30841064453125,TULARE,UNINCORPORATED,-119.30856323242188,36.255203247070312
91889343,2022,2022-10-13,9480,2022-09-23,0820,016240,,5,1,9,5400,0,3,5,,2,004,"ROAD 148","AVENUE 344",1634.00,S,N,A,-,N,,,,,,,,,,Y,3,0,1,1,A,-,08,22107,,N,E,J,A,A,A,-,A,D,0,,,,,Y,,A,01,0,1,0,0,0,0,0,0,0,"- ","- ",36.382278442382812,-119.26495361328125,TULARE,UNINCORPORATED,-119.24221801757812,36.414028167724609
9189094,2020,2021-02-01,5405,2020-11-16,0945,259,SEC4,1,5,4,5405,0,0,0,,0,,"VILLA ST","OLIVE AV",325.00,S,N,A,-,N,,,,,,,,,,Y,4,0,1,2,A,-,08,22103,,N,D,C,A,A,H,-,A,D,0,,,,Y,Y,,F,26,0,0,1,0,0,0,0,0,0,"- ","- ",36.065971374511719,-119.03061676025391,TULARE,PORTERVILLE,-119.03061676025391,36.065910339355469
91896095,2022,2022-10-21,9480,2022-10-11,1045,016240,,2,1,9,5400,0,3,5,,2,001,"ROAD 80","AVENUE 384",1495.00,S,N,A,-,N,,,,,,,,,,Y,2,0,2,2,A,-,08,22107,,N,D,C,A,A,H,-,A,D,0,,,,,Y,,A,01,1,1,0,0,0,0,0,0,0,"- ","- ",36.483848571777344,-119.39488983154297,TULARE,UNINCORPORATED,-119.39408111572266,36.483882904052734
91901362,2022,2022-10-27,9480,2022-10-17,1910,020926,,1,2,9,5400,0,1,3,,2,095,"SR-99 N/B","COUNTY LINE RD",140.00,N,N,A,-,Y,TUL,,99,,,0.031,H,,R,Y,4,0,3,3,A,-,03,22350,,N,C,C,A,A,H,-,D,D,0,,,,Y,Y,,A,01,0,0,3,0,0,0,0,0,0,"- ","- ",35.790878295898438,-119.25090789794922,TULARE,UNINCORPORATED,-119.25096893310547,35.790855407714844
91911104,2022,2022-11-07,9480,2022-11-01,1725,020926,,2,2,9,5400,0,1,3,,2,093,"SR-99 S/B FROM AVENUE 184","AVENUE 184",1056.00,S,N,C,-,Y,TUL,,99,,,23.334,H,,L,Y,4,0,1,1,A,-,08,22107,,N,E,I,A,B,H,-,A,D,0,,,,,Y,,A,01,0,0,1,0,0,0,0,0,0,"- ","- ",36.121219635009766,-119.32486724853516,TULARE,UNINCORPORATED,-119.32476806640625,36.121227264404297
91911611,2022,2022-11-07,9481,2022-11-02,0822,015290,,3,1,9,5400,0,1,3,,1,053,"STATE ROUTE 190","ROAD 265",4752.00,E,N,B,-,Y,TUL,,190,,,19.368,H,,R,N,4,0,1,2,A,-,09,21804,A,N,H,G,A,A,H,-,A,D,0,,Y,,,Y,,L,04,0,0,1,0,0,0,1,0,0,"- ","- ",36.049468994140625,-118.96576690673828,TULARE,UNINCORPORATED,-118.96575164794922,36.049495697021484
91914885,2022,2022-11-10,9480,2022-11-06,2205,021175,,7,3,9,5400,0,1,3,,2,095,"NORTHBOUND STATE ROUTE 99","AVENUE 24",5808.00,S,N,A,-,Y,TUL,,99,,,2.006,H,,R,Y,3,0,1,1,A,-,01,23152,A,N,E,I,A,A,H,-,D,D,0,,,,,Y,Y,A,01,0,1,0,0,0,0,0,0,0,"- ","- ",35.818630218505859,-119.25843811035156,TULARE,UNINCORPORATED,-119.25844573974609,35.818630218505859
91916667,2022,2022-11-14,9481,2022-11-08,1535,018029,,2,2,9,5400,0,3,5,,2,010,"AVENUE 208","ROAD 216",0.00,,Y,B,-,N,,,,,,,,,,Y,4,0,1,2,A,-,12,22450,A,N,D,C,A,B,H,-,A,A,0,,,,,Y,,D,22,0,0,1,0,0,0,0,0,0,"- ","- ",36.167179107666016,-119.09039306640625,TULARE,UNINCORPORATED,-119.09037780761719,36.167182922363281
91918282,2022,2022-11-15,9480,2022-11-13,2220,018421,,7,3,9,5400,0,3,5,,2,001,"AVENUE 392","ROAD 12",0.00,,Y,A,-,N,,,,,,,,,,Y,2,0,3,2,A,-,12,22450,A,N,D,C,A,A,H,-,D,A,0,,,,,Y,,A,01,1,2,0,0,0,0,0,0,0,"- ","- ",36.503398895263672,-119.54792785644531,TULARE,UNINCORPORATED,-119.54792785644531,36.503379821777344
91919451,2022,2022-11-16,9480,2022-10-08,2322,021175,,6,3,5,5407,0,1,3,,1,064,"STATE ROUTE 198","SHIRK ROAD",2640.00,W,N,A,-,Y,TUL,,198,,,5.279,H,,L,Y,1,1,0,1,A,-,01,23152,A,N,F,A,A,A,H,-,D,D,0,,,,,Y,Y,A,01,0,0,0,0,0,0,0,0,0,"- ","- ",36.327381134033203,-119.37626647949219,TULARE,VISALIA,-119.37626647949219,36.327243804931641
91920097,2022,2022-11-17,9481,2022-11-07,2020,018113,,1,2,9,5400,0,2,4,,2,052,"MTN ROAD 137 (RESERVATION RD)","ROAD 296",4078.00,W,N,B,-,N,,,,,,,,,,Y,4,0,1,2,A,-,03,22350,,F,C,C,A,B,H,-,D,D,0,,,,,Y,,D,22,0,0,1,0,0,0,0,0,0,"- ","- ",36.026371002197266,-118.92392730712891,TULARE,UNINCORPORATED,,
91920128,2022,2022-11-17,9480,2022-11-05,1245,018521,,6,1,9,5400,0,1,3,,2,093,"SR-99 S/B","AVE 280",5280.00,S,N,A,-,Y,TUL,,99,,,35.371,H,,L,N,4,0,1,2,A,-,08,22107,,M,E,I,A,A,H,-,A,D,0,,,,,Y,,-,99,0,0,1,0,0,0,0,0,0,"- ","- ",36.284599304199219,-119.37651062011719,TULARE,UNINCORPORATED,-119.37660217285156,36.284557342529297
91924403,2022,2022-11-22,9480,2022-11-09,1033,018861,,3,1,9,5400,0,3,5,,2,006,"ROAD 188","AVENUE 256",0.00,,Y,A,-,N,,,,,,,,,,Y,3,0,1,2,A,-,12,22450,A,N,D,C,A,A,H,-,A,A,0,,,,,Y,,D,22,0,1,0,0,0,0,0,0,0,"- ","- ",36.253780364990234,-119.15425872802734,TULARE,UNINCORPORATED,-119.15422821044922,36.253765106201172
9192861,2020,2020-12-28,5407,2020-11-11,0815,M194,480,3,5,5,5407,0,0,0,,0,012,NOBLE,AKERS,54.00,E,N,A,-,Y,TUL,6,198,-,-,6.589,R,4,E,Y,4,0,1,3,A,-,07,21658,A,N,B,C,A,A,H,-,A,D,0,,,,,Y,,D,22,0,0,1,0,0,0,0,0,0,"- ","- ",,,TULARE,VISALIA,-119.35277557373047,36.327186584472656
9192865,2020,2021-01-12,5407,2020-11-09,2131,M279,480,1,5,5,5407,0,0,0,,0,P33,"RT 63",PARADISE,300.00,W,N,A,-,N,,,,,,,,,,Y,4,0,1,2,A,-,08,22107,,N,D,C,A,A,H,-,C,A,0,,,Y,,Y,,C,02,0,0,1,0,0,0,0,0,1,"- ","- ",36.316490173339844,-119.29206085205078,TULARE,VISALIA,,
91929093,2022,2022-11-29,9480,2022-11-23,1355,020926,,3,1,9,5400,0,3,5,,2,005,"N STATE STREET","E SUTTER AVENUE",144.00,S,N,A,-,N,,,,,,,,,,Y,4,0,1,3,A,-,08,22107,,N,B,C,A,A,H,-,A,D,0,,,,,Y,,A,01,0,0,1,0,0,0,0,0,0,"- ","- ",35.887821197509766,-119.27189636230469,TULARE,UNINCORPORATED,-119.27185821533203,35.887889862060547
91929963,2022,2022-11-30,9481,2022-11-22,1735,017991,,2,2,9,5400,0,1,3,,1,037,"STATE ROUTE 65 NORTHBOUND","TEAPOT DOME AVENUE",83.00,S,N,A,-,Y,TUL,,65,,,16.114,H,,R,Y,4,0,1,2,A,-,03,22350,,N,C,C,A,A,H,-,C,A,0,,,,,Y,,D,22,0,0,1,0,0,0,0,0,0,"- ","- ",36.021999359130859,-119.03961181640625,TULARE,UNINCORPORATED,-119.03959655761719,36.021999359130859
91930068,2022,2022-11-30,9480,2022-11-19,1828,019543,,6,2,9,5400,0,3,5,,2,002,"AVENUE 432","ROAD 120",0.00,,Y,A,-,N,,,,,,,,,,Y,4,0,2,2,A,-,01,23152,A,F,D,C,A,A,H,-,D,A,0,,,,,Y,Y,A,07,0,0,2,0,0,0,0,0,0,"- ","- ",36.573711395263672,-119.30513763427734,TULARE,UNINCORPORATED,-119.30517578125,36.573688507080078
91935525,2022,2022-12-06,9480,2022-11-22,1638,019543,,2,2,9,5400,0,3,5,,2,002,SR-63,"AVENUE 368",0.00,,Y,A,-,Y,TUL,,63,,,17.111,H,,R,Y,2,0,2,2,A,-,09,21802,A,N,D,C,A,A,H,-,A,A,0,,,,,Y,,D,22,1,0,1,0,0,0,0,0,0,"- ","- ",36.457759857177734,-119.29541778564453,TULARE,UNINCORPORATED,-119.29544830322266,36.457759857177734
91936321,2022,2022-12-07,9481,2022-12-02,0735,016147,,5,1,9,5400,0,1,3,,1,012,"STATE ROUTE 65 NORTHBOUND","AVENUE 208",0.00,,Y,B,-,Y,TUL,,65,,,26.736,H,,R,Y,3,0,5,2,A,-,09,21802,A,N,D,C,A,B,H,-,A,A,0,,,,,Y,,D,22,0,4,1,0,0,0,0,0,0,"- ","- ",36.167331695556641,-119.08299255371094,TULARE,UNINCORPORATED,-119.08300018310547,36.167327880859375
91938691,2022,2022-12-09,9480,2022-12-02,1850,020926,,5,2,9,5400,0,1,3,,2,095,"SR-99 N/B","AVENUE 72",5280.00,S,N,A,-,Y,TUL,,99,,,8.222,H,,R,Y,3,0,1,1,A,-,01,23152,A,N,E,I,A,A,H,-,D,D,0,,,,,Y,Y,D,22,0,1,0,0,0,0,0,0,0,"- ","- ",35.906539916992188,-119.27886962890625,TULARE,UNINCORPORATED,-119.27900695800781,35.906517028808594
91940284,2022,2022-12-12,9480,2022-12-03,2132,020060,,6,2,9,5400,0,3,5,,2,006,"AVENUE 280","ROAD 140",1056.00,E,N,C,-,N,,,,,,,,,,N,2,0,1,2,A,-,08,22107,,F,G,B,E,A,H,-,D,D,0,Y,,,,Y,,A,01,1,0,0,0,1,0,0,0,0,"- ","- ",36.298240661621094,-119.25612640380859,TULARE,UNINCORPORATED,-119.25722503662109,36.29827880859375
91940794,2022,2022-12-13,9480,2022-12-03,1900,020890,,6,2,9,5400,0,3,5,,2,002,"AVENUE 384","ROAD 80",75.00,E,N,B,-,N,,,,,,,,,,N,4,0,1,2,A,-,09,21804,A,N,D,C,A,B,H,-,C,D,0,,,,,Y,,A,01,0,0,1,0,0,0,0,0,0,"- ","- ",36.487941741943359,-119.3944091796875,TULARE,UNINCORPORATED,-119.39464569091797,36.487918853759766
91945234,2022,2022-12-19,9480,2022-12-08,2230,021175,,4,3,9,5400,0,3,5,,2,003,"AVENUE 192","ROAD 136",0.00,,Y,A,-,N,,,,,,,,,,Y,4,0,2,2,A,-,12,22450,A,N,D,C,A,A,H,-,D,A,0,,,,,Y,,D,22,0,0,2,0,0,0,0,0,0,"- ","- ",36.138328552246094,-119.26815032958984,TULARE,UNINCORPORATED,-119.26815032958984,36.138301849365234
91948285,2022,2022-12-21,9480,2022-12-20,1200,016233,,2,1,5,5407,0,1,3,,1,064,"SR-198 E/B TO DEMAREE STREET","NOBLE AVE",29.00,N,N,B,-,Y,TUL,,198,,,7.596,H,,R,Y,4,0,1,2,A,-,03,22350,,N,C,C,A,A,H,-,A,A,0,,,,,Y,,-,"- ",0,0,1,0,0,0,0,0,0,"- ","- ",36.327079772949219,-119.33477020263672,TULARE,VISALIA,-119.33475494384766,36.327266693115234
91949186,2022,2022-12-22,9480,2022-12-21,0750,013914,,3,1,9,5400,0,3,5,,2,002,"AVENUE 328","ROAD 92",2957.00,E,N,B,E,N,,,,,,,,,,Y,3,0,1,2,A,-,09,21801,A,N,D,C,A,A,H,-,A,D,0,,,,,Y,,A,07,0,1,0,0,0,0,0,0,0,"- ","- ",36.385261535644531,-119.35794067382812,TULARE,UNINCORPORATED,-119.35796356201172,36.385307312011719
91954755,2022,2022-12-28,9480,2022-12-19,1730,019543,,1,2,5,5407,0,1,3,,1,064,SR-198,"AKERS ST",2088.00,W,N,A,-,Y,TUL,,198,,,6.358,H,,R,Y,2,0,1,3,A,-,08,22107,,F,B,C,A,A,H,-,D,D,0,,,,,Y,,-,99,1,0,0,0,0,0,0,0,0,"- ","- ",36.327121734619141,-119.35695648193359,TULARE,VISALIA,-119.35695648193359,36.327068328857422
91955747,2022,2022-12-29,9480,2022-12-26,0955,019349,,1,1,9,5400,0,3,5,,2,005,"ROAD 72","AVENUE 144",1214.00,S,N,E,-,N,,,,,,,,,,Y,4,0,1,1,A,-,08,22107,,N,F,A,A,B,H,-,A,D,0,,,,,Y,,D,22,0,0,1,0,0,0,0,0,0,"- ","- ",36.047691345214844,-119.41130828857422,TULARE,UNINCORPORATED,-119.41122436523438,36.047737121582031
91956385,2022,2022-12-30,9480,2022-12-16,0800,019697,,5,1,9,5400,0,1,3,,1,030,SR-137,"AVENUE 216",0.00,,Y,E,-,Y,TUL,,137,,,5.661,H,,R,Y,3,0,1,2,A,-,03,22350,,N,B,C,A,B,H,-,A,A,0,,,,,Y,,A,01,0,1,0,0,0,0,0,0,0,"- ","- ",36.181098937988281,-119.49329376220703,TULARE,UNINCORPORATED,-119.49333190917969,36.181098937988281
91959469,2022,2023-01-04,9480,2022-12-29,0545,016240,,4,3,9,5400,0,1,3,,2,095,"SR-99 S/B","AVENUE 56",1578.00,N,N,C,-,Y,TUL,,99,,,7.528,H,,L,N,4,0,1,2,A,-,03,22350,,N,C,C,A,B,H,-,D,D,0,,,,Y,Y,,A,01,0,0,1,0,0,0,0,0,0,"- ","- ",35.896671295166016,-119.27681732177734,TULARE,UNINCORPORATED,-119.27680206298828,35.896675109863281
91961202,2022,2023-01-05,9480,2022-09-04,0710,018861,,7,1,9,5400,0,1,3,,2,093,"STATE ROUTE 99 N/B","AVENUE 152",2983.00,N,N,A,-,Y,TUL,,99,,,20.030,H,,R,Y,1,1,1,1,A,-,08,22107,,N,E,I,A,A,H,-,A,D,0,,,,,Y,Y,D,22,0,1,0,0,0,0,0,0,0,"- ","- ",36.073711395263672,-119.31748962402344,TULARE,UNINCORPORATED,-119.31749725341797,36.073707580566406
91961208,2022,2023-01-05,9480,2022-09-06,1240,016240,,2,1,9,5400,0,3,5,,2,001,"AVENUE 384","ROAD 56",2112.00,W,N,A,-,N,,,,,,,,,,Y,1,1,0,2,A,-,01,23152,A,N,A,C,A,A,H,-,A,D,0,,,,Y,Y,Y,D,22,0,0,0,0,0,0,0,0,0,"- ","- ",36.488479614257812,-119.45513153076172,TULARE,UNINCORPORATED,-119.45598602294922,36.488494873046875
91963035,2022,2023-04-03,9480,2022-12-26,0235,020450,,1,3,9,5400,0,1,3,,2,093,"STATE ROUTE 99","AVENUE 200",2800.00,N,N,E,-,Y,TUL,,99,,,26.216,H,,L,Y,2,0,1,4,A,-,01,23152,A,N,E,8,A,B,H,-,D,D,0,,,,,Y,Y,A,07,1,0,0,0,0,0,0,0,0,"- ","- ",36.162349700927734,-119.33277893066406,TULARE,UNINCORPORATED,-119.33264923095703,36.162311553955078
91964301,2023,2023-01-10,9480,2023-01-03,"630 ",018202,,2,1,9,5400,0,1,3,,2,093,"SR-99 N/B","DR 92B",145.00,S,N,A,-,Y,TUL,,99," "," ",33.900,H,,R,Y,4,0,1,1,A,-,08,22107,,N,F,A,A,A,A,D,B,D,0,,,,Y,Y,,G,25,0,0,1,0,0,0,0,0,0,"- ","- ",36.266250610351562,-119.36337280273438,TULARE,UNINCORPORATED,-119.36341857910156,36.266227722167969
91970929,2022,2023-01-18,9480,2022-11-09,0335,021044,,3,3,9,5400,0,1,3,,2,093,"SR-99 NB",SR-137,2112.00,S,N,A,-,Y,TUL,,99,,,29.211,H,,R,Y,3,0,5,2,A,-,03,22350,,N,C,2,A,A,H,-,D,D,0,,,,Y,Y,,I,11,0,5,0,0,0,0,0,0,0,"- ","- ",36.205448150634766,-119.32861328125,TULARE,UNINCORPORATED,-119.32845306396484,36.205448150634766
91971776,2023,2023-01-19,9480,2023-01-13,1845,021402,,5,2,9,5400,0,3,5,,2,002,"ROAD 120","AVENUE 424",1500.00,S,N,A,-,N,,,,,,,,,,Y,4,0,1,2,A,-,09,21804,A,N,D,C,A,A,H,-,D,D,0,,,,Y,Y,,G,25,0,0,1,0,0,0,0,0,0,"- ","- ",36.555389404296875,-119.30496978759766,TULARE,UNINCORPORATED,-119.30493927001953,36.555282592773438
91972999,2023,2023-01-20,9480,2023-01-19,"30  ",019427,,4,3,9,5400,0,3,5,,2,002,"ROAD 88","AVENUE 392",528.00,N,N,A,-,N,,,,,,,,,,N,3,0,1,1,A,-,08,22107,,N,E,A,A,A,H,-,D,D,0,,,,,Y,,A,01,0,1,0,0,0,0,0,0,0,"- ","- ",36.503761291503906,-118.37680816650391,TULARE,UNINCORPORATED,-119.37674713134766,36.503578186035156
91974198,2023,2023-01-23,9480,2023-01-10,"600 ",018202,,2,1,9,5400,0,1,3,,2,091,"SR-99 S/B","MERRITT DR",1056.00,S,N,B,C,Y,TUL,,99," "," ",48.524,H,,L,Y,3,0,2,2,C,-,18,,,N,E,J,A,B,H,-,D,D,0,,,,Y,Y,,-,"- ",0,1,1,0,0,0,0,0,0,"- ","- ",36.450000762939453,-119.48892211914062,TULARE,UNINCORPORATED,-119.48896789550781,36.449970245361328
91981678,2023,2023-01-30,9480,2023-01-13,1851,021402,,5,2,9,5400,0,3,5,,2,002,"ROAD 120","AVENUE 424",1510.00,S,N,A,-,N,,,,,,,,,,N,4,0,1,2,A,-,03,22350,,N,G,B,E,A,C,-,D,D,0,Y,,,,Y,,N,60,0,0,1,0,1,0,0,0,0,"- ","- ",36.555259704589844,-119.304931640625,TULARE,UNINCORPORATED,-119.30493927001953,36.555255889892578
91987840,2023,2023-02-06,9480,2023-01-27,1820,016995,,5,2,9,5400,0,3,5,,2,006,"ROCKY HILL DR","ROAD 204 (SPRUCE RD)",0.00,,Y,A,-,N,,,,,,,,,,Y,4,0,1,2,A,-,09,21802,A,N,D,C,A,A,H,-,D,A,0,,,,,Y,,A,01,0,0,1,0,0,0,0,0,0,"- ","- ",36.296920776367188,-119.11757659912109,TULARE,UNINCORPORATED,-119.11753845214844,36.296890258789062
91987879,2023,2023-02-06,9480,2023-02-01,1245,016046,,3,1,9,5400,0,3,5,,2,004,"ROAD 156","AVENUE 344",2376.00,N,N,A,-,N,,,,,,,,,,N,3,0,1,1,A,-,08,22107,,N,F,A,A,A,H,-,A,D,0,,,Y,,Y,,C,02,0,1,0,0,0,0,0,0,1,"- ","- ",36.420158386230469,-119.22411346435547,TULARE,UNINCORPORATED,-119.22406768798828,36.420448303222656
91996211,2023,2023-02-16,9481,2023-02-13,1205,017991,,1,1,9,5400,0,3,5,,2,050,"AVENUE 95","ROAD 248",804.00,E,N,A,-,N,,,,,,,,,,N,4,0,1,1,A,-,08,22107,,N,E,I,A,A,H,-,A,D,0,,,,,Y,,A,08,0,0,1,0,0,0,0,0,0,"- ","- ",35.962421417236328,-119.015380859375,TULARE,UNINCORPORATED,-119.01538848876953,35.962387084960938
91998591,2023,2023-02-21,9481,2023-02-14,1340,020273,,2,1,9,5400,0,3,5,,2,050,"DOYLE STREET","SPRINGVILLE AVENUE",250.00,N,N,A,-,N,,,,,,,,,,N,3,0,1,2,A,-,08,22107,,N,B,E,A,A,H,-,A,D,0,,,,,Y,,D,22,0,1,0,0,0,0,0,0,0,"- ","- ",36.055660247802734,-118.96381378173828,TULARE,UNINCORPORATED,-118.96387481689453,36.055744171142578
91999025,2023,2023-02-21,9480,2023-02-18,1230,017108,,6,1,9,5400,0,3,5,,2,001,"ROAD 74","AVENUE 392",1267.00,S,N,A,-,N,,,,,,,,,,Y,2,0,1,1,A,-,08,22107,,N,F,A,A,A,H,-,A,D,0,,,,,Y,,A,01,1,0,0,0,0,0,0,0,0,"- ","- ",36.498889923095703,-119.40821838378906,TULARE,UNINCORPORATED,-119.40824127197266,36.499073028564453