CASE_ID,ACCIDENT_YEAR,PROC_DATE,JURIS,COLLISION_DATE,COLLISION_TIME,OFFICER_ID,REPORTING_DISTRICT,DAY_OF_WEEK,CHP_SHIFT,POPULATION,CNTY_CITY_LOC,SPECIAL_COND,BEAT_TYPE,CHP_BEAT_TYPE,CITY_DIVISION_LAPD,CHP_BEAT_CLASS,BEAT_NUMBER,PRIMARY_RD,SECONDARY_RD,DISTANCE,DIRECTION,INTERSECTION,WEATHER_1,WEATHER_2,STATE_HWY_IND,CALTRANS_COUNTY,CALTRANS_DISTRICT,STATE_ROUTE,ROUTE_SUFFIX,POSTMILE_PREFIX,POSTMILE,LOCATION_TYPE,RAMP_INTERSECTION,SIDE_OF_HWY,TOW_AWAY,COLLISION_SEVERITY,NUMBER_KILLED,NUMBER_INJURED,PARTY_COUNT,PRIMARY_COLL_FACTOR,PCF_CODE_OF_VIOL,PCF_VIOL_CATEGORY,PCF_VIOLATION,PCF_VIOL_SUBSECTION,HIT_AND_RUN,TYPE_OF_COLLISION,MVIW,PED_ACTION,ROAD_SURFACE,ROAD_COND_1,ROAD_COND_2,LIGHTING,CONTROL_DEVICE,CHP_ROAD_TYPE,PEDESTRIAN_ACCIDENT,BICYCLE_ACCIDENT,MOTORCYCLE_ACCIDENT,TRUCK_ACCIDENT,NOT_PRIVATE_PROPERTY,ALCOHOL_INVOLVED,STWD_VEHTYPE_AT_FAULT,CHP_VEHTYPE_AT_FAULT,COUNT_SEVERE_INJ,COUNT_VISIBLE_INJ,COUNT_COMPLAINT_PAIN,COUNT_PED_KILLED,COUNT_PED_INJURED,COUNT_BICYCLIST_KILLED,COUNT_BICYCLIST_INJURED,COUNT_MC_KILLED,COUNT_MC_INJURED,PRIMARY_RAMP,SECONDARY_RAMP,LATITUDE,LONGITUDE,COUNTY,CITY,POINT_X,POINT_Y
92098626,2023,2023-06-21,9481,2023-06-16,1904,018113,,5,2,9,5400,0,3,5,,2,020,"ROAD 220","AVENUE 216",0.00,,Y,A,-,N,,,,,,,,,,Y,4,0,1,3,A,-,12,22450,A,N,D,C,A,A,H,-,A,A,0,,,,,Y,,A,01,0,0,1,0,0,0,0,0,0,"- ","- ",36.181770324707031,-119.08187866210938,TULARE,UNINCORPORATED,,
92099965,2023,2023-06-22,9480,2023-06-15,"620 ",018202,,4,1,9,5400,0,3,5,,2,001,"AVE 310","COYOTE CT.",185.00,W,N,A,-,N,,,,,,,,,,N,4,0,1,2,A,-,09,21801,A,N,D,C,A,A,H,-,A,D,0,,,,,Y,,A,07,0,0,1,0,0,0,0,0,0,"- ","- ",36.352668762207031,-119.41130065917969,TULARE,UNINCORPORATED,,
92103530,2023,2023-06-27,9480,2023-06-18,1818,016995,,7,2,9,5400,0,3,5,,2,002,MUNSON,"AVENUE 388",0.00,,Y,A,-,N,,,,,,,,,,Y,4,0,1,2,A,-,09,21800,A,N,D,C,A,A,H,-,A,A,0,,,,,Y,,A,07,0,0,1,0,0,0,0,0,0,"- ","- ",36.494499206542969,-119.33937835693359,TULARE,UNINCORPORATED,-119.34069061279297,36.494522094726562
92103571,2023,2023-06-27,9480,2023-06-23,1640,020837,,5,2,9,5400,0,3,5,,2,002,"AVENUE 424","ROAD 100",1000.00,W,N,A,-,N,,,,,,,,,,N,4,0,1,1,A,-,08,22107,,N,E,I,A,A,H,-,A,D,0,,,,,Y,,A,07,0,0,1,0,0,0,0,0,0,"- ","- ",36.560031890869141,-119.35295867919922,TULARE,UNINCORPORATED,-119.35291290283203,36.559902191162109
92107368,2023,2023-06-30,9480,2023-06-30,"620 ",016723,,5,1,9,5400,0,1,3,,1,045,"SR-245 (AVENUE 314)","ROAD 204 (SR-245)",0.00,,Y,A,-,Y,TUL,,245," "," ",2.267,H,,R,Y,4,0,1,1,A,-,03,22350,,N,E,8,A,A,H,-,B,D,0,,,,,Y,,A,01,0,0,1,0,0,0,0,0,0,"- ","- ",36.358539581298828,-119.11627197265625,TULARE,UNINCORPORATED,-119.11626434326172,36.358531951904297
92108853,2023,2023-07-03,9480,2023-06-29,1720,020837,,4,2,5,5407,0,1,3,,1,064,"STATE ROUTE 198 EASTBOUND","PLAZA DRIVE",1214.00,W,N,A,-,Y,TUL,,198," ",R,4.556,H,,R,Y,3,0,1,2,A,-,03,22350,,N,C,C,A,A,H,-,A,D,0,,,,,Y,,A,01,0,1,0,0,0,0,0,0,0,"- ","- ",36.327201843261719,-119.39436340332031,TULARE,VISALIA,-119.39436340332031,36.327201843261719
92109593,2023,2023-07-05,9480,2023-06-23,"100 ",019828,,5,3,9,5400,0,3,5,,2,002,"ROAD 120","AVENUE 440",0.00,,Y,A,-,N,,,,,,,,,,Y,4,0,2,2,A,-,09,21802,A,N,D,C,A,A,H,-,D,A,0,,,,,Y,,A,01,0,0,2,0,0,0,0,0,0,"- ","- ",36.588230133056641,-119.30499267578125,TULARE,UNINCORPORATED,-119.30504608154297,36.588184356689453
92109907,2023,2023-07-05,9481,2023-06-24,"230 ",020917,,6,3,9,5400,0,3,5,,2,020,"ROAD 256","AVENUE 196",2112.00,S,N,A,-,N,,,,,,,,,,Y,3,0,1,1,A,-,01,23152,A,N,E,I,A,A,H,-,D,D,0,,,,,Y,Y,A,01,0,1,0,0,0,0,0,0,0,"- ","- ",36.13800048828125,-119.00003051757812,TULARE,UNINCORPORATED,-119.00005340576172,36.139705657958984
92115235,2023,2023-07-12,9480,2023-07-02,2030,018861,,7,2,9,5400,0,3,5,,2,006,"WALNUT AVENUE (AVENUE 288)","ROAD 148",0.00,,Y,A,-,N,,,,,,,,,,Y,3,0,3,2,A,-,09,21801,A,N,D,C,A,A,H,-,B,D,0,,,,,Y,,D,22,0,3,0,0,0,0,0,0,0,"- ","- ",36.312549591064453,-119.24262237548828,TULARE,UNINCORPORATED,-119.24262237548828,36.312580108642578
9211620,2020,2021-02-18,5407,2020-11-29,1834,M226,480,7,5,5,5407,0,0,0,,0,033,"W WALNUT AV","S COURT ST",0.00,W,N,A,-,N,,,,,,,,,,Y,1,1,0,2,A,-,11,21956,,N,G,B,D,A,H,-,C,A,0,Y,,,,Y,Y,N,60,0,0,0,1,0,0,0,0,0,"- ","- ",36.312751770019531,-119.29277801513672,TULARE,VISALIA,-119.29200744628906,36.312858581542969
92118535,2023,2023-07-17,9480,2023-07-08,2140,020926,,6,2,9,5400,0,1,3,,1,034,"SR-198 W/B","WOODLAND ST",132.00,W,N,A,-,Y,TUL,,198," ",R,8.473,H,,L,Y,2,0,1,1,A,-,01,23152,G,N,E,I,A,A,H,-,D,D,0,,,,,Y,Y,A,01,1,0,0,0,0,0,0,0,0,"- ","- ",36.327548980712891,-119.31903076171875,TULARE,UNINCORPORATED,-119.31903839111328,36.327445983886719
92118591,2023,2023-07-17,9480,2023-06-06,2500,017713,,2,4,9,5400,0,3,5,,2,004,"SOUTH FORK DRIVE","STEEL BRIDGE",25.00,W,N,A,-,N,,,,,,,,,,Y,1,1,0,1,A,-,01,23152,A,N,E,I,A,A,H,-,D,D,0,,,,,Y,Y,D,22,0,0,0,0,0,0,0,0,0,"- ","- ",36.381938934326172,-118.86947631835938,TULARE,UNINCORPORATED,,
92119197,2023,2023-07-17,9480,2023-07-12,1740,020890,,3,2,9,5400,0,3,5,,2,006,"ROAD 108","AVENUE 264",0.00,,Y,A,-,N,,,,,,,,,,Y,4,0,3,2,A,-,09,21802,A,N,D,C,A,A,H,-,A,A,0,,,,,Y,,A,01,0,0,3,0,0,0,0,0,0,"- ","- ",36.254779815673828,-119.33101654052734,TULARE,UNINCORPORATED,-119.33132171630859,36.269287109375
92123218,2023,2023-07-21,9480,2023-07-20,"630 ",016995,,4,1,9,5400,0,1,3,,1,045,"STATE ROUTE 245","ROAD 204",0.00,,Y,A,-,Y,TUL,,245," "," ",2.257,H,,R,Y,3,0,1,1,A,-,03,22350,,N,E,I,A,A,H,-,A,D,0,,,,,Y,,D,22,0,1,0,0,0,0,0,0,0,"- ","- ",36.358421325683594,-119.11637878417969,TULARE,UNINCORPORATED,-119.11634063720703,36.358413696289062
92132809,2023,2023-08-01,9481,2023-07-23,"415 ",021227,,7,3,4,5405,0,1,3,,1,037,"SR-65 N/B TO SR-190 W/B","MILE POST MARKER SR-190 15.00",1056.00,E,N,A,-,Y,TUL,,190," ",R,15.290,H,,L,N,4,0,1,1,A,-,01,23152,A,N,E,I,A,A,H,-,C,D,0,,,,,Y,Y,A,01,0,0,1,0,0,0,0,0,0,"- ","- ",36.051841735839844,-119.03813171386719,TULARE,PORTERVILLE,-119.03813171386719,36.051742553710938
92134451,2023,2023-08-02,9480,2023-07-30,1120,018202,,7,1,9,5400,0,1,3,,2,093,"SR-99 N/B","CARTMILL AVE",1056.00,N,N,A,-,Y,TUL,,99," "," ",32.096,H,,R,Y,4,0,2,2,A,-,03,22350,,N,C,C,A,A,D,-,C,D,0,,,,,Y,,A,01,0,0,2,0,0,0,0,0,0,"- ","- ",36.243301391601562,-119.34779357910156,TULARE,UNINCORPORATED,-119.34776306152344,36.243312835693359
92136282,2023,2023-08-04,9480,2023-07-31,"715 ",018521,,1,1,9,5400,0,3,5,,2,001,"RD 80","AVE 284",3168.00,S,N,A,-,N,,,,,,,,,,N,4,0,1,1,C,-,18,,,N,H,H,A,A,H,-,A,D,0,,,,,Y,,-,"- ",0,0,1,0,0,0,0,0,0,"- ","- ",36.478401184082031,-119.39408874511719,TULARE,UNINCORPORATED,,
92137314,2023,2023-08-07,9480,2023-07-28,2010,020837,,5,2,9,5400,0,1,3,,2,091,"STATE ROUTE 99 NORTHBOUND","MERRITT DRIVE",5280.00,N,N,A,-,Y,TUL,,99," "," ",49.768,H,,R,Y,4,0,1,2,A,-,03,22350,,N,C,C,A,A,H,-,D,D,0,,,,Y,Y,,G,25,0,0,1,0,0,0,0,0,0,"- ","- ",36.466579437255859,-119.49727630615234,TULARE,UNINCORPORATED,-119.49727630615234,36.466583251953125
92137992,2023,2023-08-07,9480,2023-08-02,1318,019543,,3,1,9,5400,0,3,5,,2,001,"ROAD 80","AVE 328",25.00,S,N,A,-,N,,,,,,,,,,Y,4,0,1,3,A,-,03,22350,,N,C,C,A,A,H,-,A,A,0,,,,,Y,,A,01,0,0,1,0,0,0,0,0,0,"- ","- ",36.385108947753906,-119.39460754394531,TULARE,UNINCORPORATED,-119.39475250244141,36.385292053222656
9214051,2021,2021-03-17,5405,2021-01-25,1855,276,,1,5,4,5405,0,0,0,,0,"SCTR 1","INDIANA ST","HENDERSON AV",0.00,,Y,C,-,N,,,,,,,,,,Y,4,0,1,2,A,-,09,21802,A,F,D,C,A,B,D,-,C,A,0,,,,,Y,Y,D,22,0,0,1,0,0,0,0,0,0,"- ","- ",36.080501556396484,-119.03495788574219,TULARE,PORTERVILLE,-119.03494262695312,36.080513000488281
92140647,2023,2023-08-10,9480,2023-07-31,"315 ",021044,,1,3,9,5400,0,1,3,,2,091,"SR-99 S/B","AVE. 328",1003.00,N,N,A,-,Y,TUL,,99," "," ",43.623,H,,L,Y,3,0,1,2,A,-,08,22107,,N,B,C,A,A,H,-,D,D,0,,,,Y,Y,,D,22,0,1,0,0,0,0,0,0,0,"- ","- ",36.388149261474609,-119.44595336914062,TULARE,UNINCORPORATED,-119.44595336914062,36.388149261474609
92142735,2023,2023-08-14,9481,2023-08-07,1715,020917,,1,2,9,5400,0,3,5,,2,050,"WORTH DRIVE","ROAD 284",357.00,W,N,A,-,N,,,,,,,,,,Y,3,0,1,1,A,-,01,23152,A,N,E,I,A,A,H,-,A,D,0,,,,,Y,Y,A,07,0,1,0,0,0,0,0,0,0,"- ","- ",36.052501678466797,-118.9385986328125,TULARE,UNINCORPORATED,-118.93837738037109,36.052478790283203
92148480,2023,2023-08-21,9481,2023-08-18,"925 ",017523,,5,1,9,5400,0,3,5,,2,030,"ROAD 168","AVENUE 152",2630.00,S,N,A,-,N,,,,,,,,,,Y,4,0,2,2,A,-,08,22107,,N,E,I,A,A,H,-,A,D,0,,,,,Y,,M,46,0,0,2,0,0,0,0,0,0,"- ","- ",36.058670043945312,-119.19673156738281,TULARE,UNINCORPORATED,-119.19676208496094,36.058494567871094
92148542,2023,2023-08-21,9481,2023-08-19,1645,019162,,6,2,9,5400,0,2,4,,2,052,"MOUNTAIN ROAD 137 (RESERVATION ROAD)","MOUNTAIN ROAD 160 (SUCCESS VALLEY DRIVE)",2640.00,W,N,B,-,N,,,,,,,,,,N,3,0,2,1,A,-,08,22107,,N,E,J,A,A,H,-,A,D,0,,,,,Y,,A,07,0,1,1,0,0,0,0,0,0,"- ","- ",36.032180786132812,-118.86583709716797,TULARE,UNINCORPORATED,,
92151142,2023,2023-08-23,9480,2023-08-14,2015,020890,,1,2,9,5400,0,3,5,,2,004,"ROAD 160","DEPOT DRIVE",240.00,N,N,A,-,N,,,,,,,,,,N,4,0,1,2,A,-,01,23152,A,N,B,C,A,A,H,-,D,D,0,,,,,Y,Y,A,07,0,0,1,0,0,0,0,0,0,"- ","- ",36.385959625244141,-119.21579742431641,TULARE,UNINCORPORATED,-119.21574401855469,36.385848999023438
92151715,2023,2023-08-23,9480,2023-08-17,"40  ",019427,,4,3,9,5400,0,3,5,,2,003,"ROAD 36","AVENUE 256",1584.00,N,N,A,-,N,,,,,,,,,,N,4,0,1,1,A,-,01,23152,A,N,F,A,A,A,H,-,D,D,0,,,,,Y,Y,A,01,0,0,1,0,0,0,0,0,0,"- ","- ",36.259670257568359,-119.49241638183594,TULARE,UNINCORPORATED,-119.49246978759766,36.259025573730469
92152684,2023,2023-08-24,9480,2023-08-15,"747 ",016723,,2,1,9,5400,0,1,3,,1,021,"STATE ROUTE 63","AVENUE 320",0.00,,Y,A,-,Y,TUL,,63," "," ",11.119,H,,R,Y,4,0,2,4,A,-,03,22350,,F,D,C,A,A,H,-,A,A,0,,,,,Y,,A,01,0,0,2,0,0,0,0,0,0,"- ","- ",36.370918273925781,-119.29695129394531,TULARE,UNINCORPORATED,-119.29698181152344,36.370922088623047
92154413,2023,2023-08-25,9480,2023-08-23,"615 ",016723,,3,1,9,5400,0,1,3,,1,040,"STATE ROUTE 216","AVENUE 336",0.00,,Y,A,-,Y,TUL,,216," "," ",9.799,H,,R,Y,4,0,2,3,A,-,09,21802,A,N,D,C,A,A,H,-,A,A,0,,,,,Y,,A,01,0,0,2,0,0,0,0,0,0,"- ","- ",36.399368286132812,-119.16944885253906,TULARE,UNINCORPORATED,-119.16944885253906,36.399368286132812
92156321,2023,2023-08-28,9480,2023-08-17,2155,019427,,4,2,9,5400,0,1,3,,2,093,"STATE ROUTE 99 (NORTHBOUND)","CARTMILL AVE",4752.00,N,N,A,-,Y,TUL,,99," "," ",32.784,H,,R,N,3,0,1,2,A,-,03,22350,,N,C,C,A,A,D,-,C,D,0,,,,Y,Y,,A,01,0,1,0,0,0,0,0,0,0,"- ","- ",36.251838684082031,-119.35404205322266,TULARE,UNINCORPORATED,-119.35402679443359,36.251846313476562
92158559,2023,2023-08-30,9480,2023-08-20,"35  ",021044,,7,3,9,5400,0,3,5,,2,003,"AVENUE 248","ROAD 68",4752.00,E,N,A,-,N,,,,,,,,,,Y,3,0,1,1,A,-,01,23152,A,N,E,I,A,A,H,-,D,D,0,,,,,Y,Y,A,01,0,1,0,0,0,0,0,0,0,"- ","- ",36.239921569824219,-119.40424346923828,TULARE,UNINCORPORATED,-119.40502166748047,36.239891052246094
92160017,2023,2023-08-31,9480,2023-08-20,"800 ",018861,,7,1,9,5400,0,3,5,,2,005,"COUNTY LINE ROAD (AVENUE 0)","ROAD 128",950.00,W,N,B,-,N,,,,,,,,,,Y,3,0,1,1,A,-,08,22107,,N,E,I,A,A,H,-,A,D,0,,,,,Y,,A,07,0,1,0,0,0,0,0,0,0,"- ","- ",35.790458679199219,-119.28926086425781,TULARE,UNINCORPORATED,-119.28919982910156,35.790340423583984
92161974,2023,2023-09-05,9481,2023-08-24,2000,019578,,4,2,9,5400,0,3,5,,2,010,"AVENUE 168","CLOVERDALE AVENUE",180.00,W,N,A,-,N,,,,,,,,,,N,3,0,1,5,A,-,08,22107,,F,D,4,E,A,H,-,B,D,0,Y,,,,Y,,A,01,0,1,0,0,1,0,0,0,0,"- ","- ",36.094711303710938,-119.20075988769531,TULARE,UNINCORPORATED,-119.20070648193359,36.09466552734375
92162097,2023,2023-09-05,9481,2023-08-26,2220,021234,,6,3,9,5400,0,3,5,,2,050,"ROAD 236","AVENUE 88",1213.00,N,N,A,-,N,,,,,,,,,,Y,3,0,1,1,A,-,08,22107,,N,F,A,A,A,H,-,D,A,0,,,,,Y,,D,22,0,1,0,0,0,0,0,0,0,"- ","- ",35.953041076660156,-119.04476165771484,TULARE,UNINCORPORATED,-119.04470825195312,35.952995300292969
92162314,2023,2023-09-05,9480,2023-08-27,1010,018202,,7,1,9,5400,0,3,5,,2,002,"AVE 424","RD 92",1056.00,E,N,A,-,N,,,,,,,,,,Y,3,0,1,1,A,-,08,22107,,N,E,I,A,A,H,-,A,D,0,,,,,Y,,A,01,0,1,0,0,0,0,0,0,0,"- ","- ",36.559928894042969,-119.36337280273438,TULARE,UNINCORPORATED,-119.36416625976562,36.560035705566406
92164505,2023,2023-09-07,9480,2023-08-25,"535 ",018861,,5,3,9,5400,0,1,3,,1,034,"SR-198 E/B","ROAD 52",327.00,E,N,A,-,Y,TUL,,198," "," ",1.066,H,,R,Y,3,0,3,2,A,-,03,22350,,N,C,C,A,A,H,-,B,D,0,,,,,Y,,B,01,0,3,0,0,0,0,0,0,0,"- ","- ",36.327499389648438,-119.45619964599609,TULARE,UNINCORPORATED,-119.45619964599609,36.327480316162109
92164648,2023,2023-09-07,9480,2023-08-26,1220,018202,,6,1,9,5400,0,1,3,,1,044,"SR-198 W/B (SIERRA DR)","HAWK HOLLOW DR",1584.00,W,N,A,-,Y,TUL,,198," "," ",39.430,H,,L,N,3,0,1,2,A,-,09,21801,A,N,H,G,A,A,H,-,A,D,0,,Y,,,Y,,A,07,0,1,0,0,0,0,1,0,0,"- ","- ",36.449779510498047,-118.89840698242188,TULARE,UNINCORPORATED,-118.89839935302734,36.449771881103516
92165620,2023,2023-09-08,9480,2023-08-29,"610 ",017108,,2,1,9,5400,0,1,3,,1,051,"STATE ROUTE 43","SANTA FE AVENUE",0.00,,Y,A,-,Y,TUL,,43," "," ",22.135,H,,R,Y,4,0,1,2,A,-,09,21801,A,N,D,C,A,A,H,-,D,A,0,,,,,Y,,A,01,0,0,1,0,0,0,0,0,0,"- ","- ",36.070598602294922,-119.53553009033203,TULARE,UNINCORPORATED,-119.53521728515625,36.070667266845703
92165875,2023,2023-09-08,9480,2023-08-29,1505,019048,,2,2,9,5400,0,1,3,,1,044,SR-198,"AVENUE 324",0.00,,Y,A,-,Y,TUL,,198," "," ",26.481,H,,R,N,4,0,1,2,A,-,06,21750,,N,D,C,A,A,H,-,A,D,0,,,Y,,Y,,C,02,0,0,1,0,0,0,0,0,1,"- ","- ",36.375530242919922,-119.02687835693359,TULARE,UNINCORPORATED,-119.02691650390625,36.375541687011719
92166833,2023,2023-09-11,9481,2023-08-31,2115,020917,,4,2,9,5400,0,1,3,,1,053,"STATE ROUTE 190","ROAD 284",15840.00,W,N,A,-,Y,TUL,,190," "," ",18.831,H,,R,Y,3,0,1,1,A,-,01,23152,A,N,F,A,A,A,H,-,D,D,0,,,,,Y,Y,A,01,0,1,0,0,0,0,0,0,0,"- ","- ",36.051288604736328,-118.97483825683594,TULARE,UNINCORPORATED,-118.97483825683594,36.051326751708984
92167459,2022,2023-09-11,9480,2022-11-05,1302,019048,,6,1,9,5400,0,3,5,,2,004,"ROAD 144","AVENUE 313",1056.00,S,N,A,-,N,,,,,,,,,,N,1,1,0,2,D,-,00,,,F,G,B,E,A,H,-,A,D,0,Y,,,,Y,,-,"- ",0,0,0,1,0,0,0,0,0,"- ","- ",36.355358123779297,-119.25205993652344,TULARE,UNINCORPORATED,-119.25197601318359,36.355342864990234
92168286,2023,2023-09-12,9480,2023-09-03,1525,019349,,7,2,4,5406,0,1,3,,2,093,"STATE ROUTE 99 S/B TO TULARE AVE","TULARE AVE",739.00,S,N,A,-,Y,,,,,,,,,,Y,4,0,1,1,A,-,08,22107,,N,F,A,A,A,H,-,A,D,0,,,,,Y,,A,07,0,0,1,0,0,0,0,0,0,"- ","- ",36.212680816650391,-119.32927703857422,TULARE,TULARE,-119.32927703857422,36.212680816650391
92168881,2023,2023-09-13,9481,2023-09-05,1425,018029,,2,2,9,5400,0,3,5,,2,020,"BALCH PARK ROAD (MTN 239)","YOKOHL VALLEY DRIVE (MTN 296)",29568.00,N,N,A,-,N,,,,,,,,,,N,3,0,1,1,A,-,08,22107,,N,E,I,A,A,H,-,A,D,0,,,Y,,Y,,C,02,0,1,0,0,0,0,0,0,1,"- ","- ",36.252140045166016,-118.74565887451172,TULARE,UNINCORPORATED,-118.76236724853516,36.266815185546875
92172630,2023,2023-09-18,9481,2023-09-13,"555 ",017957,,3,3,9,5400,0,3,5,,2,030,"AVENUE 24","ROAD 160",0.00,,Y,A,-,N,,,,,,,,,,N,4,0,1,2,A,-,09,21802,A,N,D,C,A,A,H,-,D,A,0,,,,,Y,,A,07,0,0,1,0,0,0,0,0,0,"- ","- ",35.834049224853516,-119.2147216796875,TULARE,UNINCORPORATED,-119.21471405029297,35.834056854248047
92175115,2023,2023-09-20,9481,2023-09-08,1955,018029,,5,2,9,5400,0,1,3,,1,037,"STATE ROUTE 65","AVENUE 112",0.00,,Y,A,-,Y,TUL,,65," ",R,14.085,H,,R,Y,3,0,1,2,A,-,01,23152,A,M,D,C,A,A,H,-,C,A,0,,,,Y,Y,Y,D,22,0,1,0,0,0,0,0,0,0,"- ","- ",35.993400573730469,-119.04601287841797,TULARE,UNINCORPORATED,-119.04599761962891,35.993392944335938
92177063,2023,2023-09-22,9480,2023-09-15,2350,016240,,5,3,9,5400,0,3,5,,2,001,"ROAD 80 N/B","AVENUE 376",890.00,S,N,A,-,N,,,,,,,,,,Y,3,0,1,1,A,-,01,23152,A,N,E,J,A,A,H,-,D,D,0,,,,,Y,Y,A,07,0,1,0,0,0,0,0,0,0,"- ","- ",36.470680236816406,-119.39409637451172,TULARE,UNINCORPORATED,-119.39434814453125,36.470668792724609
92177289,2023,2023-11-02,9480,2023-09-18,"855 ",016233,,1,1,9,5400,0,1,3,,1,065,SR-65,"AVE 256",0.00,,Y,B,-,Y,TUL,,65," "," ",34.557,H,,R,Y,3,0,2,3,A,-,09,21802,A,N,D,C,A,A,H,-,A,A,0,,,,,Y,,D,22,0,1,1,0,0,0,0,0,0,"- ","- ",36.253551483154297,-119.13641357421875,TULARE,UNINCORPORATED,-119.1363525390625,36.253551483154297
92177319,2023,2023-09-22,9480,2023-09-18,1030,018202,,1,1,9,5400,0,3,5,,2,002,"RD 122","BERMUDA AVE",0.00,,Y,B,-,N,,,,,,,,,,Y,4,0,1,2,A,-,09,21800,A,N,D,C,A,A,H,-,A,D,0,,,,,Y,,A,07,0,0,1,0,0,0,0,0,0,"- ","- ",36.373401641845703,-119.30123901367188,TULARE,UNINCORPORATED,-119.30128479003906,36.373390197753906
92177418,2023,2023-09-22,9480,2023-09-18,1130,017108,,1,1,9,5400,0,1,3,,2,093,"STATE ROUTE 99 NORTHBOUND","AVENUE 76",25.00,S,N,A,-,Y,TUL,,99," "," ",9.716,H,,R,N,4,0,1,2,A,-,07,21658,A,M,B,C,A,A,H,-,A,D,0,,,,Y,Y,,G,27,0,0,1,0,0,0,0,0,0,"- ","- ",35.927928924560547,-119.28192138671875,TULARE,UNINCORPORATED,-119.28191375732422,35.927932739257812
92179482,2023,2023-09-26,9481,2023-09-15,1505,018029,,5,2,9,5400,0,3,5,,2,030,"AVENUE 24","ROAD 208",0.00,,Y,A,-,N,,,,,,,,,,Y,4,0,3,2,A,-,09,21802,A,N,D,C,A,A,H,-,A,A,0,,,,,Y,,D,22,0,0,3,0,0,0,0,0,0,"- ","- ",35.834228515625,-119.10768127441406,TULARE,UNINCORPORATED,-119.10763549804688,35.834236145019531
92179940,2023,2023-09-26,9481,2023-09-19,1735,018029,,2,2,9,5400,0,2,4,,1,035,"AVENUE 56","ROAD 208",30.00,W,N,A,-,N,,,,,,,,,,Y,4,0,2,2,A,-,03,22350,,N,C,C,A,A,H,-,A,A,0,,,,,Y,,A,01,0,0,2,0,0,0,0,0,0,"- ","- ",35.891761779785156,-119.10803985595703,TULARE,UNINCORPORATED,-119.10794830322266,35.891780853271484
92181729,2023,2023-09-27,9480,2023-09-21,2035,016995,,4,2,9,5400,0,1,3,,1,040,"STATE ROUTE 216","BEECHWOOD AVE",0.00,,Y,A,-,Y,TUL,,216," "," ",6.521,H,,R,Y,4,0,3,2,A,-,09,21801,A,N,D,C,A,A,H,-,C,D,0,,,,,Y,,A,01,0,0,3,0,0,0,0,0,0,"- ","- ",36.378688812255859,-119.2156982421875,TULARE,UNINCORPORATED,-119.21565246582031,36.378688812255859
92189052,2023,2023-10-03,9481,2023-09-28,"625 ",018595,,4,1,9,5400,0,3,5,,2,030,"ROAD 160","AVENUE 48",0.00,,Y,A,-,N,,,,,,,,,,Y,4,0,1,3,A,-,09,21802,A,N,D,C,A,A,H,-,B,A,0,,,,,Y,,E,22,0,0,1,0,0,0,0,0,0,"- ","- ",35.877479553222656,-119.21479034423828,TULARE,UNINCORPORATED,-119.21475219726562,35.877475738525391
92192094,2023,2023-10-05,9480,2023-09-30,"625 ",018202,,6,1,9,5400,0,3,5,,2,001,"AVE 328","RD 80",80.00,W,N,B,-,N,,,,,,,,,,N,4,0,1,2,A,-,03,22350,,N,C,C,A,A,H,-,A,A,0,,,,,Y,,A,01,0,0,1,0,0,0,0,0,0,"- ","- ",36.385398864746094,-119.39508056640625,TULARE,UNINCORPORATED,-119.39459228515625,36.385360717773438
92195235,2023,2023-10-10,9480,2023-10-06,"530 ",017108,,5,3,9,5400,0,1,3,,1,032,"STATE ROUTE 190 (AVENUE 144)","ROAD 128",1162.00,E,N,A,-,Y,TUL,,190," "," ",1.636,H,,R,Y,4,0,1,2,A,-,03,22350,,N,C,C,A,A,H,-,B,D,0,,,,,Y,,A,01,0,0,1,0,0,0,0,0,0,"- ","- ",36.05133056640625,-119.28192138671875,TULARE,UNINCORPORATED,-119.28192138671875,36.051296234130859
92199781,2023,2023-10-16,9480,2023-10-06,1503,021370,,5,2,9,5400,0,1,3,,2,095,"STATE ROUTE 99 SOUTHBOUND","AVENUE 48",440.00,S,N,A,-,Y,TUL,,99," "," ",6.063,H,,L,N,3,0,1,2,D,-,00,,,M,E,J,A,A,H,-,A,D,0,,,,Y,Y,,-,"- ",0,1,0,0,0,0,0,0,0,"- ","- ",35.876171112060547,-119.27050018310547,TULARE,UNINCORPORATED,-119.27043914794922,35.876171112060547
92202281,2023,2023-10-18,9481,2023-10-16,"605 ",017957,,1,1,9,5400,0,3,5,,2,030,"AVENUE 24","ROAD 160",0.00,,Y,A,-,N,,,,,,,,,,N,3,0,1,2,A,-,09,21802,A,N,D,C,A,A,H,-,D,A,0,,,,,Y,,A,07,0,1,0,0,0,0,0,0,0,"- ","- ",35.834041595458984,-119.21466827392578,TULARE,UNINCORPORATED,-119.21471405029297,35.834056854248047