CASE_ID,ACCIDENT_YEAR,PROC_DATE,JURIS,COLLISION_DATE,COLLISION_TIME,OFFICER_ID,REPORTING_DISTRICT,DAY_OF_WEEK,CHP_SHIFT,POPULATION,CNTY_CITY_LOC,SPECIAL_COND,BEAT_TYPE,CHP_BEAT_TYPE,CITY_DIVISION_LAPD,CHP_BEAT_CLASS,BEAT_NUMBER,PRIMARY_RD,SECONDARY_RD,DISTANCE,DIRECTION,INTERSECTION,WEATHER_1,WEATHER_2,STATE_HWY_IND,CALTRANS_COUNTY,CALTRANS_DISTRICT,STATE_ROUTE,ROUTE_SUFFIX,POSTMILE_PREFIX,POSTMILE,LOCATION_TYPE,RAMP_INTERSECTION,SIDE_OF_HWY,TOW_AWAY,COLLISION_SEVERITY,NUMBER_KILLED,NUMBER_INJURED,PARTY_COUNT,PRIMARY_COLL_FACTOR,PCF_CODE_OF_VIOL,PCF_VIOL_CATEGORY,PCF_VIOLATION,PCF_VIOL_SUBSECTION,HIT_AND_RUN,TYPE_OF_COLLISION,MVIW,PED_ACTION,ROAD_SURFACE,ROAD_COND_1,ROAD_COND_2,LIGHTING,CONTROL_DEVICE,CHP_ROAD_TYPE,PEDESTRIAN_ACCIDENT,BICYCLE_ACCIDENT,MOTORCYCLE_ACCIDENT,TRUCK_ACCIDENT,NOT_PRIVATE_PROPERTY,ALCOHOL_INVOLVED,STWD_VEHTYPE_AT_FAULT,CHP_VEHTYPE_AT_FAULT,COUNT_SEVERE_INJ,COUNT_VISIBLE_INJ,COUNT_COMPLAINT_PAIN,COUNT_PED_KILLED,COUNT_PED_INJURED,COUNT_BICYCLIST_KILLED,COUNT_BICYCLIST_INJURED,COUNT_MC_KILLED,COUNT_MC_INJURED,PRIMARY_RAMP,SECONDARY_RAMP,LATITUDE,LONGITUDE,COUNTY,CITY,POINT_X,POINT_Y
92207303,2023,2023-10-24,9480,2023-10-17,"645 ",019427,,2,1,9,5400,0,1,3,,2,093,"STATE ROUTE 99 (NORTHBOUND)","AVENUE 184",6864.00,S,N,A,-,Y,TUL,,99," "," ",22.144,H,,R,N,4,0,1,3,A,-,03,22350,,N,C,C,A,A,H,-,A,D,0,,,,,Y,,A,01,0,0,1,0,0,0,0,0,0,"- ","- ",36.104019165039062,-119.32292938232422,TULARE,UNINCORPORATED,-119.32292938232422,36.104019165039062
92208028,2023,2023-10-25,9481,2023-10-20,1800,019422,,5,2,9,5400,0,3,5,,2,010,"ROAD 192","AVENUE 160",470.00,S,N,F,-,N,,,,,,,,,,Y,4,0,1,2,A,-,03,22350,,N,C,C,A,A,H,-,B,D,0,,,,,Y,,A,01,0,0,1,0,0,0,0,0,0,"- ","- ",36.079048156738281,-119.14311981201172,TULARE,UNINCORPORATED,-119.14314270019531,36.079059600830078
9221383,2020,2021-02-25,5406,2020-11-25,1206,53,5406,3,5,4,5406,0,0,0,,0,0NE,"MOONEY BL","CARTMILL AV",0.00,,Y,A,-,Y,TUL,6,63,-,-,2.030,H,-,S,Y,4,0,2,2,A,-,03,22350,,N,C,A,A,A,H,-,A,A,0,,,,,Y,,A,01,0,0,2,0,0,0,0,0,0,"- ","- ",,,TULARE,TULARE,-119.31310272216797,36.24072265625
92221342,2023,2023-10-27,9481,2023-10-21,1930,019422,,6,2,9,5400,0,2,4,,1,021,"ORANGE BELT DRIVE","LINDMORE STREET",2112.00,S,N,A,-,N,,,,,,,,,,Y,4,0,1,1,A,-,01,23152,A,N,F,A,A,A,H,-,D,D,0,,,,,Y,Y,A,01,0,0,1,0,0,0,0,0,0,"- ","- ",36.190601348876953,-119.08548736572266,TULARE,UNINCORPORATED,-119.08541107177734,36.190544128417969
92223472,2023,2023-10-31,9480,2023-10-24,1040,018202,,2,1,9,5400,0,1,3,,1,044,"SR-198 E/B","CRAIG RANCH RD",140.00,W,N,A,-,Y,TUL,,198," "," ",41.244,H,,R,N,3,0,1,2,D,-,00,,,N,B,C,A,A,H,-,A,D,0,,,,,Y,,-,"- ",0,1,0,0,0,0,0,0,0,"- ","- ",36.459499359130859,-118.87196350097656,TULARE,UNINCORPORATED,-118.87195587158203,36.459495544433594
92224088,2023,2023-10-31,9481,2023-10-26,1530,021903,,4,2,9,5400,0,3,5,,2,030,"ROAD 208","AVENUE 24",0.00,,Y,A,-,N,,,,,,,,,,Y,3,0,2,2,A,-,09,21801,A,N,A,C,A,A,H,-,A,D,0,,,,,Y,,A,07,0,2,0,0,0,0,0,0,0,"- ","- ",35.834220886230469,-119.10768127441406,TULARE,UNINCORPORATED,-119.10763549804688,35.834236145019531
92226375,2023,2023-11-02,9480,2023-10-21,2145,020450,,6,2,9,5400,0,1,3,,1,040,SR-216,"ROAD 158",0.00,,Y,A,-,Y,TUL,,216," "," ",4.334,H,,R,Y,4,0,2,2,A,-,09,21801,A,N,A,C,A,A,H,-,D,D,0,,,,,Y,,A,01,0,0,2,0,0,0,0,0,0,"- ","- ",36.349151611328125,-119.22023010253906,TULARE,UNINCORPORATED,-119.22023010253906,36.349117279052734
92227567,2023,2023-11-03,9480,2023-11-01,"618 ",018204,,3,1,9,5400,0,3,5,,2,005,"ROAD 144","AVENUE 8",0.00,,Y,A,-,N,,,,,,,,,,Y,3,0,6,2,A,-,09,21801,A,N,A,C,A,A,H,-,D,D,0,,,,,Y,,D,22,0,1,5,0,0,0,0,0,0,"- ","- ",35.804908752441406,-119.25026702880859,TULARE,UNINCORPORATED,-119.25026702880859,35.80487060546875
92228386,2023,2023-11-06,9480,2023-10-26,"320 ",020926,,4,3,9,5400,0,1,3,,2,093,"SR-99 N/B","AVENUE 152",2112.00,N,N,A,-,Y,TUL,,99," "," ",20.024,H,,R,Y,2,0,1,1,A,-,08,22107,,N,F,A,A,A,H,-,D,D,0,,,,,Y,,A,07,1,0,0,0,0,0,0,0,0,"- ","- ",36.073638916015625,-119.3173828125,TULARE,UNINCORPORATED,-119.31747436523438,36.073623657226562
92231032,2023,2023-11-08,9480,2023-11-06,1930,020837,,1,2,9,5400,0,1,3,,2,095,"STATE ROUTE 99 SOUTHBOUND","AVENUE 24",2640.00,S,N,B,-,Y,TUL,,99," "," ",2.474,H,,L,Y,3,0,1,2,A,-,01,23152,A,N,E,I,A,A,H,-,D,D,0,,,,Y,Y,Y,A,01,0,1,0,0,0,0,0,0,0,"- ","- ",35.825408935546875,-119.25871276855469,TULARE,UNINCORPORATED,-119.25873565673828,35.825408935546875
92232274,2023,2023-11-09,9481,2023-11-02,1300,017523,,4,1,9,5400,0,3,5,,2,050,"EAST SPRINGVILLE AVENUE","SUNSET STREET",12.00,E,N,A,-,N,,,,,,,,,,Y,4,0,1,2,A,-,03,22350,,N,C,C,A,A,H,-,A,D,0,,,,Y,Y,,-,"- ",0,0,1,0,0,0,0,0,0,"- ","- ",36.055000305175781,-118.98268890380859,TULARE,UNINCORPORATED,-118.98274230957031,36.054988861083984
92234350,2023,2023-11-13,9481,2023-11-13,"5   ",020917,,1,3,9,5400,0,1,3,,1,012,"STATE ROUTE 65 SOUTHBOUND","ROAD 208",1056.00,S,N,A,-,Y,TUL,,65," "," ",26.446,H,,L,Y,4,0,1,1,A,-,08,22107,,N,E,8,A,A,H,-,D,D,0,,,,,Y,,A,01,0,0,1,0,0,0,0,0,0,"- ","- ",36.163421630859375,-119.08135986328125,TULARE,UNINCORPORATED,-119.08132171630859,36.163433074951172
92235451,2023,2023-11-14,9481,2023-11-07,"620 ",016147,,2,1,9,5400,0,3,5,,2,020,"BALCH PARK ROAD","STATE ROUTE 190",7920.00,N,N,B,C,N,,,,,,,,,,Y,4,0,1,1,A,-,08,22107,,N,E,8,A,B,H,-,B,D,0,,,,,Y,,D,22,0,0,1,0,0,0,0,0,0,"- ","- ",36.159679412841797,-118.80239105224609,TULARE,UNINCORPORATED,-118.80213165283203,36.159515380859375
92235528,2023,2023-11-14,9480,2023-10-30,"345 ",021044,,1,3,9,5400,0,1,3,,2,093,"SR-99 N/B","CARTMILL AVENUE",300.00,S,N,A,-,Y,TUL,,99," "," ",31.766,H,,R,Y,3,0,2,1,A,-,01,23152,A,N,E,8,A,A,H,-,C,D,0,,,,,Y,Y,A,01,0,2,0,0,0,0,0,0,0,"- ","- ",36.239238739013672,-119.34471893310547,TULARE,UNINCORPORATED,-119.34474945068359,36.239223480224609
92235840,2023,2023-11-14,9480,2023-11-07,1330,020721,,2,1,9,5400,0,3,5,,2,001,"ROAD 204","SR-198 E/B",20.00,S,N,A,-,N,,,,,,,,,,Y,4,0,2,2,A,-,03,22350,,N,D,C,A,A,H,-,A,A,0,,,,,Y,,A,01,0,0,2,0,0,0,0,0,0,"- ","- ",36.325580596923828,-119.11696624755859,TULARE,UNINCORPORATED,-119.11695098876953,36.325656890869141
9223623,2021,2021-03-24,5407,2021-01-26,1100,C51,480,2,5,5,5407,0,0,0,,0,R12,"S DEMAREE ST","W COPPOLA AV",0.00,,Y,A,-,N,,,,,,,,,,Y,4,0,1,2,A,-,03,22350,,N,C,C,A,A,H,-,A,D,0,,,,,Y,,A,01,0,0,1,0,0,0,0,0,0,"- ","- ",36.308738708496094,-119.33162689208984,TULARE,VISALIA,-119.33162689208984,36.308753967285156
9223624,2021,2021-03-24,5407,2021-01-21,1428,C51,480,4,5,5,5407,0,0,0,,0,R12,"W NOBLE AV","S COUNTY CENTER DR",0.00,,Y,A,-,N,,,,,,,,,,Y,4,0,1,2,A,-,12,21453,A,N,D,C,A,A,H,-,A,A,0,,,,,Y,,A,07,0,0,1,0,0,0,0,0,0,"- ","- ",36.326839447021484,-119.32572174072266,TULARE,VISALIA,-119.32575225830078,36.326824188232422
92240089,2023,2023-11-20,9480,2023-11-13,"809 ",017713,,1,1,9,5400,0,3,5,,2,004,"RD. 168","AVE. 336",0.00,,Y,A,-,N,,,,,,,,,,N,4,0,2,2,A,-,09,21802,A,N,D,C,A,A,H,-,A,A,0,,,,Y,Y,,G,25,0,0,2,0,0,0,0,0,0,"- ","- ",36.399410247802734,-119.19760894775391,TULARE,UNINCORPORATED,-119.19765472412109,36.399402618408203
92240554,2023,2023-11-20,9480,2023-11-12,1735,021682,,7,2,9,5400,0,3,5,,2,002,"AVENUE 416","CLAUDE ROAD",0.00,,Y,A,-,N,,,,,,,,,,N,3,0,2,2,A,-,08,22107,,N,B,C,A,A,H,-,C,D,0,,,,,Y,,A,01,0,1,1,0,0,0,0,0,0,"- ","- ",36.544750213623047,-119.28871917724609,TULARE,UNINCORPORATED,,
92240974,2023,2023-11-20,9480,2023-11-09,1755,017291,,4,2,9,5400,0,1,3,,2,093,"STATE ROUTE 99 SOUTHBOUND","AVENUE 280",1584.00,S,N,A,-,Y,TUL,,99," "," ",36.281,H,,L,N,4,0,1,4,A,-,03,22350,,N,C,C,A,A,H,-,D,D,0,,,,,Y,,D,22,0,0,1,0,0,0,0,0,0,"- ","- ",36.296459197998047,-119.38375091552734,TULARE,UNINCORPORATED,-119.38379669189453,36.29644775390625
92244909,2023,2023-11-27,9480,2023-11-21,1520,020721,,2,2,9,5400,0,1,3,,2,093,"SR-99 N/B","BARDSLEY AVE",1584.00,N,N,A,-,Y,TUL,,99," "," ",29.010,H,,R,Y,4,0,1,2,A,-,03,22350,,N,C,C,A,A,H,-,A,D,0,,,,,Y,,A,01,0,0,1,0,0,0,0,0,0,"- ","- ",36.202541351318359,-119.32836151123047,TULARE,UNINCORPORATED,-119.32844543457031,36.202541351318359
9224641,2021,2021-03-10,5405,2021-01-26,1739,246,SEC1,2,5,4,5405,0,0,0,,0,001,"NORTH GRAND AV","PROSPECT ST",0.00,,Y,B,-,N,,,,,,,,,,Y,3,0,1,2,A,-,03,22350,,N,C,C,A,A,H,-,C,A,0,,,,,Y,,A,07,0,1,0,0,0,0,0,0,0,"- ","- ",36.098300933837891,-119.04443359375,TULARE,PORTERVILLE,-119.04441833496094,36.098297119140625
9224643,2021,2021-03-09,5405,2021-01-23,1348,229,,6,5,4,5405,0,0,0,,0,SEC4,"JAYE ST","UNION AV",204.00,W,N,A,-,N,,,,,,,,,,Y,4,0,1,1,A,-,08,22107,,N,E,I,A,A,H,-,A,D,0,,,,,Y,,A,01,0,0,1,0,0,0,0,0,0,"- ","- ",36.061378479003906,-119.02616882324219,TULARE,PORTERVILLE,-119.02622985839844,36.060459136962891
9224644,2021,2021-03-10,5405,2021-01-22,1608,265,SEC1,5,5,4,5405,0,0,0,,0,001,"NORTH MAIN ST","E REID AV",0.00,,Y,B,C,N,,,,,,,,,,Y,4,0,1,2,A,-,03,22350,,N,C,C,A,B,H,-,A,A,0,,,,,Y,,A,01,0,0,1,0,0,0,0,0,0,"- ","- ",36.098220825195312,-119.03514862060547,TULARE,PORTERVILLE,-119.03382000000001,36.09637
92249360,2023,2023-11-30,9481,2023-11-30,1012,019149,,4,1,9,5400,0,1,3,,1,032,"STATE ROUTE 190","ROAD 208",0.00,,Y,A,-,Y,TUL,,190," "," ",11.412,H,,R,Y,4,0,1,2,A,-,09,21802,A,N,D,C,A,A,H,-,A,A,0,,,,,Y,,A,07,0,0,1,0,0,0,0,0,0,"- ","- ",36.051200866699219,-119.10746002197266,TULARE,UNINCORPORATED,-119.10746002197266,36.05120849609375
92256998,2023,2023-12-08,9481,2023-11-30,2018,022157,,4,2,9,5400,0,3,5,,2,050,"AVENUE 128","INDIANA STREET",5.00,E,N,A,-,N,,,,,,,,,,Y,3,0,2,1,A,-,01,23152,A,N,E,8,A,A,H,-,C,D,0,,,,,Y,Y,A,01,0,2,0,0,0,0,0,0,0,"- ","- ",36.022190093994141,-119.03550720214844,TULARE,UNINCORPORATED,,
92258374,2023,2023-12-11,9480,2023-12-02,2015,020721,,6,2,9,5400,0,3,5,,2,001,"AVE 416","ROAD 64",0.00,,Y,A,-,N,,,,,,,,,,Y,4,0,1,1,A,-,03,22350,,N,E,I,A,A,H,-,C,A,0,,,,,Y,,A,01,0,0,1,0,0,0,0,0,0,"- ","- ",36.546379089355469,-119.43048095703125,TULARE,UNINCORPORATED,,
92260225,2023,2023-12-12,9480,2023-12-06,1435,017108,,3,2,9,5400,0,3,5,,2,006,"ROAD 204","AVENUE 268",1954.00,N,N,A,-,N,,,,,,,,,,N,4,0,2,2,A,-,03,22350,,N,C,C,A,A,H,-,A,D,0,,,,,Y,,A,01,0,0,2,0,0,0,0,0,0,"- ","- ",36.280670166015625,-119.11799621582031,TULARE,UNINCORPORATED,-119.11805725097656,36.275108337402344
92263137,2023,2023-12-15,9481,2023-12-07,1625,018029,,4,2,9,5400,0,3,5,,2,020,"LINDMORE STREET","ROAD 216",0.00,,Y,A,-,N,,,,,,,,,,Y,3,0,3,2,A,-,12,22450,A,N,D,C,A,A,H,-,B,A,0,,,,,Y,,A,08,0,2,1,0,0,0,0,0,0,"- ","- ",36.196098327636719,-119.09117889404297,TULARE,UNINCORPORATED,,
92263385,2023,2023-12-15,9480,2023-12-09,"900 ",018595,,6,1,9,5400,0,1,3,,1,020,"STATE ROUTE 201 (AVE 400)","ROAD 116",563.00,W,N,A,-,Y,TUL,,201," "," ",12.400,H,,R,Y,2,0,1,1,A,-,01,23152,A,N,F,A,A,A,H,-,A,D,0,,,,,Y,Y,A,01,1,0,0,0,0,0,0,0,0,"- ","- ",36.516040802001953,-119.31517791748047,TULARE,UNINCORPORATED,-119.31517791748047,36.515968322753906
92265724,2023,2023-12-19,9480,2023-12-14,"715 ",016233,,4,1,9,5400,0,3,5,,2,006,"AVE 288","RD. 168",3698.00,E,N,A,-,N,,,,,,,,,,Y,4,0,3,2,A,-,08,22107,,N,D,C,A,A,H,-,A,D,0,,,,,Y,,A,07,0,0,3,0,0,0,0,0,0,"- ","- ",36.312091827392578,-119.18505859375,TULARE,UNINCORPORATED,-119.18560028076172,36.312099456787109
92266154,2023,2023-12-19,9480,2023-12-16,1240,016240,,6,1,9,5400,0,1,3,,1,021,"SR-63 (ROAD 124)","AVENUE 326",66.00,S,N,A,-,Y,TUL,,63," "," ",11.852,H,,R,Y,4,0,1,3,A,-,03,22350,,N,C,C,A,A,H,-,A,D,0,,,,,Y,,A,08,0,0,1,0,0,0,0,0,0,"- ","- ",36.381519317626953,-119.29689025878906,TULARE,UNINCORPORATED,-119.29686737060547,36.381519317626953
92267578,2023,2023-12-20,9481,2023-12-16,"450 ",018595,,6,3,9,5400,0,3,5,,2,050,"AVENUE 56","MOUNTAIN ROAD 109 (OLD STAGE ROAD)",1056.00,W,N,A,-,N,,,,,,,,,,Y,3,0,1,1,A,-,01,23152,A,N,E,I,A,A,H,-,D,D,0,,,,,Y,Y,D,22,0,1,0,0,0,0,0,0,0,"- ","- ",35.891628265380859,-118.92225646972656,TULARE,UNINCORPORATED,-118.92163848876953,35.891830444335938
9227054,2021,2021-03-23,5405,2021-02-25,0730,229,,4,5,4,5405,0,0,0,,0,"SEC 3 ","ORANGE AV","MAIN ST",0.00,,Y,A,-,N,,,,,,,,,,Y,4,0,1,2,A,-,12,21453,A,N,D,C,A,A,H,-,A,A,0,,,,,Y,,A,01,0,0,1,0,0,0,0,0,0,"- ","- ",36.061199188232422,-119.01653289794922,TULARE,PORTERVILLE,-119.01654815673828,36.06121826171875
92278436,2024,2024-01-03,9480,2024-01-03,"655 ",016723,,3,1,9,5400,0,1,3,,2,093,"SR-99 N/B ON FROM CARTMILL AVE","CARTMILL AVENUE OVERPASS",225.00,S,N,B,C,Y,TUL,,99," "," ",31.772,H,,R,Y,4,0,1,1,A,-,03,22350,,N,F,A,A,B,H,-,D,D,0,,,,,Y,,A,01,0,0,1,0,0,0,0,0,0,"- ","- ",36.2393798828125,-119.34462738037109,TULARE,UNINCORPORATED,-119.34480285644531,36.239295959472656
92278469,2024,2024-01-03,9480,2024-01-02,1705,017108,,2,2,5,5407,0,1,3,,1,064,"STATE ROUTE 198 WESTBOUND","CONYER STREET",164.00,W,N,A,-,Y,TUL,,198," ",R,9.441,H,,L,Y,4,0,1,3,A,-,08,22107,,N,B,C,A,A,H,-,C,D,0,,,,Y,Y,,A,01,0,0,1,0,0,0,0,0,0,"- ","- ",36.327049255371094,-119.30175018310547,TULARE,VISALIA,-119.30175018310547,36.327030181884766
92279027,2023,2024-01-04,9481,2023-12-29,2010,020273,,5,2,9,5400,0,3,5,,2,010,"ROAD 204","LINDMORE AVENUE",0.00,,Y,A,-,N,,,,,,,,,,N,4,0,1,1,A,-,03,22350,,N,E,I,A,A,H,-,D,B,0,,,,,Y,,A,01,0,0,1,0,0,0,0,0,0,"- ","- ",36.196201324462891,-119.11766815185547,TULARE,UNINCORPORATED,-119.11769104003906,36.196300506591797
92280236,2023,2024-01-05,9480,2023-12-30,1750,020837,,6,2,9,5400,0,1,3,,1,010,"STATE ROUTE 201","ROAD 24",0.00,,Y,B,-,Y,TUL,,201," "," ",0.898,H,,R,Y,3,0,1,3,A,-,01,23152,A,N,D,C,A,B,H,-,C,A,0,,,,,Y,Y,A,01,0,1,0,0,0,0,0,0,0,"- ","- ",36.517871856689453,-119.52114868164062,TULARE,UNINCORPORATED,-119.52114868164062,36.517871856689453
92280280,2023,2024-01-05,9481,2023-12-06,1625,020273,,3,2,9,5400,0,2,4,,1,021,"AVENUE 216","ROAD 228",0.00,,Y,A,-,N,,,,,,,,,,Y,2,0,1,2,A,-,12,22450,A,N,D,C,A,A,H,-,A,A,0,,,,,Y,,A,01,1,0,0,0,0,0,0,0,0,"- ","- ",36.181819915771484,-119.06369781494141,TULARE,UNINCORPORATED,-119.06369781494141,36.181827545166016
92280372,2024,2024-01-05,9480,2024-01-04,1550,017108,,4,2,9,5400,0,3,5,,2,006,"DRIVE 92B","STATE ROUTE 99",290.00,E,N,A,-,N,,,,,,,,,,Y,3,0,1,1,A,-,08,22107,,N,F,A,A,A,D,-,A,D,0,,,,,Y,,A,01,0,1,0,0,0,0,0,0,0,"- ","- ",36.267288208007812,-119.363037109375,TULARE,UNINCORPORATED,-119.36362457275391,36.266853332519531
92280584,2024,2024-01-05,9480,2024-01-04,1715,020837,,4,2,9,5400,0,3,5,,2,001,"ROAD 80","AVENUE 368",0.00,,Y,A,-,N,,,,,,,,,,Y,4,0,1,3,A,-,12,21453,A,N,D,C,A,A,H,-,C,A,0,,,,,Y,,D,22,0,0,1,0,0,0,0,0,0,"- ","- ",36.458549499511719,-119.39454650878906,TULARE,UNINCORPORATED,-119.39456939697266,36.45855712890625
92282534,2024,2024-01-09,9481,2024-01-02,1740,021234,,2,2,9,5400,0,3,5,,2,050,"AVENUE 95","CLEMENS ROAD",191.00,W,N,A,-,N,,,,,,,,,,Y,3,0,1,2,A,-,17,24250,,N,A,C,A,A,H,-,C,D,0,,,Y,,Y,,C,02,0,1,0,0,0,0,0,0,0,"- ","- ",35.962448120117188,-119.04647827148438,TULARE,UNINCORPORATED,-119.04641723632812,35.962421417236328
9228513,2020,2021-02-25,5406,2020-11-29,2016,28,5406,7,5,4,5406,0,0,0,,0,0AO,ALPINE,EDGEWATER,98.00,W,N,A,-,N,,,,,,,,,,Y,4,0,1,1,A,-,00,23103,,N,-,-,A,A,H,-,C,-,0,,,,,Y,,A,01,0,0,1,0,0,0,0,0,0,"- ","- ",,,TULARE,TULARE,-119.31168365478516,36.202171325683594
92287680,2023,2024-01-16,9480,2023-12-31,"328 ",021682,,7,3,9,5400,0,3,5,,2,005,"SR-43 (CENTRAL VALLEY HWY)","AVENUE 120",505.00,S,N,E,-,Y,TUL,,43," ",R,16.996,H,,R,N,3,0,3,2,A,-,03,22350,,N,C,C,A,A,H,-,C,D,0,,,,,Y,,A,01,0,1,2,0,0,0,0,0,0,"- ","- ",36.006061553955078,-119.489013671875,TULARE,UNINCORPORATED,-119.48904418945312,36.00604248046875
9228836,2021,2021-03-23,5405,2021-02-13,0857,259,,6,5,4,5405,0,0,0,,0,SEC4,"OLIVE AV","PORTER ST",0.00,W,N,A,-,N,,,,,,,,,,N,4,0,3,2,A,-,03,22350,,N,C,C,A,A,H,-,A,A,0,,,,,Y,,I,11,0,0,3,0,0,0,0,0,0,"- ","- ",36.065959930419922,-119.03933715820312,TULARE,PORTERVILLE,-119.03817749023438,36.066032409667969
92288401,2024,2024-01-16,9480,2024-01-09,"640 ",018840,,2,1,9,5400,0,3,5,,2,001,"4TH AVENUE","AVENUE 352",0.00,,Y,A,-,N,,,,,,,,,,Y,4,0,1,2,A,-,09,21802,A,N,D,C,A,A,H,-,A,A,0,,,,,Y,,A,01,0,0,1,0,0,0,0,0,0,"- ","- ",36.430641174316406,-119.52861022949219,TULARE,UNINCORPORATED,-119.52862548828125,36.430641174316406
92290163,2024,2024-01-18,9480,2024-01-17,"710 ",016233,,3,1,9,5400,0,3,5,,2,006,"AVE. 264","RD. 100",0.00,,Y,B,E,N,,,,,,,,,,Y,4,0,1,2,A,-,12,22450,A,N,D,C,A,B,H,-,A,A,0,,,,,Y,,A,01,0,0,1,0,0,0,0,0,0,"- ","- ",36.269180297851562,-119.34927368164062,TULARE,UNINCORPORATED,-119.34925079345703,36.269153594970703
92290652,2024,2024-01-18,9480,2024-01-18,"615 ",017108,,4,1,9,5400,0,3,5,,2,006,"ROAD 224","AVENUE 250",0.00,,Y,E,-,N,,,,,,,,,,Y,4,0,1,1,A,-,03,22350,,N,E,8,A,A,H,-,B,D,0,,,,,Y,,D,22,0,0,1,0,0,0,0,0,0,"- ","- ",36.242649078369141,-119.07364654541016,TULARE,UNINCORPORATED,-119.07358551025391,36.242568969726562
92293303,2024,2024-01-22,9480,2024-01-22,"608 ",018204,,1,1,9,5400,0,1,3,,2,091,"RT 99","BETTY DRIVE",100.00,S,N,B,C,Y,TUL,,99," "," ",40.782,H,,R,Y,4,0,1,1,A,-,03,22350,,N,E,I,A,B,H,-,C,D,0,,,,,Y,,A,01,0,0,1,0,0,0,0,0,0,"- ","- ",36.350379943847656,-119.42681121826172,TULARE,UNINCORPORATED,-119.42668914794922,36.350421905517578
92294017,2024,2024-01-22,9481,2024-01-19,1607,019162,,5,2,9,5400,0,1,3,,1,053,"STATE ROUTE 190","ROAD 284",0.00,,Y,B,-,Y,TUL,,190," "," ",21.113,H,,R,N,3,0,1,2,A,-,03,22350,,F,H,G,A,A,H,-,A,A,0,,Y,,,Y,,A,01,0,1,0,0,0,0,1,0,0,"- ","- ",36.047561645507812,-118.93699645996094,TULARE,UNINCORPORATED,-118.93700408935547,36.047550201416016
92294831,2024,2024-01-23,9480,2024-01-21,"710 ",021370,,7,1,9,5400,0,1,3,,2,091,"STATE ROUTE 99 SOUTHBOUND","STATE ROUTE 198",150.00,N,N,B,-,Y,TUL,,99," ",R,39.036,H,,L,Y,4,0,1,1,A,-,08,22107,,N,E,J,A,B,H,-,A,D,0,,,,,Y,,A,01,0,0,1,0,0,0,0,0,0,"- ","- ",36.329479217529297,-119.41001892089844,TULARE,UNINCORPORATED,-119.40989685058594,36.329547882080078
92296761,2024,2024-01-25,9480,2024-01-20,1400,016995,,6,2,9,5400,0,3,5,,2,004,"AVENUE 320","ROAD 132",1056.00,E,N,A,-,N,,,,,,,,,,N,4,0,1,2,A,-,08,22107,,M,B,C,A,A,H,-,A,D,0,,,Y,,Y,,C,02,0,0,1,0,0,0,0,0,1,"- ","- ",36.370960235595703,-119.272216796875,TULARE,UNINCORPORATED,-119.27518463134766,36.370967864990234
92299360,2024,2024-01-29,9480,2024-01-18,1753,021682,,4,2,9,5400,0,3,5,,2,001,"ROAD 80","AVENUE 368",551.00,S,N,A,-,N,,,,,,,,,,Y,2,0,4,2,A,-,08,22107,,N,D,C,A,A,H,-,D,D,0,,,,,Y,,D,22,3,1,0,0,0,0,0,0,0,"- ","- ",36.456829071044922,-119.39456939697266,TULARE,UNINCORPORATED,-119.39460754394531,36.457046508789062
92302593,2024,2024-02-01,9480,2024-01-25,1810,021249,,4,2,9,5400,0,3,5,,2,006,"ROAD 108","AVENUE 264",1478.00,S,N,A,-,N,,,,,,,,,,Y,3,0,2,2,A,-,17,24250,,N,B,C,A,A,H,-,D,D,0,,,Y,,Y,,C,03,0,1,1,0,0,0,0,0,1,"- ","- ",36.265350341796875,-119.33106231689453,TULARE,UNINCORPORATED,-119.33128356933594,36.265235900878906
92304045,2024,2024-02-02,9480,2024-01-30,2050,018202,,2,2,9,5400,0,1,3,,1,020,SR-201,"RD 84",0.00,,Y,A,-,Y,TUL,,201," "," ",8.452,H,,R,Y,4,0,1,2,A,-,09,21801,A,N,D,C,A,A,H,-,D,D,0,,,,,Y,,A,01,0,0,1,0,0,0,0,0,0,"- ","- ",36.516750335693359,-119.38581848144531,TULARE,UNINCORPORATED,-119.38581848144531,36.516754150390625
92304051,2024,2024-02-02,9480,2024-01-30,2135,018521,,2,2,4,5406,0,1,3,,2,093,"SR-99 S/B","PROSPERITY AVE",10.00,S,N,A,-,Y,TUL,,99," "," ",30.568,H,,L,N,3,0,1,1,C,-,18,,,N,E,J,A,A,H,-,D,D,0,,,,,Y,,-,"- ",0,1,0,0,0,0,0,0,0,"- ","- ",36.224269866943359,-119.33402252197266,TULARE,TULARE,-119.33400726318359,36.224277496337891