CASE_ID,ACCIDENT_YEAR,PROC_DATE,JURIS,COLLISION_DATE,COLLISION_TIME,OFFICER_ID,REPORTING_DISTRICT,DAY_OF_WEEK,CHP_SHIFT,POPULATION,CNTY_CITY_LOC,SPECIAL_COND,BEAT_TYPE,CHP_BEAT_TYPE,CITY_DIVISION_LAPD,CHP_BEAT_CLASS,BEAT_NUMBER,PRIMARY_RD,SECONDARY_RD,DISTANCE,DIRECTION,INTERSECTION,WEATHER_1,WEATHER_2,STATE_HWY_IND,CALTRANS_COUNTY,CALTRANS_DISTRICT,STATE_ROUTE,ROUTE_SUFFIX,POSTMILE_PREFIX,POSTMILE,LOCATION_TYPE,RAMP_INTERSECTION,SIDE_OF_HWY,TOW_AWAY,COLLISION_SEVERITY,NUMBER_KILLED,NUMBER_INJURED,PARTY_COUNT,PRIMARY_COLL_FACTOR,PCF_CODE_OF_VIOL,PCF_VIOL_CATEGORY,PCF_VIOLATION,PCF_VIOL_SUBSECTION,HIT_AND_RUN,TYPE_OF_COLLISION,MVIW,PED_ACTION,ROAD_SURFACE,ROAD_COND_1,ROAD_COND_2,LIGHTING,CONTROL_DEVICE,CHP_ROAD_TYPE,PEDESTRIAN_ACCIDENT,BICYCLE_ACCIDENT,MOTORCYCLE_ACCIDENT,TRUCK_ACCIDENT,NOT_PRIVATE_PROPERTY,ALCOHOL_INVOLVED,STWD_VEHTYPE_AT_FAULT,CHP_VEHTYPE_AT_FAULT,COUNT_SEVERE_INJ,COUNT_VISIBLE_INJ,COUNT_COMPLAINT_PAIN,COUNT_PED_KILLED,COUNT_PED_INJURED,COUNT_BICYCLIST_KILLED,COUNT_BICYCLIST_INJURED,COUNT_MC_KILLED,COUNT_MC_INJURED,PRIMARY_RAMP,SECONDARY_RAMP,LATITUDE,LONGITUDE,COUNTY,CITY,POINT_X,POINT_Y
92304142,2024,2024-02-02,9480,2024-01-31,1725,016240,,3,2,9,5400,0,1,3,,2,093,"SR-99 S/B","DRIVE 92B",950.00,N,N,B,-,Y,TUL,,99," "," ",34.438,H,,L,Y,4,0,2,2,A,-,03,22350,,N,C,C,A,A,D,-,D,A,0,,,,,Y,,A,01,0,0,2,0,0,0,0,0,0,"- ","- ",36.272598266601562,-119.36881256103516,TULARE,UNINCORPORATED,-119.36871337890625,36.27264404296875
92304151,2024,2024-02-02,9480,2024-01-31,1820,021249,,3,2,9,5400,0,3,5,,2,002,SR-201,"ROAD 80",200.00,E,N,A,-,Y,TUL,,201," "," ",7.975,H,,R,N,4,0,3,2,A,-,03,22350,,N,C,C,A,A,H,-,D,D,0,,,,,Y,,A,07,0,0,3,0,0,0,0,0,0,"- ","- ",36.516910552978516,-119.39430999755859,TULARE,UNINCORPORATED,-119.39430999755859,36.516860961914062
92306699,2024,2024-02-06,9480,2024-01-29,"654 ",017713,,1,1,9,5400,0,3,5,,2,006,"BELMONT AVE.","MARINNETTE AVE.",2006.00,N,N,A,-,N,,,,,,,,,,N,3,0,2,2,A,-,03,22350,,N,C,C,A,A,H,-,A,D,0,,,,,Y,,D,22,0,2,0,0,0,0,0,0,0,"- ","- ",36.306140899658203,-119.15354156494141,TULARE,UNINCORPORATED,-119.15303802490234,36.315361022949219
92306702,2024,2024-02-06,9480,2024-01-31,"815 ",020837,,3,1,9,5400,0,1,3,,1,051,"STATE ROUTE 43","PALMER AVENUE",2112.00,S,N,B,-,Y,TUL,,43," "," ",5.090,H,,R,Y,3,0,2,2,A,-,08,22107,,N,A,C,A,A,H,-,A,D,0,,,,Y,Y,,A,07,0,1,1,0,0,0,0,0,0,"- ","- ",35.85919189453125,-119.38188934326172,TULARE,UNINCORPORATED,-119.38188171386719,35.859195709228516
92313021,2024,2024-02-13,9480,2024-02-05,1455,021628,,1,2,9,5400,0,1,3,,2,095,"STATE ROUTE 99","AVENUE 56",1056.00,S,N,B,-,Y,TUL,,99," "," ",6.915,H,,L,Y,2,0,2,1,A,-,08,22107,,N,E,I,A,A,H,-,A,D,0,,,,,Y,,E,22,1,0,1,0,0,0,0,0,0,"- ","- ",35.888339996337891,-119.27323150634766,TULARE,UNINCORPORATED,-119.27316284179688,35.888351440429688
92315842,2024,2024-02-16,9480,2024-02-13,1455,017108,,2,2,9,5400,0,3,5,,2,006,"ROAD 140","AVENUE 264",0.00,,Y,A,-,N,,,,,,,,,,N,4,0,1,2,A,-,08,22107,,N,D,C,A,A,H,-,A,D,0,,,,,Y,,A,01,0,0,1,0,0,0,0,0,0,"- ","- ",36.271068572998047,-119.26083374023438,TULARE,UNINCORPORATED,-119.26075744628906,36.271053314208984
92318272,2024,2024-02-20,9481,2024-02-11,2020,018029,,7,2,9,5400,0,2,4,,1,031,"ROAD 152","AVENUE 152",0.00,,Y,A,-,N,,,,,,,,,,Y,4,0,3,2,A,-,09,21802,A,N,D,C,A,A,H,-,C,A,0,,,,,Y,,A,07,0,0,3,0,0,0,0,0,0,"- ","- ",36.065799713134766,-119.23236846923828,TULARE,UNINCORPORATED,-119.23234558105469,36.065753936767578
92319033,2024,2024-02-21,9481,2024-02-11,1255,018029,,7,1,9,5400,0,2,4,,1,021,"S MIRAGE AVENUE","W LINDMORE AVENUE",20.00,S,N,A,-,N,,,,,,,,,,Y,4,0,2,2,A,-,03,22350,,N,C,C,A,A,H,-,A,A,0,,,,,Y,,A,01,0,0,2,0,0,0,0,0,0,"- ","- ",36.196079254150391,-119.08657073974609,TULARE,UNINCORPORATED,-119.08657073974609,36.196136474609375
92320303,2024,2024-02-22,9480,2024-02-16,1455,021628,,5,2,9,5400,0,1,3,,2,093,"STATE ROUTE 99","AVENUE 264",5808.00,N,N,B,-,Y,TUL,,99," "," ",34.919,H,,R,Y,4,0,1,3,A,-,03,22350,,N,C,C,A,A,D,-,A,D,0,,,,,Y,,D,22,0,0,1,0,0,0,0,0,0,"- ","- ",36.278789520263672,-119.37272644042969,TULARE,UNINCORPORATED,-119.37259674072266,36.278846740722656
92320627,2024,2024-02-22,9480,2024-02-21,"745 ",017291,,3,1,9,5400,0,3,5,,2,001,"ROBINSON RD","AVENUE 310",15.00,N,N,A,-,N,,,,,,,,,,N,4,0,1,2,A,-,08,22100,B,N,A,C,A,A,H,-,A,D,0,,,,,Y,,A,07,0,0,1,0,0,0,0,0,0,"- ","- ",36.352699279785156,-119.41803741455078,TULARE,UNINCORPORATED,-119.41802978515625,36.3526611328125
92324543,2023,2024-02-27,9480,2023-11-17,1150,018861,,5,1,9,5400,0,3,5,,2,005,"AVENUE 56","STATE ROUTE 43 (CENTRAL VALLEY HIGHWAY)",4268.00,W,N,A,-,N,,,,,,,,,,Y,1,1,0,2,A,-,08,22107,,N,A,C,A,A,D,-,A,D,0,,,,Y,Y,,A,01,0,0,0,0,0,0,0,0,0,"- ","- ",35.890998840332031,-119.41963958740234,TULARE,UNINCORPORATED,-119.41973114013672,35.8912353515625
92328934,2024,2024-03-04,9481,2024-02-29,1710,016147,,4,2,9,5400,0,1,3,,1,012,"STATE ROUTE 65 SOUTHBOUND","AVENUE 224",0.00,,Y,B,-,Y,TUL,,65," "," ",28.923,H,,L,Y,4,0,1,2,A,-,09,21801,A,N,D,C,A,A,H,-,A,D,0,,,,,Y,,A,01,0,0,1,0,0,0,0,0,0,"- ","- ",36.195999145507812,-119.099853515625,TULARE,UNINCORPORATED,-119.09989166259766,36.19598388671875
92331121,2024,2024-03-06,9481,2024-03-05,1420,017957,,2,2,9,5400,0,3,5,,2,010,"ROAD 152","AVENUE 208",2640.00,N,N,A,-,N,,,,,,,,,,N,4,0,1,2,A,-,03,22350,,N,C,C,A,A,H,-,A,D,0,,,,,Y,,A,01,0,0,1,0,0,0,0,0,0,"- ","- ",36.175289154052734,-119.23291015625,TULARE,UNINCORPORATED,-119.23293304443359,36.174594879150391
92331433,2024,2024-03-06,9481,2024-03-04,"713 ",017957,,1,1,9,5400,0,3,5,,2,020,"AVENUE 176","MILL DRIVE",0.00,,Y,A,-,N,,,,,,,,,,Y,4,0,1,3,A,-,03,22350,,N,C,C,A,A,H,-,A,A,0,,,,,Y,,A,07,0,0,1,0,0,0,0,0,0,"- ","- ",36.1083984375,-118.86611175537109,TULARE,UNINCORPORATED,-118.87844848632812,36.108646392822266
92332403,2024,2024-03-26,9480,2024-02-29,1205,016995,,4,1,5,5407,0,1,3,,1,064,"STATE ROUTE 198","CONYER ST",100.00,W,N,A,-,Y,TUL,,198," ",R,9.409,H,,R,Y,4,0,2,2,A,-,08,22107,,N,B,C,A,A,H,-,A,D,0,,,,,Y,,A,01,0,0,2,0,0,0,0,0,0,"- ","- ",36.327049255371094,-119.30229949951172,TULARE,VISALIA,-119.30229949951172,36.326850891113281
92332703,2024,2024-03-07,9480,2024-02-25,1425,018861,,7,2,9,5400,0,1,3,,1,060,"SR-137 (AVENUE 232)","ROAD 168",0.00,,Y,A,-,Y,TUL,,137," "," ",23.899,H,,R,Y,2,0,6,2,A,-,09,21802,A,N,D,C,A,A,H,-,A,A,0,,,,,Y,,A,01,1,5,0,0,0,0,0,0,0,"- ","- ",36.210731506347656,-119.19879913330078,TULARE,UNINCORPORATED,-119.19879913330078,36.210700988769531
92334578,2024,2024-03-11,9480,2024-02-18,1755,021971,,7,2,4,5406,0,1,3,,2,093,"SR-99 N/B","AVENUE 264",135.00,S,N,B,C,Y,TUL,,99," "," ",33.901,H,,R,Y,3,0,2,2,A,-,08,22107,,F,E,I,A,B,H,-,B,D,0,,,,,Y,,A,01,0,1,1,0,0,0,0,0,0,"- ","- ",36.266220092773438,-119.36347198486328,TULARE,TULARE,-119.36342620849609,36.266239166259766
92334722,2024,2024-03-11,9481,2024-03-07,1415,016147,,4,2,9,5400,0,2,4,,1,021,"ORANGE BELT DRIVE","AVENUE 184",2112.00,N,N,B,-,N,,,,,,,,,,Y,4,0,1,1,A,-,08,22107,,N,E,I,A,A,H,-,A,D,0,,,,,Y,,A,01,0,0,1,0,0,0,0,0,0,"- ","- ",36.126541137695312,-119.05094909667969,TULARE,UNINCORPORATED,-119.05216217041016,36.129016876220703
92336012,2024,2024-03-12,9480,2024-03-11,"615 ",016233,,1,1,9,5400,0,3,5,,2,006,"RD 204","AVE 239",65.00,S,N,A,-,N,,,,,,,,,,Y,4,0,1,2,A,-,03,22350,,N,C,C,A,A,H,-,B,D,0,,,,,Y,,A,01,0,0,1,0,0,0,0,0,0,"- ","- ",36.222671508789062,-119.11846923828125,TULARE,UNINCORPORATED,-119.11849975585938,36.222602844238281
92338309,2024,2024-03-14,9480,2024-03-06,1650,017108,,3,2,4,5406,0,1,3,,2,093,"STATE ROUTE 99 SOUTHBOUND","BARDSLEY AVENUE",377.00,N,N,A,-,Y,TUL,,99," "," ",28.685,H,,L,Y,4,0,1,2,A,-,03,22350,,M,C,C,A,A,H,-,A,D,0,,,,,Y,,A,01,0,0,1,0,0,0,0,0,0,"- ","- ",36.197841644287109,-119.32864379882812,TULARE,TULARE,-119.32866668701172,36.197837829589844
92339374,2024,2024-03-15,9480,2024-03-05,"747 ",018861,,2,1,9,5400,0,1,3,,1,021,"SR-63 N/B","AVENUE 413",0.00,,Y,A,-,Y,TUL,,63," "," ",23.197,H,,R,N,3,0,1,2,A,-,10,21950,A,N,G,B,B,A,H,-,A,A,0,Y,,,,Y,,D,22,0,1,0,0,1,0,0,0,0,"- ","- ",36.539409637451172,-119.28675842285156,TULARE,UNINCORPORATED,-119.286865234375,36.539409637451172
92340782,2024,2024-03-18,9480,2024-03-15,1245,021628,,5,1,9,5400,0,3,5,,2,004,"AVENUE 296","ROAD 158",0.00,,Y,A,-,N,,,,,,,,,,N,4,0,1,2,A,-,08,22107,,N,D,C,A,A,H,-,A,D,0,,,,,Y,,D,22,0,0,1,0,0,0,0,0,0,"- ","- ",36.327129364013672,-119.22029876708984,TULARE,UNINCORPORATED,-119.22029113769531,36.327060699462891
92340784,2024,2024-03-18,9480,2024-03-15,1955,022293,,5,2,9,5400,0,1,3,,2,091,"N/B SR-99","ROAD 12",3960.00,S,N,A,-,Y,TUL,,99," "," ",53.106,H,,R,N,3,0,1,2,A,-,07,21658,A,N,C,C,A,A,H,-,D,D,0,,,,,Y,,A,01,0,1,0,0,0,0,0,0,0,"- ","- ",36.500251770019531,-119.53814697265625,TULARE,UNINCORPORATED,-119.53813934326172,36.500263214111328
92343684,2024,2024-03-21,9480,2024-03-20,"558 ",017713,,3,3,9,5400,0,1,3,,2,093,"SR-99 S/B","AVE. 184",3696.00,S,N,A,-,Y,TUL,,99," "," ",22.786,H,,L,Y,3,0,2,3,A,-,03,22350,,N,C,C,A,A,D,-,D,D,0,,,,Y,Y,,A,07,0,2,0,0,0,0,0,0,0,"- ","- ",36.113239288330078,-119.32395172119141,TULARE,UNINCORPORATED,-119.32400512695312,36.113235473632812
92346333,2024,2024-03-25,9480,2024-03-17,2110,022293,,7,2,9,5400,0,3,5,,2,002,"ROAD 120","AVENUE 404",1000.00,S,N,A,-,N,,,,,,,,,,Y,3,0,5,3,A,-,01,23152,A,N,B,C,A,A,H,-,D,D,0,,,,,Y,Y,D,22,0,2,3,0,0,0,0,0,0,"- ","- ",36.520328521728516,-119.30476379394531,TULARE,UNINCORPORATED,-119.3048095703125,36.520397186279297
9234700,2021,2021-03-29,5405,2021-02-18,1416,229,,4,5,4,5405,0,0,0,,0,SEC1,"DEXTER AV","VILLA ST",189.00,W,N,A,-,N,,,,,,,,,,N,3,0,1,2,A,-,21,22106,,F,B,G,A,A,H,-,A,D,0,,Y,,,Y,,A,01,0,1,0,0,0,0,1,0,0,"- ","- ",36.079811096191406,-119.03047180175781,TULARE,PORTERVILLE,-119.03113555908203,36.079833984375
92349511,2024,2024-04-04,9480,2024-03-14,"800 ",019543,,4,1,9,5400,0,3,5,,2,002,"ROAD 126","AVE 422",528.00,S,N,A,-,N,,,,,,,,,,Y,4,0,1,2,A,-,08,22107,,N,D,C,A,A,H,-,A,D,0,,,,,Y,,A,01,0,0,1,0,0,0,0,0,0,"- ","- ",36.554229736328125,-119.29147338867188,TULARE,UNINCORPORATED,-119.29142761230469,36.554141998291016
92349512,2024,2024-03-28,9481,2024-03-20,"600 ",016147,,3,1,9,5400,0,1,3,,1,012,"STATE ROUTE 65 (NORTHBOUND)","ROAD 216",528.00,N,N,A,-,Y,TUL,,65," "," ",28.118,H,,R,Y,4,0,1,2,A,-,07,21658,A,M,C,2,A,A,H,-,C,D,0,,,,,Y,,A,01,0,0,1,0,0,0,0,0,0,"- ","- ",36.185699462890625,-119.09281921386719,TULARE,UNINCORPORATED,-119.09284973144531,36.185688018798828
92352791,2024,2024-04-02,9481,2024-03-28,1230,020273,,4,1,9,5400,0,2,4,,1,031,"ROAD 152","AVENUE 152",0.00,,Y,A,-,N,,,,,,,,,,Y,3,0,2,2,A,-,12,22450,A,N,D,C,A,A,H,-,A,A,0,,,,,Y,,A,07,0,1,1,0,0,0,0,0,0,"- ","- ",36.065799713134766,-119.23236846923828,TULARE,UNINCORPORATED,-119.23234558105469,36.065753936767578
9235700,2021,2021-03-25,5406,2021-02-06,2151,52,5406,6,5,4,5406,0,0,0,,0,0AO,BARDSLEY,CARDOZA,0.00,,Y,A,-,N,,,,,,,,,,N,2,0,1,2,A,-,11,21954,A,N,A,B,D,A,H,-,C,D,0,Y,,,,Y,,N,60,1,0,0,0,1,0,0,0,0,"- ","- ",,,TULARE,TULARE,-119.32555389404297,36.196666717529297
92357312,2024,2024-04-05,9481,2024-04-04,1715,020273,,4,2,9,5400,0,1,3,,1,012,"SR-65 N/B","DRIVE 216",0.00,,Y,B,C,Y,TUL,,65," "," ",28.022,H,,R,Y,4,0,2,2,A,-,09,21802,A,N,D,C,A,B,H,-,A,A,0,,,,,Y,,A,01,0,0,2,0,0,0,0,0,0,"- ","- ",36.184440612792969,-119.09205627441406,TULARE,UNINCORPORATED,-119.09204864501953,36.184444427490234
92358599,2024,2024-04-08,9480,2024-03-29,2100,022131,,5,2,9,5400,0,1,3,,1,034,"SR-198 WESTBOUND","SHIRK ROAD",150.00,W,N,C,-,Y,,,,,,,,,,N,4,0,1,1,A,-,03,22350,,N,E,I,A,B,H,-,C,A,0,,,,,Y,,A,07,0,0,1,0,0,0,0,0,0,"- ","- ",36.328071594238281,-119.36792755126953,TULARE,UNINCORPORATED,-119.36792755126953,36.327186584472656
92359776,2024,2024-04-09,9480,2024-04-02,2330,016240,,2,3,9,5400,0,3,5,,2,001,"AVENUE 416","ROAD 56",0.00,,Y,A,-,N,,,,,,,,,,Y,4,0,5,2,A,-,12,21453,A,N,D,C,A,A,H,-,C,A,0,,,,,Y,,A,01,0,0,5,0,0,0,0,0,0,"- ","- ",36.546588897705078,-119.44840240478516,TULARE,UNINCORPORATED,,
92360097,2024,2024-04-09,9481,2024-04-07,1744,019578,,7,2,9,5400,0,3,5,,2,030,"ROAD 152","AVENUE 152",0.00,,Y,B,-,N,,,,,,,,,,Y,3,0,2,2,A,-,12,22450,A,N,D,C,A,A,H,-,A,A,0,,,,,Y,,A,07,0,1,1,0,0,0,0,0,0,"- ","- ",36.065799713134766,-119.23232269287109,TULARE,UNINCORPORATED,-119.23234558105469,36.065753936767578
92363019,2024,2024-04-12,9480,2024-04-05,1717,017291,,5,2,9,5400,0,1,3,,2,091,"STATE ROUTE 99 (SOUTHBOUND)","MERRITT DRIVE",2112.00,S,N,C,-,Y,TUL,,99," "," ",48.309,H,,R,N,4,0,1,1,A,-,01,23152,A,N,F,I,A,B,H,-,A,D,0,,,,,Y,Y,D,22,0,0,1,0,0,0,0,0,0,"- ","- ",36.447551727294922,-119.48644256591797,TULARE,UNINCORPORATED,-119.48622894287109,36.447700500488281
92364471,2024,2024-04-15,9480,2024-04-07,1740,022293,,7,2,9,5400,0,1,3,,1,044,"W/B SR-198","PIERCE DRIVE",750.00,W,N,A,-,Y,TUL,,198," "," ",36.651,H,,R,Y,4,0,2,2,A,-,08,22107,,N,D,C,A,A,H,-,A,D,0,,,,,Y,,D,22,0,0,2,0,0,0,0,0,0,"- ","- ",36.416610717773438,-118.92369079589844,TULARE,UNINCORPORATED,-118.92366790771484,36.416599273681641
92365415,2024,2024-04-16,9480,2024-04-12,"855 ",021687,,5,1,9,5400,0,3,5,,2,003,"ROAD 68","AVENUE 244",50.00,N,N,A,-,N,,,,,,,,,,Y,3,0,1,2,A,-,03,22350,,N,C,C,A,A,H,-,A,D,0,,,,,Y,,A,08,0,1,0,0,0,0,0,0,0,"- ","- ",36.232769012451172,-119.42108917236328,TULARE,UNINCORPORATED,-119.42108154296875,36.232776641845703
92365824,2024,2024-04-16,9480,2024-04-12,1900,021971,,5,2,9,5400,0,3,5,,2,005,UNKNOWN,"NOT KNOWN",0.00,,Y,A,-,N,,,,,,,,,,N,3,0,1,1,A,-,08,22107,,N,H,A,A,A,H,-,B,D,0,,,Y,,Y,,C,06,0,1,0,0,0,0,0,0,1,"- ","- ",35.833969116210938,-119.24633026123047,TULARE,UNINCORPORATED,,
92365873,2024,2024-04-16,9480,2024-04-13,1535,020721,,6,2,9,5400,0,3,5,,2,003,"WEST ST","CARTMILL AVE",100.00,N,N,C,-,N,,,,,,,,,,Y,4,0,2,3,A,-,03,22350,,N,C,C,A,B,H,-,A,A,0,,,Y,,Y,,A,01,0,0,2,0,0,0,0,0,0,"- ","- ",36.240440368652344,-119.36685943603516,TULARE,UNINCORPORATED,-119.36685180664062,36.240432739257812
92367536,2024,2024-04-18,9480,2024-04-09,1952,021249,,2,2,9,5400,0,3,5,,2,005,"ELM RD","CANNON AVE",100.00,N,N,A,-,N,,,,,,,,,,N,3,0,1,1,C,-,18,,,N,F,A,A,A,H,-,B,D,0,,,Y,,Y,Y,-,"- ",0,1,0,0,0,0,0,0,1,"- ","- ",35.882808685302734,-119.26593780517578,TULARE,UNINCORPORATED,-119.26594543457031,35.882743835449219
92373806,2024,2024-04-24,9481,2024-04-16,1715,020238,,2,2,9,5400,0,3,5,,2,010,"AVENUE 160","ROAD 180",600.00,W,N,A,-,N,,,,,,,,,,Y,4,0,1,1,A,-,08,22107,,N,E,I,A,A,H,-,A,D,0,,,,,Y,,A,01,0,0,1,0,0,0,0,0,0,"- ","- ",36.0802001953125,-119.172119140625,TULARE,UNINCORPORATED,-119.17197418212891,36.080230712890625
92374833,2024,2024-04-25,9481,2024-04-10,2126,021234,,3,2,9,5400,0,3,5,,2,050,"SUCCESS DRIVE","HILLCREST STREET",0.00,,Y,A,-,N,,,,,,,,,,Y,2,0,2,2,A,-,09,21801,A,F,A,C,A,A,H,-,D,D,0,,,Y,,Y,,A,01,1,0,1,0,0,0,0,0,2,"- ","- ",36.057540893554688,-118.99141693115234,TULARE,UNINCORPORATED,,
92377303,2024,2024-04-29,9480,2024-04-20,1150,021628,,6,1,9,5400,0,1,3,,1,021,"STATE ROUTE 63","AVENUE 422",1056.00,S,N,A,-,Y,TUL,,63," ",R,24.147,H,,R,Y,3,0,6,2,A,-,05,21650,,N,A,C,A,A,H,-,A,D,0,,,,,Y,,A,07,0,2,4,0,0,0,0,0,0,"- ","- ",36.553028106689453,-119.28697204589844,TULARE,UNINCORPORATED,-119.28699493408203,36.553028106689453
92378484,2024,2024-04-30,9480,2024-03-12,"635 ",019048,,2,1,9,5400,0,1,3,,1,051,"STATE ROUTE 43 (CENTRAL VALLEY HWY)","AVENUE 112",1317.00,S,N,B,C,Y,TUL,,43," ",R,15.640,H,,R,Y,1,1,1,2,A,-,06,21751,,N,A,C,A,B,H,-,D,D,0,,,,,Y,,A,01,1,0,0,0,0,0,0,0,0,"- ","- ",35.989391326904297,-119.47634887695312,TULARE,UNINCORPORATED,-119.47636413574219,35.9893798828125
92380818,2024,2024-05-02,9480,2024-04-20,1815,020450,,6,2,9,5400,0,3,5,,2,001,"AVENUE 416","ROAD 52",985.00,E,N,A,-,N,,,,,,,,,,Y,4,0,1,3,A,-,03,22350,,N,C,C,A,A,H,-,A,D,0,,,,,Y,,A,07,0,0,1,0,0,0,0,0,0,"- ","- ",36.546421051025391,-119.45416259765625,TULARE,UNINCORPORATED,,
92382666,2024,2024-05-06,9480,2024-04-27,2100,021971,,6,2,9,5400,0,3,5,,2,003,"SR-137 W/B","ROAD 24",1056.00,E,N,A,-,N,,,,,,,,,,Y,4,0,1,2,A,-,05,21460,A,M,B,C,A,A,H,-,D,D,0,,,,,Y,,-,99,0,0,1,0,0,0,0,0,0,"- ","- ",36.134849548339844,-119.51508331298828,TULARE,UNINCORPORATED,-119.51566314697266,36.134113311767578
92384994,2024,2024-05-08,9480,2024-05-07,"710 ",016723,,2,1,9,5400,0,1,3,,1,020,"STATE ROUTE 201","ROAD 152",1742.00,W,N,A,-,Y,TUL,,201," "," ",16.708,H,,R,Y,3,0,1,1,A,-,08,22107,,N,E,I,A,A,H,-,A,D,0,,,,,Y,,A,07,0,1,0,0,0,0,0,0,0,"- ","- ",36.486171722412109,-119.2376708984375,TULARE,UNINCORPORATED,-119.2376708984375,36.486171722412109
92385109,2024,2024-05-08,9480,2024-04-30,"420 ",019828,,2,3,9,5400,0,3,5,,2,002,"AVE. 456","HILLS VALLEY RD.",0.00,,Y,A,-,N,,,,,,,,,,Y,3,0,1,2,A,-,09,21802,A,N,D,C,A,A,H,-,D,A,0,,,,,Y,,A,07,0,1,0,0,0,0,0,0,0,"- ","- ",36.617210388183594,-119.30481719970703,TULARE,UNINCORPORATED,-119.30484008789062,36.617183685302734
9239209,2021,2021-04-16,5407,2021-02-03,1147,M194,480,3,5,5,5407,0,0,0,,0,011,"N KELSEY ST","W HURLEY AV",550.00,N,N,A,-,N,,,,,,,,,,Y,4,0,1,2,A,-,09,21804,A,N,D,C,A,A,H,-,A,D,0,,,Y,Y,Y,,F,25,0,0,1,0,0,0,0,0,1,"- ","- ",36.334278106689453,-119.38558197021484,TULARE,VISALIA,-119.38562774658203,36.334308624267578
92392575,2024,2024-05-17,9481,2024-05-10,"810 ",016147,,5,1,9,5400,0,3,5,,2,020,"SOUTH FOOTHILL AVENUE (ROAD 224 )","LINDMORE AVENUE  (AVENUE 224)",0.00,,Y,A,-,N,,,,,,,,,,N,4,0,1,2,A,-,09,21802,A,N,D,C,A,A,H,-,A,A,0,,,,,Y,,A,07,0,0,1,0,0,0,0,0,0,"- ","- ",36.196269989013672,-119.07318115234375,TULARE,UNINCORPORATED,-119.07316589355469,36.196262359619141
92396426,2024,2024-05-22,9480,2024-05-09,"340 ",021044,,4,3,9,5400,0,3,5,,2,003,"J STREET (CLOSED PORTION OF ROADWAY)","CARTMILL AVE",4752.00,N,N,A,-,N,,,,,,,,,,Y,3,0,1,1,A,-,01,23152,A,N,F,A,A,A,H,-,D,D,0,,,,,Y,Y,A,01,0,1,0,0,0,0,0,0,0,"- ","- ",36.253978729248047,-119.35845947265625,TULARE,UNINCORPORATED,,
92401490,2024,2024-05-29,9480,2024-05-18,1550,021628,,6,2,9,5400,0,3,5,,2,006,"ROAD 204","STATE ROUTE 198",528.00,S,N,A,-,N,,,,,,,,,,N,4,0,3,2,A,-,21,22106,,N,C,C,A,A,H,-,A,D,0,,,,,Y,,A,01,0,0,3,0,0,0,0,0,0,"- ","- ",36.324131011962891,-119.11698150634766,TULARE,UNINCORPORATED,-119.11698150634766,36.324420928955078
92401570,2024,2024-05-29,9480,2024-05-21,1458,019048,,2,2,9,5400,0,3,5,,2,005,"COUNTY LINE RD","PHEASANT DRIVE",200.00,W,N,A,-,N,,,,,,,,,,N,3,0,2,1,A,-,08,22107,,N,E,I,A,A,H,-,A,D,0,,,,,Y,,A,01,0,2,0,0,0,0,0,0,0,"- ","- ",35.790321350097656,-119.27088928222656,TULARE,UNINCORPORATED,,
92405941,2024,2024-06-04,9480,2024-06-03,2047,018521,,1,2,9,5400,0,1,3,,1,044,"SR-198 W/B","NORTH FORK DR",62.00,E,N,A,-,Y,TUL,,198," "," ",38.506,H,,L,N,4,0,1,2,A,-,08,22107,,F,B,C,A,A,H,-,D,D,0,,,,,Y,,-,99,0,0,1,0,0,0,0,0,0,"- ","- ",36.43798828125,-118.90538024902344,TULARE,UNINCORPORATED,-118.90534973144531,36.437980651855469
92408908,2024,2024-06-07,9481,2024-05-30,2035,021903,,4,2,9,5400,0,2,4,,1,031,"AVENUE 152","ROAD 216",0.00,,Y,A,-,N,,,,,,,,,,Y,4,0,2,3,A,-,03,22350,,N,C,C,A,A,H,-,D,A,0,,,,,Y,,D,22,0,0,2,0,0,0,0,0,0,"- ","- ",36.065811157226562,-119.08863067626953,TULARE,UNINCORPORATED,-119.08869934082031,36.065818786621094
92409113,2024,2024-06-07,9480,2024-05-27,1410,018861,,1,2,9,5400,0,1,3,,2,095,"SR-99 S/B","AVENUE 120",2714.00,S,N,A,-,Y,TUL,,99," "," ",14.719,H,,L,N,3,0,1,3,A,-,08,22107,,N,B,C,A,A,H,-,A,D,0,,,,Y,Y,,A,07,0,1,0,0,0,0,0,0,0,"- ","- ",35.998371124267578,-119.300537109375,TULARE,UNINCORPORATED,-119.30059051513672,35.998363494873047
92416067,2024,2024-06-17,9481,2024-06-11,"141 ",020784,,2,3,4,5405,0,1,3,,1,037,"SR-65 S/B TO SR-190 E/B","STATE ROUTE 190",205.00,S,N,A,-,Y,TUL,,65," "," ",18.109,H,,L,Y,3,0,1,1,A,-,01,23152,A,N,E,I,A,A,H,-,D,D,0,,,,,Y,Y,A,07,0,1,0,0,0,0,0,0,0,"- ","- ",36.050849914550781,-119.03945159912109,TULARE,PORTERVILLE,-119.03914642333984,36.050846099853516