CASE_ID,ACCIDENT_YEAR,PROC_DATE,JURIS,COLLISION_DATE,COLLISION_TIME,OFFICER_ID,REPORTING_DISTRICT,DAY_OF_WEEK,CHP_SHIFT,POPULATION,CNTY_CITY_LOC,SPECIAL_COND,BEAT_TYPE,CHP_BEAT_TYPE,CITY_DIVISION_LAPD,CHP_BEAT_CLASS,BEAT_NUMBER,PRIMARY_RD,SECONDARY_RD,DISTANCE,DIRECTION,INTERSECTION,WEATHER_1,WEATHER_2,STATE_HWY_IND,CALTRANS_COUNTY,CALTRANS_DISTRICT,STATE_ROUTE,ROUTE_SUFFIX,POSTMILE_PREFIX,POSTMILE,LOCATION_TYPE,RAMP_INTERSECTION,SIDE_OF_HWY,TOW_AWAY,COLLISION_SEVERITY,NUMBER_KILLED,NUMBER_INJURED,PARTY_COUNT,PRIMARY_COLL_FACTOR,PCF_CODE_OF_VIOL,PCF_VIOL_CATEGORY,PCF_VIOLATION,PCF_VIOL_SUBSECTION,HIT_AND_RUN,TYPE_OF_COLLISION,MVIW,PED_ACTION,ROAD_SURFACE,ROAD_COND_1,ROAD_COND_2,LIGHTING,CONTROL_DEVICE,CHP_ROAD_TYPE,PEDESTRIAN_ACCIDENT,BICYCLE_ACCIDENT,MOTORCYCLE_ACCIDENT,TRUCK_ACCIDENT,NOT_PRIVATE_PROPERTY,ALCOHOL_INVOLVED,STWD_VEHTYPE_AT_FAULT,CHP_VEHTYPE_AT_FAULT,COUNT_SEVERE_INJ,COUNT_VISIBLE_INJ,COUNT_COMPLAINT_PAIN,COUNT_PED_KILLED,COUNT_PED_INJURED,COUNT_BICYCLIST_KILLED,COUNT_BICYCLIST_INJURED,COUNT_MC_KILLED,COUNT_MC_INJURED,PRIMARY_RAMP,SECONDARY_RAMP,LATITUDE,LONGITUDE,COUNTY,CITY,POINT_X,POINT_Y
9680704,2024,2024-06-18,5405,2024-03-05,1356,282,"SEC 2",2,5,4,5405,0,0,0,,0,,"HENDERSON AVE","PLANO ST",0.00,,Y,A,-,N,,,,,,,,,,Y,4,0,2,2,D,-,00,,,N,B,C,A,A,H,-,A,A,0,,,,,Y,,-,"- ",0,0,2,0,0,0,0,0,0,"- ","- ",36.080181121826172,-119.00868225097656,TULARE,PORTERVILLE,-119.00868225097656,36.080207824707031
9680706,2024,2024-06-27,5405,2024-03-05,1017,229,,2,5,4,5405,0,0,0,,0,"SEC 1","MULBERRY AV","SHADOWOOD ST",84.00,E,N,A,-,N,,,,,,,,,,N,3,0,3,2,A,-,03,22350,,N,C,C,A,A,H,-,A,D,0,,,,,Y,,A,01,0,1,2,0,0,0,0,0,0,"- ","- ",36.084178924560547,-119.03166961669922,TULARE,PORTERVILLE,-119.03160858154297,36.084041595458984
9681387,2024,2024-04-25,5407,2024-03-23,1045,A359,480,6,5,5,5407,0,0,0,,0,034,"CALDWELL AV","LOVERS LN",0.00,,Y,A,-,N,,,,,,,,,,N,4,0,1,2,A,-,12,21453,A,N,D,C,A,B,H,-,A,A,0,,,,,Y,,D,22,0,0,1,0,0,0,0,0,0,"- ","- ",36.29827880859375,-119.26088714599609,TULARE,VISALIA,-119.26080322265625,36.298240661621094
9681434,2024,2024-05-14,5407,2024-03-20,1329,M293,480,3,5,5,5407,0,0,0,,0,033,"E NOBLE AV","PINKHAM ST",25.00,E,N,A,-,N,,,,,,,,,,N,4,0,1,2,A,-,03,22350,,N,C,C,A,A,H,-,A,A,0,,,,,Y,,A,01,0,0,1,0,0,0,0,0,0,"- ","- ",34.326511383056641,-119.26950836181641,TULARE,VISALIA,-119.26955413818359,36.326457977294922
9683922,2024,2024-04-17,5406,2024-02-04,1935,MCPP7,DISTS,7,5,4,5406,0,0,0,,0,EAST,MOONEY,BARDSLEY,295.00,N,N,C,-,N,,,,,,,,,,Y,2,0,1,2,A,-,05,21651,A,N,A,E,A,B,H,-,C,A,0,,,,,Y,,A,01,1,0,0,0,0,0,0,0,0,"- ","- ",,,TULARE,TULARE,-119.31324768066406,36.197509765625
9685725,2024,2024-07-02,5407,2024-04-05,2159,C62,480,5,5,5,5407,0,0,0,,0,011,DEMAREE,"GOSHEN AV",350.00,N,N,C,-,N,,,,,,,,,,Y,4,0,1,2,A,-,03,22350,,N,C,C,A,B,H,-,A,A,0,,,,,Y,,A,01,0,0,1,0,0,0,0,0,0,"- ","- ",,,TULARE,VISALIA,-119.33196258544922,36.33966064453125
9685838,2024,2024-07-10,5407,2024-04-18,1612,A372,480,4,5,5,5407,0,0,0,,0,P33,"NOBLE AV","S BEN MADDOX WY",733.00,E,N,A,-,N,,,,,,,,,,Y,4,0,1,2,A,-,01,23152,A,N,C,C,A,A,H,-,A,A,0,,,,,Y,Y,A,01,0,0,1,0,0,0,0,0,0,"- ","- ",36.325801849365234,-119.27327728271484,TULARE,VISALIA,-119.27619934082031,36.325443267822266
9685893,2024,2024-06-12,5407,2024-04-29,2025,12672,480,1,5,5,5407,0,0,0,,0,026,"BEN MADDOX WAY","DOUGLAS AVE",429.00,N,N,A,-,N,,,,,,,,,,N,3,0,1,2,A,-,03,22350,,F,G,B,E,A,H,-,C,A,0,Y,,,,Y,,-,,0,1,0,0,1,0,0,0,0,"- ","- ",,,TULARE,VISALIA,-119.27881622314453,36.339397430419922
9687019,2024,2024-08-06,5407,2024-05-31,1638,C62,480,5,5,5,5407,0,0,0,,0,033,"E NOBLE AV","S SANTA FE ST",0.00,,Y,A,-,N,,,,,,,,,,Y,2,0,2,2,A,-,12,21453,A,N,D,C,A,A,H,-,A,A,0,,,,,Y,,-,"- ",1,0,1,0,0,0,0,0,0,"- ","- ",36.326400756835938,-119.28777313232422,TULARE,VISALIA,-119.28778839111328,36.326404571533203
9687391,2024,2024-05-14,5407,2024-03-05,1128,M292,480,2,5,5,5407,0,0,0,,0,025,"W GOSHEN AV","N STEVENSON ST",0.00,,Y,A,-,N,,,,,,,,,,N,3,0,2,2,A,-,09,21802,A,N,D,C,A,A,H,-,A,A,0,,,,,Y,,A,01,0,2,0,0,0,0,0,0,0,"- ","- ",36.334548950195312,-119.29997253417969,TULARE,VISALIA,-119.29996490478516,36.334548950195312
9687393,2024,2024-05-14,5407,2024-03-04,1628,C62,480,1,5,5,5407,0,0,0,,0,033,"BEN MADDOX",NOBLE,13.00,S,N,A,-,N,,,,,,,,,,N,4,0,3,2,A,-,03,22350,,N,C,C,A,A,H,-,A,A,0,,,,,Y,,A,01,0,0,3,0,0,0,0,0,0,"- ","- ",,,TULARE,VISALIA,-119.278564453125,36.326080322265625
9692887,2024,2024-06-10,5401,2024-03-18,1541,2115,5401,1,5,3,5401,0,0,0,,0,00B,"EL MONTE EAST WY","E MARIPOSA ST",23.00,W,N,A,-,N,,,,,,,,,,Y,2,0,1,2,A,-,09,21804,A,N,A,G,A,A,H,-,A,A,0,,Y,,,Y,Y,L,04,1,0,0,0,0,0,1,0,0,"- ","- ",,,TULARE,DINUBA,-119.39096832275391,36.545783996582031
9692926,2024,2024-07-09,5405,2024-05-07,1454,268,SEC4,2,5,4,5405,0,0,0,,0,,"HENDERSON AV","MATHEW ST",0.00,,Y,A,-,N,,,,,,,,,,Y,4,0,1,2,A,-,09,21802,A,N,D,C,A,A,H,-,A,A,0,,,,,Y,,A,01,0,0,1,0,0,0,0,0,0,"- ","- ",36.080341339111328,-119.06185150146484,TULARE,PORTERVILLE,-119.061767578125,36.080333709716797
9692931,2024,2024-06-13,5405,2024-05-02,"29  ",315,"SEC 3",4,5,4,5405,0,0,0,,0,,"JAYE ST","OLIVE AV",265.00,N,N,A,-,N,,,,,,,,,,Y,4,0,1,2,C,-,18,,,N,A,E,A,A,H,-,C,A,0,,,,,Y,,-,"- ",0,0,1,0,0,0,0,0,0,"- ","- ",36.066249847412109,-119.02581024169922,TULARE,PORTERVILLE,-119.02606201171875,36.065799713134766
9694809,2022,2024-05-07,5401,2022-08-14,1008,2111,5401,7,5,3,5401,0,0,0,,0,00B,"N M ST","W MERCED ST",19.00,E,N,A,-,N,,,,,,,,,,Y,4,0,1,2,A,-,09,21804,A,N,D,C,A,A,H,-,A,D,0,,,,,Y,,A,01,0,0,1,0,0,0,0,0,0,"- ","- ",,,TULARE,DINUBA,-119.39346313476562,36.542011260986328
9694879,2022,2024-05-07,5401,2022-04-27,0554,2134,5104,3,5,3,5401,0,0,0,,0,00A,"W EL MONTE WY","SMITH AV",55.00,W,N,A,-,N,,,,,,,,,,Y,4,0,1,2,A,-,08,22107,,N,D,C,A,A,H,-,A,D,0,,,,,Y,,A,01,0,0,1,0,0,0,0,0,0,"- ","- ",,,TULARE,DINUBA,-119.40312957763672,36.545989990234375
9695248,2024,2024-05-21,5407,2024-03-18,1306,11895,480,1,5,5,5407,0,0,0,,0,033,"S BEN MADDOX WY","E IRIS",186.00,S,N,A,-,N,,,,,,,,,,N,4,0,1,2,A,-,08,22107,,N,D,C,A,A,H,-,A,A,0,,,,,Y,,D,22,0,0,1,0,0,0,0,0,0,"- ","- ",36.320121765136719,-119.27655792236328,TULARE,VISALIA,-119.27573394775391,36.317977905273438
9695325,2024,2024-09-18,5407,2024-04-04,1539,M333,480,4,5,5,5407,0,0,0,,0,Q34,"RT 63","AVE 268",23.00,S,N,C,-,Y,TUL,6,63,-,-,4.500,H,-,N,Y,4,0,1,2,A,-,03,22350,,N,C,C,A,B,H,-,A,A,0,,,,,Y,,A,01,0,0,1,0,0,0,0,0,0,"- ","- ",,,TULARE,VISALIA,-119.31330871582031,36.276638031005859
9695329,2024,2024-06-20,5407,2024-04-04,1311,M293,480,4,5,5,5407,0,0,0,,0,,"N WILLIS ST","W GROVE AV",250.00,N,N,B,-,N,,,,,,,,,,N,4,0,1,3,A,-,03,22350,,F,G,B,E,A,H,-,A,A,0,Y,,,,Y,,-,,0,0,1,0,1,0,0,0,0,"- ","- ",36.337619781494141,-119.29754638671875,TULARE,VISALIA,-119.29776763916016,36.336849212646484
9696669,2024,2024-06-19,5405,2024-04-24,1322,318,TRAFF,3,5,4,5405,0,0,0,,0,SEC3,"ORANGE AV","JAYE ST",0.00,,Y,A,-,N,,,,,,,,,,Y,3,0,2,2,A,-,12,21453,A,N,D,C,A,A,H,-,A,A,0,,,,,Y,,A,01,0,1,1,0,0,0,0,0,0,"- ","- ",36.061378479003906,-119.02616882324219,TULARE,PORTERVILLE,-119.02613830566406,36.061370849609375
9700186,2024,2024-06-28,5405,2024-05-09,1720,268,SEC1,4,5,4,5405,0,0,0,,0,24P193,"HENDERSON AV","VILLA ST",140.00,W,N,A,-,N,,,,,,,,,,N,4,0,1,2,A,-,03,22350,,F,C,C,A,A,H,-,A,A,0,,,,,Y,,A,07,0,0,1,0,0,0,0,0,0,"- ","- ",36.080539703369141,-119.03047180175781,TULARE,PORTERVILLE,-119.03092193603516,36.080539703369141
9700512,2024,2024-07-10,5407,2024-05-05,1703,12452,480,7,5,5,5407,0,0,0,,0,N25,"N DEMAREE ST","W GOSHEN AVE",0.00,,Y,A,-,N,,,,,,,,,,N,4,0,1,2,A,-,10,21950,A,M,G,B,B,A,H,-,A,A,0,Y,,,,Y,,A,01,0,0,1,0,1,0,0,0,0,"- ","- ",36.340988159179688,-119.33177185058594,TULARE,VISALIA,-119.33194732666016,36.338695526123047
9701479,2023,2024-05-22,5401,2023-07-18,"803 ",2141,5401,2,5,3,5401,0,0,0,,0,00B,"W ELMONTE WY","LILLIE AV",16.00,E,N,A,-,N,,,,,,,,,,Y,4,0,1,2,A,-,09,21800,A,N,D,C,A,A,H,-,A,A,0,,,,,Y,,A,01,0,0,1,0,0,0,0,0,0,"- ","- ",,,TULARE,DINUBA,-119.40619659423828,36.546028137207031
9701503,2023,2024-05-23,5401,2023-03-30,1252,2111,5401,4,5,3,5401,0,0,0,,0,00B,"S L ST","E VENTURA ST",125.00,S,N,A,-,N,,,,,,,,,,N,4,0,1,2,A,-,09,21801,A,N,D,C,A,A,H,-,A,D,0,,,,,Y,,A,01,0,0,1,0,0,0,0,0,0,"- ","- ",,,TULARE,DINUBA,-119.38780212402344,36.538650512695312
9701641,2024,2024-05-23,5401,2024-02-12,1408,2133,2133,1,5,3,5401,0,0,0,,0,00B,"W ELMONTE WY","N ARKONA ST",190.00,E,N,A,-,N,,,,,,,,,,Y,4,0,1,2,A,-,09,21804,A,N,B,C,A,A,H,-,A,D,0,,,,,Y,,A,01,0,0,1,0,0,0,0,0,0,"- ","- ",,,TULARE,DINUBA,-119.39657592773438,36.545902252197266
9701647,2024,2024-05-24,5401,2024-03-02,1030,2126,5405,6,5,3,5401,0,0,0,,0,001,"AVE 416","RD 68",625.00,W,N,C,-,N,,,,,,,,,,Y,4,0,2,2,A,-,09,21804,A,N,D,C,A,B,H,-,A,D,0,,,,,Y,,A,07,0,0,2,0,0,0,0,0,0,"- ","- ",,,TULARE,DINUBA,,
9702301,2024,2024-07-11,5406,2024-05-29,1622,CXMPV,DIST5,3,5,4,5406,0,0,0,,0,0AO,"RT 63",SEMINOLE,266.00,S,N,A,-,Y,TUL,6,63,-,-,0.452,H,-,S,Y,2,0,4,2,A,-,07,21658,A,N,C,C,A,A,H,-,A,D,0,,,,,Y,,D,22,1,3,0,0,0,0,0,0,0,"- ","- ",36.211380004882812,-119.31317901611328,TULARE,TULARE,-119.31312561035156,36.217864990234375
9703892,2024,2024-09-09,5405,2024-06-18,"744 ",236,SEC3,2,5,4,5405,0,0,0,,0,,"B ST","OLIVE AVENUE",0.00,,Y,A,-,N,,,,,,,,,,Y,4,0,2,2,A,-,09,21802,A,N,D,C,A,A,H,-,A,A,0,,,,,Y,,A,07,0,0,2,0,0,0,0,0,0,"- ","- ",36.065109252929688,-119.01434326171875,TULARE,PORTERVILLE,-119.01430511474609,36.065132141113281
9706273,2024,2024-06-07,5403,2024-04-25,1949,842,,4,5,2,5403,0,0,0,,0,,SHASTA,"W ASH ST",270.00,S,N,A,-,N,,,,,,,,,,N,3,0,1,2,A,-,00,21954,,N,G,B,D,A,H,-,B,D,0,Y,,,,Y,Y,N,60,0,1,0,0,1,0,0,0,0,"- ","- ",,,TULARE,FARMERSVILLE,-119.20953369140625,36.301010131835938
9706275,2024,2024-06-07,5405,2024-04-28,2055,282,SEC1,7,5,4,5405,0,0,0,,0,,"WESTFIELD AV","COBB ST",563.00,E,N,A,-,N,,,,,,,,,,N,2,0,1,2,A,-,11,21954,A,F,G,B,D,A,H,-,C,D,0,Y,,,,Y,,N,60,1,0,0,0,1,0,0,0,0,"- ","- ",36.087581634521484,-119.03938293457031,TULARE,PORTERVILLE,-119.03974151611328,36.087581634521484
9708794,2024,2024-08-06,5405,2024-06-26,1230,282,SEC1,3,5,4,5405,0,0,0,,0,,"HENDERSON AV","PROSPECT ST",1234.00,W,N,A,-,N,,,,,,,,,,N,3,0,1,2,A,-,05,21650,1,N,D,G,A,A,H,-,A,A,0,,Y,,,Y,,L,04,0,1,0,0,0,0,1,0,0,"- ","- ",36.08013916015625,-119.04815673828125,TULARE,PORTERVILLE,-119.04814147949219,36.080390930175781
9710244,2024,2024-08-05,5403,2024-06-24,1837,843,,1,5,2,5403,0,0,0,,0,,"NORTH FARMERSVILLE BL","ASH ST",0.00,,Y,A,-,N,,,,,,,,,,Y,4,0,1,2,A,-,00,21461,,N,D,C,A,A,H,-,A,A,0,,,,,Y,,D,22,0,0,1,0,0,0,0,0,0,"- ","- ",,,TULARE,FARMERSVILLE,-119.20713043212891,36.301742553710938
9710863,2024,2024-08-06,5405,2024-07-02,"323 ",282,SEC3,2,5,4,5405,0,0,0,,0,,"2ND STREET","OLIVE AV",0.00,N,N,A,-,N,,,,,,,,,,Y,4,0,1,2,A,-,09,21804,A,N,D,C,A,A,H,-,A,A,0,,,,,Y,,A,07,0,0,1,0,0,0,0,0,0,"- ","- ",36.066230773925781,-119.01548004150391,TULARE,PORTERVILLE,-119.01525115966797,36.065132141113281
9714217,2024,2024-08-01,5407,2024-06-01,1050,12362,480,6,5,5,5407,0,0,0,,0,026,"E OAK AVE","N COURT ST",43.00,W,N,A,-,N,,,,,,,,,,N,4,0,1,2,A,-,03,22350,,N,C,C,A,A,H,-,A,D,0,,,,,Y,,A,01,0,0,1,0,0,0,0,0,0,"- ","- ",36.331470489501953,-119.29251098632812,TULARE,VISALIA,-119.29235076904297,36.331859588623047
9714264,2024,2024-07-31,5406,2024-06-09,2253,JPBLA,TPD,7,5,4,5406,0,0,0,,0,0AO,TULARE,DAYTON,0.00,,Y,A,-,N,,,,,,,,,,Y,4,0,1,2,A,-,08,22107,,N,D,C,A,A,H,-,C,A,0,,,,,Y,,A,01,0,0,1,0,0,0,0,0,0,"- ","- ",36.21099853515625,-119.32774353027344,TULARE,TULARE,-119.32784271240234,36.211158752441406
9716492,2024,2024-07-25,5407,2024-06-12,2235,11653,480,3,5,5,5407,0,0,0,,0,25N,WOODLAND,"BURREL AV",50.00,N,N,A,-,N,,,,,,,,,,Y,4,0,1,1,A,-,05,21650,,N,A,I,A,A,H,-,C,D,0,,,,,Y,,A,01,0,0,1,0,0,0,0,0,0,"- ","- ",,,TULARE,VISALIA,-119.31849670410156,36.328128814697266
9717696,2024,2024-08-28,5406,2024-07-02,1146,FNVWJ,DIST4,2,5,4,5406,0,0,0,,0,EAST,M,PROSPERITY,24.00,N,N,A,-,N,,,,,,,,,,N,2,0,1,2,A,-,05,21650,1,N,G,G,A,A,H,-,A,A,0,,Y,,,Y,,L,04,1,0,0,0,0,0,1,0,0,"- ","- ",36.22576904296875,-119.34432220458984,TULARE,TULARE,-119.34438323974609,36.225826263427734
9720075,2024,2024-08-23,5405,2024-07-15,1704,268,SEC4,1,5,4,5405,0,0,0,,0,,"PORTER ST","MORTON AV",20.00,S,N,A,-,N,,,,,,,,,,Y,4,0,1,2,A,-,01,23153,A,F,C,C,A,A,H,-,A,A,0,,,,,Y,Y,A,01,0,0,1,0,0,0,0,0,0,"- ","- ",36.073280334472656,-119.04392242431641,TULARE,PORTERVILLE,-119.03912353515625,36.073204040527344
9720131,2024,2024-09-11,5405,2024-07-23,1504,315,4,2,5,4,5405,0,0,0,,0,,"RT 190","JAYE ST",108.00,W,N,A,-,Y,TUL,6,190,-,-,15.920,H,-,E,Y,3,0,1,2,A,-,01,23152,B,N,C,C,A,A,H,-,A,A,0,,,,,Y,Y,A,01,0,1,0,0,0,0,0,0,0,"- ","- ",36.051589965820312,-119.02584838867188,TULARE,PORTERVILLE,-119.02686309814453,36.051483154296875
9720518,2024,2024-08-27,5405,2024-07-19,"626 ",309,"SEC 4",5,5,4,5405,0,0,0,,0,,"N KESSING ST","CLEVELAND AV",138.00,N,N,A,-,N,,,,,,,,,,Y,3,0,1,3,A,-,08,22107,,N,C,E,A,A,H,-,B,D,0,,,,,Y,,D,22,0,1,0,0,0,0,0,0,0,"- ","- ",36.071128845214844,-119.02532958984375,TULARE,PORTERVILLE,-119.025146484375,36.071029663085938
9720520,2024,2024-08-27,5405,2024-07-12,1155,316,"SEC 4",5,5,4,5405,0,0,0,,0,,"OLIVE AV","PORTER RD",104.00,,N,A,-,N,,,,,,,,,,Y,4,0,2,2,A,-,09,21801,A,N,A,C,A,A,H,-,A,A,0,,,,,Y,,A,01,0,0,2,0,0,0,0,0,0,"- ","- ",36.065959930419922,-119.03933715820312,TULARE,PORTERVILLE,-119.03817749023438,36.066032409667969
9722900,2024,2024-09-30,5405,2024-08-29,1607,CS040,SEC1,4,5,4,5405,0,0,0,,0,,"NEWCOMB ST","PIONEER ST",15.00,S,N,A,-,N,,,,,,,,,,Y,3,0,1,2,A,-,09,21802,A,N,D,C,A,A,H,-,A,A,0,,,,Y,Y,,F,26,0,1,0,0,0,0,0,0,0,"- ","- ",36.091190338134766,-119.05287170410156,TULARE,PORTERVILLE,-119.05288696289062,36.091167449951172
9724101,2024,2024-10-23,5404,2024-09-05,1753,689,5404,4,5,2,5404,0,0,0,,0,22L,"PRINCETON AV","MONTE VISTA ST",312.00,N,N,A,-,N,,,,,,,,,,N,4,0,1,2,D,-,00,,,N,A,C,A,A,H,-,A,D,0,,,Y,,Y,,-,"- ",0,0,1,0,0,0,0,0,1,"- ","- ",,,TULARE,LINDSAY,-119.0799560546875,36.217124938964844
9724154,2024,2024-10-21,5404,2024-10-04,"809 ",688,PSC,5,5,2,5404,0,0,0,,0,20L,"LINDSAY BL","LINDMORE ST",0.00,,Y,A,-,N,,,,,,,,,,Y,4,0,1,2,A,-,09,21800,A,N,D,C,A,A,H,-,A,A,0,,,,,Y,,-,,0,0,1,0,0,0,0,0,0,"- ","- ",,,TULARE,LINDSAY,-119.09120941162109,36.196117401123047
9724756,2024,2024-08-26,5407,2024-07-15,1115,11895,480,1,5,5,5407,0,0,0,,0,033,"S BRIDGE ST","E LAUREL AV",0.00,,Y,A,-,N,,,,,,,,,,Y,4,0,1,2,A,-,09,21801,A,N,A,C,A,A,H,-,A,A,0,,,,,Y,,A,01,0,0,1,0,0,0,0,0,0,"- ","- ",36.321269989013672,-119.28884124755859,TULARE,VISALIA,-119.28887176513672,36.321247100830078
9725404,2024,2024-09-11,5405,2024-08-07,"718 ",282,SEC1,3,5,4,5405,0,0,0,,0,,"HENDERSON AV","INDIANA ST",0.00,,Y,A,-,N,,,,,,,,,,Y,4,0,1,2,A,-,12,21453,A,N,D,C,A,A,H,-,A,A,0,,,,,Y,,A,01,0,0,1,0,0,0,0,0,0,"- ","- ",36.080501556396484,-119.03495788574219,TULARE,PORTERVILLE,-119.03494262695312,36.080513000488281
9726633,2024,2024-12-23,5405,2024-11-24,1209,318,SEC2,7,5,4,5405,0,0,0,,0,,"MORTON AV","2ND ST",0.00,,Y,A,-,N,,,,,,,,,,Y,4,0,1,2,A,-,12,21453,A,N,D,C,A,A,H,-,A,A,0,,,,,Y,,D,22,0,0,1,0,0,0,0,0,0,"- ","- ",36.073200225830078,-119.01531982421875,TULARE,PORTERVILLE,-119.01515197753906,36.073078155517578
9728000,2024,2024-09-05,5405,2024-08-19,1458,CSO43,SEC1,1,5,4,5405,0,0,0,,0,,"WESTFIELD AV","MATHEW ST",39.00,W,N,A,-,N,,,,,,,,,,Y,3,0,1,2,A,-,01,23152,A,N,C,C,A,A,H,-,A,A,0,,,,,Y,Y,A,07,0,1,0,0,0,0,0,0,0,"- ","- ",36.087600708007812,-119.06192779541016,TULARE,PORTERVILLE,-119.06206512451172,36.087581634521484
9728215,2024,2024-09-09,5407,2024-07-09,1809,C62,480,2,5,5,5407,0,0,0,,0,011,"N PLAZA DR","W NICHOLAS AVE",30.00,N,N,A,-,N,,,,,,,,,,Y,2,0,1,2,A,-,03,22350,,N,C,C,A,A,H,-,A,A,0,,,,Y,Y,,A,07,1,0,0,0,0,0,0,0,0,"- ","- ",36.336631774902344,-119.39453887939453,TULARE,VISALIA,-119.39458465576172,36.336723327636719
9730786,2024,2024-09-27,5407,2024-05-16,"815 ",M292,480,4,5,5,5407,0,0,0,,0,034,"S MOONEY BL","W BEECH AV",67.00,S,N,A,-,Y,TUL,6,63,-,-,6.740,H,-,N,N,3,0,3,2,A,-,03,22350,,F,C,C,A,A,H,-,A,A,0,,,,,Y,,A,01,0,3,0,0,0,0,0,0,0,"- ","- ",36.309078216552734,-119.31376647949219,TULARE,VISALIA,-119.31374359130859,36.309089660644531
9730934,2024,2024-10-09,5407,2024-08-11,1613,12540,480,7,5,5,5407,0,0,0,,0,P33,"MOONEY BL","NOBLE AV",0.00,,Y,A,-,Y,TUL,6,63,-,L,7.949,I,5,S,Y,2,0,2,2,A,-,12,21453,A,N,D,C,A,A,H,-,A,A,0,,,,,Y,,A,01,1,1,0,0,0,0,0,0,0,"- ","- ",,,TULARE,VISALIA,-119.31411743164062,36.326541900634766
9731499,2024,2024-09-04,5407,2024-07-24,2142,A372,480,3,5,5,5407,0,0,0,,0,Q34,"W WHITENDALE AV","S DIVISADERO ST",0.00,,Y,A,-,N,,,,,,,,,,N,3,0,1,2,A,-,05,21650,,N,A,J,A,A,H,-,C,A,0,,,,,Y,,M,94,0,1,0,0,0,0,0,0,0,"- ","- ",36.305709838867188,-119.30928039550781,TULARE,VISALIA,-119.30929565429688,36.305702209472656
9732945,2024,2024-09-13,5401,2024-07-12,1630,2129,5401,5,5,3,5401,0,0,0,,0,002,"AVE 408","RD 70",0.00,,Y,A,-,N,,,,,,,,,,Y,4,0,1,3,A,-,09,21804,B,N,A,C,A,A,H,-,A,D,0,,,,,Y,,A,07,0,0,1,0,0,0,0,0,0,"- ","- ",,,TULARE,DINUBA,-119.417236328125,36.531604766845703
9733255,2024,2024-09-17,5407,2024-08-11,1525,A395,480,7,5,5,5407,0,0,0,,0,012,"S AKERS ST",CAMBRIDGE,0.00,,Y,A,-,N,,,,,,,,,,Y,3,0,1,3,A,-,01,23152,A,N,B,G,A,A,H,-,A,D,0,,Y,,,Y,Y,A,01,0,1,0,0,0,0,1,0,0,"- ","- ",36.320011138916016,-119.349609375,TULARE,VISALIA,-119.34970855712891,36.314712524414062
9733284,2024,2024-09-16,5407,2024-08-21,1027,M293,480,3,5,5,5407,0,0,0,,0,011,"DEMAREE ST","WOODSIDE AV",0.00,,Y,A,-,N,,,,,,,,,,Y,3,0,2,2,A,-,09,21804,A,N,D,C,A,A,H,-,A,A,0,,,,,Y,,A,01,0,2,0,0,0,0,0,0,0,"- ","- ",36.330101013183594,-119.33100128173828,TULARE,VISALIA,-119.33181762695312,36.330066680908203
9733286,2024,2024-09-16,5407,2024-08-17,"539 ",12540,480,6,5,5,5407,0,0,0,,0,026,"MINERAL KING",CAIN,9.00,S,N,A,-,N,,,,,,,,,,Y,2,0,1,2,A,-,09,21801,A,N,D,C,A,A,H,-,B,A,0,,,Y,,Y,,A,01,1,0,0,0,0,0,0,0,1,"- ","- ",,,TULARE,VISALIA,-119.27420043945312,36.327339172363281
9735087,2024,2024-10-21,5405,2024-10-01,"756 ",236,SEC2,2,5,4,5405,0,0,0,,0,,"HENDERSON AV","LIME ST",0.00,,Y,A,-,N,,,,,,,,,,Y,4,0,1,2,A,-,09,21802,A,N,D,A,A,A,H,-,A,A,0,,,,,Y,,D,22,0,0,1,0,0,0,0,0,0,"- ","- ",36.080150604248047,-119.01773071289062,TULARE,PORTERVILLE,-119.01773071289062,36.080127716064453
9735098,2024,2024-10-15,5405,2024-09-18,"810 ",282,SEC3,3,5,4,5405,0,0,0,,0,,"ORANGE AV","C ST",18.00,E,N,A,-,N,,,,,,,,,,N,4,0,1,2,A,-,03,22350,,F,C,E,A,A,H,-,A,A,0,,,,,Y,,A,01,0,0,1,0,0,0,0,0,0,"- ","- ",36.062511444091797,-119.01579284667969,TULARE,PORTERVILLE,-119.01580047607422,36.061199188232422
9738541,2024,2024-09-27,5407,2024-08-29,1334,M293,480,4,5,5,5407,0,0,0,,0,025,"S GIDDINGS ST","W MINERAL KING AV",0.00,,Y,A,-,N,,,,,,,,,,Y,3,0,1,2,A,-,12,21453,A,N,D,C,A,A,H,-,A,A,0,,,,,Y,,A,01,0,1,0,0,0,0,0,0,0,"- ","- ",36.327419281005859,-119.30542755126953,TULARE,VISALIA,-119.30547332763672,36.327411651611328
9738616,2024,2024-10-02,5405,2024-09-13,1110,CSO46,SEC1,5,5,4,5405,0,0,0,,0,,"MORTON AV","BELMONT ST",0.00,,Y,A,-,N,,,,,,,,,,Y,3,0,1,2,A,-,09,21802,A,N,D,C,A,A,H,-,A,D,0,,,,,Y,,A,07,0,1,0,0,0,0,0,0,0,"- ","- ",36.073101043701172,-119.05845642089844,TULARE,PORTERVILLE,-119.05847930908203,36.073089599609375
9740303,2024,2024-10-14,5406,2024-09-22,"32  ",FNVWJ,4,7,5,4,5406,0,0,0,,0,EAST,"PASEO DEL LAGO",LELAND,150.00,S,N,A,-,N,,,,,,,,,,Y,4,0,1,2,A,-,01,23152,A,N,A,C,A,A,H,-,C,D,0,,,,,Y,Y,A,07,0,0,1,0,0,0,0,0,0,"- ","- ",36.230339050292969,-119.32746124267578,TULARE,TULARE,-119.32711029052734,36.230030059814453